"Path","Identity","AccessType","Rights","Inheritance"
"Y:\ttbntfile1\shared\appsdata\groups\1-Administrative\1-Operating Procedure","TONNANDBLANK\AVD Test Users","Allow","FullControl","True"
"Y:\ttbntfile1\shared\appsdata\groups\1-Administrative\1-Operating Procedure","TONNANDBLANK\impactadmin","Allow","FullControl","True"
"Y:\ttbntfile1\shared\appsdata\groups\1-Administrative\1-Operating Procedure","CREATOR OWNER","Allow","FullControl","True"
"Y:\ttbntfile1\shared\appsdata\groups\1-Administrative\1-Operating Procedure","BUILTIN\Administrators","Allow","FullControl","True"
"Y:\ttbntfile1\shared\appsdata\groups\1-Administrative\1-Operating Procedure","NT AUTHORITY\SYSTEM","Allow","FullControl","True"
"Y:\ttbntfile1\shared\appsdata\groups\1-Administrative\2-FilingTree","TONNANDBLANK\AVD Test Users","Allow","FullControl","True"
"Y:\ttbntfile1\shared\appsdata\groups\1-Administrative\2-FilingTree","TONNANDBLANK\impactadmin","Allow","FullControl","True"
"Y:\ttbntfile1\shared\appsdata\groups\1-Administrative\2-FilingTree","CREATOR OWNER","Allow","FullControl","True"
"Y:\ttbntfile1\shared\appsdata\groups\1-Administrative\2-FilingTree","BUILTIN\Administrators","Allow","FullControl","True"
"Y:\ttbntfile1\shared\appsdata\groups\1-Administrative\2-FilingTree","NT AUTHORITY\SYSTEM","Allow","FullControl","True"
"Y:\ttbntfile1\shared\appsdata\groups\1-Administrative\3-ContractingLicenses","TONNANDBLANK\AVD Test Users","Allow","FullControl","True"
"Y:\ttbntfile1\shared\appsdata\groups\1-Administrative\3-ContractingLicenses","TONNANDBLANK\impactadmin","Allow","FullControl","True"
"Y:\ttbntfile1\shared\appsdata\groups\1-Administrative\3-ContractingLicenses","CREATOR OWNER","Allow","FullControl","True"
"Y:\ttbntfile1\shared\appsdata\groups\1-Administrative\3-ContractingLicenses","BUILTIN\Administrators","Allow","FullControl","True"
"Y:\ttbntfile1\shared\appsdata\groups\1-Administrative\3-ContractingLicenses","NT AUTHORITY\SYSTEM","Allow","FullControl","True"
"Y:\ttbntfile1\shared\appsdata\groups\1-Administrative\4-Financials","TONNANDBLANK\AVD Test Users","Allow","FullControl","True"
"Y:\ttbntfile1\shared\appsdata\groups\1-Administrative\4-Financials","TONNANDBLANK\impactadmin","Allow","FullControl","True"
"Y:\ttbntfile1\shared\appsdata\groups\1-Administrative\4-Financials","CREATOR OWNER","Allow","FullControl","True"
"Y:\ttbntfile1\shared\appsdata\groups\1-Administrative\4-Financials","BUILTIN\Administrators","Allow","FullControl","True"
"Y:\ttbntfile1\shared\appsdata\groups\1-Administrative\4-Financials","NT AUTHORITY\SYSTEM","Allow","FullControl","True"
"Y:\ttbntfile1\shared\appsdata\groups\1-Administrative\Z-PoliciesProcedures (working files only)","TONNANDBLANK\AVD Test Users","Allow","FullControl","True"
"Y:\ttbntfile1\shared\appsdata\groups\1-Administrative\Z-PoliciesProcedures (working files only)","TONNANDBLANK\impactadmin","Allow","FullControl","True"
"Y:\ttbntfile1\shared\appsdata\groups\1-Administrative\Z-PoliciesProcedures (working files only)","CREATOR OWNER","Allow","FullControl","True"
"Y:\ttbntfile1\shared\appsdata\groups\1-Administrative\Z-PoliciesProcedures (working files only)","BUILTIN\Administrators","Allow","FullControl","True"
"Y:\ttbntfile1\shared\appsdata\groups\1-Administrative\Z-PoliciesProcedures (working files only)","NT AUTHORITY\SYSTEM","Allow","FullControl","True"
"Y:\ttbntfile1\shared\appsdata\groups\1-Administrative\1-Operating Procedure\Administrative","TONNANDBLANK\AVD Test Users","Allow","FullControl","True"
"Y:\ttbntfile1\shared\appsdata\groups\1-Administrative\1-Operating Procedure\Administrative","TONNANDBLANK\impactadmin","Allow","FullControl","True"
"Y:\ttbntfile1\shared\appsdata\groups\1-Administrative\1-Operating Procedure\Administrative","CREATOR OWNER","Allow","FullControl","True"
"Y:\ttbntfile1\shared\appsdata\groups\1-Administrative\1-Operating Procedure\Administrative","BUILTIN\Administrators","Allow","FullControl","True"
"Y:\ttbntfile1\shared\appsdata\groups\1-Administrative\1-Operating Procedure\Administrative","NT AUTHORITY\SYSTEM","Allow","FullControl","True"
"Y:\ttbntfile1\shared\appsdata\groups\1-Administrative\3-ContractingLicenses\Apps_Fees_Certificates_etc","TONNANDBLANK\AVD Test Users","Allow","FullControl","True"
"Y:\ttbntfile1\shared\appsdata\groups\1-Administrative\3-ContractingLicenses\Apps_Fees_Certificates_etc","TONNANDBLANK\impactadmin","Allow","FullControl","True"
"Y:\ttbntfile1\shared\appsdata\groups\1-Administrative\3-ContractingLicenses\Apps_Fees_Certificates_etc","CREATOR OWNER","Allow","FullControl","True"
"Y:\ttbntfile1\shared\appsdata\groups\1-Administrative\3-ContractingLicenses\Apps_Fees_Certificates_etc","BUILTIN\Administrators","Allow","FullControl","True"
"Y:\ttbntfile1\shared\appsdata\groups\1-Administrative\3-ContractingLicenses\Apps_Fees_Certificates_etc","NT AUTHORITY\SYSTEM","Allow","FullControl","True"
"Y:\ttbntfile1\shared\appsdata\groups\1-Administrative\3-ContractingLicenses\Expires 2009","TONNANDBLANK\AVD Test Users","Allow","FullControl","True"
"Y:\ttbntfile1\shared\appsdata\groups\1-Administrative\3-ContractingLicenses\Expires 2009","TONNANDBLANK\impactadmin","Allow","FullControl","True"
"Y:\ttbntfile1\shared\appsdata\groups\1-Administrative\3-ContractingLicenses\Expires 2009","CREATOR OWNER","Allow","FullControl","True"
"Y:\ttbntfile1\shared\appsdata\groups\1-Administrative\3-ContractingLicenses\Expires 2009","BUILTIN\Administrators","Allow","FullControl","True"
"Y:\ttbntfile1\shared\appsdata\groups\1-Administrative\3-ContractingLicenses\Expires 2009","NT AUTHORITY\SYSTEM","Allow","FullControl","True"
"Y:\ttbntfile1\shared\appsdata\groups\1-Administrative\3-ContractingLicenses\Expires 2010","TONNANDBLANK\AVD Test Users","Allow","FullControl","True"
"Y:\ttbntfile1\shared\appsdata\groups\1-Administrative\3-ContractingLicenses\Expires 2010","TONNANDBLANK\impactadmin","Allow","FullControl","True"
"Y:\ttbntfile1\shared\appsdata\groups\1-Administrative\3-ContractingLicenses\Expires 2010","CREATOR OWNER","Allow","FullControl","True"
"Y:\ttbntfile1\shared\appsdata\groups\1-Administrative\3-ContractingLicenses\Expires 2010","BUILTIN\Administrators","Allow","FullControl","True"
"Y:\ttbntfile1\shared\appsdata\groups\1-Administrative\3-ContractingLicenses\Expires 2010","NT AUTHORITY\SYSTEM","Allow","FullControl","True"
"Y:\ttbntfile1\shared\appsdata\groups\1-Administrative\3-ContractingLicenses\Expires 2011","TONNANDBLANK\AVD Test Users","Allow","FullControl","True"
"Y:\ttbntfile1\shared\appsdata\groups\1-Administrative\3-ContractingLicenses\Expires 2011","TONNANDBLANK\impactadmin","Allow","FullControl","True"
"Y:\ttbntfile1\shared\appsdata\groups\1-Administrative\3-ContractingLicenses\Expires 2011","CREATOR OWNER","Allow","FullControl","True"
"Y:\ttbntfile1\shared\appsdata\groups\1-Administrative\3-ContractingLicenses\Expires 2011","BUILTIN\Administrators","Allow","FullControl","True"
"Y:\ttbntfile1\shared\appsdata\groups\1-Administrative\3-ContractingLicenses\Expires 2011","NT AUTHORITY\SYSTEM","Allow","FullControl","True"
"Y:\ttbntfile1\shared\appsdata\groups\1-Administrative\3-ContractingLicenses\Expires 2012","TONNANDBLANK\AVD Test Users","Allow","FullControl","True"
"Y:\ttbntfile1\shared\appsdata\groups\1-Administrative\3-ContractingLicenses\Expires 2012","TONNANDBLANK\impactadmin","Allow","FullControl","True"
"Y:\ttbntfile1\shared\appsdata\groups\1-Administrative\3-ContractingLicenses\Expires 2012","CREATOR OWNER","Allow","FullControl","True"
"Y:\ttbntfile1\shared\appsdata\groups\1-Administrative\3-ContractingLicenses\Expires 2012","BUILTIN\Administrators","Allow","FullControl","True"
"Y:\ttbntfile1\shared\appsdata\groups\1-Administrative\3-ContractingLicenses\Expires 2012","NT AUTHORITY\SYSTEM","Allow","FullControl","True"
"Y:\ttbntfile1\shared\appsdata\groups\1-Administrative\3-ContractingLicenses\Expires 2013","TONNANDBLANK\AVD Test Users","Allow","FullControl","True"
"Y:\ttbntfile1\shared\appsdata\groups\1-Administrative\3-ContractingLicenses\Expires 2013","TONNANDBLANK\impactadmin","Allow","FullControl","True"
"Y:\ttbntfile1\shared\appsdata\groups\1-Administrative\3-ContractingLicenses\Expires 2013","CREATOR OWNER","Allow","FullControl","True"
"Y:\ttbntfile1\shared\appsdata\groups\1-Administrative\3-ContractingLicenses\Expires 2013","BUILTIN\Administrators","Allow","FullControl","True"
"Y:\ttbntfile1\shared\appsdata\groups\1-Administrative\3-ContractingLicenses\Expires 2013","NT AUTHORITY\SYSTEM","Allow","FullControl","True"
"Y:\ttbntfile1\shared\appsdata\groups\1-Administrative\3-ContractingLicenses\Expires 2014","TONNANDBLANK\AVD Test Users","Allow","FullControl","True"
"Y:\ttbntfile1\shared\appsdata\groups\1-Administrative\3-ContractingLicenses\Expires 2014","TONNANDBLANK\impactadmin","Allow","FullControl","True"
"Y:\ttbntfile1\shared\appsdata\groups\1-Administrative\3-ContractingLicenses\Expires 2014","CREATOR OWNER","Allow","FullControl","True"
"Y:\ttbntfile1\shared\appsdata\groups\1-Administrative\3-ContractingLicenses\Expires 2014","BUILTIN\Administrators","Allow","FullControl","True"
"Y:\ttbntfile1\shared\appsdata\groups\1-Administrative\3-ContractingLicenses\Expires 2014","NT AUTHORITY\SYSTEM","Allow","FullControl","True"
"Y:\ttbntfile1\shared\appsdata\groups\1-Administrative\3-ContractingLicenses\Expires 2015","TONNANDBLANK\AVD Test Users","Allow","FullControl","True"
"Y:\ttbntfile1\shared\appsdata\groups\1-Administrative\3-ContractingLicenses\Expires 2015","TONNANDBLANK\impactadmin","Allow","FullControl","True"
"Y:\ttbntfile1\shared\appsdata\groups\1-Administrative\3-ContractingLicenses\Expires 2015","CREATOR OWNER","Allow","FullControl","True"
"Y:\ttbntfile1\shared\appsdata\groups\1-Administrative\3-ContractingLicenses\Expires 2015","BUILTIN\Administrators","Allow","FullControl","True"
"Y:\ttbntfile1\shared\appsdata\groups\1-Administrative\3-ContractingLicenses\Expires 2015","NT AUTHORITY\SYSTEM","Allow","FullControl","True"
"Y:\ttbntfile1\shared\appsdata\groups\1-Administrative\3-ContractingLicenses\Expires 2016","TONNANDBLANK\AVD Test Users","Allow","FullControl","True"
"Y:\ttbntfile1\shared\appsdata\groups\1-Administrative\3-ContractingLicenses\Expires 2016","TONNANDBLANK\impactadmin","Allow","FullControl","True"
"Y:\ttbntfile1\shared\appsdata\groups\1-Administrative\3-ContractingLicenses\Expires 2016","CREATOR OWNER","Allow","FullControl","True"
"Y:\ttbntfile1\shared\appsdata\groups\1-Administrative\3-ContractingLicenses\Expires 2016","BUILTIN\Administrators","Allow","FullControl","True"
"Y:\ttbntfile1\shared\appsdata\groups\1-Administrative\3-ContractingLicenses\Expires 2016","NT AUTHORITY\SYSTEM","Allow","FullControl","True"
"Y:\ttbntfile1\shared\appsdata\groups\1-Administrative\3-ContractingLicenses\Expires 2017","TONNANDBLANK\AVD Test Users","Allow","FullControl","True"
"Y:\ttbntfile1\shared\appsdata\groups\1-Administrative\3-ContractingLicenses\Expires 2017","TONNANDBLANK\impactadmin","Allow","FullControl","True"
"Y:\ttbntfile1\shared\appsdata\groups\1-Administrative\3-ContractingLicenses\Expires 2017","CREATOR OWNER","Allow","FullControl","True"
"Y:\ttbntfile1\shared\appsdata\groups\1-Administrative\3-ContractingLicenses\Expires 2017","BUILTIN\Administrators","Allow","FullControl","True"
"Y:\ttbntfile1\shared\appsdata\groups\1-Administrative\3-ContractingLicenses\Expires 2017","NT AUTHORITY\SYSTEM","Allow","FullControl","True"
"Y:\ttbntfile1\shared\appsdata\groups\1-Administrative\3-ContractingLicenses\Expires 2018","TONNANDBLANK\AVD Test Users","Allow","FullControl","True"
"Y:\ttbntfile1\shared\appsdata\groups\1-Administrative\3-ContractingLicenses\Expires 2018","TONNANDBLANK\impactadmin","Allow","FullControl","True"
"Y:\ttbntfile1\shared\appsdata\groups\1-Administrative\3-ContractingLicenses\Expires 2018","CREATOR OWNER","Allow","FullControl","True"
"Y:\ttbntfile1\shared\appsdata\groups\1-Administrative\3-ContractingLicenses\Expires 2018","BUILTIN\Administrators","Allow","FullControl","True"
"Y:\ttbntfile1\shared\appsdata\groups\1-Administrative\3-ContractingLicenses\Expires 2018","NT AUTHORITY\SYSTEM","Allow","FullControl","True"
"Y:\ttbntfile1\shared\appsdata\groups\1-Administrative\3-ContractingLicenses\Expires 2019","TONNANDBLANK\AVD Test Users","Allow","FullControl","True"
"Y:\ttbntfile1\shared\appsdata\groups\1-Administrative\3-ContractingLicenses\Expires 2019","TONNANDBLANK\impactadmin","Allow","FullControl","True"
"Y:\ttbntfile1\shared\appsdata\groups\1-Administrative\3-ContractingLicenses\Expires 2019","CREATOR OWNER","Allow","FullControl","True"
"Y:\ttbntfile1\shared\appsdata\groups\1-Administrative\3-ContractingLicenses\Expires 2019","BUILTIN\Administrators","Allow","FullControl","True"
"Y:\ttbntfile1\shared\appsdata\groups\1-Administrative\3-ContractingLicenses\Expires 2019","NT AUTHORITY\SYSTEM","Allow","FullControl","True"
"Y:\ttbntfile1\shared\appsdata\groups\1-Administrative\3-ContractingLicenses\Expires 2020","TONNANDBLANK\AVD Test Users","Allow","FullControl","True"
"Y:\ttbntfile1\shared\appsdata\groups\1-Administrative\3-ContractingLicenses\Expires 2020","TONNANDBLANK\impactadmin","Allow","FullControl","True"
"Y:\ttbntfile1\shared\appsdata\groups\1-Administrative\3-ContractingLicenses\Expires 2020","CREATOR OWNER","Allow","FullControl","True"
"Y:\ttbntfile1\shared\appsdata\groups\1-Administrative\3-ContractingLicenses\Expires 2020","BUILTIN\Administrators","Allow","FullControl","True"
"Y:\ttbntfile1\shared\appsdata\groups\1-Administrative\3-ContractingLicenses\Expires 2020","NT AUTHORITY\SYSTEM","Allow","FullControl","True"
"Y:\ttbntfile1\shared\appsdata\groups\1-Administrative\3-ContractingLicenses\Expires 2021","TONNANDBLANK\AVD Test Users","Allow","FullControl","True"
"Y:\ttbntfile1\shared\appsdata\groups\1-Administrative\3-ContractingLicenses\Expires 2021","TONNANDBLANK\impactadmin","Allow","FullControl","True"
"Y:\ttbntfile1\shared\appsdata\groups\1-Administrative\3-ContractingLicenses\Expires 2021","CREATOR OWNER","Allow","FullControl","True"
"Y:\ttbntfile1\shared\appsdata\groups\1-Administrative\3-ContractingLicenses\Expires 2021","BUILTIN\Administrators","Allow","FullControl","True"
"Y:\ttbntfile1\shared\appsdata\groups\1-Administrative\3-ContractingLicenses\Expires 2021","NT AUTHORITY\SYSTEM","Allow","FullControl","True"
"Y:\ttbntfile1\shared\appsdata\groups\1-Administrative\3-ContractingLicenses\Expires 2022","TONNANDBLANK\AVD Test Users","Allow","FullControl","True"
"Y:\ttbntfile1\shared\appsdata\groups\1-Administrative\3-ContractingLicenses\Expires 2022","TONNANDBLANK\impactadmin","Allow","FullControl","True"
"Y:\ttbntfile1\shared\appsdata\groups\1-Administrative\3-ContractingLicenses\Expires 2022","CREATOR OWNER","Allow","FullControl","True"
"Y:\ttbntfile1\shared\appsdata\groups\1-Administrative\3-ContractingLicenses\Expires 2022","BUILTIN\Administrators","Allow","FullControl","True"
"Y:\ttbntfile1\shared\appsdata\groups\1-Administrative\3-ContractingLicenses\Expires 2022","NT AUTHORITY\SYSTEM","Allow","FullControl","True"
"Y:\ttbntfile1\shared\appsdata\groups\1-Administrative\3-ContractingLicenses\Expires 2023","TONNANDBLANK\AVD Test Users","Allow","FullControl","True"
"Y:\ttbntfile1\shared\appsdata\groups\1-Administrative\3-ContractingLicenses\Expires 2023","TONNANDBLANK\impactadmin","Allow","FullControl","True"
"Y:\ttbntfile1\shared\appsdata\groups\1-Administrative\3-ContractingLicenses\Expires 2023","CREATOR OWNER","Allow","FullControl","True"
"Y:\ttbntfile1\shared\appsdata\groups\1-Administrative\3-ContractingLicenses\Expires 2023","BUILTIN\Administrators","Allow","FullControl","True"
"Y:\ttbntfile1\shared\appsdata\groups\1-Administrative\3-ContractingLicenses\Expires 2023","NT AUTHORITY\SYSTEM","Allow","FullControl","True"
"Y:\ttbntfile1\shared\appsdata\groups\1-Administrative\3-ContractingLicenses\Expires 2024","TONNANDBLANK\AVD Test Users","Allow","FullControl","True"
"Y:\ttbntfile1\shared\appsdata\groups\1-Administrative\3-ContractingLicenses\Expires 2024","TONNANDBLANK\impactadmin","Allow","FullControl","True"
"Y:\ttbntfile1\shared\appsdata\groups\1-Administrative\3-ContractingLicenses\Expires 2024","CREATOR OWNER","Allow","FullControl","True"
"Y:\ttbntfile1\shared\appsdata\groups\1-Administrative\3-ContractingLicenses\Expires 2024","BUILTIN\Administrators","Allow","FullControl","True"
"Y:\ttbntfile1\shared\appsdata\groups\1-Administrative\3-ContractingLicenses\Expires 2024","NT AUTHORITY\SYSTEM","Allow","FullControl","True"
"Y:\ttbntfile1\shared\appsdata\groups\1-Administrative\3-ContractingLicenses\Expires 2025","TONNANDBLANK\AVD Test Users","Allow","FullControl","True"
"Y:\ttbntfile1\shared\appsdata\groups\1-Administrative\3-ContractingLicenses\Expires 2025","TONNANDBLANK\impactadmin","Allow","FullControl","True"
"Y:\ttbntfile1\shared\appsdata\groups\1-Administrative\3-ContractingLicenses\Expires 2025","CREATOR OWNER","Allow","FullControl","True"
"Y:\ttbntfile1\shared\appsdata\groups\1-Administrative\3-ContractingLicenses\Expires 2025","BUILTIN\Administrators","Allow","FullControl","True"
"Y:\ttbntfile1\shared\appsdata\groups\1-Administrative\3-ContractingLicenses\Expires 2025","NT AUTHORITY\SYSTEM","Allow","FullControl","True"
"Y:\ttbntfile1\shared\appsdata\groups\1-Administrative\3-ContractingLicenses\Apps_Fees_Certificates_etc\Check Requests","TONNANDBLANK\AVD Test Users","Allow","FullControl","True"
"Y:\ttbntfile1\shared\appsdata\groups\1-Administrative\3-ContractingLicenses\Apps_Fees_Certificates_etc\Check Requests","TONNANDBLANK\impactadmin","Allow","FullControl","True"
"Y:\ttbntfile1\shared\appsdata\groups\1-Administrative\3-ContractingLicenses\Apps_Fees_Certificates_etc\Check Requests","CREATOR OWNER","Allow","FullControl","True"
"Y:\ttbntfile1\shared\appsdata\groups\1-Administrative\3-ContractingLicenses\Apps_Fees_Certificates_etc\Check Requests","BUILTIN\Administrators","Allow","FullControl","True"
"Y:\ttbntfile1\shared\appsdata\groups\1-Administrative\3-ContractingLicenses\Apps_Fees_Certificates_etc\Check Requests","NT AUTHORITY\SYSTEM","Allow","FullControl","True"
"Y:\ttbntfile1\shared\appsdata\groups\1-Administrative\3-ContractingLicenses\Apps_Fees_Certificates_etc\COI","TONNANDBLANK\AVD Test Users","Allow","FullControl","True"
"Y:\ttbntfile1\shared\appsdata\groups\1-Administrative\3-ContractingLicenses\Apps_Fees_Certificates_etc\COI","TONNANDBLANK\impactadmin","Allow","FullControl","True"
"Y:\ttbntfile1\shared\appsdata\groups\1-Administrative\3-ContractingLicenses\Apps_Fees_Certificates_etc\COI","CREATOR OWNER","Allow","FullControl","True"
"Y:\ttbntfile1\shared\appsdata\groups\1-Administrative\3-ContractingLicenses\Apps_Fees_Certificates_etc\COI","BUILTIN\Administrators","Allow","FullControl","True"
"Y:\ttbntfile1\shared\appsdata\groups\1-Administrative\3-ContractingLicenses\Apps_Fees_Certificates_etc\COI","NT AUTHORITY\SYSTEM","Allow","FullControl","True"
"Y:\ttbntfile1\shared\appsdata\groups\1-Administrative\3-ContractingLicenses\Apps_Fees_Certificates_etc\Jons","TONNANDBLANK\AVD Test Users","Allow","FullControl","True"
"Y:\ttbntfile1\shared\appsdata\groups\1-Administrative\3-ContractingLicenses\Apps_Fees_Certificates_etc\Jons","TONNANDBLANK\impactadmin","Allow","FullControl","True"
"Y:\ttbntfile1\shared\appsdata\groups\1-Administrative\3-ContractingLicenses\Apps_Fees_Certificates_etc\Jons","CREATOR OWNER","Allow","FullControl","True"
"Y:\ttbntfile1\shared\appsdata\groups\1-Administrative\3-ContractingLicenses\Apps_Fees_Certificates_etc\Jons","BUILTIN\Administrators","Allow","FullControl","True"
"Y:\ttbntfile1\shared\appsdata\groups\1-Administrative\3-ContractingLicenses\Apps_Fees_Certificates_etc\Jons","NT AUTHORITY\SYSTEM","Allow","FullControl","True"
"Y:\ttbntfile1\shared\appsdata\groups\1-Administrative\3-ContractingLicenses\Apps_Fees_Certificates_etc\License Labels","TONNANDBLANK\AVD Test Users","Allow","FullControl","True"
"Y:\ttbntfile1\shared\appsdata\groups\1-Administrative\3-ContractingLicenses\Apps_Fees_Certificates_etc\License Labels","TONNANDBLANK\impactadmin","Allow","FullControl","True"
"Y:\ttbntfile1\shared\appsdata\groups\1-Administrative\3-ContractingLicenses\Apps_Fees_Certificates_etc\License Labels","CREATOR OWNER","Allow","FullControl","True"
"Y:\ttbntfile1\shared\appsdata\groups\1-Administrative\3-ContractingLicenses\Apps_Fees_Certificates_etc\License Labels","BUILTIN\Administrators","Allow","FullControl","True"
"Y:\ttbntfile1\shared\appsdata\groups\1-Administrative\3-ContractingLicenses\Apps_Fees_Certificates_etc\License Labels","NT AUTHORITY\SYSTEM","Allow","FullControl","True"
"Y:\ttbntfile1\shared\appsdata\groups\1-Administrative\3-ContractingLicenses\Apps_Fees_Certificates_etc\LicenseApplicationsPermitsNotices","TONNANDBLANK\AVD Test Users","Allow","FullControl","True"
"Y:\ttbntfile1\shared\appsdata\groups\1-Administrative\3-ContractingLicenses\Apps_Fees_Certificates_etc\LicenseApplicationsPermitsNotices","TONNANDBLANK\impactadmin","Allow","FullControl","True"
"Y:\ttbntfile1\shared\appsdata\groups\1-Administrative\3-ContractingLicenses\Apps_Fees_Certificates_etc\LicenseApplicationsPermitsNotices","CREATOR OWNER","Allow","FullControl","True"
"Y:\ttbntfile1\shared\appsdata\groups\1-Administrative\3-ContractingLicenses\Apps_Fees_Certificates_etc\LicenseApplicationsPermitsNotices","BUILTIN\Administrators","Allow","FullControl","True"
"Y:\ttbntfile1\shared\appsdata\groups\1-Administrative\3-ContractingLicenses\Apps_Fees_Certificates_etc\LicenseApplicationsPermitsNotices","NT AUTHORITY\SYSTEM","Allow","FullControl","True"
"Y:\ttbntfile1\shared\appsdata\groups\1-Administrative\3-ContractingLicenses\Apps_Fees_Certificates_etc\Misc Items","TONNANDBLANK\AVD Test Users","Allow","FullControl","True"
"Y:\ttbntfile1\shared\appsdata\groups\1-Administrative\3-ContractingLicenses\Apps_Fees_Certificates_etc\Misc Items","TONNANDBLANK\impactadmin","Allow","FullControl","True"
"Y:\ttbntfile1\shared\appsdata\groups\1-Administrative\3-ContractingLicenses\Apps_Fees_Certificates_etc\Misc Items","CREATOR OWNER","Allow","FullControl","True"
"Y:\ttbntfile1\shared\appsdata\groups\1-Administrative\3-ContractingLicenses\Apps_Fees_Certificates_etc\Misc Items","BUILTIN\Administrators","Allow","FullControl","True"
"Y:\ttbntfile1\shared\appsdata\groups\1-Administrative\3-ContractingLicenses\Apps_Fees_Certificates_etc\Misc Items","NT AUTHORITY\SYSTEM","Allow","FullControl","True"
"Y:\ttbntfile1\shared\appsdata\groups\1-Administrative\3-ContractingLicenses\Apps_Fees_Certificates_etc\Recorded Bonds_COI","TONNANDBLANK\AVD Test Users","Allow","FullControl","True"
"Y:\ttbntfile1\shared\appsdata\groups\1-Administrative\3-ContractingLicenses\Apps_Fees_Certificates_etc\Recorded Bonds_COI","TONNANDBLANK\impactadmin","Allow","FullControl","True"
"Y:\ttbntfile1\shared\appsdata\groups\1-Administrative\3-ContractingLicenses\Apps_Fees_Certificates_etc\Recorded Bonds_COI","CREATOR OWNER","Allow","FullControl","True"
"Y:\ttbntfile1\shared\appsdata\groups\1-Administrative\3-ContractingLicenses\Apps_Fees_Certificates_etc\Recorded Bonds_COI","BUILTIN\Administrators","Allow","FullControl","True"
"Y:\ttbntfile1\shared\appsdata\groups\1-Administrative\3-ContractingLicenses\Apps_Fees_Certificates_etc\Recorded Bonds_COI","NT AUTHORITY\SYSTEM","Allow","FullControl","True"
"Y:\ttbntfile1\shared\appsdata\groups\1-Administrative\3-ContractingLicenses\Apps_Fees_Certificates_etc\RightOfWayBonds-PPBonds","TONNANDBLANK\AVD Test Users","Allow","FullControl","True"
"Y:\ttbntfile1\shared\appsdata\groups\1-Administrative\3-ContractingLicenses\Apps_Fees_Certificates_etc\RightOfWayBonds-PPBonds","TONNANDBLANK\impactadmin","Allow","FullControl","True"
"Y:\ttbntfile1\shared\appsdata\groups\1-Administrative\3-ContractingLicenses\Apps_Fees_Certificates_etc\RightOfWayBonds-PPBonds","CREATOR OWNER","Allow","FullControl","True"
"Y:\ttbntfile1\shared\appsdata\groups\1-Administrative\3-ContractingLicenses\Apps_Fees_Certificates_etc\RightOfWayBonds-PPBonds","BUILTIN\Administrators","Allow","FullControl","True"
"Y:\ttbntfile1\shared\appsdata\groups\1-Administrative\3-ContractingLicenses\Apps_Fees_Certificates_etc\RightOfWayBonds-PPBonds","NT AUTHORITY\SYSTEM","Allow","FullControl","True"
"Y:\ttbntfile1\shared\appsdata\groups\1-Administrative\3-ContractingLicenses\Apps_Fees_Certificates_etc\State of Illinois Documents","TONNANDBLANK\AVD Test Users","Allow","FullControl","True"
"Y:\ttbntfile1\shared\appsdata\groups\1-Administrative\3-ContractingLicenses\Apps_Fees_Certificates_etc\State of Illinois Documents","TONNANDBLANK\impactadmin","Allow","FullControl","True"
"Y:\ttbntfile1\shared\appsdata\groups\1-Administrative\3-ContractingLicenses\Apps_Fees_Certificates_etc\State of Illinois Documents","CREATOR OWNER","Allow","FullControl","True"
"Y:\ttbntfile1\shared\appsdata\groups\1-Administrative\3-ContractingLicenses\Apps_Fees_Certificates_etc\State of Illinois Documents","BUILTIN\Administrators","Allow","FullControl","True"
"Y:\ttbntfile1\shared\appsdata\groups\1-Administrative\3-ContractingLicenses\Apps_Fees_Certificates_etc\State of Illinois Documents","NT AUTHORITY\SYSTEM","Allow","FullControl","True"
"Y:\ttbntfile1\shared\appsdata\groups\1-Administrative\3-ContractingLicenses\Apps_Fees_Certificates_etc\State of Indiana Documents","TONNANDBLANK\AVD Test Users","Allow","FullControl","True"
"Y:\ttbntfile1\shared\appsdata\groups\1-Administrative\3-ContractingLicenses\Apps_Fees_Certificates_etc\State of Indiana Documents","TONNANDBLANK\impactadmin","Allow","FullControl","True"
"Y:\ttbntfile1\shared\appsdata\groups\1-Administrative\3-ContractingLicenses\Apps_Fees_Certificates_etc\State of Indiana Documents","CREATOR OWNER","Allow","FullControl","True"
"Y:\ttbntfile1\shared\appsdata\groups\1-Administrative\3-ContractingLicenses\Apps_Fees_Certificates_etc\State of Indiana Documents","BUILTIN\Administrators","Allow","FullControl","True"
"Y:\ttbntfile1\shared\appsdata\groups\1-Administrative\3-ContractingLicenses\Apps_Fees_Certificates_etc\State of Indiana Documents","NT AUTHORITY\SYSTEM","Allow","FullControl","True"
"Y:\ttbntfile1\shared\appsdata\groups\1-Administrative\3-ContractingLicenses\Apps_Fees_Certificates_etc\COI\2010","TONNANDBLANK\AVD Test Users","Allow","FullControl","True"
"Y:\ttbntfile1\shared\appsdata\groups\1-Administrative\3-ContractingLicenses\Apps_Fees_Certificates_etc\COI\2010","TONNANDBLANK\impactadmin","Allow","FullControl","True"
"Y:\ttbntfile1\shared\appsdata\groups\1-Administrative\3-ContractingLicenses\Apps_Fees_Certificates_etc\COI\2010","CREATOR OWNER","Allow","FullControl","True"
"Y:\ttbntfile1\shared\appsdata\groups\1-Administrative\3-ContractingLicenses\Apps_Fees_Certificates_etc\COI\2010","BUILTIN\Administrators","Allow","FullControl","True"
"Y:\ttbntfile1\shared\appsdata\groups\1-Administrative\3-ContractingLicenses\Apps_Fees_Certificates_etc\COI\2010","NT AUTHORITY\SYSTEM","Allow","FullControl","True"
"Y:\ttbntfile1\shared\appsdata\groups\1-Administrative\3-ContractingLicenses\Apps_Fees_Certificates_etc\COI\2011","TONNANDBLANK\AVD Test Users","Allow","FullControl","True"
"Y:\ttbntfile1\shared\appsdata\groups\1-Administrative\3-ContractingLicenses\Apps_Fees_Certificates_etc\COI\2011","TONNANDBLANK\impactadmin","Allow","FullControl","True"
"Y:\ttbntfile1\shared\appsdata\groups\1-Administrative\3-ContractingLicenses\Apps_Fees_Certificates_etc\COI\2011","CREATOR OWNER","Allow","FullControl","True"
"Y:\ttbntfile1\shared\appsdata\groups\1-Administrative\3-ContractingLicenses\Apps_Fees_Certificates_etc\COI\2011","BUILTIN\Administrators","Allow","FullControl","True"
"Y:\ttbntfile1\shared\appsdata\groups\1-Administrative\3-ContractingLicenses\Apps_Fees_Certificates_etc\COI\2011","NT AUTHORITY\SYSTEM","Allow","FullControl","True"
"Y:\ttbntfile1\shared\appsdata\groups\1-Administrative\3-ContractingLicenses\Apps_Fees_Certificates_etc\COI\2012","TONNANDBLANK\AVD Test Users","Allow","FullControl","True"
"Y:\ttbntfile1\shared\appsdata\groups\1-Administrative\3-ContractingLicenses\Apps_Fees_Certificates_etc\COI\2012","TONNANDBLANK\impactadmin","Allow","FullControl","True"
"Y:\ttbntfile1\shared\appsdata\groups\1-Administrative\3-ContractingLicenses\Apps_Fees_Certificates_etc\COI\2012","CREATOR OWNER","Allow","FullControl","True"
"Y:\ttbntfile1\shared\appsdata\groups\1-Administrative\3-ContractingLicenses\Apps_Fees_Certificates_etc\COI\2012","BUILTIN\Administrators","Allow","FullControl","True"
"Y:\ttbntfile1\shared\appsdata\groups\1-Administrative\3-ContractingLicenses\Apps_Fees_Certificates_etc\COI\2012","NT AUTHORITY\SYSTEM","Allow","FullControl","True"
"Y:\ttbntfile1\shared\appsdata\groups\1-Administrative\3-ContractingLicenses\Apps_Fees_Certificates_etc\COI\2013","TONNANDBLANK\AVD Test Users","Allow","FullControl","True"
"Y:\ttbntfile1\shared\appsdata\groups\1-Administrative\3-ContractingLicenses\Apps_Fees_Certificates_etc\COI\2013","TONNANDBLANK\impactadmin","Allow","FullControl","True"
"Y:\ttbntfile1\shared\appsdata\groups\1-Administrative\3-ContractingLicenses\Apps_Fees_Certificates_etc\COI\2013","CREATOR OWNER","Allow","FullControl","True"
"Y:\ttbntfile1\shared\appsdata\groups\1-Administrative\3-ContractingLicenses\Apps_Fees_Certificates_etc\COI\2013","BUILTIN\Administrators","Allow","FullControl","True"
"Y:\ttbntfile1\shared\appsdata\groups\1-Administrative\3-ContractingLicenses\Apps_Fees_Certificates_etc\COI\2013","NT AUTHORITY\SYSTEM","Allow","FullControl","True"
"Y:\ttbntfile1\shared\appsdata\groups\1-Administrative\3-ContractingLicenses\Apps_Fees_Certificates_etc\COI\2014","TONNANDBLANK\AVD Test Users","Allow","FullControl","True"
"Y:\ttbntfile1\shared\appsdata\groups\1-Administrative\3-ContractingLicenses\Apps_Fees_Certificates_etc\COI\2014","TONNANDBLANK\impactadmin","Allow","FullControl","True"
"Y:\ttbntfile1\shared\appsdata\groups\1-Administrative\3-ContractingLicenses\Apps_Fees_Certificates_etc\COI\2014","CREATOR OWNER","Allow","FullControl","True"
"Y:\ttbntfile1\shared\appsdata\groups\1-Administrative\3-ContractingLicenses\Apps_Fees_Certificates_etc\COI\2014","BUILTIN\Administrators","Allow","FullControl","True"
"Y:\ttbntfile1\shared\appsdata\groups\1-Administrative\3-ContractingLicenses\Apps_Fees_Certificates_etc\COI\2014","NT AUTHORITY\SYSTEM","Allow","FullControl","True"
"Y:\ttbntfile1\shared\appsdata\groups\1-Administrative\3-ContractingLicenses\Apps_Fees_Certificates_etc\COI\2015","TONNANDBLANK\AVD Test Users","Allow","FullControl","True"
"Y:\ttbntfile1\shared\appsdata\groups\1-Administrative\3-ContractingLicenses\Apps_Fees_Certificates_etc\COI\2015","TONNANDBLANK\impactadmin","Allow","FullControl","True"
"Y:\ttbntfile1\shared\appsdata\groups\1-Administrative\3-ContractingLicenses\Apps_Fees_Certificates_etc\COI\2015","CREATOR OWNER","Allow","FullControl","True"
"Y:\ttbntfile1\shared\appsdata\groups\1-Administrative\3-ContractingLicenses\Apps_Fees_Certificates_etc\COI\2015","BUILTIN\Administrators","Allow","FullControl","True"
"Y:\ttbntfile1\shared\appsdata\groups\1-Administrative\3-ContractingLicenses\Apps_Fees_Certificates_etc\COI\2015","NT AUTHORITY\SYSTEM","Allow","FullControl","True"
"Y:\ttbntfile1\shared\appsdata\groups\1-Administrative\3-ContractingLicenses\Apps_Fees_Certificates_etc\COI\2016","TONNANDBLANK\AVD Test Users","Allow","FullControl","True"
"Y:\ttbntfile1\shared\appsdata\groups\1-Administrative\3-ContractingLicenses\Apps_Fees_Certificates_etc\COI\2016","TONNANDBLANK\impactadmin","Allow","FullControl","True"
"Y:\ttbntfile1\shared\appsdata\groups\1-Administrative\3-ContractingLicenses\Apps_Fees_Certificates_etc\COI\2016","CREATOR OWNER","Allow","FullControl","True"
"Y:\ttbntfile1\shared\appsdata\groups\1-Administrative\3-ContractingLicenses\Apps_Fees_Certificates_etc\COI\2016","BUILTIN\Administrators","Allow","FullControl","True"
"Y:\ttbntfile1\shared\appsdata\groups\1-Administrative\3-ContractingLicenses\Apps_Fees_Certificates_etc\COI\2016","NT AUTHORITY\SYSTEM","Allow","FullControl","True"
"Y:\ttbntfile1\shared\appsdata\groups\1-Administrative\3-ContractingLicenses\Apps_Fees_Certificates_etc\COI\2017","TONNANDBLANK\AVD Test Users","Allow","FullControl","True"
"Y:\ttbntfile1\shared\appsdata\groups\1-Administrative\3-ContractingLicenses\Apps_Fees_Certificates_etc\COI\2017","TONNANDBLANK\impactadmin","Allow","FullControl","True"
"Y:\ttbntfile1\shared\appsdata\groups\1-Administrative\3-ContractingLicenses\Apps_Fees_Certificates_etc\COI\2017","CREATOR OWNER","Allow","FullControl","True"
"Y:\ttbntfile1\shared\appsdata\groups\1-Administrative\3-ContractingLicenses\Apps_Fees_Certificates_etc\COI\2017","BUILTIN\Administrators","Allow","FullControl","True"
"Y:\ttbntfile1\shared\appsdata\groups\1-Administrative\3-ContractingLicenses\Apps_Fees_Certificates_etc\COI\2017","NT AUTHORITY\SYSTEM","Allow","FullControl","True"
"Y:\ttbntfile1\shared\appsdata\groups\1-Administrative\3-ContractingLicenses\Apps_Fees_Certificates_etc\COI\2018","TONNANDBLANK\AVD Test Users","Allow","FullControl","True"
"Y:\ttbntfile1\shared\appsdata\groups\1-Administrative\3-ContractingLicenses\Apps_Fees_Certificates_etc\COI\2018","TONNANDBLANK\impactadmin","Allow","FullControl","True"
"Y:\ttbntfile1\shared\appsdata\groups\1-Administrative\3-ContractingLicenses\Apps_Fees_Certificates_etc\COI\2018","CREATOR OWNER","Allow","FullControl","True"
"Y:\ttbntfile1\shared\appsdata\groups\1-Administrative\3-ContractingLicenses\Apps_Fees_Certificates_etc\COI\2018","BUILTIN\Administrators","Allow","FullControl","True"
"Y:\ttbntfile1\shared\appsdata\groups\1-Administrative\3-ContractingLicenses\Apps_Fees_Certificates_etc\COI\2018","NT AUTHORITY\SYSTEM","Allow","FullControl","True"
"Y:\ttbntfile1\shared\appsdata\groups\1-Administrative\3-ContractingLicenses\Apps_Fees_Certificates_etc\COI\2019","TONNANDBLANK\AVD Test Users","Allow","FullControl","True"
"Y:\ttbntfile1\shared\appsdata\groups\1-Administrative\3-ContractingLicenses\Apps_Fees_Certificates_etc\COI\2019","TONNANDBLANK\impactadmin","Allow","FullControl","True"
"Y:\ttbntfile1\shared\appsdata\groups\1-Administrative\3-ContractingLicenses\Apps_Fees_Certificates_etc\COI\2019","CREATOR OWNER","Allow","FullControl","True"
"Y:\ttbntfile1\shared\appsdata\groups\1-Administrative\3-ContractingLicenses\Apps_Fees_Certificates_etc\COI\2019","BUILTIN\Administrators","Allow","FullControl","True"
"Y:\ttbntfile1\shared\appsdata\groups\1-Administrative\3-ContractingLicenses\Apps_Fees_Certificates_etc\COI\2019","NT AUTHORITY\SYSTEM","Allow","FullControl","True"
"Y:\ttbntfile1\shared\appsdata\groups\1-Administrative\3-ContractingLicenses\Apps_Fees_Certificates_etc\COI\2021","TONNANDBLANK\AVD Test Users","Allow","FullControl","True"
"Y:\ttbntfile1\shared\appsdata\groups\1-Administrative\3-ContractingLicenses\Apps_Fees_Certificates_etc\COI\2021","TONNANDBLANK\impactadmin","Allow","FullControl","True"
"Y:\ttbntfile1\shared\appsdata\groups\1-Administrative\3-ContractingLicenses\Apps_Fees_Certificates_etc\COI\2021","CREATOR OWNER","Allow","FullControl","True"
"Y:\ttbntfile1\shared\appsdata\groups\1-Administrative\3-ContractingLicenses\Apps_Fees_Certificates_etc\COI\2021","BUILTIN\Administrators","Allow","FullControl","True"
"Y:\ttbntfile1\shared\appsdata\groups\1-Administrative\3-ContractingLicenses\Apps_Fees_Certificates_etc\COI\2021","NT AUTHORITY\SYSTEM","Allow","FullControl","True"
"Y:\ttbntfile1\shared\appsdata\groups\1-Administrative\3-ContractingLicenses\Apps_Fees_Certificates_etc\COI\2022","TONNANDBLANK\AVD Test Users","Allow","FullControl","True"
"Y:\ttbntfile1\shared\appsdata\groups\1-Administrative\3-ContractingLicenses\Apps_Fees_Certificates_etc\COI\2022","TONNANDBLANK\impactadmin","Allow","FullControl","True"
"Y:\ttbntfile1\shared\appsdata\groups\1-Administrative\3-ContractingLicenses\Apps_Fees_Certificates_etc\COI\2022","CREATOR OWNER","Allow","FullControl","True"
"Y:\ttbntfile1\shared\appsdata\groups\1-Administrative\3-ContractingLicenses\Apps_Fees_Certificates_etc\COI\2022","BUILTIN\Administrators","Allow","FullControl","True"
"Y:\ttbntfile1\shared\appsdata\groups\1-Administrative\3-ContractingLicenses\Apps_Fees_Certificates_etc\COI\2022","NT AUTHORITY\SYSTEM","Allow","FullControl","True"
"Y:\ttbntfile1\shared\appsdata\groups\1-Administrative\3-ContractingLicenses\Apps_Fees_Certificates_etc\COI\2023","TONNANDBLANK\AVD Test Users","Allow","FullControl","True"
"Y:\ttbntfile1\shared\appsdata\groups\1-Administrative\3-ContractingLicenses\Apps_Fees_Certificates_etc\COI\2023","TONNANDBLANK\impactadmin","Allow","FullControl","True"
"Y:\ttbntfile1\shared\appsdata\groups\1-Administrative\3-ContractingLicenses\Apps_Fees_Certificates_etc\COI\2023","CREATOR OWNER","Allow","FullControl","True"
"Y:\ttbntfile1\shared\appsdata\groups\1-Administrative\3-ContractingLicenses\Apps_Fees_Certificates_etc\COI\2023","BUILTIN\Administrators","Allow","FullControl","True"
"Y:\ttbntfile1\shared\appsdata\groups\1-Administrative\3-ContractingLicenses\Apps_Fees_Certificates_etc\COI\2023","NT AUTHORITY\SYSTEM","Allow","FullControl","True"
"Y:\ttbntfile1\shared\appsdata\groups\1-Administrative\3-ContractingLicenses\Apps_Fees_Certificates_etc\COI\2024","TONNANDBLANK\AVD Test Users","Allow","FullControl","True"
"Y:\ttbntfile1\shared\appsdata\groups\1-Administrative\3-ContractingLicenses\Apps_Fees_Certificates_etc\COI\2024","TONNANDBLANK\impactadmin","Allow","FullControl","True"
"Y:\ttbntfile1\shared\appsdata\groups\1-Administrative\3-ContractingLicenses\Apps_Fees_Certificates_etc\COI\2024","CREATOR OWNER","Allow","FullControl","True"
"Y:\ttbntfile1\shared\appsdata\groups\1-Administrative\3-ContractingLicenses\Apps_Fees_Certificates_etc\COI\2024","BUILTIN\Administrators","Allow","FullControl","True"
"Y:\ttbntfile1\shared\appsdata\groups\1-Administrative\3-ContractingLicenses\Apps_Fees_Certificates_etc\COI\2024","NT AUTHORITY\SYSTEM","Allow","FullControl","True"
"Y:\ttbntfile1\shared\appsdata\groups\1-Administrative\3-ContractingLicenses\Apps_Fees_Certificates_etc\License Labels\NotUsing","TONNANDBLANK\AVD Test Users","Allow","FullControl","True"
"Y:\ttbntfile1\shared\appsdata\groups\1-Administrative\3-ContractingLicenses\Apps_Fees_Certificates_etc\License Labels\NotUsing","TONNANDBLANK\impactadmin","Allow","FullControl","True"
"Y:\ttbntfile1\shared\appsdata\groups\1-Administrative\3-ContractingLicenses\Apps_Fees_Certificates_etc\License Labels\NotUsing","CREATOR OWNER","Allow","FullControl","True"
"Y:\ttbntfile1\shared\appsdata\groups\1-Administrative\3-ContractingLicenses\Apps_Fees_Certificates_etc\License Labels\NotUsing","BUILTIN\Administrators","Allow","FullControl","True"
"Y:\ttbntfile1\shared\appsdata\groups\1-Administrative\3-ContractingLicenses\Apps_Fees_Certificates_etc\License Labels\NotUsing","NT AUTHORITY\SYSTEM","Allow","FullControl","True"
"Y:\ttbntfile1\shared\appsdata\groups\1-Administrative\3-ContractingLicenses\Apps_Fees_Certificates_etc\LicenseApplicationsPermitsNotices\AIA","TONNANDBLANK\AVD Test Users","Allow","FullControl","True"
"Y:\ttbntfile1\shared\appsdata\groups\1-Administrative\3-ContractingLicenses\Apps_Fees_Certificates_etc\LicenseApplicationsPermitsNotices\AIA","TONNANDBLANK\impactadmin","Allow","FullControl","True"
"Y:\ttbntfile1\shared\appsdata\groups\1-Administrative\3-ContractingLicenses\Apps_Fees_Certificates_etc\LicenseApplicationsPermitsNotices\AIA","CREATOR OWNER","Allow","FullControl","True"
"Y:\ttbntfile1\shared\appsdata\groups\1-Administrative\3-ContractingLicenses\Apps_Fees_Certificates_etc\LicenseApplicationsPermitsNotices\AIA","BUILTIN\Administrators","Allow","FullControl","True"
"Y:\ttbntfile1\shared\appsdata\groups\1-Administrative\3-ContractingLicenses\Apps_Fees_Certificates_etc\LicenseApplicationsPermitsNotices\AIA","NT AUTHORITY\SYSTEM","Allow","FullControl","True"
"Y:\ttbntfile1\shared\appsdata\groups\1-Administrative\3-ContractingLicenses\Apps_Fees_Certificates_etc\LicenseApplicationsPermitsNotices\Allen County","TONNANDBLANK\AVD Test Users","Allow","FullControl","True"
"Y:\ttbntfile1\shared\appsdata\groups\1-Administrative\3-ContractingLicenses\Apps_Fees_Certificates_etc\LicenseApplicationsPermitsNotices\Allen County","TONNANDBLANK\impactadmin","Allow","FullControl","True"
"Y:\ttbntfile1\shared\appsdata\groups\1-Administrative\3-ContractingLicenses\Apps_Fees_Certificates_etc\LicenseApplicationsPermitsNotices\Allen County","CREATOR OWNER","Allow","FullControl","True"
"Y:\ttbntfile1\shared\appsdata\groups\1-Administrative\3-ContractingLicenses\Apps_Fees_Certificates_etc\LicenseApplicationsPermitsNotices\Allen County","BUILTIN\Administrators","Allow","FullControl","True"
"Y:\ttbntfile1\shared\appsdata\groups\1-Administrative\3-ContractingLicenses\Apps_Fees_Certificates_etc\LicenseApplicationsPermitsNotices\Allen County","NT AUTHORITY\SYSTEM","Allow","FullControl","True"
"Y:\ttbntfile1\shared\appsdata\groups\1-Administrative\3-ContractingLicenses\Apps_Fees_Certificates_etc\LicenseApplicationsPermitsNotices\Beech Grove","TONNANDBLANK\AVD Test Users","Allow","FullControl","True"
"Y:\ttbntfile1\shared\appsdata\groups\1-Administrative\3-ContractingLicenses\Apps_Fees_Certificates_etc\LicenseApplicationsPermitsNotices\Beech Grove","TONNANDBLANK\impactadmin","Allow","FullControl","True"
"Y:\ttbntfile1\shared\appsdata\groups\1-Administrative\3-ContractingLicenses\Apps_Fees_Certificates_etc\LicenseApplicationsPermitsNotices\Beech Grove","CREATOR OWNER","Allow","FullControl","True"
"Y:\ttbntfile1\shared\appsdata\groups\1-Administrative\3-ContractingLicenses\Apps_Fees_Certificates_etc\LicenseApplicationsPermitsNotices\Beech Grove","BUILTIN\Administrators","Allow","FullControl","True"
"Y:\ttbntfile1\shared\appsdata\groups\1-Administrative\3-ContractingLicenses\Apps_Fees_Certificates_etc\LicenseApplicationsPermitsNotices\Beech Grove","NT AUTHORITY\SYSTEM","Allow","FullControl","True"
"Y:\ttbntfile1\shared\appsdata\groups\1-Administrative\3-ContractingLicenses\Apps_Fees_Certificates_etc\LicenseApplicationsPermitsNotices\Beverly Shores","TONNANDBLANK\AVD Test Users","Allow","FullControl","True"
"Y:\ttbntfile1\shared\appsdata\groups\1-Administrative\3-ContractingLicenses\Apps_Fees_Certificates_etc\LicenseApplicationsPermitsNotices\Beverly Shores","TONNANDBLANK\impactadmin","Allow","FullControl","True"
"Y:\ttbntfile1\shared\appsdata\groups\1-Administrative\3-ContractingLicenses\Apps_Fees_Certificates_etc\LicenseApplicationsPermitsNotices\Beverly Shores","CREATOR OWNER","Allow","FullControl","True"
"Y:\ttbntfile1\shared\appsdata\groups\1-Administrative\3-ContractingLicenses\Apps_Fees_Certificates_etc\LicenseApplicationsPermitsNotices\Beverly Shores","BUILTIN\Administrators","Allow","FullControl","True"
"Y:\ttbntfile1\shared\appsdata\groups\1-Administrative\3-ContractingLicenses\Apps_Fees_Certificates_etc\LicenseApplicationsPermitsNotices\Beverly Shores","NT AUTHORITY\SYSTEM","Allow","FullControl","True"
"Y:\ttbntfile1\shared\appsdata\groups\1-Administrative\3-ContractingLicenses\Apps_Fees_Certificates_etc\LicenseApplicationsPermitsNotices\Blue Island","TONNANDBLANK\AVD Test Users","Allow","FullControl","True"
"Y:\ttbntfile1\shared\appsdata\groups\1-Administrative\3-ContractingLicenses\Apps_Fees_Certificates_etc\LicenseApplicationsPermitsNotices\Blue Island","TONNANDBLANK\impactadmin","Allow","FullControl","True"
"Y:\ttbntfile1\shared\appsdata\groups\1-Administrative\3-ContractingLicenses\Apps_Fees_Certificates_etc\LicenseApplicationsPermitsNotices\Blue Island","CREATOR OWNER","Allow","FullControl","True"
"Y:\ttbntfile1\shared\appsdata\groups\1-Administrative\3-ContractingLicenses\Apps_Fees_Certificates_etc\LicenseApplicationsPermitsNotices\Blue Island","BUILTIN\Administrators","Allow","FullControl","True"
"Y:\ttbntfile1\shared\appsdata\groups\1-Administrative\3-ContractingLicenses\Apps_Fees_Certificates_etc\LicenseApplicationsPermitsNotices\Blue Island","NT AUTHORITY\SYSTEM","Allow","FullControl","True"
"Y:\ttbntfile1\shared\appsdata\groups\1-Administrative\3-ContractingLicenses\Apps_Fees_Certificates_etc\LicenseApplicationsPermitsNotices\Burns Harbor","TONNANDBLANK\AVD Test Users","Allow","FullControl","True"
"Y:\ttbntfile1\shared\appsdata\groups\1-Administrative\3-ContractingLicenses\Apps_Fees_Certificates_etc\LicenseApplicationsPermitsNotices\Burns Harbor","TONNANDBLANK\impactadmin","Allow","FullControl","True"
"Y:\ttbntfile1\shared\appsdata\groups\1-Administrative\3-ContractingLicenses\Apps_Fees_Certificates_etc\LicenseApplicationsPermitsNotices\Burns Harbor","CREATOR OWNER","Allow","FullControl","True"
"Y:\ttbntfile1\shared\appsdata\groups\1-Administrative\3-ContractingLicenses\Apps_Fees_Certificates_etc\LicenseApplicationsPermitsNotices\Burns Harbor","BUILTIN\Administrators","Allow","FullControl","True"
"Y:\ttbntfile1\shared\appsdata\groups\1-Administrative\3-ContractingLicenses\Apps_Fees_Certificates_etc\LicenseApplicationsPermitsNotices\Burns Harbor","NT AUTHORITY\SYSTEM","Allow","FullControl","True"
"Y:\ttbntfile1\shared\appsdata\groups\1-Administrative\3-ContractingLicenses\Apps_Fees_Certificates_etc\LicenseApplicationsPermitsNotices\Calumet City","TONNANDBLANK\AVD Test Users","Allow","FullControl","True"
"Y:\ttbntfile1\shared\appsdata\groups\1-Administrative\3-ContractingLicenses\Apps_Fees_Certificates_etc\LicenseApplicationsPermitsNotices\Calumet City","TONNANDBLANK\impactadmin","Allow","FullControl","True"
"Y:\ttbntfile1\shared\appsdata\groups\1-Administrative\3-ContractingLicenses\Apps_Fees_Certificates_etc\LicenseApplicationsPermitsNotices\Calumet City","CREATOR OWNER","Allow","FullControl","True"
"Y:\ttbntfile1\shared\appsdata\groups\1-Administrative\3-ContractingLicenses\Apps_Fees_Certificates_etc\LicenseApplicationsPermitsNotices\Calumet City","BUILTIN\Administrators","Allow","FullControl","True"
"Y:\ttbntfile1\shared\appsdata\groups\1-Administrative\3-ContractingLicenses\Apps_Fees_Certificates_etc\LicenseApplicationsPermitsNotices\Calumet City","NT AUTHORITY\SYSTEM","Allow","FullControl","True"
"Y:\ttbntfile1\shared\appsdata\groups\1-Administrative\3-ContractingLicenses\Apps_Fees_Certificates_etc\LicenseApplicationsPermitsNotices\Calumet Park","TONNANDBLANK\AVD Test Users","Allow","FullControl","True"
"Y:\ttbntfile1\shared\appsdata\groups\1-Administrative\3-ContractingLicenses\Apps_Fees_Certificates_etc\LicenseApplicationsPermitsNotices\Calumet Park","TONNANDBLANK\impactadmin","Allow","FullControl","True"
"Y:\ttbntfile1\shared\appsdata\groups\1-Administrative\3-ContractingLicenses\Apps_Fees_Certificates_etc\LicenseApplicationsPermitsNotices\Calumet Park","CREATOR OWNER","Allow","FullControl","True"
"Y:\ttbntfile1\shared\appsdata\groups\1-Administrative\3-ContractingLicenses\Apps_Fees_Certificates_etc\LicenseApplicationsPermitsNotices\Calumet Park","BUILTIN\Administrators","Allow","FullControl","True"
"Y:\ttbntfile1\shared\appsdata\groups\1-Administrative\3-ContractingLicenses\Apps_Fees_Certificates_etc\LicenseApplicationsPermitsNotices\Calumet Park","NT AUTHORITY\SYSTEM","Allow","FullControl","True"
"Y:\ttbntfile1\shared\appsdata\groups\1-Administrative\3-ContractingLicenses\Apps_Fees_Certificates_etc\LicenseApplicationsPermitsNotices\Cedar Lake","TONNANDBLANK\AVD Test Users","Allow","FullControl","True"
"Y:\ttbntfile1\shared\appsdata\groups\1-Administrative\3-ContractingLicenses\Apps_Fees_Certificates_etc\LicenseApplicationsPermitsNotices\Cedar Lake","TONNANDBLANK\impactadmin","Allow","FullControl","True"
"Y:\ttbntfile1\shared\appsdata\groups\1-Administrative\3-ContractingLicenses\Apps_Fees_Certificates_etc\LicenseApplicationsPermitsNotices\Cedar Lake","CREATOR OWNER","Allow","FullControl","True"
"Y:\ttbntfile1\shared\appsdata\groups\1-Administrative\3-ContractingLicenses\Apps_Fees_Certificates_etc\LicenseApplicationsPermitsNotices\Cedar Lake","BUILTIN\Administrators","Allow","FullControl","True"
"Y:\ttbntfile1\shared\appsdata\groups\1-Administrative\3-ContractingLicenses\Apps_Fees_Certificates_etc\LicenseApplicationsPermitsNotices\Cedar Lake","NT AUTHORITY\SYSTEM","Allow","FullControl","True"
"Y:\ttbntfile1\shared\appsdata\groups\1-Administrative\3-ContractingLicenses\Apps_Fees_Certificates_etc\LicenseApplicationsPermitsNotices\Chesterton","TONNANDBLANK\AVD Test Users","Allow","FullControl","True"
"Y:\ttbntfile1\shared\appsdata\groups\1-Administrative\3-ContractingLicenses\Apps_Fees_Certificates_etc\LicenseApplicationsPermitsNotices\Chesterton","TONNANDBLANK\impactadmin","Allow","FullControl","True"
"Y:\ttbntfile1\shared\appsdata\groups\1-Administrative\3-ContractingLicenses\Apps_Fees_Certificates_etc\LicenseApplicationsPermitsNotices\Chesterton","CREATOR OWNER","Allow","FullControl","True"
"Y:\ttbntfile1\shared\appsdata\groups\1-Administrative\3-ContractingLicenses\Apps_Fees_Certificates_etc\LicenseApplicationsPermitsNotices\Chesterton","BUILTIN\Administrators","Allow","FullControl","True"
"Y:\ttbntfile1\shared\appsdata\groups\1-Administrative\3-ContractingLicenses\Apps_Fees_Certificates_etc\LicenseApplicationsPermitsNotices\Chesterton","NT AUTHORITY\SYSTEM","Allow","FullControl","True"
"Y:\ttbntfile1\shared\appsdata\groups\1-Administrative\3-ContractingLicenses\Apps_Fees_Certificates_etc\LicenseApplicationsPermitsNotices\Chicago","TONNANDBLANK\AVD Test Users","Allow","FullControl","True"
"Y:\ttbntfile1\shared\appsdata\groups\1-Administrative\3-ContractingLicenses\Apps_Fees_Certificates_etc\LicenseApplicationsPermitsNotices\Chicago","TONNANDBLANK\impactadmin","Allow","FullControl","True"
"Y:\ttbntfile1\shared\appsdata\groups\1-Administrative\3-ContractingLicenses\Apps_Fees_Certificates_etc\LicenseApplicationsPermitsNotices\Chicago","CREATOR OWNER","Allow","FullControl","True"
"Y:\ttbntfile1\shared\appsdata\groups\1-Administrative\3-ContractingLicenses\Apps_Fees_Certificates_etc\LicenseApplicationsPermitsNotices\Chicago","BUILTIN\Administrators","Allow","FullControl","True"
"Y:\ttbntfile1\shared\appsdata\groups\1-Administrative\3-ContractingLicenses\Apps_Fees_Certificates_etc\LicenseApplicationsPermitsNotices\Chicago","NT AUTHORITY\SYSTEM","Allow","FullControl","True"
"Y:\ttbntfile1\shared\appsdata\groups\1-Administrative\3-ContractingLicenses\Apps_Fees_Certificates_etc\LicenseApplicationsPermitsNotices\Chicago Heights","TONNANDBLANK\AVD Test Users","Allow","FullControl","True"
"Y:\ttbntfile1\shared\appsdata\groups\1-Administrative\3-ContractingLicenses\Apps_Fees_Certificates_etc\LicenseApplicationsPermitsNotices\Chicago Heights","TONNANDBLANK\impactadmin","Allow","FullControl","True"
"Y:\ttbntfile1\shared\appsdata\groups\1-Administrative\3-ContractingLicenses\Apps_Fees_Certificates_etc\LicenseApplicationsPermitsNotices\Chicago Heights","CREATOR OWNER","Allow","FullControl","True"
"Y:\ttbntfile1\shared\appsdata\groups\1-Administrative\3-ContractingLicenses\Apps_Fees_Certificates_etc\LicenseApplicationsPermitsNotices\Chicago Heights","BUILTIN\Administrators","Allow","FullControl","True"
"Y:\ttbntfile1\shared\appsdata\groups\1-Administrative\3-ContractingLicenses\Apps_Fees_Certificates_etc\LicenseApplicationsPermitsNotices\Chicago Heights","NT AUTHORITY\SYSTEM","Allow","FullControl","True"
"Y:\ttbntfile1\shared\appsdata\groups\1-Administrative\3-ContractingLicenses\Apps_Fees_Certificates_etc\LicenseApplicationsPermitsNotices\Cook County","TONNANDBLANK\AVD Test Users","Allow","FullControl","True"
"Y:\ttbntfile1\shared\appsdata\groups\1-Administrative\3-ContractingLicenses\Apps_Fees_Certificates_etc\LicenseApplicationsPermitsNotices\Cook County","TONNANDBLANK\impactadmin","Allow","FullControl","True"
"Y:\ttbntfile1\shared\appsdata\groups\1-Administrative\3-ContractingLicenses\Apps_Fees_Certificates_etc\LicenseApplicationsPermitsNotices\Cook County","CREATOR OWNER","Allow","FullControl","True"
"Y:\ttbntfile1\shared\appsdata\groups\1-Administrative\3-ContractingLicenses\Apps_Fees_Certificates_etc\LicenseApplicationsPermitsNotices\Cook County","BUILTIN\Administrators","Allow","FullControl","True"
"Y:\ttbntfile1\shared\appsdata\groups\1-Administrative\3-ContractingLicenses\Apps_Fees_Certificates_etc\LicenseApplicationsPermitsNotices\Cook County","NT AUTHORITY\SYSTEM","Allow","FullControl","True"
"Y:\ttbntfile1\shared\appsdata\groups\1-Administrative\3-ContractingLicenses\Apps_Fees_Certificates_etc\LicenseApplicationsPermitsNotices\Crawfordsville","TONNANDBLANK\AVD Test Users","Allow","FullControl","True"
"Y:\ttbntfile1\shared\appsdata\groups\1-Administrative\3-ContractingLicenses\Apps_Fees_Certificates_etc\LicenseApplicationsPermitsNotices\Crawfordsville","TONNANDBLANK\impactadmin","Allow","FullControl","True"
"Y:\ttbntfile1\shared\appsdata\groups\1-Administrative\3-ContractingLicenses\Apps_Fees_Certificates_etc\LicenseApplicationsPermitsNotices\Crawfordsville","CREATOR OWNER","Allow","FullControl","True"
"Y:\ttbntfile1\shared\appsdata\groups\1-Administrative\3-ContractingLicenses\Apps_Fees_Certificates_etc\LicenseApplicationsPermitsNotices\Crawfordsville","BUILTIN\Administrators","Allow","FullControl","True"
"Y:\ttbntfile1\shared\appsdata\groups\1-Administrative\3-ContractingLicenses\Apps_Fees_Certificates_etc\LicenseApplicationsPermitsNotices\Crawfordsville","NT AUTHORITY\SYSTEM","Allow","FullControl","True"
"Y:\ttbntfile1\shared\appsdata\groups\1-Administrative\3-ContractingLicenses\Apps_Fees_Certificates_etc\LicenseApplicationsPermitsNotices\Crown Point","TONNANDBLANK\AVD Test Users","Allow","FullControl","True"
"Y:\ttbntfile1\shared\appsdata\groups\1-Administrative\3-ContractingLicenses\Apps_Fees_Certificates_etc\LicenseApplicationsPermitsNotices\Crown Point","TONNANDBLANK\impactadmin","Allow","FullControl","True"
"Y:\ttbntfile1\shared\appsdata\groups\1-Administrative\3-ContractingLicenses\Apps_Fees_Certificates_etc\LicenseApplicationsPermitsNotices\Crown Point","CREATOR OWNER","Allow","FullControl","True"
"Y:\ttbntfile1\shared\appsdata\groups\1-Administrative\3-ContractingLicenses\Apps_Fees_Certificates_etc\LicenseApplicationsPermitsNotices\Crown Point","BUILTIN\Administrators","Allow","FullControl","True"
"Y:\ttbntfile1\shared\appsdata\groups\1-Administrative\3-ContractingLicenses\Apps_Fees_Certificates_etc\LicenseApplicationsPermitsNotices\Crown Point","NT AUTHORITY\SYSTEM","Allow","FullControl","True"
"Y:\ttbntfile1\shared\appsdata\groups\1-Administrative\3-ContractingLicenses\Apps_Fees_Certificates_etc\LicenseApplicationsPermitsNotices\Danville","TONNANDBLANK\AVD Test Users","Allow","FullControl","True"
"Y:\ttbntfile1\shared\appsdata\groups\1-Administrative\3-ContractingLicenses\Apps_Fees_Certificates_etc\LicenseApplicationsPermitsNotices\Danville","TONNANDBLANK\impactadmin","Allow","FullControl","True"
"Y:\ttbntfile1\shared\appsdata\groups\1-Administrative\3-ContractingLicenses\Apps_Fees_Certificates_etc\LicenseApplicationsPermitsNotices\Danville","CREATOR OWNER","Allow","FullControl","True"
"Y:\ttbntfile1\shared\appsdata\groups\1-Administrative\3-ContractingLicenses\Apps_Fees_Certificates_etc\LicenseApplicationsPermitsNotices\Danville","BUILTIN\Administrators","Allow","FullControl","True"
"Y:\ttbntfile1\shared\appsdata\groups\1-Administrative\3-ContractingLicenses\Apps_Fees_Certificates_etc\LicenseApplicationsPermitsNotices\Danville","NT AUTHORITY\SYSTEM","Allow","FullControl","True"
"Y:\ttbntfile1\shared\appsdata\groups\1-Administrative\3-ContractingLicenses\Apps_Fees_Certificates_etc\LicenseApplicationsPermitsNotices\DeKalb","TONNANDBLANK\AVD Test Users","Allow","FullControl","True"
"Y:\ttbntfile1\shared\appsdata\groups\1-Administrative\3-ContractingLicenses\Apps_Fees_Certificates_etc\LicenseApplicationsPermitsNotices\DeKalb","TONNANDBLANK\impactadmin","Allow","FullControl","True"
"Y:\ttbntfile1\shared\appsdata\groups\1-Administrative\3-ContractingLicenses\Apps_Fees_Certificates_etc\LicenseApplicationsPermitsNotices\DeKalb","CREATOR OWNER","Allow","FullControl","True"
"Y:\ttbntfile1\shared\appsdata\groups\1-Administrative\3-ContractingLicenses\Apps_Fees_Certificates_etc\LicenseApplicationsPermitsNotices\DeKalb","BUILTIN\Administrators","Allow","FullControl","True"
"Y:\ttbntfile1\shared\appsdata\groups\1-Administrative\3-ContractingLicenses\Apps_Fees_Certificates_etc\LicenseApplicationsPermitsNotices\DeKalb","NT AUTHORITY\SYSTEM","Allow","FullControl","True"
"Y:\ttbntfile1\shared\appsdata\groups\1-Administrative\3-ContractingLicenses\Apps_Fees_Certificates_etc\LicenseApplicationsPermitsNotices\Dyer","TONNANDBLANK\AVD Test Users","Allow","FullControl","True"
"Y:\ttbntfile1\shared\appsdata\groups\1-Administrative\3-ContractingLicenses\Apps_Fees_Certificates_etc\LicenseApplicationsPermitsNotices\Dyer","TONNANDBLANK\impactadmin","Allow","FullControl","True"
"Y:\ttbntfile1\shared\appsdata\groups\1-Administrative\3-ContractingLicenses\Apps_Fees_Certificates_etc\LicenseApplicationsPermitsNotices\Dyer","CREATOR OWNER","Allow","FullControl","True"
"Y:\ttbntfile1\shared\appsdata\groups\1-Administrative\3-ContractingLicenses\Apps_Fees_Certificates_etc\LicenseApplicationsPermitsNotices\Dyer","BUILTIN\Administrators","Allow","FullControl","True"
"Y:\ttbntfile1\shared\appsdata\groups\1-Administrative\3-ContractingLicenses\Apps_Fees_Certificates_etc\LicenseApplicationsPermitsNotices\Dyer","NT AUTHORITY\SYSTEM","Allow","FullControl","True"
"Y:\ttbntfile1\shared\appsdata\groups\1-Administrative\3-ContractingLicenses\Apps_Fees_Certificates_etc\LicenseApplicationsPermitsNotices\East Chicago","TONNANDBLANK\AVD Test Users","Allow","FullControl","True"
"Y:\ttbntfile1\shared\appsdata\groups\1-Administrative\3-ContractingLicenses\Apps_Fees_Certificates_etc\LicenseApplicationsPermitsNotices\East Chicago","TONNANDBLANK\impactadmin","Allow","FullControl","True"
"Y:\ttbntfile1\shared\appsdata\groups\1-Administrative\3-ContractingLicenses\Apps_Fees_Certificates_etc\LicenseApplicationsPermitsNotices\East Chicago","CREATOR OWNER","Allow","FullControl","True"
"Y:\ttbntfile1\shared\appsdata\groups\1-Administrative\3-ContractingLicenses\Apps_Fees_Certificates_etc\LicenseApplicationsPermitsNotices\East Chicago","BUILTIN\Administrators","Allow","FullControl","True"
"Y:\ttbntfile1\shared\appsdata\groups\1-Administrative\3-ContractingLicenses\Apps_Fees_Certificates_etc\LicenseApplicationsPermitsNotices\East Chicago","NT AUTHORITY\SYSTEM","Allow","FullControl","True"
"Y:\ttbntfile1\shared\appsdata\groups\1-Administrative\3-ContractingLicenses\Apps_Fees_Certificates_etc\LicenseApplicationsPermitsNotices\Elkhart","TONNANDBLANK\AVD Test Users","Allow","FullControl","True"
"Y:\ttbntfile1\shared\appsdata\groups\1-Administrative\3-ContractingLicenses\Apps_Fees_Certificates_etc\LicenseApplicationsPermitsNotices\Elkhart","TONNANDBLANK\impactadmin","Allow","FullControl","True"
"Y:\ttbntfile1\shared\appsdata\groups\1-Administrative\3-ContractingLicenses\Apps_Fees_Certificates_etc\LicenseApplicationsPermitsNotices\Elkhart","CREATOR OWNER","Allow","FullControl","True"
"Y:\ttbntfile1\shared\appsdata\groups\1-Administrative\3-ContractingLicenses\Apps_Fees_Certificates_etc\LicenseApplicationsPermitsNotices\Elkhart","BUILTIN\Administrators","Allow","FullControl","True"
"Y:\ttbntfile1\shared\appsdata\groups\1-Administrative\3-ContractingLicenses\Apps_Fees_Certificates_etc\LicenseApplicationsPermitsNotices\Elkhart","NT AUTHORITY\SYSTEM","Allow","FullControl","True"
"Y:\ttbntfile1\shared\appsdata\groups\1-Administrative\3-ContractingLicenses\Apps_Fees_Certificates_etc\LicenseApplicationsPermitsNotices\Evergreen Park","TONNANDBLANK\AVD Test Users","Allow","FullControl","True"
"Y:\ttbntfile1\shared\appsdata\groups\1-Administrative\3-ContractingLicenses\Apps_Fees_Certificates_etc\LicenseApplicationsPermitsNotices\Evergreen Park","TONNANDBLANK\impactadmin","Allow","FullControl","True"
"Y:\ttbntfile1\shared\appsdata\groups\1-Administrative\3-ContractingLicenses\Apps_Fees_Certificates_etc\LicenseApplicationsPermitsNotices\Evergreen Park","CREATOR OWNER","Allow","FullControl","True"
"Y:\ttbntfile1\shared\appsdata\groups\1-Administrative\3-ContractingLicenses\Apps_Fees_Certificates_etc\LicenseApplicationsPermitsNotices\Evergreen Park","BUILTIN\Administrators","Allow","FullControl","True"
"Y:\ttbntfile1\shared\appsdata\groups\1-Administrative\3-ContractingLicenses\Apps_Fees_Certificates_etc\LicenseApplicationsPermitsNotices\Evergreen Park","NT AUTHORITY\SYSTEM","Allow","FullControl","True"
"Y:\ttbntfile1\shared\appsdata\groups\1-Administrative\3-ContractingLicenses\Apps_Fees_Certificates_etc\LicenseApplicationsPermitsNotices\Frankfort","TONNANDBLANK\AVD Test Users","Allow","FullControl","True"
"Y:\ttbntfile1\shared\appsdata\groups\1-Administrative\3-ContractingLicenses\Apps_Fees_Certificates_etc\LicenseApplicationsPermitsNotices\Frankfort","TONNANDBLANK\impactadmin","Allow","FullControl","True"
"Y:\ttbntfile1\shared\appsdata\groups\1-Administrative\3-ContractingLicenses\Apps_Fees_Certificates_etc\LicenseApplicationsPermitsNotices\Frankfort","CREATOR OWNER","Allow","FullControl","True"
"Y:\ttbntfile1\shared\appsdata\groups\1-Administrative\3-ContractingLicenses\Apps_Fees_Certificates_etc\LicenseApplicationsPermitsNotices\Frankfort","BUILTIN\Administrators","Allow","FullControl","True"
"Y:\ttbntfile1\shared\appsdata\groups\1-Administrative\3-ContractingLicenses\Apps_Fees_Certificates_etc\LicenseApplicationsPermitsNotices\Frankfort","NT AUTHORITY\SYSTEM","Allow","FullControl","True"
"Y:\ttbntfile1\shared\appsdata\groups\1-Administrative\3-ContractingLicenses\Apps_Fees_Certificates_etc\LicenseApplicationsPermitsNotices\Gary","TONNANDBLANK\AVD Test Users","Allow","FullControl","True"
"Y:\ttbntfile1\shared\appsdata\groups\1-Administrative\3-ContractingLicenses\Apps_Fees_Certificates_etc\LicenseApplicationsPermitsNotices\Gary","TONNANDBLANK\impactadmin","Allow","FullControl","True"
"Y:\ttbntfile1\shared\appsdata\groups\1-Administrative\3-ContractingLicenses\Apps_Fees_Certificates_etc\LicenseApplicationsPermitsNotices\Gary","CREATOR OWNER","Allow","FullControl","True"
"Y:\ttbntfile1\shared\appsdata\groups\1-Administrative\3-ContractingLicenses\Apps_Fees_Certificates_etc\LicenseApplicationsPermitsNotices\Gary","BUILTIN\Administrators","Allow","FullControl","True"
"Y:\ttbntfile1\shared\appsdata\groups\1-Administrative\3-ContractingLicenses\Apps_Fees_Certificates_etc\LicenseApplicationsPermitsNotices\Gary","NT AUTHORITY\SYSTEM","Allow","FullControl","True"
"Y:\ttbntfile1\shared\appsdata\groups\1-Administrative\3-ContractingLicenses\Apps_Fees_Certificates_etc\LicenseApplicationsPermitsNotices\Goshen","TONNANDBLANK\AVD Test Users","Allow","FullControl","True"
"Y:\ttbntfile1\shared\appsdata\groups\1-Administrative\3-ContractingLicenses\Apps_Fees_Certificates_etc\LicenseApplicationsPermitsNotices\Goshen","TONNANDBLANK\impactadmin","Allow","FullControl","True"
"Y:\ttbntfile1\shared\appsdata\groups\1-Administrative\3-ContractingLicenses\Apps_Fees_Certificates_etc\LicenseApplicationsPermitsNotices\Goshen","CREATOR OWNER","Allow","FullControl","True"
"Y:\ttbntfile1\shared\appsdata\groups\1-Administrative\3-ContractingLicenses\Apps_Fees_Certificates_etc\LicenseApplicationsPermitsNotices\Goshen","BUILTIN\Administrators","Allow","FullControl","True"
"Y:\ttbntfile1\shared\appsdata\groups\1-Administrative\3-ContractingLicenses\Apps_Fees_Certificates_etc\LicenseApplicationsPermitsNotices\Goshen","NT AUTHORITY\SYSTEM","Allow","FullControl","True"
"Y:\ttbntfile1\shared\appsdata\groups\1-Administrative\3-ContractingLicenses\Apps_Fees_Certificates_etc\LicenseApplicationsPermitsNotices\Griffith","TONNANDBLANK\AVD Test Users","Allow","FullControl","True"
"Y:\ttbntfile1\shared\appsdata\groups\1-Administrative\3-ContractingLicenses\Apps_Fees_Certificates_etc\LicenseApplicationsPermitsNotices\Griffith","TONNANDBLANK\impactadmin","Allow","FullControl","True"
"Y:\ttbntfile1\shared\appsdata\groups\1-Administrative\3-ContractingLicenses\Apps_Fees_Certificates_etc\LicenseApplicationsPermitsNotices\Griffith","CREATOR OWNER","Allow","FullControl","True"
"Y:\ttbntfile1\shared\appsdata\groups\1-Administrative\3-ContractingLicenses\Apps_Fees_Certificates_etc\LicenseApplicationsPermitsNotices\Griffith","BUILTIN\Administrators","Allow","FullControl","True"
"Y:\ttbntfile1\shared\appsdata\groups\1-Administrative\3-ContractingLicenses\Apps_Fees_Certificates_etc\LicenseApplicationsPermitsNotices\Griffith","NT AUTHORITY\SYSTEM","Allow","FullControl","True"
"Y:\ttbntfile1\shared\appsdata\groups\1-Administrative\3-ContractingLicenses\Apps_Fees_Certificates_etc\LicenseApplicationsPermitsNotices\Hammond","TONNANDBLANK\AVD Test Users","Allow","FullControl","True"
"Y:\ttbntfile1\shared\appsdata\groups\1-Administrative\3-ContractingLicenses\Apps_Fees_Certificates_etc\LicenseApplicationsPermitsNotices\Hammond","TONNANDBLANK\impactadmin","Allow","FullControl","True"
"Y:\ttbntfile1\shared\appsdata\groups\1-Administrative\3-ContractingLicenses\Apps_Fees_Certificates_etc\LicenseApplicationsPermitsNotices\Hammond","CREATOR OWNER","Allow","FullControl","True"
"Y:\ttbntfile1\shared\appsdata\groups\1-Administrative\3-ContractingLicenses\Apps_Fees_Certificates_etc\LicenseApplicationsPermitsNotices\Hammond","BUILTIN\Administrators","Allow","FullControl","True"
"Y:\ttbntfile1\shared\appsdata\groups\1-Administrative\3-ContractingLicenses\Apps_Fees_Certificates_etc\LicenseApplicationsPermitsNotices\Hammond","NT AUTHORITY\SYSTEM","Allow","FullControl","True"
"Y:\ttbntfile1\shared\appsdata\groups\1-Administrative\3-ContractingLicenses\Apps_Fees_Certificates_etc\LicenseApplicationsPermitsNotices\Hendricks","TONNANDBLANK\AVD Test Users","Allow","FullControl","True"
"Y:\ttbntfile1\shared\appsdata\groups\1-Administrative\3-ContractingLicenses\Apps_Fees_Certificates_etc\LicenseApplicationsPermitsNotices\Hendricks","TONNANDBLANK\impactadmin","Allow","FullControl","True"
"Y:\ttbntfile1\shared\appsdata\groups\1-Administrative\3-ContractingLicenses\Apps_Fees_Certificates_etc\LicenseApplicationsPermitsNotices\Hendricks","CREATOR OWNER","Allow","FullControl","True"
"Y:\ttbntfile1\shared\appsdata\groups\1-Administrative\3-ContractingLicenses\Apps_Fees_Certificates_etc\LicenseApplicationsPermitsNotices\Hendricks","BUILTIN\Administrators","Allow","FullControl","True"
"Y:\ttbntfile1\shared\appsdata\groups\1-Administrative\3-ContractingLicenses\Apps_Fees_Certificates_etc\LicenseApplicationsPermitsNotices\Hendricks","NT AUTHORITY\SYSTEM","Allow","FullControl","True"
"Y:\ttbntfile1\shared\appsdata\groups\1-Administrative\3-ContractingLicenses\Apps_Fees_Certificates_etc\LicenseApplicationsPermitsNotices\Highland","TONNANDBLANK\AVD Test Users","Allow","FullControl","True"
"Y:\ttbntfile1\shared\appsdata\groups\1-Administrative\3-ContractingLicenses\Apps_Fees_Certificates_etc\LicenseApplicationsPermitsNotices\Highland","TONNANDBLANK\impactadmin","Allow","FullControl","True"
"Y:\ttbntfile1\shared\appsdata\groups\1-Administrative\3-ContractingLicenses\Apps_Fees_Certificates_etc\LicenseApplicationsPermitsNotices\Highland","CREATOR OWNER","Allow","FullControl","True"
"Y:\ttbntfile1\shared\appsdata\groups\1-Administrative\3-ContractingLicenses\Apps_Fees_Certificates_etc\LicenseApplicationsPermitsNotices\Highland","BUILTIN\Administrators","Allow","FullControl","True"
"Y:\ttbntfile1\shared\appsdata\groups\1-Administrative\3-ContractingLicenses\Apps_Fees_Certificates_etc\LicenseApplicationsPermitsNotices\Highland","NT AUTHORITY\SYSTEM","Allow","FullControl","True"
"Y:\ttbntfile1\shared\appsdata\groups\1-Administrative\3-ContractingLicenses\Apps_Fees_Certificates_etc\LicenseApplicationsPermitsNotices\Hobart","TONNANDBLANK\AVD Test Users","Allow","FullControl","True"
"Y:\ttbntfile1\shared\appsdata\groups\1-Administrative\3-ContractingLicenses\Apps_Fees_Certificates_etc\LicenseApplicationsPermitsNotices\Hobart","TONNANDBLANK\impactadmin","Allow","FullControl","True"
"Y:\ttbntfile1\shared\appsdata\groups\1-Administrative\3-ContractingLicenses\Apps_Fees_Certificates_etc\LicenseApplicationsPermitsNotices\Hobart","CREATOR OWNER","Allow","FullControl","True"
"Y:\ttbntfile1\shared\appsdata\groups\1-Administrative\3-ContractingLicenses\Apps_Fees_Certificates_etc\LicenseApplicationsPermitsNotices\Hobart","BUILTIN\Administrators","Allow","FullControl","True"
"Y:\ttbntfile1\shared\appsdata\groups\1-Administrative\3-ContractingLicenses\Apps_Fees_Certificates_etc\LicenseApplicationsPermitsNotices\Hobart","NT AUTHORITY\SYSTEM","Allow","FullControl","True"
"Y:\ttbntfile1\shared\appsdata\groups\1-Administrative\3-ContractingLicenses\Apps_Fees_Certificates_etc\LicenseApplicationsPermitsNotices\Homewood","TONNANDBLANK\AVD Test Users","Allow","FullControl","True"
"Y:\ttbntfile1\shared\appsdata\groups\1-Administrative\3-ContractingLicenses\Apps_Fees_Certificates_etc\LicenseApplicationsPermitsNotices\Homewood","TONNANDBLANK\impactadmin","Allow","FullControl","True"
"Y:\ttbntfile1\shared\appsdata\groups\1-Administrative\3-ContractingLicenses\Apps_Fees_Certificates_etc\LicenseApplicationsPermitsNotices\Homewood","CREATOR OWNER","Allow","FullControl","True"
"Y:\ttbntfile1\shared\appsdata\groups\1-Administrative\3-ContractingLicenses\Apps_Fees_Certificates_etc\LicenseApplicationsPermitsNotices\Homewood","BUILTIN\Administrators","Allow","FullControl","True"
"Y:\ttbntfile1\shared\appsdata\groups\1-Administrative\3-ContractingLicenses\Apps_Fees_Certificates_etc\LicenseApplicationsPermitsNotices\Homewood","NT AUTHORITY\SYSTEM","Allow","FullControl","True"
"Y:\ttbntfile1\shared\appsdata\groups\1-Administrative\3-ContractingLicenses\Apps_Fees_Certificates_etc\LicenseApplicationsPermitsNotices\Huntington","TONNANDBLANK\AVD Test Users","Allow","FullControl","True"
"Y:\ttbntfile1\shared\appsdata\groups\1-Administrative\3-ContractingLicenses\Apps_Fees_Certificates_etc\LicenseApplicationsPermitsNotices\Huntington","TONNANDBLANK\impactadmin","Allow","FullControl","True"
"Y:\ttbntfile1\shared\appsdata\groups\1-Administrative\3-ContractingLicenses\Apps_Fees_Certificates_etc\LicenseApplicationsPermitsNotices\Huntington","CREATOR OWNER","Allow","FullControl","True"
"Y:\ttbntfile1\shared\appsdata\groups\1-Administrative\3-ContractingLicenses\Apps_Fees_Certificates_etc\LicenseApplicationsPermitsNotices\Huntington","BUILTIN\Administrators","Allow","FullControl","True"
"Y:\ttbntfile1\shared\appsdata\groups\1-Administrative\3-ContractingLicenses\Apps_Fees_Certificates_etc\LicenseApplicationsPermitsNotices\Huntington","NT AUTHORITY\SYSTEM","Allow","FullControl","True"
"Y:\ttbntfile1\shared\appsdata\groups\1-Administrative\3-ContractingLicenses\Apps_Fees_Certificates_etc\LicenseApplicationsPermitsNotices\IL Certification-InstallEnergyEfficiencyMeasures","TONNANDBLANK\AVD Test Users","Allow","FullControl","True"
"Y:\ttbntfile1\shared\appsdata\groups\1-Administrative\3-ContractingLicenses\Apps_Fees_Certificates_etc\LicenseApplicationsPermitsNotices\IL Certification-InstallEnergyEfficiencyMeasures","TONNANDBLANK\impactadmin","Allow","FullControl","True"
"Y:\ttbntfile1\shared\appsdata\groups\1-Administrative\3-ContractingLicenses\Apps_Fees_Certificates_etc\LicenseApplicationsPermitsNotices\IL Certification-InstallEnergyEfficiencyMeasures","CREATOR OWNER","Allow","FullControl","True"
"Y:\ttbntfile1\shared\appsdata\groups\1-Administrative\3-ContractingLicenses\Apps_Fees_Certificates_etc\LicenseApplicationsPermitsNotices\IL Certification-InstallEnergyEfficiencyMeasures","BUILTIN\Administrators","Allow","FullControl","True"
"Y:\ttbntfile1\shared\appsdata\groups\1-Administrative\3-ContractingLicenses\Apps_Fees_Certificates_etc\LicenseApplicationsPermitsNotices\IL Certification-InstallEnergyEfficiencyMeasures","NT AUTHORITY\SYSTEM","Allow","FullControl","True"
"Y:\ttbntfile1\shared\appsdata\groups\1-Administrative\3-ContractingLicenses\Apps_Fees_Certificates_etc\LicenseApplicationsPermitsNotices\ILDOT","TONNANDBLANK\AVD Test Users","Allow","FullControl","True"
"Y:\ttbntfile1\shared\appsdata\groups\1-Administrative\3-ContractingLicenses\Apps_Fees_Certificates_etc\LicenseApplicationsPermitsNotices\ILDOT","TONNANDBLANK\impactadmin","Allow","FullControl","True"
"Y:\ttbntfile1\shared\appsdata\groups\1-Administrative\3-ContractingLicenses\Apps_Fees_Certificates_etc\LicenseApplicationsPermitsNotices\ILDOT","CREATOR OWNER","Allow","FullControl","True"
"Y:\ttbntfile1\shared\appsdata\groups\1-Administrative\3-ContractingLicenses\Apps_Fees_Certificates_etc\LicenseApplicationsPermitsNotices\ILDOT","BUILTIN\Administrators","Allow","FullControl","True"
"Y:\ttbntfile1\shared\appsdata\groups\1-Administrative\3-ContractingLicenses\Apps_Fees_Certificates_etc\LicenseApplicationsPermitsNotices\ILDOT","NT AUTHORITY\SYSTEM","Allow","FullControl","True"
"Y:\ttbntfile1\shared\appsdata\groups\1-Administrative\3-ContractingLicenses\Apps_Fees_Certificates_etc\LicenseApplicationsPermitsNotices\Illinois-Roofing","TONNANDBLANK\AVD Test Users","Allow","FullControl","True"
"Y:\ttbntfile1\shared\appsdata\groups\1-Administrative\3-ContractingLicenses\Apps_Fees_Certificates_etc\LicenseApplicationsPermitsNotices\Illinois-Roofing","TONNANDBLANK\impactadmin","Allow","FullControl","True"
"Y:\ttbntfile1\shared\appsdata\groups\1-Administrative\3-ContractingLicenses\Apps_Fees_Certificates_etc\LicenseApplicationsPermitsNotices\Illinois-Roofing","CREATOR OWNER","Allow","FullControl","True"
"Y:\ttbntfile1\shared\appsdata\groups\1-Administrative\3-ContractingLicenses\Apps_Fees_Certificates_etc\LicenseApplicationsPermitsNotices\Illinois-Roofing","BUILTIN\Administrators","Allow","FullControl","True"
"Y:\ttbntfile1\shared\appsdata\groups\1-Administrative\3-ContractingLicenses\Apps_Fees_Certificates_etc\LicenseApplicationsPermitsNotices\Illinois-Roofing","NT AUTHORITY\SYSTEM","Allow","FullControl","True"
"Y:\ttbntfile1\shared\appsdata\groups\1-Administrative\3-ContractingLicenses\Apps_Fees_Certificates_etc\LicenseApplicationsPermitsNotices\Indianapolis","TONNANDBLANK\AVD Test Users","Allow","FullControl","True"
"Y:\ttbntfile1\shared\appsdata\groups\1-Administrative\3-ContractingLicenses\Apps_Fees_Certificates_etc\LicenseApplicationsPermitsNotices\Indianapolis","TONNANDBLANK\impactadmin","Allow","FullControl","True"
"Y:\ttbntfile1\shared\appsdata\groups\1-Administrative\3-ContractingLicenses\Apps_Fees_Certificates_etc\LicenseApplicationsPermitsNotices\Indianapolis","CREATOR OWNER","Allow","FullControl","True"
"Y:\ttbntfile1\shared\appsdata\groups\1-Administrative\3-ContractingLicenses\Apps_Fees_Certificates_etc\LicenseApplicationsPermitsNotices\Indianapolis","BUILTIN\Administrators","Allow","FullControl","True"
"Y:\ttbntfile1\shared\appsdata\groups\1-Administrative\3-ContractingLicenses\Apps_Fees_Certificates_etc\LicenseApplicationsPermitsNotices\Indianapolis","NT AUTHORITY\SYSTEM","Allow","FullControl","True"
"Y:\ttbntfile1\shared\appsdata\groups\1-Administrative\3-ContractingLicenses\Apps_Fees_Certificates_etc\LicenseApplicationsPermitsNotices\INDOT","TONNANDBLANK\AVD Test Users","Allow","FullControl","True"
"Y:\ttbntfile1\shared\appsdata\groups\1-Administrative\3-ContractingLicenses\Apps_Fees_Certificates_etc\LicenseApplicationsPermitsNotices\INDOT","TONNANDBLANK\impactadmin","Allow","FullControl","True"
"Y:\ttbntfile1\shared\appsdata\groups\1-Administrative\3-ContractingLicenses\Apps_Fees_Certificates_etc\LicenseApplicationsPermitsNotices\INDOT","CREATOR OWNER","Allow","FullControl","True"
"Y:\ttbntfile1\shared\appsdata\groups\1-Administrative\3-ContractingLicenses\Apps_Fees_Certificates_etc\LicenseApplicationsPermitsNotices\INDOT","BUILTIN\Administrators","Allow","FullControl","True"
"Y:\ttbntfile1\shared\appsdata\groups\1-Administrative\3-ContractingLicenses\Apps_Fees_Certificates_etc\LicenseApplicationsPermitsNotices\INDOT","NT AUTHORITY\SYSTEM","Allow","FullControl","True"
"Y:\ttbntfile1\shared\appsdata\groups\1-Administrative\3-ContractingLicenses\Apps_Fees_Certificates_etc\LicenseApplicationsPermitsNotices\Iowa","TONNANDBLANK\AVD Test Users","Allow","FullControl","True"
"Y:\ttbntfile1\shared\appsdata\groups\1-Administrative\3-ContractingLicenses\Apps_Fees_Certificates_etc\LicenseApplicationsPermitsNotices\Iowa","TONNANDBLANK\impactadmin","Allow","FullControl","True"
"Y:\ttbntfile1\shared\appsdata\groups\1-Administrative\3-ContractingLicenses\Apps_Fees_Certificates_etc\LicenseApplicationsPermitsNotices\Iowa","CREATOR OWNER","Allow","FullControl","True"
"Y:\ttbntfile1\shared\appsdata\groups\1-Administrative\3-ContractingLicenses\Apps_Fees_Certificates_etc\LicenseApplicationsPermitsNotices\Iowa","BUILTIN\Administrators","Allow","FullControl","True"
"Y:\ttbntfile1\shared\appsdata\groups\1-Administrative\3-ContractingLicenses\Apps_Fees_Certificates_etc\LicenseApplicationsPermitsNotices\Iowa","NT AUTHORITY\SYSTEM","Allow","FullControl","True"
"Y:\ttbntfile1\shared\appsdata\groups\1-Administrative\3-ContractingLicenses\Apps_Fees_Certificates_etc\LicenseApplicationsPermitsNotices\Kellog-Prequal","TONNANDBLANK\AVD Test Users","Allow","FullControl","True"
"Y:\ttbntfile1\shared\appsdata\groups\1-Administrative\3-ContractingLicenses\Apps_Fees_Certificates_etc\LicenseApplicationsPermitsNotices\Kellog-Prequal","TONNANDBLANK\impactadmin","Allow","FullControl","True"
"Y:\ttbntfile1\shared\appsdata\groups\1-Administrative\3-ContractingLicenses\Apps_Fees_Certificates_etc\LicenseApplicationsPermitsNotices\Kellog-Prequal","CREATOR OWNER","Allow","FullControl","True"
"Y:\ttbntfile1\shared\appsdata\groups\1-Administrative\3-ContractingLicenses\Apps_Fees_Certificates_etc\LicenseApplicationsPermitsNotices\Kellog-Prequal","BUILTIN\Administrators","Allow","FullControl","True"
"Y:\ttbntfile1\shared\appsdata\groups\1-Administrative\3-ContractingLicenses\Apps_Fees_Certificates_etc\LicenseApplicationsPermitsNotices\Kellog-Prequal","NT AUTHORITY\SYSTEM","Allow","FullControl","True"
"Y:\ttbntfile1\shared\appsdata\groups\1-Administrative\3-ContractingLicenses\Apps_Fees_Certificates_etc\LicenseApplicationsPermitsNotices\Kendallville","TONNANDBLANK\AVD Test Users","Allow","FullControl","True"
"Y:\ttbntfile1\shared\appsdata\groups\1-Administrative\3-ContractingLicenses\Apps_Fees_Certificates_etc\LicenseApplicationsPermitsNotices\Kendallville","TONNANDBLANK\impactadmin","Allow","FullControl","True"
"Y:\ttbntfile1\shared\appsdata\groups\1-Administrative\3-ContractingLicenses\Apps_Fees_Certificates_etc\LicenseApplicationsPermitsNotices\Kendallville","CREATOR OWNER","Allow","FullControl","True"
"Y:\ttbntfile1\shared\appsdata\groups\1-Administrative\3-ContractingLicenses\Apps_Fees_Certificates_etc\LicenseApplicationsPermitsNotices\Kendallville","BUILTIN\Administrators","Allow","FullControl","True"
"Y:\ttbntfile1\shared\appsdata\groups\1-Administrative\3-ContractingLicenses\Apps_Fees_Certificates_etc\LicenseApplicationsPermitsNotices\Kendallville","NT AUTHORITY\SYSTEM","Allow","FullControl","True"
"Y:\ttbntfile1\shared\appsdata\groups\1-Administrative\3-ContractingLicenses\Apps_Fees_Certificates_etc\LicenseApplicationsPermitsNotices\Kentucky-StateFIling","TONNANDBLANK\AVD Test Users","Allow","FullControl","True"
"Y:\ttbntfile1\shared\appsdata\groups\1-Administrative\3-ContractingLicenses\Apps_Fees_Certificates_etc\LicenseApplicationsPermitsNotices\Kentucky-StateFIling","TONNANDBLANK\impactadmin","Allow","FullControl","True"
"Y:\ttbntfile1\shared\appsdata\groups\1-Administrative\3-ContractingLicenses\Apps_Fees_Certificates_etc\LicenseApplicationsPermitsNotices\Kentucky-StateFIling","CREATOR OWNER","Allow","FullControl","True"
"Y:\ttbntfile1\shared\appsdata\groups\1-Administrative\3-ContractingLicenses\Apps_Fees_Certificates_etc\LicenseApplicationsPermitsNotices\Kentucky-StateFIling","BUILTIN\Administrators","Allow","FullControl","True"
"Y:\ttbntfile1\shared\appsdata\groups\1-Administrative\3-ContractingLicenses\Apps_Fees_Certificates_etc\LicenseApplicationsPermitsNotices\Kentucky-StateFIling","NT AUTHORITY\SYSTEM","Allow","FullControl","True"
"Y:\ttbntfile1\shared\appsdata\groups\1-Administrative\3-ContractingLicenses\Apps_Fees_Certificates_etc\LicenseApplicationsPermitsNotices\Kosciusko","TONNANDBLANK\AVD Test Users","Allow","FullControl","True"
"Y:\ttbntfile1\shared\appsdata\groups\1-Administrative\3-ContractingLicenses\Apps_Fees_Certificates_etc\LicenseApplicationsPermitsNotices\Kosciusko","TONNANDBLANK\impactadmin","Allow","FullControl","True"
"Y:\ttbntfile1\shared\appsdata\groups\1-Administrative\3-ContractingLicenses\Apps_Fees_Certificates_etc\LicenseApplicationsPermitsNotices\Kosciusko","CREATOR OWNER","Allow","FullControl","True"
"Y:\ttbntfile1\shared\appsdata\groups\1-Administrative\3-ContractingLicenses\Apps_Fees_Certificates_etc\LicenseApplicationsPermitsNotices\Kosciusko","BUILTIN\Administrators","Allow","FullControl","True"
"Y:\ttbntfile1\shared\appsdata\groups\1-Administrative\3-ContractingLicenses\Apps_Fees_Certificates_etc\LicenseApplicationsPermitsNotices\Kosciusko","NT AUTHORITY\SYSTEM","Allow","FullControl","True"
"Y:\ttbntfile1\shared\appsdata\groups\1-Administrative\3-ContractingLicenses\Apps_Fees_Certificates_etc\LicenseApplicationsPermitsNotices\La Porte","TONNANDBLANK\AVD Test Users","Allow","FullControl","True"
"Y:\ttbntfile1\shared\appsdata\groups\1-Administrative\3-ContractingLicenses\Apps_Fees_Certificates_etc\LicenseApplicationsPermitsNotices\La Porte","TONNANDBLANK\impactadmin","Allow","FullControl","True"
"Y:\ttbntfile1\shared\appsdata\groups\1-Administrative\3-ContractingLicenses\Apps_Fees_Certificates_etc\LicenseApplicationsPermitsNotices\La Porte","CREATOR OWNER","Allow","FullControl","True"
"Y:\ttbntfile1\shared\appsdata\groups\1-Administrative\3-ContractingLicenses\Apps_Fees_Certificates_etc\LicenseApplicationsPermitsNotices\La Porte","BUILTIN\Administrators","Allow","FullControl","True"
"Y:\ttbntfile1\shared\appsdata\groups\1-Administrative\3-ContractingLicenses\Apps_Fees_Certificates_etc\LicenseApplicationsPermitsNotices\La Porte","NT AUTHORITY\SYSTEM","Allow","FullControl","True"
"Y:\ttbntfile1\shared\appsdata\groups\1-Administrative\3-ContractingLicenses\Apps_Fees_Certificates_etc\LicenseApplicationsPermitsNotices\La Porte County","TONNANDBLANK\AVD Test Users","Allow","FullControl","True"
"Y:\ttbntfile1\shared\appsdata\groups\1-Administrative\3-ContractingLicenses\Apps_Fees_Certificates_etc\LicenseApplicationsPermitsNotices\La Porte County","TONNANDBLANK\impactadmin","Allow","FullControl","True"
"Y:\ttbntfile1\shared\appsdata\groups\1-Administrative\3-ContractingLicenses\Apps_Fees_Certificates_etc\LicenseApplicationsPermitsNotices\La Porte County","CREATOR OWNER","Allow","FullControl","True"
"Y:\ttbntfile1\shared\appsdata\groups\1-Administrative\3-ContractingLicenses\Apps_Fees_Certificates_etc\LicenseApplicationsPermitsNotices\La Porte County","BUILTIN\Administrators","Allow","FullControl","True"
"Y:\ttbntfile1\shared\appsdata\groups\1-Administrative\3-ContractingLicenses\Apps_Fees_Certificates_etc\LicenseApplicationsPermitsNotices\La Porte County","NT AUTHORITY\SYSTEM","Allow","FullControl","True"
"Y:\ttbntfile1\shared\appsdata\groups\1-Administrative\3-ContractingLicenses\Apps_Fees_Certificates_etc\LicenseApplicationsPermitsNotices\Lafayette","TONNANDBLANK\AVD Test Users","Allow","FullControl","True"
"Y:\ttbntfile1\shared\appsdata\groups\1-Administrative\3-ContractingLicenses\Apps_Fees_Certificates_etc\LicenseApplicationsPermitsNotices\Lafayette","TONNANDBLANK\impactadmin","Allow","FullControl","True"
"Y:\ttbntfile1\shared\appsdata\groups\1-Administrative\3-ContractingLicenses\Apps_Fees_Certificates_etc\LicenseApplicationsPermitsNotices\Lafayette","CREATOR OWNER","Allow","FullControl","True"
"Y:\ttbntfile1\shared\appsdata\groups\1-Administrative\3-ContractingLicenses\Apps_Fees_Certificates_etc\LicenseApplicationsPermitsNotices\Lafayette","BUILTIN\Administrators","Allow","FullControl","True"
"Y:\ttbntfile1\shared\appsdata\groups\1-Administrative\3-ContractingLicenses\Apps_Fees_Certificates_etc\LicenseApplicationsPermitsNotices\Lafayette","NT AUTHORITY\SYSTEM","Allow","FullControl","True"
"Y:\ttbntfile1\shared\appsdata\groups\1-Administrative\3-ContractingLicenses\Apps_Fees_Certificates_etc\LicenseApplicationsPermitsNotices\Lake County Plan Comm","TONNANDBLANK\AVD Test Users","Allow","FullControl","True"
"Y:\ttbntfile1\shared\appsdata\groups\1-Administrative\3-ContractingLicenses\Apps_Fees_Certificates_etc\LicenseApplicationsPermitsNotices\Lake County Plan Comm","TONNANDBLANK\impactadmin","Allow","FullControl","True"
"Y:\ttbntfile1\shared\appsdata\groups\1-Administrative\3-ContractingLicenses\Apps_Fees_Certificates_etc\LicenseApplicationsPermitsNotices\Lake County Plan Comm","CREATOR OWNER","Allow","FullControl","True"
"Y:\ttbntfile1\shared\appsdata\groups\1-Administrative\3-ContractingLicenses\Apps_Fees_Certificates_etc\LicenseApplicationsPermitsNotices\Lake County Plan Comm","BUILTIN\Administrators","Allow","FullControl","True"
"Y:\ttbntfile1\shared\appsdata\groups\1-Administrative\3-ContractingLicenses\Apps_Fees_Certificates_etc\LicenseApplicationsPermitsNotices\Lake County Plan Comm","NT AUTHORITY\SYSTEM","Allow","FullControl","True"
"Y:\ttbntfile1\shared\appsdata\groups\1-Administrative\3-ContractingLicenses\Apps_Fees_Certificates_etc\LicenseApplicationsPermitsNotices\Lake Station","TONNANDBLANK\AVD Test Users","Allow","FullControl","True"
"Y:\ttbntfile1\shared\appsdata\groups\1-Administrative\3-ContractingLicenses\Apps_Fees_Certificates_etc\LicenseApplicationsPermitsNotices\Lake Station","TONNANDBLANK\impactadmin","Allow","FullControl","True"
"Y:\ttbntfile1\shared\appsdata\groups\1-Administrative\3-ContractingLicenses\Apps_Fees_Certificates_etc\LicenseApplicationsPermitsNotices\Lake Station","CREATOR OWNER","Allow","FullControl","True"
"Y:\ttbntfile1\shared\appsdata\groups\1-Administrative\3-ContractingLicenses\Apps_Fees_Certificates_etc\LicenseApplicationsPermitsNotices\Lake Station","BUILTIN\Administrators","Allow","FullControl","True"
"Y:\ttbntfile1\shared\appsdata\groups\1-Administrative\3-ContractingLicenses\Apps_Fees_Certificates_etc\LicenseApplicationsPermitsNotices\Lake Station","NT AUTHORITY\SYSTEM","Allow","FullControl","True"
"Y:\ttbntfile1\shared\appsdata\groups\1-Administrative\3-ContractingLicenses\Apps_Fees_Certificates_etc\LicenseApplicationsPermitsNotices\Lansing IL","TONNANDBLANK\AVD Test Users","Allow","FullControl","True"
"Y:\ttbntfile1\shared\appsdata\groups\1-Administrative\3-ContractingLicenses\Apps_Fees_Certificates_etc\LicenseApplicationsPermitsNotices\Lansing IL","TONNANDBLANK\impactadmin","Allow","FullControl","True"
"Y:\ttbntfile1\shared\appsdata\groups\1-Administrative\3-ContractingLicenses\Apps_Fees_Certificates_etc\LicenseApplicationsPermitsNotices\Lansing IL","CREATOR OWNER","Allow","FullControl","True"
"Y:\ttbntfile1\shared\appsdata\groups\1-Administrative\3-ContractingLicenses\Apps_Fees_Certificates_etc\LicenseApplicationsPermitsNotices\Lansing IL","BUILTIN\Administrators","Allow","FullControl","True"
"Y:\ttbntfile1\shared\appsdata\groups\1-Administrative\3-ContractingLicenses\Apps_Fees_Certificates_etc\LicenseApplicationsPermitsNotices\Lansing IL","NT AUTHORITY\SYSTEM","Allow","FullControl","True"
"Y:\ttbntfile1\shared\appsdata\groups\1-Administrative\3-ContractingLicenses\Apps_Fees_Certificates_etc\LicenseApplicationsPermitsNotices\Lawrence","TONNANDBLANK\AVD Test Users","Allow","FullControl","True"
"Y:\ttbntfile1\shared\appsdata\groups\1-Administrative\3-ContractingLicenses\Apps_Fees_Certificates_etc\LicenseApplicationsPermitsNotices\Lawrence","TONNANDBLANK\impactadmin","Allow","FullControl","True"
"Y:\ttbntfile1\shared\appsdata\groups\1-Administrative\3-ContractingLicenses\Apps_Fees_Certificates_etc\LicenseApplicationsPermitsNotices\Lawrence","CREATOR OWNER","Allow","FullControl","True"
"Y:\ttbntfile1\shared\appsdata\groups\1-Administrative\3-ContractingLicenses\Apps_Fees_Certificates_etc\LicenseApplicationsPermitsNotices\Lawrence","BUILTIN\Administrators","Allow","FullControl","True"
"Y:\ttbntfile1\shared\appsdata\groups\1-Administrative\3-ContractingLicenses\Apps_Fees_Certificates_etc\LicenseApplicationsPermitsNotices\Lawrence","NT AUTHORITY\SYSTEM","Allow","FullControl","True"
"Y:\ttbntfile1\shared\appsdata\groups\1-Administrative\3-ContractingLicenses\Apps_Fees_Certificates_etc\LicenseApplicationsPermitsNotices\LEADAbatement","TONNANDBLANK\AVD Test Users","Allow","FullControl","True"
"Y:\ttbntfile1\shared\appsdata\groups\1-Administrative\3-ContractingLicenses\Apps_Fees_Certificates_etc\LicenseApplicationsPermitsNotices\LEADAbatement","TONNANDBLANK\impactadmin","Allow","FullControl","True"
"Y:\ttbntfile1\shared\appsdata\groups\1-Administrative\3-ContractingLicenses\Apps_Fees_Certificates_etc\LicenseApplicationsPermitsNotices\LEADAbatement","CREATOR OWNER","Allow","FullControl","True"
"Y:\ttbntfile1\shared\appsdata\groups\1-Administrative\3-ContractingLicenses\Apps_Fees_Certificates_etc\LicenseApplicationsPermitsNotices\LEADAbatement","BUILTIN\Administrators","Allow","FullControl","True"
"Y:\ttbntfile1\shared\appsdata\groups\1-Administrative\3-ContractingLicenses\Apps_Fees_Certificates_etc\LicenseApplicationsPermitsNotices\LEADAbatement","NT AUTHORITY\SYSTEM","Allow","FullControl","True"
"Y:\ttbntfile1\shared\appsdata\groups\1-Administrative\3-ContractingLicenses\Apps_Fees_Certificates_etc\LicenseApplicationsPermitsNotices\Long Beach IN","TONNANDBLANK\AVD Test Users","Allow","FullControl","True"
"Y:\ttbntfile1\shared\appsdata\groups\1-Administrative\3-ContractingLicenses\Apps_Fees_Certificates_etc\LicenseApplicationsPermitsNotices\Long Beach IN","TONNANDBLANK\impactadmin","Allow","FullControl","True"
"Y:\ttbntfile1\shared\appsdata\groups\1-Administrative\3-ContractingLicenses\Apps_Fees_Certificates_etc\LicenseApplicationsPermitsNotices\Long Beach IN","CREATOR OWNER","Allow","FullControl","True"
"Y:\ttbntfile1\shared\appsdata\groups\1-Administrative\3-ContractingLicenses\Apps_Fees_Certificates_etc\LicenseApplicationsPermitsNotices\Long Beach IN","BUILTIN\Administrators","Allow","FullControl","True"
"Y:\ttbntfile1\shared\appsdata\groups\1-Administrative\3-ContractingLicenses\Apps_Fees_Certificates_etc\LicenseApplicationsPermitsNotices\Long Beach IN","NT AUTHORITY\SYSTEM","Allow","FullControl","True"
"Y:\ttbntfile1\shared\appsdata\groups\1-Administrative\3-ContractingLicenses\Apps_Fees_Certificates_etc\LicenseApplicationsPermitsNotices\Lowell","TONNANDBLANK\AVD Test Users","Allow","FullControl","True"
"Y:\ttbntfile1\shared\appsdata\groups\1-Administrative\3-ContractingLicenses\Apps_Fees_Certificates_etc\LicenseApplicationsPermitsNotices\Lowell","TONNANDBLANK\impactadmin","Allow","FullControl","True"
"Y:\ttbntfile1\shared\appsdata\groups\1-Administrative\3-ContractingLicenses\Apps_Fees_Certificates_etc\LicenseApplicationsPermitsNotices\Lowell","CREATOR OWNER","Allow","FullControl","True"
"Y:\ttbntfile1\shared\appsdata\groups\1-Administrative\3-ContractingLicenses\Apps_Fees_Certificates_etc\LicenseApplicationsPermitsNotices\Lowell","BUILTIN\Administrators","Allow","FullControl","True"
"Y:\ttbntfile1\shared\appsdata\groups\1-Administrative\3-ContractingLicenses\Apps_Fees_Certificates_etc\LicenseApplicationsPermitsNotices\Lowell","NT AUTHORITY\SYSTEM","Allow","FullControl","True"
"Y:\ttbntfile1\shared\appsdata\groups\1-Administrative\3-ContractingLicenses\Apps_Fees_Certificates_etc\LicenseApplicationsPermitsNotices\Lynwood","TONNANDBLANK\AVD Test Users","Allow","FullControl","True"
"Y:\ttbntfile1\shared\appsdata\groups\1-Administrative\3-ContractingLicenses\Apps_Fees_Certificates_etc\LicenseApplicationsPermitsNotices\Lynwood","TONNANDBLANK\impactadmin","Allow","FullControl","True"
"Y:\ttbntfile1\shared\appsdata\groups\1-Administrative\3-ContractingLicenses\Apps_Fees_Certificates_etc\LicenseApplicationsPermitsNotices\Lynwood","CREATOR OWNER","Allow","FullControl","True"
"Y:\ttbntfile1\shared\appsdata\groups\1-Administrative\3-ContractingLicenses\Apps_Fees_Certificates_etc\LicenseApplicationsPermitsNotices\Lynwood","BUILTIN\Administrators","Allow","FullControl","True"
"Y:\ttbntfile1\shared\appsdata\groups\1-Administrative\3-ContractingLicenses\Apps_Fees_Certificates_etc\LicenseApplicationsPermitsNotices\Lynwood","NT AUTHORITY\SYSTEM","Allow","FullControl","True"
"Y:\ttbntfile1\shared\appsdata\groups\1-Administrative\3-ContractingLicenses\Apps_Fees_Certificates_etc\LicenseApplicationsPermitsNotices\Madison","TONNANDBLANK\AVD Test Users","Allow","FullControl","True"
"Y:\ttbntfile1\shared\appsdata\groups\1-Administrative\3-ContractingLicenses\Apps_Fees_Certificates_etc\LicenseApplicationsPermitsNotices\Madison","TONNANDBLANK\impactadmin","Allow","FullControl","True"
"Y:\ttbntfile1\shared\appsdata\groups\1-Administrative\3-ContractingLicenses\Apps_Fees_Certificates_etc\LicenseApplicationsPermitsNotices\Madison","CREATOR OWNER","Allow","FullControl","True"
"Y:\ttbntfile1\shared\appsdata\groups\1-Administrative\3-ContractingLicenses\Apps_Fees_Certificates_etc\LicenseApplicationsPermitsNotices\Madison","BUILTIN\Administrators","Allow","FullControl","True"
"Y:\ttbntfile1\shared\appsdata\groups\1-Administrative\3-ContractingLicenses\Apps_Fees_Certificates_etc\LicenseApplicationsPermitsNotices\Madison","NT AUTHORITY\SYSTEM","Allow","FullControl","True"
"Y:\ttbntfile1\shared\appsdata\groups\1-Administrative\3-ContractingLicenses\Apps_Fees_Certificates_etc\LicenseApplicationsPermitsNotices\Marion","TONNANDBLANK\AVD Test Users","Allow","FullControl","True"
"Y:\ttbntfile1\shared\appsdata\groups\1-Administrative\3-ContractingLicenses\Apps_Fees_Certificates_etc\LicenseApplicationsPermitsNotices\Marion","TONNANDBLANK\impactadmin","Allow","FullControl","True"
"Y:\ttbntfile1\shared\appsdata\groups\1-Administrative\3-ContractingLicenses\Apps_Fees_Certificates_etc\LicenseApplicationsPermitsNotices\Marion","CREATOR OWNER","Allow","FullControl","True"
"Y:\ttbntfile1\shared\appsdata\groups\1-Administrative\3-ContractingLicenses\Apps_Fees_Certificates_etc\LicenseApplicationsPermitsNotices\Marion","BUILTIN\Administrators","Allow","FullControl","True"
"Y:\ttbntfile1\shared\appsdata\groups\1-Administrative\3-ContractingLicenses\Apps_Fees_Certificates_etc\LicenseApplicationsPermitsNotices\Marion","NT AUTHORITY\SYSTEM","Allow","FullControl","True"
"Y:\ttbntfile1\shared\appsdata\groups\1-Administrative\3-ContractingLicenses\Apps_Fees_Certificates_etc\LicenseApplicationsPermitsNotices\Matteson","TONNANDBLANK\AVD Test Users","Allow","FullControl","True"
"Y:\ttbntfile1\shared\appsdata\groups\1-Administrative\3-ContractingLicenses\Apps_Fees_Certificates_etc\LicenseApplicationsPermitsNotices\Matteson","TONNANDBLANK\impactadmin","Allow","FullControl","True"
"Y:\ttbntfile1\shared\appsdata\groups\1-Administrative\3-ContractingLicenses\Apps_Fees_Certificates_etc\LicenseApplicationsPermitsNotices\Matteson","CREATOR OWNER","Allow","FullControl","True"
"Y:\ttbntfile1\shared\appsdata\groups\1-Administrative\3-ContractingLicenses\Apps_Fees_Certificates_etc\LicenseApplicationsPermitsNotices\Matteson","BUILTIN\Administrators","Allow","FullControl","True"
"Y:\ttbntfile1\shared\appsdata\groups\1-Administrative\3-ContractingLicenses\Apps_Fees_Certificates_etc\LicenseApplicationsPermitsNotices\Matteson","NT AUTHORITY\SYSTEM","Allow","FullControl","True"
"Y:\ttbntfile1\shared\appsdata\groups\1-Administrative\3-ContractingLicenses\Apps_Fees_Certificates_etc\LicenseApplicationsPermitsNotices\Merrillville","TONNANDBLANK\AVD Test Users","Allow","FullControl","True"
"Y:\ttbntfile1\shared\appsdata\groups\1-Administrative\3-ContractingLicenses\Apps_Fees_Certificates_etc\LicenseApplicationsPermitsNotices\Merrillville","TONNANDBLANK\impactadmin","Allow","FullControl","True"
"Y:\ttbntfile1\shared\appsdata\groups\1-Administrative\3-ContractingLicenses\Apps_Fees_Certificates_etc\LicenseApplicationsPermitsNotices\Merrillville","CREATOR OWNER","Allow","FullControl","True"
"Y:\ttbntfile1\shared\appsdata\groups\1-Administrative\3-ContractingLicenses\Apps_Fees_Certificates_etc\LicenseApplicationsPermitsNotices\Merrillville","BUILTIN\Administrators","Allow","FullControl","True"
"Y:\ttbntfile1\shared\appsdata\groups\1-Administrative\3-ContractingLicenses\Apps_Fees_Certificates_etc\LicenseApplicationsPermitsNotices\Merrillville","NT AUTHORITY\SYSTEM","Allow","FullControl","True"
"Y:\ttbntfile1\shared\appsdata\groups\1-Administrative\3-ContractingLicenses\Apps_Fees_Certificates_etc\LicenseApplicationsPermitsNotices\Michigan","TONNANDBLANK\AVD Test Users","Allow","FullControl","True"
"Y:\ttbntfile1\shared\appsdata\groups\1-Administrative\3-ContractingLicenses\Apps_Fees_Certificates_etc\LicenseApplicationsPermitsNotices\Michigan","TONNANDBLANK\impactadmin","Allow","FullControl","True"
"Y:\ttbntfile1\shared\appsdata\groups\1-Administrative\3-ContractingLicenses\Apps_Fees_Certificates_etc\LicenseApplicationsPermitsNotices\Michigan","CREATOR OWNER","Allow","FullControl","True"
"Y:\ttbntfile1\shared\appsdata\groups\1-Administrative\3-ContractingLicenses\Apps_Fees_Certificates_etc\LicenseApplicationsPermitsNotices\Michigan","BUILTIN\Administrators","Allow","FullControl","True"
"Y:\ttbntfile1\shared\appsdata\groups\1-Administrative\3-ContractingLicenses\Apps_Fees_Certificates_etc\LicenseApplicationsPermitsNotices\Michigan","NT AUTHORITY\SYSTEM","Allow","FullControl","True"
"Y:\ttbntfile1\shared\appsdata\groups\1-Administrative\3-ContractingLicenses\Apps_Fees_Certificates_etc\LicenseApplicationsPermitsNotices\Michigan City","TONNANDBLANK\AVD Test Users","Allow","FullControl","True"
"Y:\ttbntfile1\shared\appsdata\groups\1-Administrative\3-ContractingLicenses\Apps_Fees_Certificates_etc\LicenseApplicationsPermitsNotices\Michigan City","TONNANDBLANK\impactadmin","Allow","FullControl","True"
"Y:\ttbntfile1\shared\appsdata\groups\1-Administrative\3-ContractingLicenses\Apps_Fees_Certificates_etc\LicenseApplicationsPermitsNotices\Michigan City","CREATOR OWNER","Allow","FullControl","True"
"Y:\ttbntfile1\shared\appsdata\groups\1-Administrative\3-ContractingLicenses\Apps_Fees_Certificates_etc\LicenseApplicationsPermitsNotices\Michigan City","BUILTIN\Administrators","Allow","FullControl","True"
"Y:\ttbntfile1\shared\appsdata\groups\1-Administrative\3-ContractingLicenses\Apps_Fees_Certificates_etc\LicenseApplicationsPermitsNotices\Michigan City","NT AUTHORITY\SYSTEM","Allow","FullControl","True"
"Y:\ttbntfile1\shared\appsdata\groups\1-Administrative\3-ContractingLicenses\Apps_Fees_Certificates_etc\LicenseApplicationsPermitsNotices\Mishawaka","TONNANDBLANK\AVD Test Users","Allow","FullControl","True"
"Y:\ttbntfile1\shared\appsdata\groups\1-Administrative\3-ContractingLicenses\Apps_Fees_Certificates_etc\LicenseApplicationsPermitsNotices\Mishawaka","TONNANDBLANK\impactadmin","Allow","FullControl","True"
"Y:\ttbntfile1\shared\appsdata\groups\1-Administrative\3-ContractingLicenses\Apps_Fees_Certificates_etc\LicenseApplicationsPermitsNotices\Mishawaka","CREATOR OWNER","Allow","FullControl","True"
"Y:\ttbntfile1\shared\appsdata\groups\1-Administrative\3-ContractingLicenses\Apps_Fees_Certificates_etc\LicenseApplicationsPermitsNotices\Mishawaka","BUILTIN\Administrators","Allow","FullControl","True"
"Y:\ttbntfile1\shared\appsdata\groups\1-Administrative\3-ContractingLicenses\Apps_Fees_Certificates_etc\LicenseApplicationsPermitsNotices\Mishawaka","NT AUTHORITY\SYSTEM","Allow","FullControl","True"
"Y:\ttbntfile1\shared\appsdata\groups\1-Administrative\3-ContractingLicenses\Apps_Fees_Certificates_etc\LicenseApplicationsPermitsNotices\Mokena","TONNANDBLANK\AVD Test Users","Allow","FullControl","True"
"Y:\ttbntfile1\shared\appsdata\groups\1-Administrative\3-ContractingLicenses\Apps_Fees_Certificates_etc\LicenseApplicationsPermitsNotices\Mokena","TONNANDBLANK\impactadmin","Allow","FullControl","True"
"Y:\ttbntfile1\shared\appsdata\groups\1-Administrative\3-ContractingLicenses\Apps_Fees_Certificates_etc\LicenseApplicationsPermitsNotices\Mokena","CREATOR OWNER","Allow","FullControl","True"
"Y:\ttbntfile1\shared\appsdata\groups\1-Administrative\3-ContractingLicenses\Apps_Fees_Certificates_etc\LicenseApplicationsPermitsNotices\Mokena","BUILTIN\Administrators","Allow","FullControl","True"
"Y:\ttbntfile1\shared\appsdata\groups\1-Administrative\3-ContractingLicenses\Apps_Fees_Certificates_etc\LicenseApplicationsPermitsNotices\Mokena","NT AUTHORITY\SYSTEM","Allow","FullControl","True"
"Y:\ttbntfile1\shared\appsdata\groups\1-Administrative\3-ContractingLicenses\Apps_Fees_Certificates_etc\LicenseApplicationsPermitsNotices\Munster","TONNANDBLANK\AVD Test Users","Allow","FullControl","True"
"Y:\ttbntfile1\shared\appsdata\groups\1-Administrative\3-ContractingLicenses\Apps_Fees_Certificates_etc\LicenseApplicationsPermitsNotices\Munster","TONNANDBLANK\impactadmin","Allow","FullControl","True"
"Y:\ttbntfile1\shared\appsdata\groups\1-Administrative\3-ContractingLicenses\Apps_Fees_Certificates_etc\LicenseApplicationsPermitsNotices\Munster","CREATOR OWNER","Allow","FullControl","True"
"Y:\ttbntfile1\shared\appsdata\groups\1-Administrative\3-ContractingLicenses\Apps_Fees_Certificates_etc\LicenseApplicationsPermitsNotices\Munster","BUILTIN\Administrators","Allow","FullControl","True"
"Y:\ttbntfile1\shared\appsdata\groups\1-Administrative\3-ContractingLicenses\Apps_Fees_Certificates_etc\LicenseApplicationsPermitsNotices\Munster","NT AUTHORITY\SYSTEM","Allow","FullControl","True"
"Y:\ttbntfile1\shared\appsdata\groups\1-Administrative\3-ContractingLicenses\Apps_Fees_Certificates_etc\LicenseApplicationsPermitsNotices\Newton","TONNANDBLANK\AVD Test Users","Allow","FullControl","True"
"Y:\ttbntfile1\shared\appsdata\groups\1-Administrative\3-ContractingLicenses\Apps_Fees_Certificates_etc\LicenseApplicationsPermitsNotices\Newton","TONNANDBLANK\impactadmin","Allow","FullControl","True"
"Y:\ttbntfile1\shared\appsdata\groups\1-Administrative\3-ContractingLicenses\Apps_Fees_Certificates_etc\LicenseApplicationsPermitsNotices\Newton","CREATOR OWNER","Allow","FullControl","True"
"Y:\ttbntfile1\shared\appsdata\groups\1-Administrative\3-ContractingLicenses\Apps_Fees_Certificates_etc\LicenseApplicationsPermitsNotices\Newton","BUILTIN\Administrators","Allow","FullControl","True"
"Y:\ttbntfile1\shared\appsdata\groups\1-Administrative\3-ContractingLicenses\Apps_Fees_Certificates_etc\LicenseApplicationsPermitsNotices\Newton","NT AUTHORITY\SYSTEM","Allow","FullControl","True"
"Y:\ttbntfile1\shared\appsdata\groups\1-Administrative\3-ContractingLicenses\Apps_Fees_Certificates_etc\LicenseApplicationsPermitsNotices\Oak Lawn","TONNANDBLANK\AVD Test Users","Allow","FullControl","True"
"Y:\ttbntfile1\shared\appsdata\groups\1-Administrative\3-ContractingLicenses\Apps_Fees_Certificates_etc\LicenseApplicationsPermitsNotices\Oak Lawn","TONNANDBLANK\impactadmin","Allow","FullControl","True"
"Y:\ttbntfile1\shared\appsdata\groups\1-Administrative\3-ContractingLicenses\Apps_Fees_Certificates_etc\LicenseApplicationsPermitsNotices\Oak Lawn","CREATOR OWNER","Allow","FullControl","True"
"Y:\ttbntfile1\shared\appsdata\groups\1-Administrative\3-ContractingLicenses\Apps_Fees_Certificates_etc\LicenseApplicationsPermitsNotices\Oak Lawn","BUILTIN\Administrators","Allow","FullControl","True"
"Y:\ttbntfile1\shared\appsdata\groups\1-Administrative\3-ContractingLicenses\Apps_Fees_Certificates_etc\LicenseApplicationsPermitsNotices\Oak Lawn","NT AUTHORITY\SYSTEM","Allow","FullControl","True"
"Y:\ttbntfile1\shared\appsdata\groups\1-Administrative\3-ContractingLicenses\Apps_Fees_Certificates_etc\LicenseApplicationsPermitsNotices\Ohio","TONNANDBLANK\AVD Test Users","Allow","FullControl","True"
"Y:\ttbntfile1\shared\appsdata\groups\1-Administrative\3-ContractingLicenses\Apps_Fees_Certificates_etc\LicenseApplicationsPermitsNotices\Ohio","TONNANDBLANK\impactadmin","Allow","FullControl","True"
"Y:\ttbntfile1\shared\appsdata\groups\1-Administrative\3-ContractingLicenses\Apps_Fees_Certificates_etc\LicenseApplicationsPermitsNotices\Ohio","CREATOR OWNER","Allow","FullControl","True"
"Y:\ttbntfile1\shared\appsdata\groups\1-Administrative\3-ContractingLicenses\Apps_Fees_Certificates_etc\LicenseApplicationsPermitsNotices\Ohio","BUILTIN\Administrators","Allow","FullControl","True"
"Y:\ttbntfile1\shared\appsdata\groups\1-Administrative\3-ContractingLicenses\Apps_Fees_Certificates_etc\LicenseApplicationsPermitsNotices\Ohio","NT AUTHORITY\SYSTEM","Allow","FullControl","True"
"Y:\ttbntfile1\shared\appsdata\groups\1-Administrative\3-ContractingLicenses\Apps_Fees_Certificates_etc\LicenseApplicationsPermitsNotices\Olynpia Fields","TONNANDBLANK\AVD Test Users","Allow","FullControl","True"
"Y:\ttbntfile1\shared\appsdata\groups\1-Administrative\3-ContractingLicenses\Apps_Fees_Certificates_etc\LicenseApplicationsPermitsNotices\Olynpia Fields","TONNANDBLANK\impactadmin","Allow","FullControl","True"
"Y:\ttbntfile1\shared\appsdata\groups\1-Administrative\3-ContractingLicenses\Apps_Fees_Certificates_etc\LicenseApplicationsPermitsNotices\Olynpia Fields","CREATOR OWNER","Allow","FullControl","True"
"Y:\ttbntfile1\shared\appsdata\groups\1-Administrative\3-ContractingLicenses\Apps_Fees_Certificates_etc\LicenseApplicationsPermitsNotices\Olynpia Fields","BUILTIN\Administrators","Allow","FullControl","True"
"Y:\ttbntfile1\shared\appsdata\groups\1-Administrative\3-ContractingLicenses\Apps_Fees_Certificates_etc\LicenseApplicationsPermitsNotices\Olynpia Fields","NT AUTHORITY\SYSTEM","Allow","FullControl","True"
"Y:\ttbntfile1\shared\appsdata\groups\1-Administrative\3-ContractingLicenses\Apps_Fees_Certificates_etc\LicenseApplicationsPermitsNotices\Pinnacle","TONNANDBLANK\AVD Test Users","Allow","FullControl","True"
"Y:\ttbntfile1\shared\appsdata\groups\1-Administrative\3-ContractingLicenses\Apps_Fees_Certificates_etc\LicenseApplicationsPermitsNotices\Pinnacle","TONNANDBLANK\impactadmin","Allow","FullControl","True"
"Y:\ttbntfile1\shared\appsdata\groups\1-Administrative\3-ContractingLicenses\Apps_Fees_Certificates_etc\LicenseApplicationsPermitsNotices\Pinnacle","CREATOR OWNER","Allow","FullControl","True"
"Y:\ttbntfile1\shared\appsdata\groups\1-Administrative\3-ContractingLicenses\Apps_Fees_Certificates_etc\LicenseApplicationsPermitsNotices\Pinnacle","BUILTIN\Administrators","Allow","FullControl","True"
"Y:\ttbntfile1\shared\appsdata\groups\1-Administrative\3-ContractingLicenses\Apps_Fees_Certificates_etc\LicenseApplicationsPermitsNotices\Pinnacle","NT AUTHORITY\SYSTEM","Allow","FullControl","True"
"Y:\ttbntfile1\shared\appsdata\groups\1-Administrative\3-ContractingLicenses\Apps_Fees_Certificates_etc\LicenseApplicationsPermitsNotices\Plainfield IL","TONNANDBLANK\AVD Test Users","Allow","FullControl","True"
"Y:\ttbntfile1\shared\appsdata\groups\1-Administrative\3-ContractingLicenses\Apps_Fees_Certificates_etc\LicenseApplicationsPermitsNotices\Plainfield IL","TONNANDBLANK\impactadmin","Allow","FullControl","True"
"Y:\ttbntfile1\shared\appsdata\groups\1-Administrative\3-ContractingLicenses\Apps_Fees_Certificates_etc\LicenseApplicationsPermitsNotices\Plainfield IL","CREATOR OWNER","Allow","FullControl","True"
"Y:\ttbntfile1\shared\appsdata\groups\1-Administrative\3-ContractingLicenses\Apps_Fees_Certificates_etc\LicenseApplicationsPermitsNotices\Plainfield IL","BUILTIN\Administrators","Allow","FullControl","True"
"Y:\ttbntfile1\shared\appsdata\groups\1-Administrative\3-ContractingLicenses\Apps_Fees_Certificates_etc\LicenseApplicationsPermitsNotices\Plainfield IL","NT AUTHORITY\SYSTEM","Allow","FullControl","True"
"Y:\ttbntfile1\shared\appsdata\groups\1-Administrative\3-ContractingLicenses\Apps_Fees_Certificates_etc\LicenseApplicationsPermitsNotices\Pokagon BusinessLicense","TONNANDBLANK\AVD Test Users","Allow","FullControl","True"
"Y:\ttbntfile1\shared\appsdata\groups\1-Administrative\3-ContractingLicenses\Apps_Fees_Certificates_etc\LicenseApplicationsPermitsNotices\Pokagon BusinessLicense","TONNANDBLANK\impactadmin","Allow","FullControl","True"
"Y:\ttbntfile1\shared\appsdata\groups\1-Administrative\3-ContractingLicenses\Apps_Fees_Certificates_etc\LicenseApplicationsPermitsNotices\Pokagon BusinessLicense","CREATOR OWNER","Allow","FullControl","True"
"Y:\ttbntfile1\shared\appsdata\groups\1-Administrative\3-ContractingLicenses\Apps_Fees_Certificates_etc\LicenseApplicationsPermitsNotices\Pokagon BusinessLicense","BUILTIN\Administrators","Allow","FullControl","True"
"Y:\ttbntfile1\shared\appsdata\groups\1-Administrative\3-ContractingLicenses\Apps_Fees_Certificates_etc\LicenseApplicationsPermitsNotices\Pokagon BusinessLicense","NT AUTHORITY\SYSTEM","Allow","FullControl","True"
"Y:\ttbntfile1\shared\appsdata\groups\1-Administrative\3-ContractingLicenses\Apps_Fees_Certificates_etc\LicenseApplicationsPermitsNotices\Portage","TONNANDBLANK\AVD Test Users","Allow","FullControl","True"
"Y:\ttbntfile1\shared\appsdata\groups\1-Administrative\3-ContractingLicenses\Apps_Fees_Certificates_etc\LicenseApplicationsPermitsNotices\Portage","TONNANDBLANK\impactadmin","Allow","FullControl","True"
"Y:\ttbntfile1\shared\appsdata\groups\1-Administrative\3-ContractingLicenses\Apps_Fees_Certificates_etc\LicenseApplicationsPermitsNotices\Portage","CREATOR OWNER","Allow","FullControl","True"
"Y:\ttbntfile1\shared\appsdata\groups\1-Administrative\3-ContractingLicenses\Apps_Fees_Certificates_etc\LicenseApplicationsPermitsNotices\Portage","BUILTIN\Administrators","Allow","FullControl","True"
"Y:\ttbntfile1\shared\appsdata\groups\1-Administrative\3-ContractingLicenses\Apps_Fees_Certificates_etc\LicenseApplicationsPermitsNotices\Portage","NT AUTHORITY\SYSTEM","Allow","FullControl","True"
"Y:\ttbntfile1\shared\appsdata\groups\1-Administrative\3-ContractingLicenses\Apps_Fees_Certificates_etc\LicenseApplicationsPermitsNotices\Porter County","TONNANDBLANK\AVD Test Users","Allow","FullControl","True"
"Y:\ttbntfile1\shared\appsdata\groups\1-Administrative\3-ContractingLicenses\Apps_Fees_Certificates_etc\LicenseApplicationsPermitsNotices\Porter County","TONNANDBLANK\impactadmin","Allow","FullControl","True"
"Y:\ttbntfile1\shared\appsdata\groups\1-Administrative\3-ContractingLicenses\Apps_Fees_Certificates_etc\LicenseApplicationsPermitsNotices\Porter County","CREATOR OWNER","Allow","FullControl","True"
"Y:\ttbntfile1\shared\appsdata\groups\1-Administrative\3-ContractingLicenses\Apps_Fees_Certificates_etc\LicenseApplicationsPermitsNotices\Porter County","BUILTIN\Administrators","Allow","FullControl","True"
"Y:\ttbntfile1\shared\appsdata\groups\1-Administrative\3-ContractingLicenses\Apps_Fees_Certificates_etc\LicenseApplicationsPermitsNotices\Porter County","NT AUTHORITY\SYSTEM","Allow","FullControl","True"
"Y:\ttbntfile1\shared\appsdata\groups\1-Administrative\3-ContractingLicenses\Apps_Fees_Certificates_etc\LicenseApplicationsPermitsNotices\Ports of Indiana","TONNANDBLANK\AVD Test Users","Allow","FullControl","True"
"Y:\ttbntfile1\shared\appsdata\groups\1-Administrative\3-ContractingLicenses\Apps_Fees_Certificates_etc\LicenseApplicationsPermitsNotices\Ports of Indiana","TONNANDBLANK\impactadmin","Allow","FullControl","True"
"Y:\ttbntfile1\shared\appsdata\groups\1-Administrative\3-ContractingLicenses\Apps_Fees_Certificates_etc\LicenseApplicationsPermitsNotices\Ports of Indiana","CREATOR OWNER","Allow","FullControl","True"
"Y:\ttbntfile1\shared\appsdata\groups\1-Administrative\3-ContractingLicenses\Apps_Fees_Certificates_etc\LicenseApplicationsPermitsNotices\Ports of Indiana","BUILTIN\Administrators","Allow","FullControl","True"
"Y:\ttbntfile1\shared\appsdata\groups\1-Administrative\3-ContractingLicenses\Apps_Fees_Certificates_etc\LicenseApplicationsPermitsNotices\Ports of Indiana","NT AUTHORITY\SYSTEM","Allow","FullControl","True"
"Y:\ttbntfile1\shared\appsdata\groups\1-Administrative\3-ContractingLicenses\Apps_Fees_Certificates_etc\LicenseApplicationsPermitsNotices\Public Works","TONNANDBLANK\AVD Test Users","Allow","FullControl","True"
"Y:\ttbntfile1\shared\appsdata\groups\1-Administrative\3-ContractingLicenses\Apps_Fees_Certificates_etc\LicenseApplicationsPermitsNotices\Public Works","TONNANDBLANK\impactadmin","Allow","FullControl","True"
"Y:\ttbntfile1\shared\appsdata\groups\1-Administrative\3-ContractingLicenses\Apps_Fees_Certificates_etc\LicenseApplicationsPermitsNotices\Public Works","CREATOR OWNER","Allow","FullControl","True"
"Y:\ttbntfile1\shared\appsdata\groups\1-Administrative\3-ContractingLicenses\Apps_Fees_Certificates_etc\LicenseApplicationsPermitsNotices\Public Works","BUILTIN\Administrators","Allow","FullControl","True"
"Y:\ttbntfile1\shared\appsdata\groups\1-Administrative\3-ContractingLicenses\Apps_Fees_Certificates_etc\LicenseApplicationsPermitsNotices\Public Works","NT AUTHORITY\SYSTEM","Allow","FullControl","True"
"Y:\ttbntfile1\shared\appsdata\groups\1-Administrative\3-ContractingLicenses\Apps_Fees_Certificates_etc\LicenseApplicationsPermitsNotices\Pulaski County","TONNANDBLANK\AVD Test Users","Allow","FullControl","True"
"Y:\ttbntfile1\shared\appsdata\groups\1-Administrative\3-ContractingLicenses\Apps_Fees_Certificates_etc\LicenseApplicationsPermitsNotices\Pulaski County","TONNANDBLANK\impactadmin","Allow","FullControl","True"
"Y:\ttbntfile1\shared\appsdata\groups\1-Administrative\3-ContractingLicenses\Apps_Fees_Certificates_etc\LicenseApplicationsPermitsNotices\Pulaski County","CREATOR OWNER","Allow","FullControl","True"
"Y:\ttbntfile1\shared\appsdata\groups\1-Administrative\3-ContractingLicenses\Apps_Fees_Certificates_etc\LicenseApplicationsPermitsNotices\Pulaski County","BUILTIN\Administrators","Allow","FullControl","True"
"Y:\ttbntfile1\shared\appsdata\groups\1-Administrative\3-ContractingLicenses\Apps_Fees_Certificates_etc\LicenseApplicationsPermitsNotices\Pulaski County","NT AUTHORITY\SYSTEM","Allow","FullControl","True"
"Y:\ttbntfile1\shared\appsdata\groups\1-Administrative\3-ContractingLicenses\Apps_Fees_Certificates_etc\LicenseApplicationsPermitsNotices\Rensselaer","TONNANDBLANK\AVD Test Users","Allow","FullControl","True"
"Y:\ttbntfile1\shared\appsdata\groups\1-Administrative\3-ContractingLicenses\Apps_Fees_Certificates_etc\LicenseApplicationsPermitsNotices\Rensselaer","TONNANDBLANK\impactadmin","Allow","FullControl","True"
"Y:\ttbntfile1\shared\appsdata\groups\1-Administrative\3-ContractingLicenses\Apps_Fees_Certificates_etc\LicenseApplicationsPermitsNotices\Rensselaer","CREATOR OWNER","Allow","FullControl","True"
"Y:\ttbntfile1\shared\appsdata\groups\1-Administrative\3-ContractingLicenses\Apps_Fees_Certificates_etc\LicenseApplicationsPermitsNotices\Rensselaer","BUILTIN\Administrators","Allow","FullControl","True"
"Y:\ttbntfile1\shared\appsdata\groups\1-Administrative\3-ContractingLicenses\Apps_Fees_Certificates_etc\LicenseApplicationsPermitsNotices\Rensselaer","NT AUTHORITY\SYSTEM","Allow","FullControl","True"
"Y:\ttbntfile1\shared\appsdata\groups\1-Administrative\3-ContractingLicenses\Apps_Fees_Certificates_etc\LicenseApplicationsPermitsNotices\SAM Government Listing","TONNANDBLANK\AVD Test Users","Allow","FullControl","True"
"Y:\ttbntfile1\shared\appsdata\groups\1-Administrative\3-ContractingLicenses\Apps_Fees_Certificates_etc\LicenseApplicationsPermitsNotices\SAM Government Listing","TONNANDBLANK\impactadmin","Allow","FullControl","True"
"Y:\ttbntfile1\shared\appsdata\groups\1-Administrative\3-ContractingLicenses\Apps_Fees_Certificates_etc\LicenseApplicationsPermitsNotices\SAM Government Listing","CREATOR OWNER","Allow","FullControl","True"
"Y:\ttbntfile1\shared\appsdata\groups\1-Administrative\3-ContractingLicenses\Apps_Fees_Certificates_etc\LicenseApplicationsPermitsNotices\SAM Government Listing","BUILTIN\Administrators","Allow","FullControl","True"
"Y:\ttbntfile1\shared\appsdata\groups\1-Administrative\3-ContractingLicenses\Apps_Fees_Certificates_etc\LicenseApplicationsPermitsNotices\SAM Government Listing","NT AUTHORITY\SYSTEM","Allow","FullControl","True"
"Y:\ttbntfile1\shared\appsdata\groups\1-Administrative\3-ContractingLicenses\Apps_Fees_Certificates_etc\LicenseApplicationsPermitsNotices\Schererville","TONNANDBLANK\AVD Test Users","Allow","FullControl","True"
"Y:\ttbntfile1\shared\appsdata\groups\1-Administrative\3-ContractingLicenses\Apps_Fees_Certificates_etc\LicenseApplicationsPermitsNotices\Schererville","TONNANDBLANK\impactadmin","Allow","FullControl","True"
"Y:\ttbntfile1\shared\appsdata\groups\1-Administrative\3-ContractingLicenses\Apps_Fees_Certificates_etc\LicenseApplicationsPermitsNotices\Schererville","CREATOR OWNER","Allow","FullControl","True"
"Y:\ttbntfile1\shared\appsdata\groups\1-Administrative\3-ContractingLicenses\Apps_Fees_Certificates_etc\LicenseApplicationsPermitsNotices\Schererville","BUILTIN\Administrators","Allow","FullControl","True"
"Y:\ttbntfile1\shared\appsdata\groups\1-Administrative\3-ContractingLicenses\Apps_Fees_Certificates_etc\LicenseApplicationsPermitsNotices\Schererville","NT AUTHORITY\SYSTEM","Allow","FullControl","True"
"Y:\ttbntfile1\shared\appsdata\groups\1-Administrative\3-ContractingLicenses\Apps_Fees_Certificates_etc\LicenseApplicationsPermitsNotices\Sheboygan WI","TONNANDBLANK\AVD Test Users","Allow","FullControl","True"
"Y:\ttbntfile1\shared\appsdata\groups\1-Administrative\3-ContractingLicenses\Apps_Fees_Certificates_etc\LicenseApplicationsPermitsNotices\Sheboygan WI","TONNANDBLANK\impactadmin","Allow","FullControl","True"
"Y:\ttbntfile1\shared\appsdata\groups\1-Administrative\3-ContractingLicenses\Apps_Fees_Certificates_etc\LicenseApplicationsPermitsNotices\Sheboygan WI","CREATOR OWNER","Allow","FullControl","True"
"Y:\ttbntfile1\shared\appsdata\groups\1-Administrative\3-ContractingLicenses\Apps_Fees_Certificates_etc\LicenseApplicationsPermitsNotices\Sheboygan WI","BUILTIN\Administrators","Allow","FullControl","True"
"Y:\ttbntfile1\shared\appsdata\groups\1-Administrative\3-ContractingLicenses\Apps_Fees_Certificates_etc\LicenseApplicationsPermitsNotices\Sheboygan WI","NT AUTHORITY\SYSTEM","Allow","FullControl","True"
"Y:\ttbntfile1\shared\appsdata\groups\1-Administrative\3-ContractingLicenses\Apps_Fees_Certificates_etc\LicenseApplicationsPermitsNotices\St John","TONNANDBLANK\AVD Test Users","Allow","FullControl","True"
"Y:\ttbntfile1\shared\appsdata\groups\1-Administrative\3-ContractingLicenses\Apps_Fees_Certificates_etc\LicenseApplicationsPermitsNotices\St John","TONNANDBLANK\impactadmin","Allow","FullControl","True"
"Y:\ttbntfile1\shared\appsdata\groups\1-Administrative\3-ContractingLicenses\Apps_Fees_Certificates_etc\LicenseApplicationsPermitsNotices\St John","CREATOR OWNER","Allow","FullControl","True"
"Y:\ttbntfile1\shared\appsdata\groups\1-Administrative\3-ContractingLicenses\Apps_Fees_Certificates_etc\LicenseApplicationsPermitsNotices\St John","BUILTIN\Administrators","Allow","FullControl","True"
"Y:\ttbntfile1\shared\appsdata\groups\1-Administrative\3-ContractingLicenses\Apps_Fees_Certificates_etc\LicenseApplicationsPermitsNotices\St John","NT AUTHORITY\SYSTEM","Allow","FullControl","True"
"Y:\ttbntfile1\shared\appsdata\groups\1-Administrative\3-ContractingLicenses\Apps_Fees_Certificates_etc\LicenseApplicationsPermitsNotices\St Joseph County City of South Bend","TONNANDBLANK\AVD Test Users","Allow","FullControl","True"
"Y:\ttbntfile1\shared\appsdata\groups\1-Administrative\3-ContractingLicenses\Apps_Fees_Certificates_etc\LicenseApplicationsPermitsNotices\St Joseph County City of South Bend","TONNANDBLANK\impactadmin","Allow","FullControl","True"
"Y:\ttbntfile1\shared\appsdata\groups\1-Administrative\3-ContractingLicenses\Apps_Fees_Certificates_etc\LicenseApplicationsPermitsNotices\St Joseph County City of South Bend","CREATOR OWNER","Allow","FullControl","True"
"Y:\ttbntfile1\shared\appsdata\groups\1-Administrative\3-ContractingLicenses\Apps_Fees_Certificates_etc\LicenseApplicationsPermitsNotices\St Joseph County City of South Bend","BUILTIN\Administrators","Allow","FullControl","True"
"Y:\ttbntfile1\shared\appsdata\groups\1-Administrative\3-ContractingLicenses\Apps_Fees_Certificates_etc\LicenseApplicationsPermitsNotices\St Joseph County City of South Bend","NT AUTHORITY\SYSTEM","Allow","FullControl","True"
"Y:\ttbntfile1\shared\appsdata\groups\1-Administrative\3-ContractingLicenses\Apps_Fees_Certificates_etc\LicenseApplicationsPermitsNotices\TabSource","TONNANDBLANK\AVD Test Users","Allow","FullControl","True"
"Y:\ttbntfile1\shared\appsdata\groups\1-Administrative\3-ContractingLicenses\Apps_Fees_Certificates_etc\LicenseApplicationsPermitsNotices\TabSource","TONNANDBLANK\impactadmin","Allow","FullControl","True"
"Y:\ttbntfile1\shared\appsdata\groups\1-Administrative\3-ContractingLicenses\Apps_Fees_Certificates_etc\LicenseApplicationsPermitsNotices\TabSource","CREATOR OWNER","Allow","FullControl","True"
"Y:\ttbntfile1\shared\appsdata\groups\1-Administrative\3-ContractingLicenses\Apps_Fees_Certificates_etc\LicenseApplicationsPermitsNotices\TabSource","BUILTIN\Administrators","Allow","FullControl","True"
"Y:\ttbntfile1\shared\appsdata\groups\1-Administrative\3-ContractingLicenses\Apps_Fees_Certificates_etc\LicenseApplicationsPermitsNotices\TabSource","NT AUTHORITY\SYSTEM","Allow","FullControl","True"
"Y:\ttbntfile1\shared\appsdata\groups\1-Administrative\3-ContractingLicenses\Apps_Fees_Certificates_etc\LicenseApplicationsPermitsNotices\Tinley Park","TONNANDBLANK\AVD Test Users","Allow","FullControl","True"
"Y:\ttbntfile1\shared\appsdata\groups\1-Administrative\3-ContractingLicenses\Apps_Fees_Certificates_etc\LicenseApplicationsPermitsNotices\Tinley Park","TONNANDBLANK\impactadmin","Allow","FullControl","True"
"Y:\ttbntfile1\shared\appsdata\groups\1-Administrative\3-ContractingLicenses\Apps_Fees_Certificates_etc\LicenseApplicationsPermitsNotices\Tinley Park","CREATOR OWNER","Allow","FullControl","True"
"Y:\ttbntfile1\shared\appsdata\groups\1-Administrative\3-ContractingLicenses\Apps_Fees_Certificates_etc\LicenseApplicationsPermitsNotices\Tinley Park","BUILTIN\Administrators","Allow","FullControl","True"
"Y:\ttbntfile1\shared\appsdata\groups\1-Administrative\3-ContractingLicenses\Apps_Fees_Certificates_etc\LicenseApplicationsPermitsNotices\Tinley Park","NT AUTHORITY\SYSTEM","Allow","FullControl","True"
"Y:\ttbntfile1\shared\appsdata\groups\1-Administrative\3-ContractingLicenses\Apps_Fees_Certificates_etc\LicenseApplicationsPermitsNotices\Tippecanoe","TONNANDBLANK\AVD Test Users","Allow","FullControl","True"
"Y:\ttbntfile1\shared\appsdata\groups\1-Administrative\3-ContractingLicenses\Apps_Fees_Certificates_etc\LicenseApplicationsPermitsNotices\Tippecanoe","TONNANDBLANK\impactadmin","Allow","FullControl","True"
"Y:\ttbntfile1\shared\appsdata\groups\1-Administrative\3-ContractingLicenses\Apps_Fees_Certificates_etc\LicenseApplicationsPermitsNotices\Tippecanoe","CREATOR OWNER","Allow","FullControl","True"
"Y:\ttbntfile1\shared\appsdata\groups\1-Administrative\3-ContractingLicenses\Apps_Fees_Certificates_etc\LicenseApplicationsPermitsNotices\Tippecanoe","BUILTIN\Administrators","Allow","FullControl","True"
"Y:\ttbntfile1\shared\appsdata\groups\1-Administrative\3-ContractingLicenses\Apps_Fees_Certificates_etc\LicenseApplicationsPermitsNotices\Tippecanoe","NT AUTHORITY\SYSTEM","Allow","FullControl","True"
"Y:\ttbntfile1\shared\appsdata\groups\1-Administrative\3-ContractingLicenses\Apps_Fees_Certificates_etc\LicenseApplicationsPermitsNotices\University Park","TONNANDBLANK\AVD Test Users","Allow","FullControl","True"
"Y:\ttbntfile1\shared\appsdata\groups\1-Administrative\3-ContractingLicenses\Apps_Fees_Certificates_etc\LicenseApplicationsPermitsNotices\University Park","TONNANDBLANK\impactadmin","Allow","FullControl","True"
"Y:\ttbntfile1\shared\appsdata\groups\1-Administrative\3-ContractingLicenses\Apps_Fees_Certificates_etc\LicenseApplicationsPermitsNotices\University Park","CREATOR OWNER","Allow","FullControl","True"
"Y:\ttbntfile1\shared\appsdata\groups\1-Administrative\3-ContractingLicenses\Apps_Fees_Certificates_etc\LicenseApplicationsPermitsNotices\University Park","BUILTIN\Administrators","Allow","FullControl","True"
"Y:\ttbntfile1\shared\appsdata\groups\1-Administrative\3-ContractingLicenses\Apps_Fees_Certificates_etc\LicenseApplicationsPermitsNotices\University Park","NT AUTHORITY\SYSTEM","Allow","FullControl","True"
"Y:\ttbntfile1\shared\appsdata\groups\1-Administrative\3-ContractingLicenses\Apps_Fees_Certificates_etc\LicenseApplicationsPermitsNotices\Valparaiso","TONNANDBLANK\AVD Test Users","Allow","FullControl","True"
"Y:\ttbntfile1\shared\appsdata\groups\1-Administrative\3-ContractingLicenses\Apps_Fees_Certificates_etc\LicenseApplicationsPermitsNotices\Valparaiso","TONNANDBLANK\impactadmin","Allow","FullControl","True"
"Y:\ttbntfile1\shared\appsdata\groups\1-Administrative\3-ContractingLicenses\Apps_Fees_Certificates_etc\LicenseApplicationsPermitsNotices\Valparaiso","CREATOR OWNER","Allow","FullControl","True"
"Y:\ttbntfile1\shared\appsdata\groups\1-Administrative\3-ContractingLicenses\Apps_Fees_Certificates_etc\LicenseApplicationsPermitsNotices\Valparaiso","BUILTIN\Administrators","Allow","FullControl","True"
"Y:\ttbntfile1\shared\appsdata\groups\1-Administrative\3-ContractingLicenses\Apps_Fees_Certificates_etc\LicenseApplicationsPermitsNotices\Valparaiso","NT AUTHORITY\SYSTEM","Allow","FullControl","True"
"Y:\ttbntfile1\shared\appsdata\groups\1-Administrative\3-ContractingLicenses\Apps_Fees_Certificates_etc\LicenseApplicationsPermitsNotices\Waterloo","TONNANDBLANK\AVD Test Users","Allow","FullControl","True"
"Y:\ttbntfile1\shared\appsdata\groups\1-Administrative\3-ContractingLicenses\Apps_Fees_Certificates_etc\LicenseApplicationsPermitsNotices\Waterloo","TONNANDBLANK\impactadmin","Allow","FullControl","True"
"Y:\ttbntfile1\shared\appsdata\groups\1-Administrative\3-ContractingLicenses\Apps_Fees_Certificates_etc\LicenseApplicationsPermitsNotices\Waterloo","CREATOR OWNER","Allow","FullControl","True"
"Y:\ttbntfile1\shared\appsdata\groups\1-Administrative\3-ContractingLicenses\Apps_Fees_Certificates_etc\LicenseApplicationsPermitsNotices\Waterloo","BUILTIN\Administrators","Allow","FullControl","True"
"Y:\ttbntfile1\shared\appsdata\groups\1-Administrative\3-ContractingLicenses\Apps_Fees_Certificates_etc\LicenseApplicationsPermitsNotices\Waterloo","NT AUTHORITY\SYSTEM","Allow","FullControl","True"
"Y:\ttbntfile1\shared\appsdata\groups\1-Administrative\3-ContractingLicenses\Apps_Fees_Certificates_etc\LicenseApplicationsPermitsNotices\West Lafayette","TONNANDBLANK\AVD Test Users","Allow","FullControl","True"
"Y:\ttbntfile1\shared\appsdata\groups\1-Administrative\3-ContractingLicenses\Apps_Fees_Certificates_etc\LicenseApplicationsPermitsNotices\West Lafayette","TONNANDBLANK\impactadmin","Allow","FullControl","True"
"Y:\ttbntfile1\shared\appsdata\groups\1-Administrative\3-ContractingLicenses\Apps_Fees_Certificates_etc\LicenseApplicationsPermitsNotices\West Lafayette","CREATOR OWNER","Allow","FullControl","True"
"Y:\ttbntfile1\shared\appsdata\groups\1-Administrative\3-ContractingLicenses\Apps_Fees_Certificates_etc\LicenseApplicationsPermitsNotices\West Lafayette","BUILTIN\Administrators","Allow","FullControl","True"
"Y:\ttbntfile1\shared\appsdata\groups\1-Administrative\3-ContractingLicenses\Apps_Fees_Certificates_etc\LicenseApplicationsPermitsNotices\West Lafayette","NT AUTHORITY\SYSTEM","Allow","FullControl","True"
"Y:\ttbntfile1\shared\appsdata\groups\1-Administrative\3-ContractingLicenses\Apps_Fees_Certificates_etc\LicenseApplicationsPermitsNotices\Westville","TONNANDBLANK\AVD Test Users","Allow","FullControl","True"
"Y:\ttbntfile1\shared\appsdata\groups\1-Administrative\3-ContractingLicenses\Apps_Fees_Certificates_etc\LicenseApplicationsPermitsNotices\Westville","TONNANDBLANK\impactadmin","Allow","FullControl","True"
"Y:\ttbntfile1\shared\appsdata\groups\1-Administrative\3-ContractingLicenses\Apps_Fees_Certificates_etc\LicenseApplicationsPermitsNotices\Westville","CREATOR OWNER","Allow","FullControl","True"
"Y:\ttbntfile1\shared\appsdata\groups\1-Administrative\3-ContractingLicenses\Apps_Fees_Certificates_etc\LicenseApplicationsPermitsNotices\Westville","BUILTIN\Administrators","Allow","FullControl","True"
"Y:\ttbntfile1\shared\appsdata\groups\1-Administrative\3-ContractingLicenses\Apps_Fees_Certificates_etc\LicenseApplicationsPermitsNotices\Westville","NT AUTHORITY\SYSTEM","Allow","FullControl","True"
"Y:\ttbntfile1\shared\appsdata\groups\1-Administrative\3-ContractingLicenses\Apps_Fees_Certificates_etc\LicenseApplicationsPermitsNotices\Whiting","TONNANDBLANK\AVD Test Users","Allow","FullControl","True"
"Y:\ttbntfile1\shared\appsdata\groups\1-Administrative\3-ContractingLicenses\Apps_Fees_Certificates_etc\LicenseApplicationsPermitsNotices\Whiting","TONNANDBLANK\impactadmin","Allow","FullControl","True"
"Y:\ttbntfile1\shared\appsdata\groups\1-Administrative\3-ContractingLicenses\Apps_Fees_Certificates_etc\LicenseApplicationsPermitsNotices\Whiting","CREATOR OWNER","Allow","FullControl","True"
"Y:\ttbntfile1\shared\appsdata\groups\1-Administrative\3-ContractingLicenses\Apps_Fees_Certificates_etc\LicenseApplicationsPermitsNotices\Whiting","BUILTIN\Administrators","Allow","FullControl","True"
"Y:\ttbntfile1\shared\appsdata\groups\1-Administrative\3-ContractingLicenses\Apps_Fees_Certificates_etc\LicenseApplicationsPermitsNotices\Whiting","NT AUTHORITY\SYSTEM","Allow","FullControl","True"
"Y:\ttbntfile1\shared\appsdata\groups\1-Administrative\3-ContractingLicenses\Apps_Fees_Certificates_etc\LicenseApplicationsPermitsNotices\Whitley County","TONNANDBLANK\AVD Test Users","Allow","FullControl","True"
"Y:\ttbntfile1\shared\appsdata\groups\1-Administrative\3-ContractingLicenses\Apps_Fees_Certificates_etc\LicenseApplicationsPermitsNotices\Whitley County","TONNANDBLANK\impactadmin","Allow","FullControl","True"
"Y:\ttbntfile1\shared\appsdata\groups\1-Administrative\3-ContractingLicenses\Apps_Fees_Certificates_etc\LicenseApplicationsPermitsNotices\Whitley County","CREATOR OWNER","Allow","FullControl","True"
"Y:\ttbntfile1\shared\appsdata\groups\1-Administrative\3-ContractingLicenses\Apps_Fees_Certificates_etc\LicenseApplicationsPermitsNotices\Whitley County","BUILTIN\Administrators","Allow","FullControl","True"
"Y:\ttbntfile1\shared\appsdata\groups\1-Administrative\3-ContractingLicenses\Apps_Fees_Certificates_etc\LicenseApplicationsPermitsNotices\Whitley County","NT AUTHORITY\SYSTEM","Allow","FullControl","True"
"Y:\ttbntfile1\shared\appsdata\groups\1-Administrative\3-ContractingLicenses\Apps_Fees_Certificates_etc\LicenseApplicationsPermitsNotices\Winfield","TONNANDBLANK\AVD Test Users","Allow","FullControl","True"
"Y:\ttbntfile1\shared\appsdata\groups\1-Administrative\3-ContractingLicenses\Apps_Fees_Certificates_etc\LicenseApplicationsPermitsNotices\Winfield","TONNANDBLANK\impactadmin","Allow","FullControl","True"
"Y:\ttbntfile1\shared\appsdata\groups\1-Administrative\3-ContractingLicenses\Apps_Fees_Certificates_etc\LicenseApplicationsPermitsNotices\Winfield","CREATOR OWNER","Allow","FullControl","True"
"Y:\ttbntfile1\shared\appsdata\groups\1-Administrative\3-ContractingLicenses\Apps_Fees_Certificates_etc\LicenseApplicationsPermitsNotices\Winfield","BUILTIN\Administrators","Allow","FullControl","True"
"Y:\ttbntfile1\shared\appsdata\groups\1-Administrative\3-ContractingLicenses\Apps_Fees_Certificates_etc\LicenseApplicationsPermitsNotices\Winfield","NT AUTHORITY\SYSTEM","Allow","FullControl","True"
"Y:\ttbntfile1\shared\appsdata\groups\1-Administrative\3-ContractingLicenses\Apps_Fees_Certificates_etc\LicenseApplicationsPermitsNotices\Wisconsin","TONNANDBLANK\AVD Test Users","Allow","FullControl","True"
"Y:\ttbntfile1\shared\appsdata\groups\1-Administrative\3-ContractingLicenses\Apps_Fees_Certificates_etc\LicenseApplicationsPermitsNotices\Wisconsin","TONNANDBLANK\impactadmin","Allow","FullControl","True"
"Y:\ttbntfile1\shared\appsdata\groups\1-Administrative\3-ContractingLicenses\Apps_Fees_Certificates_etc\LicenseApplicationsPermitsNotices\Wisconsin","CREATOR OWNER","Allow","FullControl","True"
"Y:\ttbntfile1\shared\appsdata\groups\1-Administrative\3-ContractingLicenses\Apps_Fees_Certificates_etc\LicenseApplicationsPermitsNotices\Wisconsin","BUILTIN\Administrators","Allow","FullControl","True"
"Y:\ttbntfile1\shared\appsdata\groups\1-Administrative\3-ContractingLicenses\Apps_Fees_Certificates_etc\LicenseApplicationsPermitsNotices\Wisconsin","NT AUTHORITY\SYSTEM","Allow","FullControl","True"
"Y:\ttbntfile1\shared\appsdata\groups\1-Administrative\3-ContractingLicenses\Apps_Fees_Certificates_etc\LicenseApplicationsPermitsNotices\x","TONNANDBLANK\AVD Test Users","Allow","FullControl","True"
"Y:\ttbntfile1\shared\appsdata\groups\1-Administrative\3-ContractingLicenses\Apps_Fees_Certificates_etc\LicenseApplicationsPermitsNotices\x","TONNANDBLANK\impactadmin","Allow","FullControl","True"
"Y:\ttbntfile1\shared\appsdata\groups\1-Administrative\3-ContractingLicenses\Apps_Fees_Certificates_etc\LicenseApplicationsPermitsNotices\x","CREATOR OWNER","Allow","FullControl","True"
"Y:\ttbntfile1\shared\appsdata\groups\1-Administrative\3-ContractingLicenses\Apps_Fees_Certificates_etc\LicenseApplicationsPermitsNotices\x","BUILTIN\Administrators","Allow","FullControl","True"
"Y:\ttbntfile1\shared\appsdata\groups\1-Administrative\3-ContractingLicenses\Apps_Fees_Certificates_etc\LicenseApplicationsPermitsNotices\x","NT AUTHORITY\SYSTEM","Allow","FullControl","True"
"Y:\ttbntfile1\shared\appsdata\groups\1-Administrative\3-ContractingLicenses\Apps_Fees_Certificates_etc\LicenseApplicationsPermitsNotices\Allen County\CitizensAssess-UserName 9490 PW 9490","TONNANDBLANK\AVD Test Users","Allow","FullControl","True"
"Y:\ttbntfile1\shared\appsdata\groups\1-Administrative\3-ContractingLicenses\Apps_Fees_Certificates_etc\LicenseApplicationsPermitsNotices\Allen County\CitizensAssess-UserName 9490 PW 9490","TONNANDBLANK\impactadmin","Allow","FullControl","True"
"Y:\ttbntfile1\shared\appsdata\groups\1-Administrative\3-ContractingLicenses\Apps_Fees_Certificates_etc\LicenseApplicationsPermitsNotices\Allen County\CitizensAssess-UserName 9490 PW 9490","CREATOR OWNER","Allow","FullControl","True"
"Y:\ttbntfile1\shared\appsdata\groups\1-Administrative\3-ContractingLicenses\Apps_Fees_Certificates_etc\LicenseApplicationsPermitsNotices\Allen County\CitizensAssess-UserName 9490 PW 9490","BUILTIN\Administrators","Allow","FullControl","True"
"Y:\ttbntfile1\shared\appsdata\groups\1-Administrative\3-ContractingLicenses\Apps_Fees_Certificates_etc\LicenseApplicationsPermitsNotices\Allen County\CitizensAssess-UserName 9490 PW 9490","NT AUTHORITY\SYSTEM","Allow","FullControl","True"
"Y:\ttbntfile1\shared\appsdata\groups\1-Administrative\3-ContractingLicenses\Apps_Fees_Certificates_etc\LicenseApplicationsPermitsNotices\Allen County\Emails","TONNANDBLANK\AVD Test Users","Allow","FullControl","True"
"Y:\ttbntfile1\shared\appsdata\groups\1-Administrative\3-ContractingLicenses\Apps_Fees_Certificates_etc\LicenseApplicationsPermitsNotices\Allen County\Emails","TONNANDBLANK\impactadmin","Allow","FullControl","True"
"Y:\ttbntfile1\shared\appsdata\groups\1-Administrative\3-ContractingLicenses\Apps_Fees_Certificates_etc\LicenseApplicationsPermitsNotices\Allen County\Emails","CREATOR OWNER","Allow","FullControl","True"
"Y:\ttbntfile1\shared\appsdata\groups\1-Administrative\3-ContractingLicenses\Apps_Fees_Certificates_etc\LicenseApplicationsPermitsNotices\Allen County\Emails","BUILTIN\Administrators","Allow","FullControl","True"
"Y:\ttbntfile1\shared\appsdata\groups\1-Administrative\3-ContractingLicenses\Apps_Fees_Certificates_etc\LicenseApplicationsPermitsNotices\Allen County\Emails","NT AUTHORITY\SYSTEM","Allow","FullControl","True"
"Y:\ttbntfile1\shared\appsdata\groups\1-Administrative\3-ContractingLicenses\Apps_Fees_Certificates_etc\LicenseApplicationsPermitsNotices\Allen County\FAX","TONNANDBLANK\AVD Test Users","Allow","FullControl","True"
"Y:\ttbntfile1\shared\appsdata\groups\1-Administrative\3-ContractingLicenses\Apps_Fees_Certificates_etc\LicenseApplicationsPermitsNotices\Allen County\FAX","TONNANDBLANK\impactadmin","Allow","FullControl","True"
"Y:\ttbntfile1\shared\appsdata\groups\1-Administrative\3-ContractingLicenses\Apps_Fees_Certificates_etc\LicenseApplicationsPermitsNotices\Allen County\FAX","CREATOR OWNER","Allow","FullControl","True"
"Y:\ttbntfile1\shared\appsdata\groups\1-Administrative\3-ContractingLicenses\Apps_Fees_Certificates_etc\LicenseApplicationsPermitsNotices\Allen County\FAX","BUILTIN\Administrators","Allow","FullControl","True"
"Y:\ttbntfile1\shared\appsdata\groups\1-Administrative\3-ContractingLicenses\Apps_Fees_Certificates_etc\LicenseApplicationsPermitsNotices\Allen County\FAX","NT AUTHORITY\SYSTEM","Allow","FullControl","True"
"Y:\ttbntfile1\shared\appsdata\groups\1-Administrative\3-ContractingLicenses\Apps_Fees_Certificates_etc\LicenseApplicationsPermitsNotices\Allen County\PastDocs","TONNANDBLANK\AVD Test Users","Allow","FullControl","True"
"Y:\ttbntfile1\shared\appsdata\groups\1-Administrative\3-ContractingLicenses\Apps_Fees_Certificates_etc\LicenseApplicationsPermitsNotices\Allen County\PastDocs","TONNANDBLANK\impactadmin","Allow","FullControl","True"
"Y:\ttbntfile1\shared\appsdata\groups\1-Administrative\3-ContractingLicenses\Apps_Fees_Certificates_etc\LicenseApplicationsPermitsNotices\Allen County\PastDocs","CREATOR OWNER","Allow","FullControl","True"
"Y:\ttbntfile1\shared\appsdata\groups\1-Administrative\3-ContractingLicenses\Apps_Fees_Certificates_etc\LicenseApplicationsPermitsNotices\Allen County\PastDocs","BUILTIN\Administrators","Allow","FullControl","True"
"Y:\ttbntfile1\shared\appsdata\groups\1-Administrative\3-ContractingLicenses\Apps_Fees_Certificates_etc\LicenseApplicationsPermitsNotices\Allen County\PastDocs","NT AUTHORITY\SYSTEM","Allow","FullControl","True"
"Y:\ttbntfile1\shared\appsdata\groups\1-Administrative\3-ContractingLicenses\Apps_Fees_Certificates_etc\LicenseApplicationsPermitsNotices\Allen County\PermitForms-2023","TONNANDBLANK\AVD Test Users","Allow","FullControl","True"
"Y:\ttbntfile1\shared\appsdata\groups\1-Administrative\3-ContractingLicenses\Apps_Fees_Certificates_etc\LicenseApplicationsPermitsNotices\Allen County\PermitForms-2023","TONNANDBLANK\impactadmin","Allow","FullControl","True"
"Y:\ttbntfile1\shared\appsdata\groups\1-Administrative\3-ContractingLicenses\Apps_Fees_Certificates_etc\LicenseApplicationsPermitsNotices\Allen County\PermitForms-2023","CREATOR OWNER","Allow","FullControl","True"
"Y:\ttbntfile1\shared\appsdata\groups\1-Administrative\3-ContractingLicenses\Apps_Fees_Certificates_etc\LicenseApplicationsPermitsNotices\Allen County\PermitForms-2023","BUILTIN\Administrators","Allow","FullControl","True"
"Y:\ttbntfile1\shared\appsdata\groups\1-Administrative\3-ContractingLicenses\Apps_Fees_Certificates_etc\LicenseApplicationsPermitsNotices\Allen County\PermitForms-2023","NT AUTHORITY\SYSTEM","Allow","FullControl","True"
"Y:\ttbntfile1\shared\appsdata\groups\1-Administrative\3-ContractingLicenses\Apps_Fees_Certificates_etc\LicenseApplicationsPermitsNotices\Allen County\SuperintendentForms","TONNANDBLANK\AVD Test Users","Allow","FullControl","True"
"Y:\ttbntfile1\shared\appsdata\groups\1-Administrative\3-ContractingLicenses\Apps_Fees_Certificates_etc\LicenseApplicationsPermitsNotices\Allen County\SuperintendentForms","TONNANDBLANK\impactadmin","Allow","FullControl","True"
"Y:\ttbntfile1\shared\appsdata\groups\1-Administrative\3-ContractingLicenses\Apps_Fees_Certificates_etc\LicenseApplicationsPermitsNotices\Allen County\SuperintendentForms","CREATOR OWNER","Allow","FullControl","True"
"Y:\ttbntfile1\shared\appsdata\groups\1-Administrative\3-ContractingLicenses\Apps_Fees_Certificates_etc\LicenseApplicationsPermitsNotices\Allen County\SuperintendentForms","BUILTIN\Administrators","Allow","FullControl","True"
"Y:\ttbntfile1\shared\appsdata\groups\1-Administrative\3-ContractingLicenses\Apps_Fees_Certificates_etc\LicenseApplicationsPermitsNotices\Allen County\SuperintendentForms","NT AUTHORITY\SYSTEM","Allow","FullControl","True"
"Y:\ttbntfile1\shared\appsdata\groups\1-Administrative\3-ContractingLicenses\Apps_Fees_Certificates_etc\LicenseApplicationsPermitsNotices\Allen County\Emails\Past","TONNANDBLANK\AVD Test Users","Allow","FullControl","True"
"Y:\ttbntfile1\shared\appsdata\groups\1-Administrative\3-ContractingLicenses\Apps_Fees_Certificates_etc\LicenseApplicationsPermitsNotices\Allen County\Emails\Past","TONNANDBLANK\impactadmin","Allow","FullControl","True"
"Y:\ttbntfile1\shared\appsdata\groups\1-Administrative\3-ContractingLicenses\Apps_Fees_Certificates_etc\LicenseApplicationsPermitsNotices\Allen County\Emails\Past","CREATOR OWNER","Allow","FullControl","True"
"Y:\ttbntfile1\shared\appsdata\groups\1-Administrative\3-ContractingLicenses\Apps_Fees_Certificates_etc\LicenseApplicationsPermitsNotices\Allen County\Emails\Past","BUILTIN\Administrators","Allow","FullControl","True"
"Y:\ttbntfile1\shared\appsdata\groups\1-Administrative\3-ContractingLicenses\Apps_Fees_Certificates_etc\LicenseApplicationsPermitsNotices\Allen County\Emails\Past","NT AUTHORITY\SYSTEM","Allow","FullControl","True"
"Y:\ttbntfile1\shared\appsdata\groups\1-Administrative\3-ContractingLicenses\Apps_Fees_Certificates_etc\LicenseApplicationsPermitsNotices\Beech Grove\Emails","TONNANDBLANK\AVD Test Users","Allow","FullControl","True"
"Y:\ttbntfile1\shared\appsdata\groups\1-Administrative\3-ContractingLicenses\Apps_Fees_Certificates_etc\LicenseApplicationsPermitsNotices\Beech Grove\Emails","TONNANDBLANK\impactadmin","Allow","FullControl","True"
"Y:\ttbntfile1\shared\appsdata\groups\1-Administrative\3-ContractingLicenses\Apps_Fees_Certificates_etc\LicenseApplicationsPermitsNotices\Beech Grove\Emails","CREATOR OWNER","Allow","FullControl","True"
"Y:\ttbntfile1\shared\appsdata\groups\1-Administrative\3-ContractingLicenses\Apps_Fees_Certificates_etc\LicenseApplicationsPermitsNotices\Beech Grove\Emails","BUILTIN\Administrators","Allow","FullControl","True"
"Y:\ttbntfile1\shared\appsdata\groups\1-Administrative\3-ContractingLicenses\Apps_Fees_Certificates_etc\LicenseApplicationsPermitsNotices\Beech Grove\Emails","NT AUTHORITY\SYSTEM","Allow","FullControl","True"
"Y:\ttbntfile1\shared\appsdata\groups\1-Administrative\3-ContractingLicenses\Apps_Fees_Certificates_etc\LicenseApplicationsPermitsNotices\Beech Grove\ExpiredDocs","TONNANDBLANK\AVD Test Users","Allow","FullControl","True"
"Y:\ttbntfile1\shared\appsdata\groups\1-Administrative\3-ContractingLicenses\Apps_Fees_Certificates_etc\LicenseApplicationsPermitsNotices\Beech Grove\ExpiredDocs","TONNANDBLANK\impactadmin","Allow","FullControl","True"
"Y:\ttbntfile1\shared\appsdata\groups\1-Administrative\3-ContractingLicenses\Apps_Fees_Certificates_etc\LicenseApplicationsPermitsNotices\Beech Grove\ExpiredDocs","CREATOR OWNER","Allow","FullControl","True"
"Y:\ttbntfile1\shared\appsdata\groups\1-Administrative\3-ContractingLicenses\Apps_Fees_Certificates_etc\LicenseApplicationsPermitsNotices\Beech Grove\ExpiredDocs","BUILTIN\Administrators","Allow","FullControl","True"
"Y:\ttbntfile1\shared\appsdata\groups\1-Administrative\3-ContractingLicenses\Apps_Fees_Certificates_etc\LicenseApplicationsPermitsNotices\Beech Grove\ExpiredDocs","NT AUTHORITY\SYSTEM","Allow","FullControl","True"
"Y:\ttbntfile1\shared\appsdata\groups\1-Administrative\3-ContractingLicenses\Apps_Fees_Certificates_etc\LicenseApplicationsPermitsNotices\Beverly Shores\Emails","TONNANDBLANK\AVD Test Users","Allow","FullControl","True"
"Y:\ttbntfile1\shared\appsdata\groups\1-Administrative\3-ContractingLicenses\Apps_Fees_Certificates_etc\LicenseApplicationsPermitsNotices\Beverly Shores\Emails","TONNANDBLANK\impactadmin","Allow","FullControl","True"
"Y:\ttbntfile1\shared\appsdata\groups\1-Administrative\3-ContractingLicenses\Apps_Fees_Certificates_etc\LicenseApplicationsPermitsNotices\Beverly Shores\Emails","CREATOR OWNER","Allow","FullControl","True"
"Y:\ttbntfile1\shared\appsdata\groups\1-Administrative\3-ContractingLicenses\Apps_Fees_Certificates_etc\LicenseApplicationsPermitsNotices\Beverly Shores\Emails","BUILTIN\Administrators","Allow","FullControl","True"
"Y:\ttbntfile1\shared\appsdata\groups\1-Administrative\3-ContractingLicenses\Apps_Fees_Certificates_etc\LicenseApplicationsPermitsNotices\Beverly Shores\Emails","NT AUTHORITY\SYSTEM","Allow","FullControl","True"
"Y:\ttbntfile1\shared\appsdata\groups\1-Administrative\3-ContractingLicenses\Apps_Fees_Certificates_etc\LicenseApplicationsPermitsNotices\Beverly Shores\PastDocs","TONNANDBLANK\AVD Test Users","Allow","FullControl","True"
"Y:\ttbntfile1\shared\appsdata\groups\1-Administrative\3-ContractingLicenses\Apps_Fees_Certificates_etc\LicenseApplicationsPermitsNotices\Beverly Shores\PastDocs","TONNANDBLANK\impactadmin","Allow","FullControl","True"
"Y:\ttbntfile1\shared\appsdata\groups\1-Administrative\3-ContractingLicenses\Apps_Fees_Certificates_etc\LicenseApplicationsPermitsNotices\Beverly Shores\PastDocs","CREATOR OWNER","Allow","FullControl","True"
"Y:\ttbntfile1\shared\appsdata\groups\1-Administrative\3-ContractingLicenses\Apps_Fees_Certificates_etc\LicenseApplicationsPermitsNotices\Beverly Shores\PastDocs","BUILTIN\Administrators","Allow","FullControl","True"
"Y:\ttbntfile1\shared\appsdata\groups\1-Administrative\3-ContractingLicenses\Apps_Fees_Certificates_etc\LicenseApplicationsPermitsNotices\Beverly Shores\PastDocs","NT AUTHORITY\SYSTEM","Allow","FullControl","True"
"Y:\ttbntfile1\shared\appsdata\groups\1-Administrative\3-ContractingLicenses\Apps_Fees_Certificates_etc\LicenseApplicationsPermitsNotices\Beverly Shores\PastDocs\Bonds","TONNANDBLANK\AVD Test Users","Allow","FullControl","True"
"Y:\ttbntfile1\shared\appsdata\groups\1-Administrative\3-ContractingLicenses\Apps_Fees_Certificates_etc\LicenseApplicationsPermitsNotices\Beverly Shores\PastDocs\Bonds","TONNANDBLANK\impactadmin","Allow","FullControl","True"
"Y:\ttbntfile1\shared\appsdata\groups\1-Administrative\3-ContractingLicenses\Apps_Fees_Certificates_etc\LicenseApplicationsPermitsNotices\Beverly Shores\PastDocs\Bonds","CREATOR OWNER","Allow","FullControl","True"
"Y:\ttbntfile1\shared\appsdata\groups\1-Administrative\3-ContractingLicenses\Apps_Fees_Certificates_etc\LicenseApplicationsPermitsNotices\Beverly Shores\PastDocs\Bonds","BUILTIN\Administrators","Allow","FullControl","True"
"Y:\ttbntfile1\shared\appsdata\groups\1-Administrative\3-ContractingLicenses\Apps_Fees_Certificates_etc\LicenseApplicationsPermitsNotices\Beverly Shores\PastDocs\Bonds","NT AUTHORITY\SYSTEM","Allow","FullControl","True"
"Y:\ttbntfile1\shared\appsdata\groups\1-Administrative\3-ContractingLicenses\Apps_Fees_Certificates_etc\LicenseApplicationsPermitsNotices\Blue Island\Emails","TONNANDBLANK\AVD Test Users","Allow","FullControl","True"
"Y:\ttbntfile1\shared\appsdata\groups\1-Administrative\3-ContractingLicenses\Apps_Fees_Certificates_etc\LicenseApplicationsPermitsNotices\Blue Island\Emails","TONNANDBLANK\impactadmin","Allow","FullControl","True"
"Y:\ttbntfile1\shared\appsdata\groups\1-Administrative\3-ContractingLicenses\Apps_Fees_Certificates_etc\LicenseApplicationsPermitsNotices\Blue Island\Emails","CREATOR OWNER","Allow","FullControl","True"
"Y:\ttbntfile1\shared\appsdata\groups\1-Administrative\3-ContractingLicenses\Apps_Fees_Certificates_etc\LicenseApplicationsPermitsNotices\Blue Island\Emails","BUILTIN\Administrators","Allow","FullControl","True"
"Y:\ttbntfile1\shared\appsdata\groups\1-Administrative\3-ContractingLicenses\Apps_Fees_Certificates_etc\LicenseApplicationsPermitsNotices\Blue Island\Emails","NT AUTHORITY\SYSTEM","Allow","FullControl","True"
"Y:\ttbntfile1\shared\appsdata\groups\1-Administrative\3-ContractingLicenses\Apps_Fees_Certificates_etc\LicenseApplicationsPermitsNotices\Blue Island\PastForms-ExpiredBonds","TONNANDBLANK\AVD Test Users","Allow","FullControl","True"
"Y:\ttbntfile1\shared\appsdata\groups\1-Administrative\3-ContractingLicenses\Apps_Fees_Certificates_etc\LicenseApplicationsPermitsNotices\Blue Island\PastForms-ExpiredBonds","TONNANDBLANK\impactadmin","Allow","FullControl","True"
"Y:\ttbntfile1\shared\appsdata\groups\1-Administrative\3-ContractingLicenses\Apps_Fees_Certificates_etc\LicenseApplicationsPermitsNotices\Blue Island\PastForms-ExpiredBonds","CREATOR OWNER","Allow","FullControl","True"
"Y:\ttbntfile1\shared\appsdata\groups\1-Administrative\3-ContractingLicenses\Apps_Fees_Certificates_etc\LicenseApplicationsPermitsNotices\Blue Island\PastForms-ExpiredBonds","BUILTIN\Administrators","Allow","FullControl","True"
"Y:\ttbntfile1\shared\appsdata\groups\1-Administrative\3-ContractingLicenses\Apps_Fees_Certificates_etc\LicenseApplicationsPermitsNotices\Blue Island\PastForms-ExpiredBonds","NT AUTHORITY\SYSTEM","Allow","FullControl","True"
"Y:\ttbntfile1\shared\appsdata\groups\1-Administrative\3-ContractingLicenses\Apps_Fees_Certificates_etc\LicenseApplicationsPermitsNotices\Burns Harbor\PastDocs","TONNANDBLANK\AVD Test Users","Allow","FullControl","True"
"Y:\ttbntfile1\shared\appsdata\groups\1-Administrative\3-ContractingLicenses\Apps_Fees_Certificates_etc\LicenseApplicationsPermitsNotices\Burns Harbor\PastDocs","TONNANDBLANK\impactadmin","Allow","FullControl","True"
"Y:\ttbntfile1\shared\appsdata\groups\1-Administrative\3-ContractingLicenses\Apps_Fees_Certificates_etc\LicenseApplicationsPermitsNotices\Burns Harbor\PastDocs","CREATOR OWNER","Allow","FullControl","True"
"Y:\ttbntfile1\shared\appsdata\groups\1-Administrative\3-ContractingLicenses\Apps_Fees_Certificates_etc\LicenseApplicationsPermitsNotices\Burns Harbor\PastDocs","BUILTIN\Administrators","Allow","FullControl","True"
"Y:\ttbntfile1\shared\appsdata\groups\1-Administrative\3-ContractingLicenses\Apps_Fees_Certificates_etc\LicenseApplicationsPermitsNotices\Burns Harbor\PastDocs","NT AUTHORITY\SYSTEM","Allow","FullControl","True"
"Y:\ttbntfile1\shared\appsdata\groups\1-Administrative\3-ContractingLicenses\Apps_Fees_Certificates_etc\LicenseApplicationsPermitsNotices\Calumet City\Emails","TONNANDBLANK\AVD Test Users","Allow","FullControl","True"
"Y:\ttbntfile1\shared\appsdata\groups\1-Administrative\3-ContractingLicenses\Apps_Fees_Certificates_etc\LicenseApplicationsPermitsNotices\Calumet City\Emails","TONNANDBLANK\impactadmin","Allow","FullControl","True"
"Y:\ttbntfile1\shared\appsdata\groups\1-Administrative\3-ContractingLicenses\Apps_Fees_Certificates_etc\LicenseApplicationsPermitsNotices\Calumet City\Emails","CREATOR OWNER","Allow","FullControl","True"
"Y:\ttbntfile1\shared\appsdata\groups\1-Administrative\3-ContractingLicenses\Apps_Fees_Certificates_etc\LicenseApplicationsPermitsNotices\Calumet City\Emails","BUILTIN\Administrators","Allow","FullControl","True"
"Y:\ttbntfile1\shared\appsdata\groups\1-Administrative\3-ContractingLicenses\Apps_Fees_Certificates_etc\LicenseApplicationsPermitsNotices\Calumet City\Emails","NT AUTHORITY\SYSTEM","Allow","FullControl","True"
"Y:\ttbntfile1\shared\appsdata\groups\1-Administrative\3-ContractingLicenses\Apps_Fees_Certificates_etc\LicenseApplicationsPermitsNotices\Calumet City\MailedRenewedCOI-Fax Would Not Go","TONNANDBLANK\AVD Test Users","Allow","FullControl","True"
"Y:\ttbntfile1\shared\appsdata\groups\1-Administrative\3-ContractingLicenses\Apps_Fees_Certificates_etc\LicenseApplicationsPermitsNotices\Calumet City\MailedRenewedCOI-Fax Would Not Go","TONNANDBLANK\impactadmin","Allow","FullControl","True"
"Y:\ttbntfile1\shared\appsdata\groups\1-Administrative\3-ContractingLicenses\Apps_Fees_Certificates_etc\LicenseApplicationsPermitsNotices\Calumet City\MailedRenewedCOI-Fax Would Not Go","CREATOR OWNER","Allow","FullControl","True"
"Y:\ttbntfile1\shared\appsdata\groups\1-Administrative\3-ContractingLicenses\Apps_Fees_Certificates_etc\LicenseApplicationsPermitsNotices\Calumet City\MailedRenewedCOI-Fax Would Not Go","BUILTIN\Administrators","Allow","FullControl","True"
"Y:\ttbntfile1\shared\appsdata\groups\1-Administrative\3-ContractingLicenses\Apps_Fees_Certificates_etc\LicenseApplicationsPermitsNotices\Calumet City\MailedRenewedCOI-Fax Would Not Go","NT AUTHORITY\SYSTEM","Allow","FullControl","True"
"Y:\ttbntfile1\shared\appsdata\groups\1-Administrative\3-ContractingLicenses\Apps_Fees_Certificates_etc\LicenseApplicationsPermitsNotices\Calumet City\PastDocs","TONNANDBLANK\AVD Test Users","Allow","FullControl","True"
"Y:\ttbntfile1\shared\appsdata\groups\1-Administrative\3-ContractingLicenses\Apps_Fees_Certificates_etc\LicenseApplicationsPermitsNotices\Calumet City\PastDocs","TONNANDBLANK\impactadmin","Allow","FullControl","True"
"Y:\ttbntfile1\shared\appsdata\groups\1-Administrative\3-ContractingLicenses\Apps_Fees_Certificates_etc\LicenseApplicationsPermitsNotices\Calumet City\PastDocs","CREATOR OWNER","Allow","FullControl","True"
"Y:\ttbntfile1\shared\appsdata\groups\1-Administrative\3-ContractingLicenses\Apps_Fees_Certificates_etc\LicenseApplicationsPermitsNotices\Calumet City\PastDocs","BUILTIN\Administrators","Allow","FullControl","True"
"Y:\ttbntfile1\shared\appsdata\groups\1-Administrative\3-ContractingLicenses\Apps_Fees_Certificates_etc\LicenseApplicationsPermitsNotices\Calumet City\PastDocs","NT AUTHORITY\SYSTEM","Allow","FullControl","True"
"Y:\ttbntfile1\shared\appsdata\groups\1-Administrative\3-ContractingLicenses\Apps_Fees_Certificates_etc\LicenseApplicationsPermitsNotices\Calumet Park\Bonds","TONNANDBLANK\AVD Test Users","Allow","FullControl","True"
"Y:\ttbntfile1\shared\appsdata\groups\1-Administrative\3-ContractingLicenses\Apps_Fees_Certificates_etc\LicenseApplicationsPermitsNotices\Calumet Park\Bonds","TONNANDBLANK\impactadmin","Allow","FullControl","True"
"Y:\ttbntfile1\shared\appsdata\groups\1-Administrative\3-ContractingLicenses\Apps_Fees_Certificates_etc\LicenseApplicationsPermitsNotices\Calumet Park\Bonds","CREATOR OWNER","Allow","FullControl","True"
"Y:\ttbntfile1\shared\appsdata\groups\1-Administrative\3-ContractingLicenses\Apps_Fees_Certificates_etc\LicenseApplicationsPermitsNotices\Calumet Park\Bonds","BUILTIN\Administrators","Allow","FullControl","True"
"Y:\ttbntfile1\shared\appsdata\groups\1-Administrative\3-ContractingLicenses\Apps_Fees_Certificates_etc\LicenseApplicationsPermitsNotices\Calumet Park\Bonds","NT AUTHORITY\SYSTEM","Allow","FullControl","True"
"Y:\ttbntfile1\shared\appsdata\groups\1-Administrative\3-ContractingLicenses\Apps_Fees_Certificates_etc\LicenseApplicationsPermitsNotices\Calumet Park\Emails","TONNANDBLANK\AVD Test Users","Allow","FullControl","True"
"Y:\ttbntfile1\shared\appsdata\groups\1-Administrative\3-ContractingLicenses\Apps_Fees_Certificates_etc\LicenseApplicationsPermitsNotices\Calumet Park\Emails","TONNANDBLANK\impactadmin","Allow","FullControl","True"
"Y:\ttbntfile1\shared\appsdata\groups\1-Administrative\3-ContractingLicenses\Apps_Fees_Certificates_etc\LicenseApplicationsPermitsNotices\Calumet Park\Emails","CREATOR OWNER","Allow","FullControl","True"
"Y:\ttbntfile1\shared\appsdata\groups\1-Administrative\3-ContractingLicenses\Apps_Fees_Certificates_etc\LicenseApplicationsPermitsNotices\Calumet Park\Emails","BUILTIN\Administrators","Allow","FullControl","True"
"Y:\ttbntfile1\shared\appsdata\groups\1-Administrative\3-ContractingLicenses\Apps_Fees_Certificates_etc\LicenseApplicationsPermitsNotices\Calumet Park\Emails","NT AUTHORITY\SYSTEM","Allow","FullControl","True"
"Y:\ttbntfile1\shared\appsdata\groups\1-Administrative\3-ContractingLicenses\Apps_Fees_Certificates_etc\LicenseApplicationsPermitsNotices\Calumet Park\PastDocs","TONNANDBLANK\AVD Test Users","Allow","FullControl","True"
"Y:\ttbntfile1\shared\appsdata\groups\1-Administrative\3-ContractingLicenses\Apps_Fees_Certificates_etc\LicenseApplicationsPermitsNotices\Calumet Park\PastDocs","TONNANDBLANK\impactadmin","Allow","FullControl","True"
"Y:\ttbntfile1\shared\appsdata\groups\1-Administrative\3-ContractingLicenses\Apps_Fees_Certificates_etc\LicenseApplicationsPermitsNotices\Calumet Park\PastDocs","CREATOR OWNER","Allow","FullControl","True"
"Y:\ttbntfile1\shared\appsdata\groups\1-Administrative\3-ContractingLicenses\Apps_Fees_Certificates_etc\LicenseApplicationsPermitsNotices\Calumet Park\PastDocs","BUILTIN\Administrators","Allow","FullControl","True"
"Y:\ttbntfile1\shared\appsdata\groups\1-Administrative\3-ContractingLicenses\Apps_Fees_Certificates_etc\LicenseApplicationsPermitsNotices\Calumet Park\PastDocs","NT AUTHORITY\SYSTEM","Allow","FullControl","True"
"Y:\ttbntfile1\shared\appsdata\groups\1-Administrative\3-ContractingLicenses\Apps_Fees_Certificates_etc\LicenseApplicationsPermitsNotices\Cedar Lake\Emails","TONNANDBLANK\AVD Test Users","Allow","FullControl","True"
"Y:\ttbntfile1\shared\appsdata\groups\1-Administrative\3-ContractingLicenses\Apps_Fees_Certificates_etc\LicenseApplicationsPermitsNotices\Cedar Lake\Emails","TONNANDBLANK\impactadmin","Allow","FullControl","True"
"Y:\ttbntfile1\shared\appsdata\groups\1-Administrative\3-ContractingLicenses\Apps_Fees_Certificates_etc\LicenseApplicationsPermitsNotices\Cedar Lake\Emails","CREATOR OWNER","Allow","FullControl","True"
"Y:\ttbntfile1\shared\appsdata\groups\1-Administrative\3-ContractingLicenses\Apps_Fees_Certificates_etc\LicenseApplicationsPermitsNotices\Cedar Lake\Emails","BUILTIN\Administrators","Allow","FullControl","True"
"Y:\ttbntfile1\shared\appsdata\groups\1-Administrative\3-ContractingLicenses\Apps_Fees_Certificates_etc\LicenseApplicationsPermitsNotices\Cedar Lake\Emails","NT AUTHORITY\SYSTEM","Allow","FullControl","True"
"Y:\ttbntfile1\shared\appsdata\groups\1-Administrative\3-ContractingLicenses\Apps_Fees_Certificates_etc\LicenseApplicationsPermitsNotices\Cedar Lake\PastDocs","TONNANDBLANK\AVD Test Users","Allow","FullControl","True"
"Y:\ttbntfile1\shared\appsdata\groups\1-Administrative\3-ContractingLicenses\Apps_Fees_Certificates_etc\LicenseApplicationsPermitsNotices\Cedar Lake\PastDocs","TONNANDBLANK\impactadmin","Allow","FullControl","True"
"Y:\ttbntfile1\shared\appsdata\groups\1-Administrative\3-ContractingLicenses\Apps_Fees_Certificates_etc\LicenseApplicationsPermitsNotices\Cedar Lake\PastDocs","CREATOR OWNER","Allow","FullControl","True"
"Y:\ttbntfile1\shared\appsdata\groups\1-Administrative\3-ContractingLicenses\Apps_Fees_Certificates_etc\LicenseApplicationsPermitsNotices\Cedar Lake\PastDocs","BUILTIN\Administrators","Allow","FullControl","True"
"Y:\ttbntfile1\shared\appsdata\groups\1-Administrative\3-ContractingLicenses\Apps_Fees_Certificates_etc\LicenseApplicationsPermitsNotices\Cedar Lake\PastDocs","NT AUTHORITY\SYSTEM","Allow","FullControl","True"
"Y:\ttbntfile1\shared\appsdata\groups\1-Administrative\3-ContractingLicenses\Apps_Fees_Certificates_etc\LicenseApplicationsPermitsNotices\Cedar Lake\Emails\PastEmails","TONNANDBLANK\AVD Test Users","Allow","FullControl","True"
"Y:\ttbntfile1\shared\appsdata\groups\1-Administrative\3-ContractingLicenses\Apps_Fees_Certificates_etc\LicenseApplicationsPermitsNotices\Cedar Lake\Emails\PastEmails","TONNANDBLANK\impactadmin","Allow","FullControl","True"
"Y:\ttbntfile1\shared\appsdata\groups\1-Administrative\3-ContractingLicenses\Apps_Fees_Certificates_etc\LicenseApplicationsPermitsNotices\Cedar Lake\Emails\PastEmails","CREATOR OWNER","Allow","FullControl","True"
"Y:\ttbntfile1\shared\appsdata\groups\1-Administrative\3-ContractingLicenses\Apps_Fees_Certificates_etc\LicenseApplicationsPermitsNotices\Cedar Lake\Emails\PastEmails","BUILTIN\Administrators","Allow","FullControl","True"
"Y:\ttbntfile1\shared\appsdata\groups\1-Administrative\3-ContractingLicenses\Apps_Fees_Certificates_etc\LicenseApplicationsPermitsNotices\Cedar Lake\Emails\PastEmails","NT AUTHORITY\SYSTEM","Allow","FullControl","True"
"Y:\ttbntfile1\shared\appsdata\groups\1-Administrative\3-ContractingLicenses\Apps_Fees_Certificates_etc\LicenseApplicationsPermitsNotices\Chesterton\PastDocs","TONNANDBLANK\AVD Test Users","Allow","FullControl","True"
"Y:\ttbntfile1\shared\appsdata\groups\1-Administrative\3-ContractingLicenses\Apps_Fees_Certificates_etc\LicenseApplicationsPermitsNotices\Chesterton\PastDocs","TONNANDBLANK\impactadmin","Allow","FullControl","True"
"Y:\ttbntfile1\shared\appsdata\groups\1-Administrative\3-ContractingLicenses\Apps_Fees_Certificates_etc\LicenseApplicationsPermitsNotices\Chesterton\PastDocs","CREATOR OWNER","Allow","FullControl","True"
"Y:\ttbntfile1\shared\appsdata\groups\1-Administrative\3-ContractingLicenses\Apps_Fees_Certificates_etc\LicenseApplicationsPermitsNotices\Chesterton\PastDocs","BUILTIN\Administrators","Allow","FullControl","True"
"Y:\ttbntfile1\shared\appsdata\groups\1-Administrative\3-ContractingLicenses\Apps_Fees_Certificates_etc\LicenseApplicationsPermitsNotices\Chesterton\PastDocs","NT AUTHORITY\SYSTEM","Allow","FullControl","True"
"Y:\ttbntfile1\shared\appsdata\groups\1-Administrative\3-ContractingLicenses\Apps_Fees_Certificates_etc\LicenseApplicationsPermitsNotices\Chicago\AM Best Letters","TONNANDBLANK\AVD Test Users","Allow","FullControl","True"
"Y:\ttbntfile1\shared\appsdata\groups\1-Administrative\3-ContractingLicenses\Apps_Fees_Certificates_etc\LicenseApplicationsPermitsNotices\Chicago\AM Best Letters","TONNANDBLANK\impactadmin","Allow","FullControl","True"
"Y:\ttbntfile1\shared\appsdata\groups\1-Administrative\3-ContractingLicenses\Apps_Fees_Certificates_etc\LicenseApplicationsPermitsNotices\Chicago\AM Best Letters","CREATOR OWNER","Allow","FullControl","True"
"Y:\ttbntfile1\shared\appsdata\groups\1-Administrative\3-ContractingLicenses\Apps_Fees_Certificates_etc\LicenseApplicationsPermitsNotices\Chicago\AM Best Letters","BUILTIN\Administrators","Allow","FullControl","True"
"Y:\ttbntfile1\shared\appsdata\groups\1-Administrative\3-ContractingLicenses\Apps_Fees_Certificates_etc\LicenseApplicationsPermitsNotices\Chicago\AM Best Letters","NT AUTHORITY\SYSTEM","Allow","FullControl","True"
"Y:\ttbntfile1\shared\appsdata\groups\1-Administrative\3-ContractingLicenses\Apps_Fees_Certificates_etc\LicenseApplicationsPermitsNotices\Chicago\Certificate Of Insurance","TONNANDBLANK\AVD Test Users","Allow","FullControl","True"
"Y:\ttbntfile1\shared\appsdata\groups\1-Administrative\3-ContractingLicenses\Apps_Fees_Certificates_etc\LicenseApplicationsPermitsNotices\Chicago\Certificate Of Insurance","TONNANDBLANK\impactadmin","Allow","FullControl","True"
"Y:\ttbntfile1\shared\appsdata\groups\1-Administrative\3-ContractingLicenses\Apps_Fees_Certificates_etc\LicenseApplicationsPermitsNotices\Chicago\Certificate Of Insurance","CREATOR OWNER","Allow","FullControl","True"
"Y:\ttbntfile1\shared\appsdata\groups\1-Administrative\3-ContractingLicenses\Apps_Fees_Certificates_etc\LicenseApplicationsPermitsNotices\Chicago\Certificate Of Insurance","BUILTIN\Administrators","Allow","FullControl","True"
"Y:\ttbntfile1\shared\appsdata\groups\1-Administrative\3-ContractingLicenses\Apps_Fees_Certificates_etc\LicenseApplicationsPermitsNotices\Chicago\Certificate Of Insurance","NT AUTHORITY\SYSTEM","Allow","FullControl","True"
"Y:\ttbntfile1\shared\appsdata\groups\1-Administrative\3-ContractingLicenses\Apps_Fees_Certificates_etc\LicenseApplicationsPermitsNotices\Chicago\Emails","TONNANDBLANK\AVD Test Users","Allow","FullControl","True"
"Y:\ttbntfile1\shared\appsdata\groups\1-Administrative\3-ContractingLicenses\Apps_Fees_Certificates_etc\LicenseApplicationsPermitsNotices\Chicago\Emails","TONNANDBLANK\impactadmin","Allow","FullControl","True"
"Y:\ttbntfile1\shared\appsdata\groups\1-Administrative\3-ContractingLicenses\Apps_Fees_Certificates_etc\LicenseApplicationsPermitsNotices\Chicago\Emails","CREATOR OWNER","Allow","FullControl","True"
"Y:\ttbntfile1\shared\appsdata\groups\1-Administrative\3-ContractingLicenses\Apps_Fees_Certificates_etc\LicenseApplicationsPermitsNotices\Chicago\Emails","BUILTIN\Administrators","Allow","FullControl","True"
"Y:\ttbntfile1\shared\appsdata\groups\1-Administrative\3-ContractingLicenses\Apps_Fees_Certificates_etc\LicenseApplicationsPermitsNotices\Chicago\Emails","NT AUTHORITY\SYSTEM","Allow","FullControl","True"
"Y:\ttbntfile1\shared\appsdata\groups\1-Administrative\3-ContractingLicenses\Apps_Fees_Certificates_etc\LicenseApplicationsPermitsNotices\Chicago\Ratings","TONNANDBLANK\AVD Test Users","Allow","FullControl","True"
"Y:\ttbntfile1\shared\appsdata\groups\1-Administrative\3-ContractingLicenses\Apps_Fees_Certificates_etc\LicenseApplicationsPermitsNotices\Chicago\Ratings","TONNANDBLANK\impactadmin","Allow","FullControl","True"
"Y:\ttbntfile1\shared\appsdata\groups\1-Administrative\3-ContractingLicenses\Apps_Fees_Certificates_etc\LicenseApplicationsPermitsNotices\Chicago\Ratings","CREATOR OWNER","Allow","FullControl","True"
"Y:\ttbntfile1\shared\appsdata\groups\1-Administrative\3-ContractingLicenses\Apps_Fees_Certificates_etc\LicenseApplicationsPermitsNotices\Chicago\Ratings","BUILTIN\Administrators","Allow","FullControl","True"
"Y:\ttbntfile1\shared\appsdata\groups\1-Administrative\3-ContractingLicenses\Apps_Fees_Certificates_etc\LicenseApplicationsPermitsNotices\Chicago\Ratings","NT AUTHORITY\SYSTEM","Allow","FullControl","True"
"Y:\ttbntfile1\shared\appsdata\groups\1-Administrative\3-ContractingLicenses\Apps_Fees_Certificates_etc\LicenseApplicationsPermitsNotices\Chicago\AM Best Letters\PreviousYearas","TONNANDBLANK\AVD Test Users","Allow","FullControl","True"
"Y:\ttbntfile1\shared\appsdata\groups\1-Administrative\3-ContractingLicenses\Apps_Fees_Certificates_etc\LicenseApplicationsPermitsNotices\Chicago\AM Best Letters\PreviousYearas","TONNANDBLANK\impactadmin","Allow","FullControl","True"
"Y:\ttbntfile1\shared\appsdata\groups\1-Administrative\3-ContractingLicenses\Apps_Fees_Certificates_etc\LicenseApplicationsPermitsNotices\Chicago\AM Best Letters\PreviousYearas","CREATOR OWNER","Allow","FullControl","True"
"Y:\ttbntfile1\shared\appsdata\groups\1-Administrative\3-ContractingLicenses\Apps_Fees_Certificates_etc\LicenseApplicationsPermitsNotices\Chicago\AM Best Letters\PreviousYearas","BUILTIN\Administrators","Allow","FullControl","True"
"Y:\ttbntfile1\shared\appsdata\groups\1-Administrative\3-ContractingLicenses\Apps_Fees_Certificates_etc\LicenseApplicationsPermitsNotices\Chicago\AM Best Letters\PreviousYearas","NT AUTHORITY\SYSTEM","Allow","FullControl","True"
"Y:\ttbntfile1\shared\appsdata\groups\1-Administrative\3-ContractingLicenses\Apps_Fees_Certificates_etc\LicenseApplicationsPermitsNotices\Chicago\Emails\PastEmails","TONNANDBLANK\AVD Test Users","Allow","FullControl","True"
"Y:\ttbntfile1\shared\appsdata\groups\1-Administrative\3-ContractingLicenses\Apps_Fees_Certificates_etc\LicenseApplicationsPermitsNotices\Chicago\Emails\PastEmails","TONNANDBLANK\impactadmin","Allow","FullControl","True"
"Y:\ttbntfile1\shared\appsdata\groups\1-Administrative\3-ContractingLicenses\Apps_Fees_Certificates_etc\LicenseApplicationsPermitsNotices\Chicago\Emails\PastEmails","CREATOR OWNER","Allow","FullControl","True"
"Y:\ttbntfile1\shared\appsdata\groups\1-Administrative\3-ContractingLicenses\Apps_Fees_Certificates_etc\LicenseApplicationsPermitsNotices\Chicago\Emails\PastEmails","BUILTIN\Administrators","Allow","FullControl","True"
"Y:\ttbntfile1\shared\appsdata\groups\1-Administrative\3-ContractingLicenses\Apps_Fees_Certificates_etc\LicenseApplicationsPermitsNotices\Chicago\Emails\PastEmails","NT AUTHORITY\SYSTEM","Allow","FullControl","True"
"Y:\ttbntfile1\shared\appsdata\groups\1-Administrative\3-ContractingLicenses\Apps_Fees_Certificates_etc\LicenseApplicationsPermitsNotices\Chicago\Ratings\PreviousYears","TONNANDBLANK\AVD Test Users","Allow","FullControl","True"
"Y:\ttbntfile1\shared\appsdata\groups\1-Administrative\3-ContractingLicenses\Apps_Fees_Certificates_etc\LicenseApplicationsPermitsNotices\Chicago\Ratings\PreviousYears","TONNANDBLANK\impactadmin","Allow","FullControl","True"
"Y:\ttbntfile1\shared\appsdata\groups\1-Administrative\3-ContractingLicenses\Apps_Fees_Certificates_etc\LicenseApplicationsPermitsNotices\Chicago\Ratings\PreviousYears","CREATOR OWNER","Allow","FullControl","True"
"Y:\ttbntfile1\shared\appsdata\groups\1-Administrative\3-ContractingLicenses\Apps_Fees_Certificates_etc\LicenseApplicationsPermitsNotices\Chicago\Ratings\PreviousYears","BUILTIN\Administrators","Allow","FullControl","True"
"Y:\ttbntfile1\shared\appsdata\groups\1-Administrative\3-ContractingLicenses\Apps_Fees_Certificates_etc\LicenseApplicationsPermitsNotices\Chicago\Ratings\PreviousYears","NT AUTHORITY\SYSTEM","Allow","FullControl","True"
"Y:\ttbntfile1\shared\appsdata\groups\1-Administrative\3-ContractingLicenses\Apps_Fees_Certificates_etc\LicenseApplicationsPermitsNotices\Chicago Heights\Emails","TONNANDBLANK\AVD Test Users","Allow","FullControl","True"
"Y:\ttbntfile1\shared\appsdata\groups\1-Administrative\3-ContractingLicenses\Apps_Fees_Certificates_etc\LicenseApplicationsPermitsNotices\Chicago Heights\Emails","TONNANDBLANK\impactadmin","Allow","FullControl","True"
"Y:\ttbntfile1\shared\appsdata\groups\1-Administrative\3-ContractingLicenses\Apps_Fees_Certificates_etc\LicenseApplicationsPermitsNotices\Chicago Heights\Emails","CREATOR OWNER","Allow","FullControl","True"
"Y:\ttbntfile1\shared\appsdata\groups\1-Administrative\3-ContractingLicenses\Apps_Fees_Certificates_etc\LicenseApplicationsPermitsNotices\Chicago Heights\Emails","BUILTIN\Administrators","Allow","FullControl","True"
"Y:\ttbntfile1\shared\appsdata\groups\1-Administrative\3-ContractingLicenses\Apps_Fees_Certificates_etc\LicenseApplicationsPermitsNotices\Chicago Heights\Emails","NT AUTHORITY\SYSTEM","Allow","FullControl","True"
"Y:\ttbntfile1\shared\appsdata\groups\1-Administrative\3-ContractingLicenses\Apps_Fees_Certificates_etc\LicenseApplicationsPermitsNotices\Chicago Heights\Faxes","TONNANDBLANK\AVD Test Users","Allow","FullControl","True"
"Y:\ttbntfile1\shared\appsdata\groups\1-Administrative\3-ContractingLicenses\Apps_Fees_Certificates_etc\LicenseApplicationsPermitsNotices\Chicago Heights\Faxes","TONNANDBLANK\impactadmin","Allow","FullControl","True"
"Y:\ttbntfile1\shared\appsdata\groups\1-Administrative\3-ContractingLicenses\Apps_Fees_Certificates_etc\LicenseApplicationsPermitsNotices\Chicago Heights\Faxes","CREATOR OWNER","Allow","FullControl","True"
"Y:\ttbntfile1\shared\appsdata\groups\1-Administrative\3-ContractingLicenses\Apps_Fees_Certificates_etc\LicenseApplicationsPermitsNotices\Chicago Heights\Faxes","BUILTIN\Administrators","Allow","FullControl","True"
"Y:\ttbntfile1\shared\appsdata\groups\1-Administrative\3-ContractingLicenses\Apps_Fees_Certificates_etc\LicenseApplicationsPermitsNotices\Chicago Heights\Faxes","NT AUTHORITY\SYSTEM","Allow","FullControl","True"
"Y:\ttbntfile1\shared\appsdata\groups\1-Administrative\3-ContractingLicenses\Apps_Fees_Certificates_etc\LicenseApplicationsPermitsNotices\Chicago Heights\PastDocs","TONNANDBLANK\AVD Test Users","Allow","FullControl","True"
"Y:\ttbntfile1\shared\appsdata\groups\1-Administrative\3-ContractingLicenses\Apps_Fees_Certificates_etc\LicenseApplicationsPermitsNotices\Chicago Heights\PastDocs","TONNANDBLANK\impactadmin","Allow","FullControl","True"
"Y:\ttbntfile1\shared\appsdata\groups\1-Administrative\3-ContractingLicenses\Apps_Fees_Certificates_etc\LicenseApplicationsPermitsNotices\Chicago Heights\PastDocs","CREATOR OWNER","Allow","FullControl","True"
"Y:\ttbntfile1\shared\appsdata\groups\1-Administrative\3-ContractingLicenses\Apps_Fees_Certificates_etc\LicenseApplicationsPermitsNotices\Chicago Heights\PastDocs","BUILTIN\Administrators","Allow","FullControl","True"
"Y:\ttbntfile1\shared\appsdata\groups\1-Administrative\3-ContractingLicenses\Apps_Fees_Certificates_etc\LicenseApplicationsPermitsNotices\Chicago Heights\PastDocs","NT AUTHORITY\SYSTEM","Allow","FullControl","True"
"Y:\ttbntfile1\shared\appsdata\groups\1-Administrative\3-ContractingLicenses\Apps_Fees_Certificates_etc\LicenseApplicationsPermitsNotices\Cook County\Emails","TONNANDBLANK\AVD Test Users","Allow","FullControl","True"
"Y:\ttbntfile1\shared\appsdata\groups\1-Administrative\3-ContractingLicenses\Apps_Fees_Certificates_etc\LicenseApplicationsPermitsNotices\Cook County\Emails","TONNANDBLANK\impactadmin","Allow","FullControl","True"
"Y:\ttbntfile1\shared\appsdata\groups\1-Administrative\3-ContractingLicenses\Apps_Fees_Certificates_etc\LicenseApplicationsPermitsNotices\Cook County\Emails","CREATOR OWNER","Allow","FullControl","True"
"Y:\ttbntfile1\shared\appsdata\groups\1-Administrative\3-ContractingLicenses\Apps_Fees_Certificates_etc\LicenseApplicationsPermitsNotices\Cook County\Emails","BUILTIN\Administrators","Allow","FullControl","True"
"Y:\ttbntfile1\shared\appsdata\groups\1-Administrative\3-ContractingLicenses\Apps_Fees_Certificates_etc\LicenseApplicationsPermitsNotices\Cook County\Emails","NT AUTHORITY\SYSTEM","Allow","FullControl","True"
"Y:\ttbntfile1\shared\appsdata\groups\1-Administrative\3-ContractingLicenses\Apps_Fees_Certificates_etc\LicenseApplicationsPermitsNotices\Cook County\Faxes","TONNANDBLANK\AVD Test Users","Allow","FullControl","True"
"Y:\ttbntfile1\shared\appsdata\groups\1-Administrative\3-ContractingLicenses\Apps_Fees_Certificates_etc\LicenseApplicationsPermitsNotices\Cook County\Faxes","TONNANDBLANK\impactadmin","Allow","FullControl","True"
"Y:\ttbntfile1\shared\appsdata\groups\1-Administrative\3-ContractingLicenses\Apps_Fees_Certificates_etc\LicenseApplicationsPermitsNotices\Cook County\Faxes","CREATOR OWNER","Allow","FullControl","True"
"Y:\ttbntfile1\shared\appsdata\groups\1-Administrative\3-ContractingLicenses\Apps_Fees_Certificates_etc\LicenseApplicationsPermitsNotices\Cook County\Faxes","BUILTIN\Administrators","Allow","FullControl","True"
"Y:\ttbntfile1\shared\appsdata\groups\1-Administrative\3-ContractingLicenses\Apps_Fees_Certificates_etc\LicenseApplicationsPermitsNotices\Cook County\Faxes","NT AUTHORITY\SYSTEM","Allow","FullControl","True"
"Y:\ttbntfile1\shared\appsdata\groups\1-Administrative\3-ContractingLicenses\Apps_Fees_Certificates_etc\LicenseApplicationsPermitsNotices\Cook County\PastDocs","TONNANDBLANK\AVD Test Users","Allow","FullControl","True"
"Y:\ttbntfile1\shared\appsdata\groups\1-Administrative\3-ContractingLicenses\Apps_Fees_Certificates_etc\LicenseApplicationsPermitsNotices\Cook County\PastDocs","TONNANDBLANK\impactadmin","Allow","FullControl","True"
"Y:\ttbntfile1\shared\appsdata\groups\1-Administrative\3-ContractingLicenses\Apps_Fees_Certificates_etc\LicenseApplicationsPermitsNotices\Cook County\PastDocs","CREATOR OWNER","Allow","FullControl","True"
"Y:\ttbntfile1\shared\appsdata\groups\1-Administrative\3-ContractingLicenses\Apps_Fees_Certificates_etc\LicenseApplicationsPermitsNotices\Cook County\PastDocs","BUILTIN\Administrators","Allow","FullControl","True"
"Y:\ttbntfile1\shared\appsdata\groups\1-Administrative\3-ContractingLicenses\Apps_Fees_Certificates_etc\LicenseApplicationsPermitsNotices\Cook County\PastDocs","NT AUTHORITY\SYSTEM","Allow","FullControl","True"
"Y:\ttbntfile1\shared\appsdata\groups\1-Administrative\3-ContractingLicenses\Apps_Fees_Certificates_etc\LicenseApplicationsPermitsNotices\Crawfordsville\PastDocs","TONNANDBLANK\AVD Test Users","Allow","FullControl","True"
"Y:\ttbntfile1\shared\appsdata\groups\1-Administrative\3-ContractingLicenses\Apps_Fees_Certificates_etc\LicenseApplicationsPermitsNotices\Crawfordsville\PastDocs","TONNANDBLANK\impactadmin","Allow","FullControl","True"
"Y:\ttbntfile1\shared\appsdata\groups\1-Administrative\3-ContractingLicenses\Apps_Fees_Certificates_etc\LicenseApplicationsPermitsNotices\Crawfordsville\PastDocs","CREATOR OWNER","Allow","FullControl","True"
"Y:\ttbntfile1\shared\appsdata\groups\1-Administrative\3-ContractingLicenses\Apps_Fees_Certificates_etc\LicenseApplicationsPermitsNotices\Crawfordsville\PastDocs","BUILTIN\Administrators","Allow","FullControl","True"
"Y:\ttbntfile1\shared\appsdata\groups\1-Administrative\3-ContractingLicenses\Apps_Fees_Certificates_etc\LicenseApplicationsPermitsNotices\Crawfordsville\PastDocs","NT AUTHORITY\SYSTEM","Allow","FullControl","True"
"Y:\ttbntfile1\shared\appsdata\groups\1-Administrative\3-ContractingLicenses\Apps_Fees_Certificates_etc\LicenseApplicationsPermitsNotices\Crown Point\Emails","TONNANDBLANK\AVD Test Users","Allow","FullControl","True"
"Y:\ttbntfile1\shared\appsdata\groups\1-Administrative\3-ContractingLicenses\Apps_Fees_Certificates_etc\LicenseApplicationsPermitsNotices\Crown Point\Emails","TONNANDBLANK\impactadmin","Allow","FullControl","True"
"Y:\ttbntfile1\shared\appsdata\groups\1-Administrative\3-ContractingLicenses\Apps_Fees_Certificates_etc\LicenseApplicationsPermitsNotices\Crown Point\Emails","CREATOR OWNER","Allow","FullControl","True"
"Y:\ttbntfile1\shared\appsdata\groups\1-Administrative\3-ContractingLicenses\Apps_Fees_Certificates_etc\LicenseApplicationsPermitsNotices\Crown Point\Emails","BUILTIN\Administrators","Allow","FullControl","True"
"Y:\ttbntfile1\shared\appsdata\groups\1-Administrative\3-ContractingLicenses\Apps_Fees_Certificates_etc\LicenseApplicationsPermitsNotices\Crown Point\Emails","NT AUTHORITY\SYSTEM","Allow","FullControl","True"
"Y:\ttbntfile1\shared\appsdata\groups\1-Administrative\3-ContractingLicenses\Apps_Fees_Certificates_etc\LicenseApplicationsPermitsNotices\Crown Point\NEW Permit forms","TONNANDBLANK\AVD Test Users","Allow","FullControl","True"
"Y:\ttbntfile1\shared\appsdata\groups\1-Administrative\3-ContractingLicenses\Apps_Fees_Certificates_etc\LicenseApplicationsPermitsNotices\Crown Point\NEW Permit forms","TONNANDBLANK\impactadmin","Allow","FullControl","True"
"Y:\ttbntfile1\shared\appsdata\groups\1-Administrative\3-ContractingLicenses\Apps_Fees_Certificates_etc\LicenseApplicationsPermitsNotices\Crown Point\NEW Permit forms","CREATOR OWNER","Allow","FullControl","True"
"Y:\ttbntfile1\shared\appsdata\groups\1-Administrative\3-ContractingLicenses\Apps_Fees_Certificates_etc\LicenseApplicationsPermitsNotices\Crown Point\NEW Permit forms","BUILTIN\Administrators","Allow","FullControl","True"
"Y:\ttbntfile1\shared\appsdata\groups\1-Administrative\3-ContractingLicenses\Apps_Fees_Certificates_etc\LicenseApplicationsPermitsNotices\Crown Point\NEW Permit forms","NT AUTHORITY\SYSTEM","Allow","FullControl","True"
"Y:\ttbntfile1\shared\appsdata\groups\1-Administrative\3-ContractingLicenses\Apps_Fees_Certificates_etc\LicenseApplicationsPermitsNotices\Crown Point\Past-ExpiredDocuments","TONNANDBLANK\AVD Test Users","Allow","FullControl","True"
"Y:\ttbntfile1\shared\appsdata\groups\1-Administrative\3-ContractingLicenses\Apps_Fees_Certificates_etc\LicenseApplicationsPermitsNotices\Crown Point\Past-ExpiredDocuments","TONNANDBLANK\impactadmin","Allow","FullControl","True"
"Y:\ttbntfile1\shared\appsdata\groups\1-Administrative\3-ContractingLicenses\Apps_Fees_Certificates_etc\LicenseApplicationsPermitsNotices\Crown Point\Past-ExpiredDocuments","CREATOR OWNER","Allow","FullControl","True"
"Y:\ttbntfile1\shared\appsdata\groups\1-Administrative\3-ContractingLicenses\Apps_Fees_Certificates_etc\LicenseApplicationsPermitsNotices\Crown Point\Past-ExpiredDocuments","BUILTIN\Administrators","Allow","FullControl","True"
"Y:\ttbntfile1\shared\appsdata\groups\1-Administrative\3-ContractingLicenses\Apps_Fees_Certificates_etc\LicenseApplicationsPermitsNotices\Crown Point\Past-ExpiredDocuments","NT AUTHORITY\SYSTEM","Allow","FullControl","True"
"Y:\ttbntfile1\shared\appsdata\groups\1-Administrative\3-ContractingLicenses\Apps_Fees_Certificates_etc\LicenseApplicationsPermitsNotices\Crown Point\sandra.bendix@tonnandblank.com, PW T&B1623Greenwood","TONNANDBLANK\AVD Test Users","Allow","FullControl","True"
"Y:\ttbntfile1\shared\appsdata\groups\1-Administrative\3-ContractingLicenses\Apps_Fees_Certificates_etc\LicenseApplicationsPermitsNotices\Crown Point\sandra.bendix@tonnandblank.com, PW T&B1623Greenwood","TONNANDBLANK\impactadmin","Allow","FullControl","True"
"Y:\ttbntfile1\shared\appsdata\groups\1-Administrative\3-ContractingLicenses\Apps_Fees_Certificates_etc\LicenseApplicationsPermitsNotices\Crown Point\sandra.bendix@tonnandblank.com, PW T&B1623Greenwood","CREATOR OWNER","Allow","FullControl","True"
"Y:\ttbntfile1\shared\appsdata\groups\1-Administrative\3-ContractingLicenses\Apps_Fees_Certificates_etc\LicenseApplicationsPermitsNotices\Crown Point\sandra.bendix@tonnandblank.com, PW T&B1623Greenwood","BUILTIN\Administrators","Allow","FullControl","True"
"Y:\ttbntfile1\shared\appsdata\groups\1-Administrative\3-ContractingLicenses\Apps_Fees_Certificates_etc\LicenseApplicationsPermitsNotices\Crown Point\sandra.bendix@tonnandblank.com, PW T&B1623Greenwood","NT AUTHORITY\SYSTEM","Allow","FullControl","True"
"Y:\ttbntfile1\shared\appsdata\groups\1-Administrative\3-ContractingLicenses\Apps_Fees_Certificates_etc\LicenseApplicationsPermitsNotices\Crown Point\Emails\Previous","TONNANDBLANK\AVD Test Users","Allow","FullControl","True"
"Y:\ttbntfile1\shared\appsdata\groups\1-Administrative\3-ContractingLicenses\Apps_Fees_Certificates_etc\LicenseApplicationsPermitsNotices\Crown Point\Emails\Previous","TONNANDBLANK\impactadmin","Allow","FullControl","True"
"Y:\ttbntfile1\shared\appsdata\groups\1-Administrative\3-ContractingLicenses\Apps_Fees_Certificates_etc\LicenseApplicationsPermitsNotices\Crown Point\Emails\Previous","CREATOR OWNER","Allow","FullControl","True"
"Y:\ttbntfile1\shared\appsdata\groups\1-Administrative\3-ContractingLicenses\Apps_Fees_Certificates_etc\LicenseApplicationsPermitsNotices\Crown Point\Emails\Previous","BUILTIN\Administrators","Allow","FullControl","True"
"Y:\ttbntfile1\shared\appsdata\groups\1-Administrative\3-ContractingLicenses\Apps_Fees_Certificates_etc\LicenseApplicationsPermitsNotices\Crown Point\Emails\Previous","NT AUTHORITY\SYSTEM","Allow","FullControl","True"
"Y:\ttbntfile1\shared\appsdata\groups\1-Administrative\3-ContractingLicenses\Apps_Fees_Certificates_etc\LicenseApplicationsPermitsNotices\Crown Point\NEW Permit forms\Affidavit of Plan Authentications","TONNANDBLANK\AVD Test Users","Allow","FullControl","True"
"Y:\ttbntfile1\shared\appsdata\groups\1-Administrative\3-ContractingLicenses\Apps_Fees_Certificates_etc\LicenseApplicationsPermitsNotices\Crown Point\NEW Permit forms\Affidavit of Plan Authentications","TONNANDBLANK\impactadmin","Allow","FullControl","True"
"Y:\ttbntfile1\shared\appsdata\groups\1-Administrative\3-ContractingLicenses\Apps_Fees_Certificates_etc\LicenseApplicationsPermitsNotices\Crown Point\NEW Permit forms\Affidavit of Plan Authentications","CREATOR OWNER","Allow","FullControl","True"
"Y:\ttbntfile1\shared\appsdata\groups\1-Administrative\3-ContractingLicenses\Apps_Fees_Certificates_etc\LicenseApplicationsPermitsNotices\Crown Point\NEW Permit forms\Affidavit of Plan Authentications","BUILTIN\Administrators","Allow","FullControl","True"
"Y:\ttbntfile1\shared\appsdata\groups\1-Administrative\3-ContractingLicenses\Apps_Fees_Certificates_etc\LicenseApplicationsPermitsNotices\Crown Point\NEW Permit forms\Affidavit of Plan Authentications","NT AUTHORITY\SYSTEM","Allow","FullControl","True"
"Y:\ttbntfile1\shared\appsdata\groups\1-Administrative\3-ContractingLicenses\Apps_Fees_Certificates_etc\LicenseApplicationsPermitsNotices\Crown Point\NEW Permit forms\NOTE - THEY DO NOT ACCEPT PRINTED DWGS - ONLY ACCEPTS EMAIL","TONNANDBLANK\AVD Test Users","Allow","FullControl","True"
"Y:\ttbntfile1\shared\appsdata\groups\1-Administrative\3-ContractingLicenses\Apps_Fees_Certificates_etc\LicenseApplicationsPermitsNotices\Crown Point\NEW Permit forms\NOTE - THEY DO NOT ACCEPT PRINTED DWGS - ONLY ACCEPTS EMAIL","TONNANDBLANK\impactadmin","Allow","FullControl","True"
"Y:\ttbntfile1\shared\appsdata\groups\1-Administrative\3-ContractingLicenses\Apps_Fees_Certificates_etc\LicenseApplicationsPermitsNotices\Crown Point\NEW Permit forms\NOTE - THEY DO NOT ACCEPT PRINTED DWGS - ONLY ACCEPTS EMAIL","CREATOR OWNER","Allow","FullControl","True"
"Y:\ttbntfile1\shared\appsdata\groups\1-Administrative\3-ContractingLicenses\Apps_Fees_Certificates_etc\LicenseApplicationsPermitsNotices\Crown Point\NEW Permit forms\NOTE - THEY DO NOT ACCEPT PRINTED DWGS - ONLY ACCEPTS EMAIL","BUILTIN\Administrators","Allow","FullControl","True"
"Y:\ttbntfile1\shared\appsdata\groups\1-Administrative\3-ContractingLicenses\Apps_Fees_Certificates_etc\LicenseApplicationsPermitsNotices\Crown Point\NEW Permit forms\NOTE - THEY DO NOT ACCEPT PRINTED DWGS - ONLY ACCEPTS EMAIL","NT AUTHORITY\SYSTEM","Allow","FullControl","True"
"Y:\ttbntfile1\shared\appsdata\groups\1-Administrative\3-ContractingLicenses\Apps_Fees_Certificates_etc\LicenseApplicationsPermitsNotices\Crown Point\NEW Permit forms\PermitAdffidavits","TONNANDBLANK\AVD Test Users","Allow","FullControl","True"
"Y:\ttbntfile1\shared\appsdata\groups\1-Administrative\3-ContractingLicenses\Apps_Fees_Certificates_etc\LicenseApplicationsPermitsNotices\Crown Point\NEW Permit forms\PermitAdffidavits","TONNANDBLANK\impactadmin","Allow","FullControl","True"
"Y:\ttbntfile1\shared\appsdata\groups\1-Administrative\3-ContractingLicenses\Apps_Fees_Certificates_etc\LicenseApplicationsPermitsNotices\Crown Point\NEW Permit forms\PermitAdffidavits","CREATOR OWNER","Allow","FullControl","True"
"Y:\ttbntfile1\shared\appsdata\groups\1-Administrative\3-ContractingLicenses\Apps_Fees_Certificates_etc\LicenseApplicationsPermitsNotices\Crown Point\NEW Permit forms\PermitAdffidavits","BUILTIN\Administrators","Allow","FullControl","True"
"Y:\ttbntfile1\shared\appsdata\groups\1-Administrative\3-ContractingLicenses\Apps_Fees_Certificates_etc\LicenseApplicationsPermitsNotices\Crown Point\NEW Permit forms\PermitAdffidavits","NT AUTHORITY\SYSTEM","Allow","FullControl","True"
"Y:\ttbntfile1\shared\appsdata\groups\1-Administrative\3-ContractingLicenses\Apps_Fees_Certificates_etc\LicenseApplicationsPermitsNotices\Crown Point\NEW Permit forms\PermitApps","TONNANDBLANK\AVD Test Users","Allow","FullControl","True"
"Y:\ttbntfile1\shared\appsdata\groups\1-Administrative\3-ContractingLicenses\Apps_Fees_Certificates_etc\LicenseApplicationsPermitsNotices\Crown Point\NEW Permit forms\PermitApps","TONNANDBLANK\impactadmin","Allow","FullControl","True"
"Y:\ttbntfile1\shared\appsdata\groups\1-Administrative\3-ContractingLicenses\Apps_Fees_Certificates_etc\LicenseApplicationsPermitsNotices\Crown Point\NEW Permit forms\PermitApps","CREATOR OWNER","Allow","FullControl","True"
"Y:\ttbntfile1\shared\appsdata\groups\1-Administrative\3-ContractingLicenses\Apps_Fees_Certificates_etc\LicenseApplicationsPermitsNotices\Crown Point\NEW Permit forms\PermitApps","BUILTIN\Administrators","Allow","FullControl","True"
"Y:\ttbntfile1\shared\appsdata\groups\1-Administrative\3-ContractingLicenses\Apps_Fees_Certificates_etc\LicenseApplicationsPermitsNotices\Crown Point\NEW Permit forms\PermitApps","NT AUTHORITY\SYSTEM","Allow","FullControl","True"
"Y:\ttbntfile1\shared\appsdata\groups\1-Administrative\3-ContractingLicenses\Apps_Fees_Certificates_etc\LicenseApplicationsPermitsNotices\Crown Point\NEW Permit forms\PermitAdffidavits\TemplatesForSubs","TONNANDBLANK\AVD Test Users","Allow","FullControl","True"
"Y:\ttbntfile1\shared\appsdata\groups\1-Administrative\3-ContractingLicenses\Apps_Fees_Certificates_etc\LicenseApplicationsPermitsNotices\Crown Point\NEW Permit forms\PermitAdffidavits\TemplatesForSubs","TONNANDBLANK\impactadmin","Allow","FullControl","True"
"Y:\ttbntfile1\shared\appsdata\groups\1-Administrative\3-ContractingLicenses\Apps_Fees_Certificates_etc\LicenseApplicationsPermitsNotices\Crown Point\NEW Permit forms\PermitAdffidavits\TemplatesForSubs","CREATOR OWNER","Allow","FullControl","True"
"Y:\ttbntfile1\shared\appsdata\groups\1-Administrative\3-ContractingLicenses\Apps_Fees_Certificates_etc\LicenseApplicationsPermitsNotices\Crown Point\NEW Permit forms\PermitAdffidavits\TemplatesForSubs","BUILTIN\Administrators","Allow","FullControl","True"
"Y:\ttbntfile1\shared\appsdata\groups\1-Administrative\3-ContractingLicenses\Apps_Fees_Certificates_etc\LicenseApplicationsPermitsNotices\Crown Point\NEW Permit forms\PermitAdffidavits\TemplatesForSubs","NT AUTHORITY\SYSTEM","Allow","FullControl","True"
"Y:\ttbntfile1\shared\appsdata\groups\1-Administrative\3-ContractingLicenses\Apps_Fees_Certificates_etc\LicenseApplicationsPermitsNotices\Crown Point\NEW Permit forms\PermitAdffidavits\TemplatesForSubs\SignedSubForms","TONNANDBLANK\AVD Test Users","Allow","FullControl","True"
"Y:\ttbntfile1\shared\appsdata\groups\1-Administrative\3-ContractingLicenses\Apps_Fees_Certificates_etc\LicenseApplicationsPermitsNotices\Crown Point\NEW Permit forms\PermitAdffidavits\TemplatesForSubs\SignedSubForms","TONNANDBLANK\impactadmin","Allow","FullControl","True"
"Y:\ttbntfile1\shared\appsdata\groups\1-Administrative\3-ContractingLicenses\Apps_Fees_Certificates_etc\LicenseApplicationsPermitsNotices\Crown Point\NEW Permit forms\PermitAdffidavits\TemplatesForSubs\SignedSubForms","CREATOR OWNER","Allow","FullControl","True"
"Y:\ttbntfile1\shared\appsdata\groups\1-Administrative\3-ContractingLicenses\Apps_Fees_Certificates_etc\LicenseApplicationsPermitsNotices\Crown Point\NEW Permit forms\PermitAdffidavits\TemplatesForSubs\SignedSubForms","BUILTIN\Administrators","Allow","FullControl","True"
"Y:\ttbntfile1\shared\appsdata\groups\1-Administrative\3-ContractingLicenses\Apps_Fees_Certificates_etc\LicenseApplicationsPermitsNotices\Crown Point\NEW Permit forms\PermitAdffidavits\TemplatesForSubs\SignedSubForms","NT AUTHORITY\SYSTEM","Allow","FullControl","True"
"Y:\ttbntfile1\shared\appsdata\groups\1-Administrative\3-ContractingLicenses\Apps_Fees_Certificates_etc\LicenseApplicationsPermitsNotices\Crown Point\NEW Permit forms\PermitApps\OutdatedApps","TONNANDBLANK\AVD Test Users","Allow","FullControl","True"
"Y:\ttbntfile1\shared\appsdata\groups\1-Administrative\3-ContractingLicenses\Apps_Fees_Certificates_etc\LicenseApplicationsPermitsNotices\Crown Point\NEW Permit forms\PermitApps\OutdatedApps","TONNANDBLANK\impactadmin","Allow","FullControl","True"
"Y:\ttbntfile1\shared\appsdata\groups\1-Administrative\3-ContractingLicenses\Apps_Fees_Certificates_etc\LicenseApplicationsPermitsNotices\Crown Point\NEW Permit forms\PermitApps\OutdatedApps","CREATOR OWNER","Allow","FullControl","True"
"Y:\ttbntfile1\shared\appsdata\groups\1-Administrative\3-ContractingLicenses\Apps_Fees_Certificates_etc\LicenseApplicationsPermitsNotices\Crown Point\NEW Permit forms\PermitApps\OutdatedApps","BUILTIN\Administrators","Allow","FullControl","True"
"Y:\ttbntfile1\shared\appsdata\groups\1-Administrative\3-ContractingLicenses\Apps_Fees_Certificates_etc\LicenseApplicationsPermitsNotices\Crown Point\NEW Permit forms\PermitApps\OutdatedApps","NT AUTHORITY\SYSTEM","Allow","FullControl","True"
"Y:\ttbntfile1\shared\appsdata\groups\1-Administrative\3-ContractingLicenses\Apps_Fees_Certificates_etc\LicenseApplicationsPermitsNotices\Crown Point\NEW Permit forms\PermitApps\OutdatedApps\OldPermitForms","TONNANDBLANK\AVD Test Users","Allow","FullControl","True"
"Y:\ttbntfile1\shared\appsdata\groups\1-Administrative\3-ContractingLicenses\Apps_Fees_Certificates_etc\LicenseApplicationsPermitsNotices\Crown Point\NEW Permit forms\PermitApps\OutdatedApps\OldPermitForms","TONNANDBLANK\impactadmin","Allow","FullControl","True"
"Y:\ttbntfile1\shared\appsdata\groups\1-Administrative\3-ContractingLicenses\Apps_Fees_Certificates_etc\LicenseApplicationsPermitsNotices\Crown Point\NEW Permit forms\PermitApps\OutdatedApps\OldPermitForms","CREATOR OWNER","Allow","FullControl","True"
"Y:\ttbntfile1\shared\appsdata\groups\1-Administrative\3-ContractingLicenses\Apps_Fees_Certificates_etc\LicenseApplicationsPermitsNotices\Crown Point\NEW Permit forms\PermitApps\OutdatedApps\OldPermitForms","BUILTIN\Administrators","Allow","FullControl","True"
"Y:\ttbntfile1\shared\appsdata\groups\1-Administrative\3-ContractingLicenses\Apps_Fees_Certificates_etc\LicenseApplicationsPermitsNotices\Crown Point\NEW Permit forms\PermitApps\OutdatedApps\OldPermitForms","NT AUTHORITY\SYSTEM","Allow","FullControl","True"
"Y:\ttbntfile1\shared\appsdata\groups\1-Administrative\3-ContractingLicenses\Apps_Fees_Certificates_etc\LicenseApplicationsPermitsNotices\Crown Point\NEW Permit forms\PermitApps\OutdatedApps\OldPermitForms\Blank Forms","TONNANDBLANK\AVD Test Users","Allow","FullControl","True"
"Y:\ttbntfile1\shared\appsdata\groups\1-Administrative\3-ContractingLicenses\Apps_Fees_Certificates_etc\LicenseApplicationsPermitsNotices\Crown Point\NEW Permit forms\PermitApps\OutdatedApps\OldPermitForms\Blank Forms","TONNANDBLANK\impactadmin","Allow","FullControl","True"
"Y:\ttbntfile1\shared\appsdata\groups\1-Administrative\3-ContractingLicenses\Apps_Fees_Certificates_etc\LicenseApplicationsPermitsNotices\Crown Point\NEW Permit forms\PermitApps\OutdatedApps\OldPermitForms\Blank Forms","CREATOR OWNER","Allow","FullControl","True"
"Y:\ttbntfile1\shared\appsdata\groups\1-Administrative\3-ContractingLicenses\Apps_Fees_Certificates_etc\LicenseApplicationsPermitsNotices\Crown Point\NEW Permit forms\PermitApps\OutdatedApps\OldPermitForms\Blank Forms","BUILTIN\Administrators","Allow","FullControl","True"
"Y:\ttbntfile1\shared\appsdata\groups\1-Administrative\3-ContractingLicenses\Apps_Fees_Certificates_etc\LicenseApplicationsPermitsNotices\Crown Point\NEW Permit forms\PermitApps\OutdatedApps\OldPermitForms\Blank Forms","NT AUTHORITY\SYSTEM","Allow","FullControl","True"
"Y:\ttbntfile1\shared\appsdata\groups\1-Administrative\3-ContractingLicenses\Apps_Fees_Certificates_etc\LicenseApplicationsPermitsNotices\Crown Point\NEW Permit forms\PermitApps\OutdatedApps\OldPermitForms\Completed Improvement Forms","TONNANDBLANK\AVD Test Users","Allow","FullControl","True"
"Y:\ttbntfile1\shared\appsdata\groups\1-Administrative\3-ContractingLicenses\Apps_Fees_Certificates_etc\LicenseApplicationsPermitsNotices\Crown Point\NEW Permit forms\PermitApps\OutdatedApps\OldPermitForms\Completed Improvement Forms","TONNANDBLANK\impactadmin","Allow","FullControl","True"
"Y:\ttbntfile1\shared\appsdata\groups\1-Administrative\3-ContractingLicenses\Apps_Fees_Certificates_etc\LicenseApplicationsPermitsNotices\Crown Point\NEW Permit forms\PermitApps\OutdatedApps\OldPermitForms\Completed Improvement Forms","CREATOR OWNER","Allow","FullControl","True"
"Y:\ttbntfile1\shared\appsdata\groups\1-Administrative\3-ContractingLicenses\Apps_Fees_Certificates_etc\LicenseApplicationsPermitsNotices\Crown Point\NEW Permit forms\PermitApps\OutdatedApps\OldPermitForms\Completed Improvement Forms","BUILTIN\Administrators","Allow","FullControl","True"
"Y:\ttbntfile1\shared\appsdata\groups\1-Administrative\3-ContractingLicenses\Apps_Fees_Certificates_etc\LicenseApplicationsPermitsNotices\Crown Point\NEW Permit forms\PermitApps\OutdatedApps\OldPermitForms\Completed Improvement Forms","NT AUTHORITY\SYSTEM","Allow","FullControl","True"
"Y:\ttbntfile1\shared\appsdata\groups\1-Administrative\3-ContractingLicenses\Apps_Fees_Certificates_etc\LicenseApplicationsPermitsNotices\Crown Point\NEW Permit forms\PermitApps\OutdatedApps\OldPermitForms\Misc Subs","TONNANDBLANK\AVD Test Users","Allow","FullControl","True"
"Y:\ttbntfile1\shared\appsdata\groups\1-Administrative\3-ContractingLicenses\Apps_Fees_Certificates_etc\LicenseApplicationsPermitsNotices\Crown Point\NEW Permit forms\PermitApps\OutdatedApps\OldPermitForms\Misc Subs","TONNANDBLANK\impactadmin","Allow","FullControl","True"
"Y:\ttbntfile1\shared\appsdata\groups\1-Administrative\3-ContractingLicenses\Apps_Fees_Certificates_etc\LicenseApplicationsPermitsNotices\Crown Point\NEW Permit forms\PermitApps\OutdatedApps\OldPermitForms\Misc Subs","CREATOR OWNER","Allow","FullControl","True"
"Y:\ttbntfile1\shared\appsdata\groups\1-Administrative\3-ContractingLicenses\Apps_Fees_Certificates_etc\LicenseApplicationsPermitsNotices\Crown Point\NEW Permit forms\PermitApps\OutdatedApps\OldPermitForms\Misc Subs","BUILTIN\Administrators","Allow","FullControl","True"
"Y:\ttbntfile1\shared\appsdata\groups\1-Administrative\3-ContractingLicenses\Apps_Fees_Certificates_etc\LicenseApplicationsPermitsNotices\Crown Point\NEW Permit forms\PermitApps\OutdatedApps\OldPermitForms\Misc Subs","NT AUTHORITY\SYSTEM","Allow","FullControl","True"
"Y:\ttbntfile1\shared\appsdata\groups\1-Administrative\3-ContractingLicenses\Apps_Fees_Certificates_etc\LicenseApplicationsPermitsNotices\Crown Point\NEW Permit forms\PermitApps\OutdatedApps\OldPermitForms\Completed Improvement Forms\Outdated Forms","TONNANDBLANK\AVD Test Users","Allow","FullControl","True"
"Y:\ttbntfile1\shared\appsdata\groups\1-Administrative\3-ContractingLicenses\Apps_Fees_Certificates_etc\LicenseApplicationsPermitsNotices\Crown Point\NEW Permit forms\PermitApps\OutdatedApps\OldPermitForms\Completed Improvement Forms\Outdated Forms","TONNANDBLANK\impactadmin","Allow","FullControl","True"
"Y:\ttbntfile1\shared\appsdata\groups\1-Administrative\3-ContractingLicenses\Apps_Fees_Certificates_etc\LicenseApplicationsPermitsNotices\Crown Point\NEW Permit forms\PermitApps\OutdatedApps\OldPermitForms\Completed Improvement Forms\Outdated Forms","CREATOR OWNER","Allow","FullControl","True"
"Y:\ttbntfile1\shared\appsdata\groups\1-Administrative\3-ContractingLicenses\Apps_Fees_Certificates_etc\LicenseApplicationsPermitsNotices\Crown Point\NEW Permit forms\PermitApps\OutdatedApps\OldPermitForms\Completed Improvement Forms\Outdated Forms","BUILTIN\Administrators","Allow","FullControl","True"
"Y:\ttbntfile1\shared\appsdata\groups\1-Administrative\3-ContractingLicenses\Apps_Fees_Certificates_etc\LicenseApplicationsPermitsNotices\Crown Point\NEW Permit forms\PermitApps\OutdatedApps\OldPermitForms\Completed Improvement Forms\Outdated Forms","NT AUTHORITY\SYSTEM","Allow","FullControl","True"
"Y:\ttbntfile1\shared\appsdata\groups\1-Administrative\3-ContractingLicenses\Apps_Fees_Certificates_etc\LicenseApplicationsPermitsNotices\Danville\emails","TONNANDBLANK\AVD Test Users","Allow","FullControl","True"
"Y:\ttbntfile1\shared\appsdata\groups\1-Administrative\3-ContractingLicenses\Apps_Fees_Certificates_etc\LicenseApplicationsPermitsNotices\Danville\emails","TONNANDBLANK\impactadmin","Allow","FullControl","True"
"Y:\ttbntfile1\shared\appsdata\groups\1-Administrative\3-ContractingLicenses\Apps_Fees_Certificates_etc\LicenseApplicationsPermitsNotices\Danville\emails","CREATOR OWNER","Allow","FullControl","True"
"Y:\ttbntfile1\shared\appsdata\groups\1-Administrative\3-ContractingLicenses\Apps_Fees_Certificates_etc\LicenseApplicationsPermitsNotices\Danville\emails","BUILTIN\Administrators","Allow","FullControl","True"
"Y:\ttbntfile1\shared\appsdata\groups\1-Administrative\3-ContractingLicenses\Apps_Fees_Certificates_etc\LicenseApplicationsPermitsNotices\Danville\emails","NT AUTHORITY\SYSTEM","Allow","FullControl","True"
"Y:\ttbntfile1\shared\appsdata\groups\1-Administrative\3-ContractingLicenses\Apps_Fees_Certificates_etc\LicenseApplicationsPermitsNotices\Danville\PastDocs","TONNANDBLANK\AVD Test Users","Allow","FullControl","True"
"Y:\ttbntfile1\shared\appsdata\groups\1-Administrative\3-ContractingLicenses\Apps_Fees_Certificates_etc\LicenseApplicationsPermitsNotices\Danville\PastDocs","TONNANDBLANK\impactadmin","Allow","FullControl","True"
"Y:\ttbntfile1\shared\appsdata\groups\1-Administrative\3-ContractingLicenses\Apps_Fees_Certificates_etc\LicenseApplicationsPermitsNotices\Danville\PastDocs","CREATOR OWNER","Allow","FullControl","True"
"Y:\ttbntfile1\shared\appsdata\groups\1-Administrative\3-ContractingLicenses\Apps_Fees_Certificates_etc\LicenseApplicationsPermitsNotices\Danville\PastDocs","BUILTIN\Administrators","Allow","FullControl","True"
"Y:\ttbntfile1\shared\appsdata\groups\1-Administrative\3-ContractingLicenses\Apps_Fees_Certificates_etc\LicenseApplicationsPermitsNotices\Danville\PastDocs","NT AUTHORITY\SYSTEM","Allow","FullControl","True"
"Y:\ttbntfile1\shared\appsdata\groups\1-Administrative\3-ContractingLicenses\Apps_Fees_Certificates_etc\LicenseApplicationsPermitsNotices\DeKalb\Emails","TONNANDBLANK\AVD Test Users","Allow","FullControl","True"
"Y:\ttbntfile1\shared\appsdata\groups\1-Administrative\3-ContractingLicenses\Apps_Fees_Certificates_etc\LicenseApplicationsPermitsNotices\DeKalb\Emails","TONNANDBLANK\impactadmin","Allow","FullControl","True"
"Y:\ttbntfile1\shared\appsdata\groups\1-Administrative\3-ContractingLicenses\Apps_Fees_Certificates_etc\LicenseApplicationsPermitsNotices\DeKalb\Emails","CREATOR OWNER","Allow","FullControl","True"
"Y:\ttbntfile1\shared\appsdata\groups\1-Administrative\3-ContractingLicenses\Apps_Fees_Certificates_etc\LicenseApplicationsPermitsNotices\DeKalb\Emails","BUILTIN\Administrators","Allow","FullControl","True"
"Y:\ttbntfile1\shared\appsdata\groups\1-Administrative\3-ContractingLicenses\Apps_Fees_Certificates_etc\LicenseApplicationsPermitsNotices\DeKalb\Emails","NT AUTHORITY\SYSTEM","Allow","FullControl","True"
"Y:\ttbntfile1\shared\appsdata\groups\1-Administrative\3-ContractingLicenses\Apps_Fees_Certificates_etc\LicenseApplicationsPermitsNotices\DeKalb\PastDocuments","TONNANDBLANK\AVD Test Users","Allow","FullControl","True"
"Y:\ttbntfile1\shared\appsdata\groups\1-Administrative\3-ContractingLicenses\Apps_Fees_Certificates_etc\LicenseApplicationsPermitsNotices\DeKalb\PastDocuments","TONNANDBLANK\impactadmin","Allow","FullControl","True"
"Y:\ttbntfile1\shared\appsdata\groups\1-Administrative\3-ContractingLicenses\Apps_Fees_Certificates_etc\LicenseApplicationsPermitsNotices\DeKalb\PastDocuments","CREATOR OWNER","Allow","FullControl","True"
"Y:\ttbntfile1\shared\appsdata\groups\1-Administrative\3-ContractingLicenses\Apps_Fees_Certificates_etc\LicenseApplicationsPermitsNotices\DeKalb\PastDocuments","BUILTIN\Administrators","Allow","FullControl","True"
"Y:\ttbntfile1\shared\appsdata\groups\1-Administrative\3-ContractingLicenses\Apps_Fees_Certificates_etc\LicenseApplicationsPermitsNotices\DeKalb\PastDocuments","NT AUTHORITY\SYSTEM","Allow","FullControl","True"
"Y:\ttbntfile1\shared\appsdata\groups\1-Administrative\3-ContractingLicenses\Apps_Fees_Certificates_etc\LicenseApplicationsPermitsNotices\Dyer\Old Forms","TONNANDBLANK\AVD Test Users","Allow","FullControl","True"
"Y:\ttbntfile1\shared\appsdata\groups\1-Administrative\3-ContractingLicenses\Apps_Fees_Certificates_etc\LicenseApplicationsPermitsNotices\Dyer\Old Forms","TONNANDBLANK\impactadmin","Allow","FullControl","True"
"Y:\ttbntfile1\shared\appsdata\groups\1-Administrative\3-ContractingLicenses\Apps_Fees_Certificates_etc\LicenseApplicationsPermitsNotices\Dyer\Old Forms","CREATOR OWNER","Allow","FullControl","True"
"Y:\ttbntfile1\shared\appsdata\groups\1-Administrative\3-ContractingLicenses\Apps_Fees_Certificates_etc\LicenseApplicationsPermitsNotices\Dyer\Old Forms","BUILTIN\Administrators","Allow","FullControl","True"
"Y:\ttbntfile1\shared\appsdata\groups\1-Administrative\3-ContractingLicenses\Apps_Fees_Certificates_etc\LicenseApplicationsPermitsNotices\Dyer\Old Forms","NT AUTHORITY\SYSTEM","Allow","FullControl","True"
"Y:\ttbntfile1\shared\appsdata\groups\1-Administrative\3-ContractingLicenses\Apps_Fees_Certificates_etc\LicenseApplicationsPermitsNotices\East Chicago\Emails","TONNANDBLANK\AVD Test Users","Allow","FullControl","True"
"Y:\ttbntfile1\shared\appsdata\groups\1-Administrative\3-ContractingLicenses\Apps_Fees_Certificates_etc\LicenseApplicationsPermitsNotices\East Chicago\Emails","TONNANDBLANK\impactadmin","Allow","FullControl","True"
"Y:\ttbntfile1\shared\appsdata\groups\1-Administrative\3-ContractingLicenses\Apps_Fees_Certificates_etc\LicenseApplicationsPermitsNotices\East Chicago\Emails","CREATOR OWNER","Allow","FullControl","True"
"Y:\ttbntfile1\shared\appsdata\groups\1-Administrative\3-ContractingLicenses\Apps_Fees_Certificates_etc\LicenseApplicationsPermitsNotices\East Chicago\Emails","BUILTIN\Administrators","Allow","FullControl","True"
"Y:\ttbntfile1\shared\appsdata\groups\1-Administrative\3-ContractingLicenses\Apps_Fees_Certificates_etc\LicenseApplicationsPermitsNotices\East Chicago\Emails","NT AUTHORITY\SYSTEM","Allow","FullControl","True"
"Y:\ttbntfile1\shared\appsdata\groups\1-Administrative\3-ContractingLicenses\Apps_Fees_Certificates_etc\LicenseApplicationsPermitsNotices\East Chicago\PastDocs","TONNANDBLANK\AVD Test Users","Allow","FullControl","True"
"Y:\ttbntfile1\shared\appsdata\groups\1-Administrative\3-ContractingLicenses\Apps_Fees_Certificates_etc\LicenseApplicationsPermitsNotices\East Chicago\PastDocs","TONNANDBLANK\impactadmin","Allow","FullControl","True"
"Y:\ttbntfile1\shared\appsdata\groups\1-Administrative\3-ContractingLicenses\Apps_Fees_Certificates_etc\LicenseApplicationsPermitsNotices\East Chicago\PastDocs","CREATOR OWNER","Allow","FullControl","True"
"Y:\ttbntfile1\shared\appsdata\groups\1-Administrative\3-ContractingLicenses\Apps_Fees_Certificates_etc\LicenseApplicationsPermitsNotices\East Chicago\PastDocs","BUILTIN\Administrators","Allow","FullControl","True"
"Y:\ttbntfile1\shared\appsdata\groups\1-Administrative\3-ContractingLicenses\Apps_Fees_Certificates_etc\LicenseApplicationsPermitsNotices\East Chicago\PastDocs","NT AUTHORITY\SYSTEM","Allow","FullControl","True"
"Y:\ttbntfile1\shared\appsdata\groups\1-Administrative\3-ContractingLicenses\Apps_Fees_Certificates_etc\LicenseApplicationsPermitsNotices\East Chicago\Emails\PastEmails","TONNANDBLANK\AVD Test Users","Allow","FullControl","True"
"Y:\ttbntfile1\shared\appsdata\groups\1-Administrative\3-ContractingLicenses\Apps_Fees_Certificates_etc\LicenseApplicationsPermitsNotices\East Chicago\Emails\PastEmails","TONNANDBLANK\impactadmin","Allow","FullControl","True"
"Y:\ttbntfile1\shared\appsdata\groups\1-Administrative\3-ContractingLicenses\Apps_Fees_Certificates_etc\LicenseApplicationsPermitsNotices\East Chicago\Emails\PastEmails","CREATOR OWNER","Allow","FullControl","True"
"Y:\ttbntfile1\shared\appsdata\groups\1-Administrative\3-ContractingLicenses\Apps_Fees_Certificates_etc\LicenseApplicationsPermitsNotices\East Chicago\Emails\PastEmails","BUILTIN\Administrators","Allow","FullControl","True"
"Y:\ttbntfile1\shared\appsdata\groups\1-Administrative\3-ContractingLicenses\Apps_Fees_Certificates_etc\LicenseApplicationsPermitsNotices\East Chicago\Emails\PastEmails","NT AUTHORITY\SYSTEM","Allow","FullControl","True"
"Y:\ttbntfile1\shared\appsdata\groups\1-Administrative\3-ContractingLicenses\Apps_Fees_Certificates_etc\LicenseApplicationsPermitsNotices\Evergreen Park\Emails","TONNANDBLANK\AVD Test Users","Allow","FullControl","True"
"Y:\ttbntfile1\shared\appsdata\groups\1-Administrative\3-ContractingLicenses\Apps_Fees_Certificates_etc\LicenseApplicationsPermitsNotices\Evergreen Park\Emails","TONNANDBLANK\impactadmin","Allow","FullControl","True"
"Y:\ttbntfile1\shared\appsdata\groups\1-Administrative\3-ContractingLicenses\Apps_Fees_Certificates_etc\LicenseApplicationsPermitsNotices\Evergreen Park\Emails","CREATOR OWNER","Allow","FullControl","True"
"Y:\ttbntfile1\shared\appsdata\groups\1-Administrative\3-ContractingLicenses\Apps_Fees_Certificates_etc\LicenseApplicationsPermitsNotices\Evergreen Park\Emails","BUILTIN\Administrators","Allow","FullControl","True"
"Y:\ttbntfile1\shared\appsdata\groups\1-Administrative\3-ContractingLicenses\Apps_Fees_Certificates_etc\LicenseApplicationsPermitsNotices\Evergreen Park\Emails","NT AUTHORITY\SYSTEM","Allow","FullControl","True"
"Y:\ttbntfile1\shared\appsdata\groups\1-Administrative\3-ContractingLicenses\Apps_Fees_Certificates_etc\LicenseApplicationsPermitsNotices\Evergreen Park\Past_Expired","TONNANDBLANK\AVD Test Users","Allow","FullControl","True"
"Y:\ttbntfile1\shared\appsdata\groups\1-Administrative\3-ContractingLicenses\Apps_Fees_Certificates_etc\LicenseApplicationsPermitsNotices\Evergreen Park\Past_Expired","TONNANDBLANK\impactadmin","Allow","FullControl","True"
"Y:\ttbntfile1\shared\appsdata\groups\1-Administrative\3-ContractingLicenses\Apps_Fees_Certificates_etc\LicenseApplicationsPermitsNotices\Evergreen Park\Past_Expired","CREATOR OWNER","Allow","FullControl","True"
"Y:\ttbntfile1\shared\appsdata\groups\1-Administrative\3-ContractingLicenses\Apps_Fees_Certificates_etc\LicenseApplicationsPermitsNotices\Evergreen Park\Past_Expired","BUILTIN\Administrators","Allow","FullControl","True"
"Y:\ttbntfile1\shared\appsdata\groups\1-Administrative\3-ContractingLicenses\Apps_Fees_Certificates_etc\LicenseApplicationsPermitsNotices\Evergreen Park\Past_Expired","NT AUTHORITY\SYSTEM","Allow","FullControl","True"
"Y:\ttbntfile1\shared\appsdata\groups\1-Administrative\3-ContractingLicenses\Apps_Fees_Certificates_etc\LicenseApplicationsPermitsNotices\Frankfort\emails","TONNANDBLANK\AVD Test Users","Allow","FullControl","True"
"Y:\ttbntfile1\shared\appsdata\groups\1-Administrative\3-ContractingLicenses\Apps_Fees_Certificates_etc\LicenseApplicationsPermitsNotices\Frankfort\emails","TONNANDBLANK\impactadmin","Allow","FullControl","True"
"Y:\ttbntfile1\shared\appsdata\groups\1-Administrative\3-ContractingLicenses\Apps_Fees_Certificates_etc\LicenseApplicationsPermitsNotices\Frankfort\emails","CREATOR OWNER","Allow","FullControl","True"
"Y:\ttbntfile1\shared\appsdata\groups\1-Administrative\3-ContractingLicenses\Apps_Fees_Certificates_etc\LicenseApplicationsPermitsNotices\Frankfort\emails","BUILTIN\Administrators","Allow","FullControl","True"
"Y:\ttbntfile1\shared\appsdata\groups\1-Administrative\3-ContractingLicenses\Apps_Fees_Certificates_etc\LicenseApplicationsPermitsNotices\Frankfort\emails","NT AUTHORITY\SYSTEM","Allow","FullControl","True"
"Y:\ttbntfile1\shared\appsdata\groups\1-Administrative\3-ContractingLicenses\Apps_Fees_Certificates_etc\LicenseApplicationsPermitsNotices\Frankfort\OldDocs","TONNANDBLANK\AVD Test Users","Allow","FullControl","True"
"Y:\ttbntfile1\shared\appsdata\groups\1-Administrative\3-ContractingLicenses\Apps_Fees_Certificates_etc\LicenseApplicationsPermitsNotices\Frankfort\OldDocs","TONNANDBLANK\impactadmin","Allow","FullControl","True"
"Y:\ttbntfile1\shared\appsdata\groups\1-Administrative\3-ContractingLicenses\Apps_Fees_Certificates_etc\LicenseApplicationsPermitsNotices\Frankfort\OldDocs","CREATOR OWNER","Allow","FullControl","True"
"Y:\ttbntfile1\shared\appsdata\groups\1-Administrative\3-ContractingLicenses\Apps_Fees_Certificates_etc\LicenseApplicationsPermitsNotices\Frankfort\OldDocs","BUILTIN\Administrators","Allow","FullControl","True"
"Y:\ttbntfile1\shared\appsdata\groups\1-Administrative\3-ContractingLicenses\Apps_Fees_Certificates_etc\LicenseApplicationsPermitsNotices\Frankfort\OldDocs","NT AUTHORITY\SYSTEM","Allow","FullControl","True"
"Y:\ttbntfile1\shared\appsdata\groups\1-Administrative\3-ContractingLicenses\Apps_Fees_Certificates_etc\LicenseApplicationsPermitsNotices\Frankfort\emails\PastEmails","TONNANDBLANK\AVD Test Users","Allow","FullControl","True"
"Y:\ttbntfile1\shared\appsdata\groups\1-Administrative\3-ContractingLicenses\Apps_Fees_Certificates_etc\LicenseApplicationsPermitsNotices\Frankfort\emails\PastEmails","TONNANDBLANK\impactadmin","Allow","FullControl","True"
"Y:\ttbntfile1\shared\appsdata\groups\1-Administrative\3-ContractingLicenses\Apps_Fees_Certificates_etc\LicenseApplicationsPermitsNotices\Frankfort\emails\PastEmails","CREATOR OWNER","Allow","FullControl","True"
"Y:\ttbntfile1\shared\appsdata\groups\1-Administrative\3-ContractingLicenses\Apps_Fees_Certificates_etc\LicenseApplicationsPermitsNotices\Frankfort\emails\PastEmails","BUILTIN\Administrators","Allow","FullControl","True"
"Y:\ttbntfile1\shared\appsdata\groups\1-Administrative\3-ContractingLicenses\Apps_Fees_Certificates_etc\LicenseApplicationsPermitsNotices\Frankfort\emails\PastEmails","NT AUTHORITY\SYSTEM","Allow","FullControl","True"
"Y:\ttbntfile1\shared\appsdata\groups\1-Administrative\3-ContractingLicenses\Apps_Fees_Certificates_etc\LicenseApplicationsPermitsNotices\Gary\Emails","TONNANDBLANK\AVD Test Users","Allow","FullControl","True"
"Y:\ttbntfile1\shared\appsdata\groups\1-Administrative\3-ContractingLicenses\Apps_Fees_Certificates_etc\LicenseApplicationsPermitsNotices\Gary\Emails","TONNANDBLANK\impactadmin","Allow","FullControl","True"
"Y:\ttbntfile1\shared\appsdata\groups\1-Administrative\3-ContractingLicenses\Apps_Fees_Certificates_etc\LicenseApplicationsPermitsNotices\Gary\Emails","CREATOR OWNER","Allow","FullControl","True"
"Y:\ttbntfile1\shared\appsdata\groups\1-Administrative\3-ContractingLicenses\Apps_Fees_Certificates_etc\LicenseApplicationsPermitsNotices\Gary\Emails","BUILTIN\Administrators","Allow","FullControl","True"
"Y:\ttbntfile1\shared\appsdata\groups\1-Administrative\3-ContractingLicenses\Apps_Fees_Certificates_etc\LicenseApplicationsPermitsNotices\Gary\Emails","NT AUTHORITY\SYSTEM","Allow","FullControl","True"
"Y:\ttbntfile1\shared\appsdata\groups\1-Administrative\3-ContractingLicenses\Apps_Fees_Certificates_etc\LicenseApplicationsPermitsNotices\Gary\Expired_Old Forms","TONNANDBLANK\AVD Test Users","Allow","FullControl","True"
"Y:\ttbntfile1\shared\appsdata\groups\1-Administrative\3-ContractingLicenses\Apps_Fees_Certificates_etc\LicenseApplicationsPermitsNotices\Gary\Expired_Old Forms","TONNANDBLANK\impactadmin","Allow","FullControl","True"
"Y:\ttbntfile1\shared\appsdata\groups\1-Administrative\3-ContractingLicenses\Apps_Fees_Certificates_etc\LicenseApplicationsPermitsNotices\Gary\Expired_Old Forms","CREATOR OWNER","Allow","FullControl","True"
"Y:\ttbntfile1\shared\appsdata\groups\1-Administrative\3-ContractingLicenses\Apps_Fees_Certificates_etc\LicenseApplicationsPermitsNotices\Gary\Expired_Old Forms","BUILTIN\Administrators","Allow","FullControl","True"
"Y:\ttbntfile1\shared\appsdata\groups\1-Administrative\3-ContractingLicenses\Apps_Fees_Certificates_etc\LicenseApplicationsPermitsNotices\Gary\Expired_Old Forms","NT AUTHORITY\SYSTEM","Allow","FullControl","True"
"Y:\ttbntfile1\shared\appsdata\groups\1-Administrative\3-ContractingLicenses\Apps_Fees_Certificates_etc\LicenseApplicationsPermitsNotices\Gary\LicensesUsedFor2023-Renewal","TONNANDBLANK\AVD Test Users","Allow","FullControl","True"
"Y:\ttbntfile1\shared\appsdata\groups\1-Administrative\3-ContractingLicenses\Apps_Fees_Certificates_etc\LicenseApplicationsPermitsNotices\Gary\LicensesUsedFor2023-Renewal","TONNANDBLANK\impactadmin","Allow","FullControl","True"
"Y:\ttbntfile1\shared\appsdata\groups\1-Administrative\3-ContractingLicenses\Apps_Fees_Certificates_etc\LicenseApplicationsPermitsNotices\Gary\LicensesUsedFor2023-Renewal","CREATOR OWNER","Allow","FullControl","True"
"Y:\ttbntfile1\shared\appsdata\groups\1-Administrative\3-ContractingLicenses\Apps_Fees_Certificates_etc\LicenseApplicationsPermitsNotices\Gary\LicensesUsedFor2023-Renewal","BUILTIN\Administrators","Allow","FullControl","True"
"Y:\ttbntfile1\shared\appsdata\groups\1-Administrative\3-ContractingLicenses\Apps_Fees_Certificates_etc\LicenseApplicationsPermitsNotices\Gary\LicensesUsedFor2023-Renewal","NT AUTHORITY\SYSTEM","Allow","FullControl","True"
"Y:\ttbntfile1\shared\appsdata\groups\1-Administrative\3-ContractingLicenses\Apps_Fees_Certificates_etc\LicenseApplicationsPermitsNotices\Gary\Emails\Past","TONNANDBLANK\AVD Test Users","Allow","FullControl","True"
"Y:\ttbntfile1\shared\appsdata\groups\1-Administrative\3-ContractingLicenses\Apps_Fees_Certificates_etc\LicenseApplicationsPermitsNotices\Gary\Emails\Past","TONNANDBLANK\impactadmin","Allow","FullControl","True"
"Y:\ttbntfile1\shared\appsdata\groups\1-Administrative\3-ContractingLicenses\Apps_Fees_Certificates_etc\LicenseApplicationsPermitsNotices\Gary\Emails\Past","CREATOR OWNER","Allow","FullControl","True"
"Y:\ttbntfile1\shared\appsdata\groups\1-Administrative\3-ContractingLicenses\Apps_Fees_Certificates_etc\LicenseApplicationsPermitsNotices\Gary\Emails\Past","BUILTIN\Administrators","Allow","FullControl","True"
"Y:\ttbntfile1\shared\appsdata\groups\1-Administrative\3-ContractingLicenses\Apps_Fees_Certificates_etc\LicenseApplicationsPermitsNotices\Gary\Emails\Past","NT AUTHORITY\SYSTEM","Allow","FullControl","True"
"Y:\ttbntfile1\shared\appsdata\groups\1-Administrative\3-ContractingLicenses\Apps_Fees_Certificates_etc\LicenseApplicationsPermitsNotices\Gary\Expired_Old Forms\AffidavitOfEndorsements-NeededForHVACLicense-Ernest","TONNANDBLANK\AVD Test Users","Allow","FullControl","True"
"Y:\ttbntfile1\shared\appsdata\groups\1-Administrative\3-ContractingLicenses\Apps_Fees_Certificates_etc\LicenseApplicationsPermitsNotices\Gary\Expired_Old Forms\AffidavitOfEndorsements-NeededForHVACLicense-Ernest","TONNANDBLANK\impactadmin","Allow","FullControl","True"
"Y:\ttbntfile1\shared\appsdata\groups\1-Administrative\3-ContractingLicenses\Apps_Fees_Certificates_etc\LicenseApplicationsPermitsNotices\Gary\Expired_Old Forms\AffidavitOfEndorsements-NeededForHVACLicense-Ernest","CREATOR OWNER","Allow","FullControl","True"
"Y:\ttbntfile1\shared\appsdata\groups\1-Administrative\3-ContractingLicenses\Apps_Fees_Certificates_etc\LicenseApplicationsPermitsNotices\Gary\Expired_Old Forms\AffidavitOfEndorsements-NeededForHVACLicense-Ernest","BUILTIN\Administrators","Allow","FullControl","True"
"Y:\ttbntfile1\shared\appsdata\groups\1-Administrative\3-ContractingLicenses\Apps_Fees_Certificates_etc\LicenseApplicationsPermitsNotices\Gary\Expired_Old Forms\AffidavitOfEndorsements-NeededForHVACLicense-Ernest","NT AUTHORITY\SYSTEM","Allow","FullControl","True"
"Y:\ttbntfile1\shared\appsdata\groups\1-Administrative\3-ContractingLicenses\Apps_Fees_Certificates_etc\LicenseApplicationsPermitsNotices\Griffith\Emails","TONNANDBLANK\AVD Test Users","Allow","FullControl","True"
"Y:\ttbntfile1\shared\appsdata\groups\1-Administrative\3-ContractingLicenses\Apps_Fees_Certificates_etc\LicenseApplicationsPermitsNotices\Griffith\Emails","TONNANDBLANK\impactadmin","Allow","FullControl","True"
"Y:\ttbntfile1\shared\appsdata\groups\1-Administrative\3-ContractingLicenses\Apps_Fees_Certificates_etc\LicenseApplicationsPermitsNotices\Griffith\Emails","CREATOR OWNER","Allow","FullControl","True"
"Y:\ttbntfile1\shared\appsdata\groups\1-Administrative\3-ContractingLicenses\Apps_Fees_Certificates_etc\LicenseApplicationsPermitsNotices\Griffith\Emails","BUILTIN\Administrators","Allow","FullControl","True"
"Y:\ttbntfile1\shared\appsdata\groups\1-Administrative\3-ContractingLicenses\Apps_Fees_Certificates_etc\LicenseApplicationsPermitsNotices\Griffith\Emails","NT AUTHORITY\SYSTEM","Allow","FullControl","True"
"Y:\ttbntfile1\shared\appsdata\groups\1-Administrative\3-ContractingLicenses\Apps_Fees_Certificates_etc\LicenseApplicationsPermitsNotices\Griffith\PastDocs","TONNANDBLANK\AVD Test Users","Allow","FullControl","True"
"Y:\ttbntfile1\shared\appsdata\groups\1-Administrative\3-ContractingLicenses\Apps_Fees_Certificates_etc\LicenseApplicationsPermitsNotices\Griffith\PastDocs","TONNANDBLANK\impactadmin","Allow","FullControl","True"
"Y:\ttbntfile1\shared\appsdata\groups\1-Administrative\3-ContractingLicenses\Apps_Fees_Certificates_etc\LicenseApplicationsPermitsNotices\Griffith\PastDocs","CREATOR OWNER","Allow","FullControl","True"
"Y:\ttbntfile1\shared\appsdata\groups\1-Administrative\3-ContractingLicenses\Apps_Fees_Certificates_etc\LicenseApplicationsPermitsNotices\Griffith\PastDocs","BUILTIN\Administrators","Allow","FullControl","True"
"Y:\ttbntfile1\shared\appsdata\groups\1-Administrative\3-ContractingLicenses\Apps_Fees_Certificates_etc\LicenseApplicationsPermitsNotices\Griffith\PastDocs","NT AUTHORITY\SYSTEM","Allow","FullControl","True"
"Y:\ttbntfile1\shared\appsdata\groups\1-Administrative\3-ContractingLicenses\Apps_Fees_Certificates_etc\LicenseApplicationsPermitsNotices\Griffith\Emails\PastEmails","TONNANDBLANK\AVD Test Users","Allow","FullControl","True"
"Y:\ttbntfile1\shared\appsdata\groups\1-Administrative\3-ContractingLicenses\Apps_Fees_Certificates_etc\LicenseApplicationsPermitsNotices\Griffith\Emails\PastEmails","TONNANDBLANK\impactadmin","Allow","FullControl","True"
"Y:\ttbntfile1\shared\appsdata\groups\1-Administrative\3-ContractingLicenses\Apps_Fees_Certificates_etc\LicenseApplicationsPermitsNotices\Griffith\Emails\PastEmails","CREATOR OWNER","Allow","FullControl","True"
"Y:\ttbntfile1\shared\appsdata\groups\1-Administrative\3-ContractingLicenses\Apps_Fees_Certificates_etc\LicenseApplicationsPermitsNotices\Griffith\Emails\PastEmails","BUILTIN\Administrators","Allow","FullControl","True"
"Y:\ttbntfile1\shared\appsdata\groups\1-Administrative\3-ContractingLicenses\Apps_Fees_Certificates_etc\LicenseApplicationsPermitsNotices\Griffith\Emails\PastEmails","NT AUTHORITY\SYSTEM","Allow","FullControl","True"
"Y:\ttbntfile1\shared\appsdata\groups\1-Administrative\3-ContractingLicenses\Apps_Fees_Certificates_etc\LicenseApplicationsPermitsNotices\Hammond\Emails","TONNANDBLANK\AVD Test Users","Allow","FullControl","True"
"Y:\ttbntfile1\shared\appsdata\groups\1-Administrative\3-ContractingLicenses\Apps_Fees_Certificates_etc\LicenseApplicationsPermitsNotices\Hammond\Emails","TONNANDBLANK\impactadmin","Allow","FullControl","True"
"Y:\ttbntfile1\shared\appsdata\groups\1-Administrative\3-ContractingLicenses\Apps_Fees_Certificates_etc\LicenseApplicationsPermitsNotices\Hammond\Emails","CREATOR OWNER","Allow","FullControl","True"
"Y:\ttbntfile1\shared\appsdata\groups\1-Administrative\3-ContractingLicenses\Apps_Fees_Certificates_etc\LicenseApplicationsPermitsNotices\Hammond\Emails","BUILTIN\Administrators","Allow","FullControl","True"
"Y:\ttbntfile1\shared\appsdata\groups\1-Administrative\3-ContractingLicenses\Apps_Fees_Certificates_etc\LicenseApplicationsPermitsNotices\Hammond\Emails","NT AUTHORITY\SYSTEM","Allow","FullControl","True"
"Y:\ttbntfile1\shared\appsdata\groups\1-Administrative\3-ContractingLicenses\Apps_Fees_Certificates_etc\LicenseApplicationsPermitsNotices\Hammond\Fax","TONNANDBLANK\AVD Test Users","Allow","FullControl","True"
"Y:\ttbntfile1\shared\appsdata\groups\1-Administrative\3-ContractingLicenses\Apps_Fees_Certificates_etc\LicenseApplicationsPermitsNotices\Hammond\Fax","TONNANDBLANK\impactadmin","Allow","FullControl","True"
"Y:\ttbntfile1\shared\appsdata\groups\1-Administrative\3-ContractingLicenses\Apps_Fees_Certificates_etc\LicenseApplicationsPermitsNotices\Hammond\Fax","CREATOR OWNER","Allow","FullControl","True"
"Y:\ttbntfile1\shared\appsdata\groups\1-Administrative\3-ContractingLicenses\Apps_Fees_Certificates_etc\LicenseApplicationsPermitsNotices\Hammond\Fax","BUILTIN\Administrators","Allow","FullControl","True"
"Y:\ttbntfile1\shared\appsdata\groups\1-Administrative\3-ContractingLicenses\Apps_Fees_Certificates_etc\LicenseApplicationsPermitsNotices\Hammond\Fax","NT AUTHORITY\SYSTEM","Allow","FullControl","True"
"Y:\ttbntfile1\shared\appsdata\groups\1-Administrative\3-ContractingLicenses\Apps_Fees_Certificates_etc\LicenseApplicationsPermitsNotices\Hammond\Old Forms","TONNANDBLANK\AVD Test Users","Allow","FullControl","True"
"Y:\ttbntfile1\shared\appsdata\groups\1-Administrative\3-ContractingLicenses\Apps_Fees_Certificates_etc\LicenseApplicationsPermitsNotices\Hammond\Old Forms","TONNANDBLANK\impactadmin","Allow","FullControl","True"
"Y:\ttbntfile1\shared\appsdata\groups\1-Administrative\3-ContractingLicenses\Apps_Fees_Certificates_etc\LicenseApplicationsPermitsNotices\Hammond\Old Forms","CREATOR OWNER","Allow","FullControl","True"
"Y:\ttbntfile1\shared\appsdata\groups\1-Administrative\3-ContractingLicenses\Apps_Fees_Certificates_etc\LicenseApplicationsPermitsNotices\Hammond\Old Forms","BUILTIN\Administrators","Allow","FullControl","True"
"Y:\ttbntfile1\shared\appsdata\groups\1-Administrative\3-ContractingLicenses\Apps_Fees_Certificates_etc\LicenseApplicationsPermitsNotices\Hammond\Old Forms","NT AUTHORITY\SYSTEM","Allow","FullControl","True"
"Y:\ttbntfile1\shared\appsdata\groups\1-Administrative\3-ContractingLicenses\Apps_Fees_Certificates_etc\LicenseApplicationsPermitsNotices\Hammond\Emails\PastYears","TONNANDBLANK\AVD Test Users","Allow","FullControl","True"
"Y:\ttbntfile1\shared\appsdata\groups\1-Administrative\3-ContractingLicenses\Apps_Fees_Certificates_etc\LicenseApplicationsPermitsNotices\Hammond\Emails\PastYears","TONNANDBLANK\impactadmin","Allow","FullControl","True"
"Y:\ttbntfile1\shared\appsdata\groups\1-Administrative\3-ContractingLicenses\Apps_Fees_Certificates_etc\LicenseApplicationsPermitsNotices\Hammond\Emails\PastYears","CREATOR OWNER","Allow","FullControl","True"
"Y:\ttbntfile1\shared\appsdata\groups\1-Administrative\3-ContractingLicenses\Apps_Fees_Certificates_etc\LicenseApplicationsPermitsNotices\Hammond\Emails\PastYears","BUILTIN\Administrators","Allow","FullControl","True"
"Y:\ttbntfile1\shared\appsdata\groups\1-Administrative\3-ContractingLicenses\Apps_Fees_Certificates_etc\LicenseApplicationsPermitsNotices\Hammond\Emails\PastYears","NT AUTHORITY\SYSTEM","Allow","FullControl","True"
"Y:\ttbntfile1\shared\appsdata\groups\1-Administrative\3-ContractingLicenses\Apps_Fees_Certificates_etc\LicenseApplicationsPermitsNotices\Hendricks\Emails","TONNANDBLANK\AVD Test Users","Allow","FullControl","True"
"Y:\ttbntfile1\shared\appsdata\groups\1-Administrative\3-ContractingLicenses\Apps_Fees_Certificates_etc\LicenseApplicationsPermitsNotices\Hendricks\Emails","TONNANDBLANK\impactadmin","Allow","FullControl","True"
"Y:\ttbntfile1\shared\appsdata\groups\1-Administrative\3-ContractingLicenses\Apps_Fees_Certificates_etc\LicenseApplicationsPermitsNotices\Hendricks\Emails","CREATOR OWNER","Allow","FullControl","True"
"Y:\ttbntfile1\shared\appsdata\groups\1-Administrative\3-ContractingLicenses\Apps_Fees_Certificates_etc\LicenseApplicationsPermitsNotices\Hendricks\Emails","BUILTIN\Administrators","Allow","FullControl","True"
"Y:\ttbntfile1\shared\appsdata\groups\1-Administrative\3-ContractingLicenses\Apps_Fees_Certificates_etc\LicenseApplicationsPermitsNotices\Hendricks\Emails","NT AUTHORITY\SYSTEM","Allow","FullControl","True"
"Y:\ttbntfile1\shared\appsdata\groups\1-Administrative\3-ContractingLicenses\Apps_Fees_Certificates_etc\LicenseApplicationsPermitsNotices\Hendricks\Fax","TONNANDBLANK\AVD Test Users","Allow","FullControl","True"
"Y:\ttbntfile1\shared\appsdata\groups\1-Administrative\3-ContractingLicenses\Apps_Fees_Certificates_etc\LicenseApplicationsPermitsNotices\Hendricks\Fax","TONNANDBLANK\impactadmin","Allow","FullControl","True"
"Y:\ttbntfile1\shared\appsdata\groups\1-Administrative\3-ContractingLicenses\Apps_Fees_Certificates_etc\LicenseApplicationsPermitsNotices\Hendricks\Fax","CREATOR OWNER","Allow","FullControl","True"
"Y:\ttbntfile1\shared\appsdata\groups\1-Administrative\3-ContractingLicenses\Apps_Fees_Certificates_etc\LicenseApplicationsPermitsNotices\Hendricks\Fax","BUILTIN\Administrators","Allow","FullControl","True"
"Y:\ttbntfile1\shared\appsdata\groups\1-Administrative\3-ContractingLicenses\Apps_Fees_Certificates_etc\LicenseApplicationsPermitsNotices\Hendricks\Fax","NT AUTHORITY\SYSTEM","Allow","FullControl","True"
"Y:\ttbntfile1\shared\appsdata\groups\1-Administrative\3-ContractingLicenses\Apps_Fees_Certificates_etc\LicenseApplicationsPermitsNotices\Hendricks\Notices","TONNANDBLANK\AVD Test Users","Allow","FullControl","True"
"Y:\ttbntfile1\shared\appsdata\groups\1-Administrative\3-ContractingLicenses\Apps_Fees_Certificates_etc\LicenseApplicationsPermitsNotices\Hendricks\Notices","TONNANDBLANK\impactadmin","Allow","FullControl","True"
"Y:\ttbntfile1\shared\appsdata\groups\1-Administrative\3-ContractingLicenses\Apps_Fees_Certificates_etc\LicenseApplicationsPermitsNotices\Hendricks\Notices","CREATOR OWNER","Allow","FullControl","True"
"Y:\ttbntfile1\shared\appsdata\groups\1-Administrative\3-ContractingLicenses\Apps_Fees_Certificates_etc\LicenseApplicationsPermitsNotices\Hendricks\Notices","BUILTIN\Administrators","Allow","FullControl","True"
"Y:\ttbntfile1\shared\appsdata\groups\1-Administrative\3-ContractingLicenses\Apps_Fees_Certificates_etc\LicenseApplicationsPermitsNotices\Hendricks\Notices","NT AUTHORITY\SYSTEM","Allow","FullControl","True"
"Y:\ttbntfile1\shared\appsdata\groups\1-Administrative\3-ContractingLicenses\Apps_Fees_Certificates_etc\LicenseApplicationsPermitsNotices\Hendricks\PastDocs","TONNANDBLANK\AVD Test Users","Allow","FullControl","True"
"Y:\ttbntfile1\shared\appsdata\groups\1-Administrative\3-ContractingLicenses\Apps_Fees_Certificates_etc\LicenseApplicationsPermitsNotices\Hendricks\PastDocs","TONNANDBLANK\impactadmin","Allow","FullControl","True"
"Y:\ttbntfile1\shared\appsdata\groups\1-Administrative\3-ContractingLicenses\Apps_Fees_Certificates_etc\LicenseApplicationsPermitsNotices\Hendricks\PastDocs","CREATOR OWNER","Allow","FullControl","True"
"Y:\ttbntfile1\shared\appsdata\groups\1-Administrative\3-ContractingLicenses\Apps_Fees_Certificates_etc\LicenseApplicationsPermitsNotices\Hendricks\PastDocs","BUILTIN\Administrators","Allow","FullControl","True"
"Y:\ttbntfile1\shared\appsdata\groups\1-Administrative\3-ContractingLicenses\Apps_Fees_Certificates_etc\LicenseApplicationsPermitsNotices\Hendricks\PastDocs","NT AUTHORITY\SYSTEM","Allow","FullControl","True"
"Y:\ttbntfile1\shared\appsdata\groups\1-Administrative\3-ContractingLicenses\Apps_Fees_Certificates_etc\LicenseApplicationsPermitsNotices\Highland\PastForms","TONNANDBLANK\AVD Test Users","Allow","FullControl","True"
"Y:\ttbntfile1\shared\appsdata\groups\1-Administrative\3-ContractingLicenses\Apps_Fees_Certificates_etc\LicenseApplicationsPermitsNotices\Highland\PastForms","TONNANDBLANK\impactadmin","Allow","FullControl","True"
"Y:\ttbntfile1\shared\appsdata\groups\1-Administrative\3-ContractingLicenses\Apps_Fees_Certificates_etc\LicenseApplicationsPermitsNotices\Highland\PastForms","CREATOR OWNER","Allow","FullControl","True"
"Y:\ttbntfile1\shared\appsdata\groups\1-Administrative\3-ContractingLicenses\Apps_Fees_Certificates_etc\LicenseApplicationsPermitsNotices\Highland\PastForms","BUILTIN\Administrators","Allow","FullControl","True"
"Y:\ttbntfile1\shared\appsdata\groups\1-Administrative\3-ContractingLicenses\Apps_Fees_Certificates_etc\LicenseApplicationsPermitsNotices\Highland\PastForms","NT AUTHORITY\SYSTEM","Allow","FullControl","True"
"Y:\ttbntfile1\shared\appsdata\groups\1-Administrative\3-ContractingLicenses\Apps_Fees_Certificates_etc\LicenseApplicationsPermitsNotices\Hobart\Emails","TONNANDBLANK\AVD Test Users","Allow","FullControl","True"
"Y:\ttbntfile1\shared\appsdata\groups\1-Administrative\3-ContractingLicenses\Apps_Fees_Certificates_etc\LicenseApplicationsPermitsNotices\Hobart\Emails","TONNANDBLANK\impactadmin","Allow","FullControl","True"
"Y:\ttbntfile1\shared\appsdata\groups\1-Administrative\3-ContractingLicenses\Apps_Fees_Certificates_etc\LicenseApplicationsPermitsNotices\Hobart\Emails","CREATOR OWNER","Allow","FullControl","True"
"Y:\ttbntfile1\shared\appsdata\groups\1-Administrative\3-ContractingLicenses\Apps_Fees_Certificates_etc\LicenseApplicationsPermitsNotices\Hobart\Emails","BUILTIN\Administrators","Allow","FullControl","True"
"Y:\ttbntfile1\shared\appsdata\groups\1-Administrative\3-ContractingLicenses\Apps_Fees_Certificates_etc\LicenseApplicationsPermitsNotices\Hobart\Emails","NT AUTHORITY\SYSTEM","Allow","FullControl","True"
"Y:\ttbntfile1\shared\appsdata\groups\1-Administrative\3-ContractingLicenses\Apps_Fees_Certificates_etc\LicenseApplicationsPermitsNotices\Hobart\PastDocuments","TONNANDBLANK\AVD Test Users","Allow","FullControl","True"
"Y:\ttbntfile1\shared\appsdata\groups\1-Administrative\3-ContractingLicenses\Apps_Fees_Certificates_etc\LicenseApplicationsPermitsNotices\Hobart\PastDocuments","TONNANDBLANK\impactadmin","Allow","FullControl","True"
"Y:\ttbntfile1\shared\appsdata\groups\1-Administrative\3-ContractingLicenses\Apps_Fees_Certificates_etc\LicenseApplicationsPermitsNotices\Hobart\PastDocuments","CREATOR OWNER","Allow","FullControl","True"
"Y:\ttbntfile1\shared\appsdata\groups\1-Administrative\3-ContractingLicenses\Apps_Fees_Certificates_etc\LicenseApplicationsPermitsNotices\Hobart\PastDocuments","BUILTIN\Administrators","Allow","FullControl","True"
"Y:\ttbntfile1\shared\appsdata\groups\1-Administrative\3-ContractingLicenses\Apps_Fees_Certificates_etc\LicenseApplicationsPermitsNotices\Hobart\PastDocuments","NT AUTHORITY\SYSTEM","Allow","FullControl","True"
"Y:\ttbntfile1\shared\appsdata\groups\1-Administrative\3-ContractingLicenses\Apps_Fees_Certificates_etc\LicenseApplicationsPermitsNotices\Homewood\emails","TONNANDBLANK\AVD Test Users","Allow","FullControl","True"
"Y:\ttbntfile1\shared\appsdata\groups\1-Administrative\3-ContractingLicenses\Apps_Fees_Certificates_etc\LicenseApplicationsPermitsNotices\Homewood\emails","TONNANDBLANK\impactadmin","Allow","FullControl","True"
"Y:\ttbntfile1\shared\appsdata\groups\1-Administrative\3-ContractingLicenses\Apps_Fees_Certificates_etc\LicenseApplicationsPermitsNotices\Homewood\emails","CREATOR OWNER","Allow","FullControl","True"
"Y:\ttbntfile1\shared\appsdata\groups\1-Administrative\3-ContractingLicenses\Apps_Fees_Certificates_etc\LicenseApplicationsPermitsNotices\Homewood\emails","BUILTIN\Administrators","Allow","FullControl","True"
"Y:\ttbntfile1\shared\appsdata\groups\1-Administrative\3-ContractingLicenses\Apps_Fees_Certificates_etc\LicenseApplicationsPermitsNotices\Homewood\emails","NT AUTHORITY\SYSTEM","Allow","FullControl","True"
"Y:\ttbntfile1\shared\appsdata\groups\1-Administrative\3-ContractingLicenses\Apps_Fees_Certificates_etc\LicenseApplicationsPermitsNotices\Homewood\PastDocs","TONNANDBLANK\AVD Test Users","Allow","FullControl","True"
"Y:\ttbntfile1\shared\appsdata\groups\1-Administrative\3-ContractingLicenses\Apps_Fees_Certificates_etc\LicenseApplicationsPermitsNotices\Homewood\PastDocs","TONNANDBLANK\impactadmin","Allow","FullControl","True"
"Y:\ttbntfile1\shared\appsdata\groups\1-Administrative\3-ContractingLicenses\Apps_Fees_Certificates_etc\LicenseApplicationsPermitsNotices\Homewood\PastDocs","CREATOR OWNER","Allow","FullControl","True"
"Y:\ttbntfile1\shared\appsdata\groups\1-Administrative\3-ContractingLicenses\Apps_Fees_Certificates_etc\LicenseApplicationsPermitsNotices\Homewood\PastDocs","BUILTIN\Administrators","Allow","FullControl","True"
"Y:\ttbntfile1\shared\appsdata\groups\1-Administrative\3-ContractingLicenses\Apps_Fees_Certificates_etc\LicenseApplicationsPermitsNotices\Homewood\PastDocs","NT AUTHORITY\SYSTEM","Allow","FullControl","True"
"Y:\ttbntfile1\shared\appsdata\groups\1-Administrative\3-ContractingLicenses\Apps_Fees_Certificates_etc\LicenseApplicationsPermitsNotices\IL Certification-InstallEnergyEfficiencyMeasures\2019","TONNANDBLANK\AVD Test Users","Allow","FullControl","True"
"Y:\ttbntfile1\shared\appsdata\groups\1-Administrative\3-ContractingLicenses\Apps_Fees_Certificates_etc\LicenseApplicationsPermitsNotices\IL Certification-InstallEnergyEfficiencyMeasures\2019","TONNANDBLANK\impactadmin","Allow","FullControl","True"
"Y:\ttbntfile1\shared\appsdata\groups\1-Administrative\3-ContractingLicenses\Apps_Fees_Certificates_etc\LicenseApplicationsPermitsNotices\IL Certification-InstallEnergyEfficiencyMeasures\2019","CREATOR OWNER","Allow","FullControl","True"
"Y:\ttbntfile1\shared\appsdata\groups\1-Administrative\3-ContractingLicenses\Apps_Fees_Certificates_etc\LicenseApplicationsPermitsNotices\IL Certification-InstallEnergyEfficiencyMeasures\2019","BUILTIN\Administrators","Allow","FullControl","True"
"Y:\ttbntfile1\shared\appsdata\groups\1-Administrative\3-ContractingLicenses\Apps_Fees_Certificates_etc\LicenseApplicationsPermitsNotices\IL Certification-InstallEnergyEfficiencyMeasures\2019","NT AUTHORITY\SYSTEM","Allow","FullControl","True"
"Y:\ttbntfile1\shared\appsdata\groups\1-Administrative\3-ContractingLicenses\Apps_Fees_Certificates_etc\LicenseApplicationsPermitsNotices\IL Certification-InstallEnergyEfficiencyMeasures\2020","TONNANDBLANK\AVD Test Users","Allow","FullControl","True"
"Y:\ttbntfile1\shared\appsdata\groups\1-Administrative\3-ContractingLicenses\Apps_Fees_Certificates_etc\LicenseApplicationsPermitsNotices\IL Certification-InstallEnergyEfficiencyMeasures\2020","TONNANDBLANK\impactadmin","Allow","FullControl","True"
"Y:\ttbntfile1\shared\appsdata\groups\1-Administrative\3-ContractingLicenses\Apps_Fees_Certificates_etc\LicenseApplicationsPermitsNotices\IL Certification-InstallEnergyEfficiencyMeasures\2020","CREATOR OWNER","Allow","FullControl","True"
"Y:\ttbntfile1\shared\appsdata\groups\1-Administrative\3-ContractingLicenses\Apps_Fees_Certificates_etc\LicenseApplicationsPermitsNotices\IL Certification-InstallEnergyEfficiencyMeasures\2020","BUILTIN\Administrators","Allow","FullControl","True"
"Y:\ttbntfile1\shared\appsdata\groups\1-Administrative\3-ContractingLicenses\Apps_Fees_Certificates_etc\LicenseApplicationsPermitsNotices\IL Certification-InstallEnergyEfficiencyMeasures\2020","NT AUTHORITY\SYSTEM","Allow","FullControl","True"
"Y:\ttbntfile1\shared\appsdata\groups\1-Administrative\3-ContractingLicenses\Apps_Fees_Certificates_etc\LicenseApplicationsPermitsNotices\IL Certification-InstallEnergyEfficiencyMeasures\2021","TONNANDBLANK\AVD Test Users","Allow","FullControl","True"
"Y:\ttbntfile1\shared\appsdata\groups\1-Administrative\3-ContractingLicenses\Apps_Fees_Certificates_etc\LicenseApplicationsPermitsNotices\IL Certification-InstallEnergyEfficiencyMeasures\2021","TONNANDBLANK\impactadmin","Allow","FullControl","True"
"Y:\ttbntfile1\shared\appsdata\groups\1-Administrative\3-ContractingLicenses\Apps_Fees_Certificates_etc\LicenseApplicationsPermitsNotices\IL Certification-InstallEnergyEfficiencyMeasures\2021","CREATOR OWNER","Allow","FullControl","True"
"Y:\ttbntfile1\shared\appsdata\groups\1-Administrative\3-ContractingLicenses\Apps_Fees_Certificates_etc\LicenseApplicationsPermitsNotices\IL Certification-InstallEnergyEfficiencyMeasures\2021","BUILTIN\Administrators","Allow","FullControl","True"
"Y:\ttbntfile1\shared\appsdata\groups\1-Administrative\3-ContractingLicenses\Apps_Fees_Certificates_etc\LicenseApplicationsPermitsNotices\IL Certification-InstallEnergyEfficiencyMeasures\2021","NT AUTHORITY\SYSTEM","Allow","FullControl","True"
"Y:\ttbntfile1\shared\appsdata\groups\1-Administrative\3-ContractingLicenses\Apps_Fees_Certificates_etc\LicenseApplicationsPermitsNotices\IL Certification-InstallEnergyEfficiencyMeasures\2023","TONNANDBLANK\AVD Test Users","Allow","FullControl","True"
"Y:\ttbntfile1\shared\appsdata\groups\1-Administrative\3-ContractingLicenses\Apps_Fees_Certificates_etc\LicenseApplicationsPermitsNotices\IL Certification-InstallEnergyEfficiencyMeasures\2023","TONNANDBLANK\impactadmin","Allow","FullControl","True"
"Y:\ttbntfile1\shared\appsdata\groups\1-Administrative\3-ContractingLicenses\Apps_Fees_Certificates_etc\LicenseApplicationsPermitsNotices\IL Certification-InstallEnergyEfficiencyMeasures\2023","CREATOR OWNER","Allow","FullControl","True"
"Y:\ttbntfile1\shared\appsdata\groups\1-Administrative\3-ContractingLicenses\Apps_Fees_Certificates_etc\LicenseApplicationsPermitsNotices\IL Certification-InstallEnergyEfficiencyMeasures\2023","BUILTIN\Administrators","Allow","FullControl","True"
"Y:\ttbntfile1\shared\appsdata\groups\1-Administrative\3-ContractingLicenses\Apps_Fees_Certificates_etc\LicenseApplicationsPermitsNotices\IL Certification-InstallEnergyEfficiencyMeasures\2023","NT AUTHORITY\SYSTEM","Allow","FullControl","True"
"Y:\ttbntfile1\shared\appsdata\groups\1-Administrative\3-ContractingLicenses\Apps_Fees_Certificates_etc\LicenseApplicationsPermitsNotices\IL Certification-InstallEnergyEfficiencyMeasures\Part 462","TONNANDBLANK\AVD Test Users","Allow","FullControl","True"
"Y:\ttbntfile1\shared\appsdata\groups\1-Administrative\3-ContractingLicenses\Apps_Fees_Certificates_etc\LicenseApplicationsPermitsNotices\IL Certification-InstallEnergyEfficiencyMeasures\Part 462","TONNANDBLANK\impactadmin","Allow","FullControl","True"
"Y:\ttbntfile1\shared\appsdata\groups\1-Administrative\3-ContractingLicenses\Apps_Fees_Certificates_etc\LicenseApplicationsPermitsNotices\IL Certification-InstallEnergyEfficiencyMeasures\Part 462","CREATOR OWNER","Allow","FullControl","True"
"Y:\ttbntfile1\shared\appsdata\groups\1-Administrative\3-ContractingLicenses\Apps_Fees_Certificates_etc\LicenseApplicationsPermitsNotices\IL Certification-InstallEnergyEfficiencyMeasures\Part 462","BUILTIN\Administrators","Allow","FullControl","True"
"Y:\ttbntfile1\shared\appsdata\groups\1-Administrative\3-ContractingLicenses\Apps_Fees_Certificates_etc\LicenseApplicationsPermitsNotices\IL Certification-InstallEnergyEfficiencyMeasures\Part 462","NT AUTHORITY\SYSTEM","Allow","FullControl","True"
"Y:\ttbntfile1\shared\appsdata\groups\1-Administrative\3-ContractingLicenses\Apps_Fees_Certificates_etc\LicenseApplicationsPermitsNotices\IL Certification-InstallEnergyEfficiencyMeasures\2019\2019 Application","TONNANDBLANK\AVD Test Users","Allow","FullControl","True"
"Y:\ttbntfile1\shared\appsdata\groups\1-Administrative\3-ContractingLicenses\Apps_Fees_Certificates_etc\LicenseApplicationsPermitsNotices\IL Certification-InstallEnergyEfficiencyMeasures\2019\2019 Application","TONNANDBLANK\impactadmin","Allow","FullControl","True"
"Y:\ttbntfile1\shared\appsdata\groups\1-Administrative\3-ContractingLicenses\Apps_Fees_Certificates_etc\LicenseApplicationsPermitsNotices\IL Certification-InstallEnergyEfficiencyMeasures\2019\2019 Application","CREATOR OWNER","Allow","FullControl","True"
"Y:\ttbntfile1\shared\appsdata\groups\1-Administrative\3-ContractingLicenses\Apps_Fees_Certificates_etc\LicenseApplicationsPermitsNotices\IL Certification-InstallEnergyEfficiencyMeasures\2019\2019 Application","BUILTIN\Administrators","Allow","FullControl","True"
"Y:\ttbntfile1\shared\appsdata\groups\1-Administrative\3-ContractingLicenses\Apps_Fees_Certificates_etc\LicenseApplicationsPermitsNotices\IL Certification-InstallEnergyEfficiencyMeasures\2019\2019 Application","NT AUTHORITY\SYSTEM","Allow","FullControl","True"
"Y:\ttbntfile1\shared\appsdata\groups\1-Administrative\3-ContractingLicenses\Apps_Fees_Certificates_etc\LicenseApplicationsPermitsNotices\IL Certification-InstallEnergyEfficiencyMeasures\2019\2019-ShereeFolder","TONNANDBLANK\AVD Test Users","Allow","FullControl","True"
"Y:\ttbntfile1\shared\appsdata\groups\1-Administrative\3-ContractingLicenses\Apps_Fees_Certificates_etc\LicenseApplicationsPermitsNotices\IL Certification-InstallEnergyEfficiencyMeasures\2019\2019-ShereeFolder","TONNANDBLANK\impactadmin","Allow","FullControl","True"
"Y:\ttbntfile1\shared\appsdata\groups\1-Administrative\3-ContractingLicenses\Apps_Fees_Certificates_etc\LicenseApplicationsPermitsNotices\IL Certification-InstallEnergyEfficiencyMeasures\2019\2019-ShereeFolder","CREATOR OWNER","Allow","FullControl","True"
"Y:\ttbntfile1\shared\appsdata\groups\1-Administrative\3-ContractingLicenses\Apps_Fees_Certificates_etc\LicenseApplicationsPermitsNotices\IL Certification-InstallEnergyEfficiencyMeasures\2019\2019-ShereeFolder","BUILTIN\Administrators","Allow","FullControl","True"
"Y:\ttbntfile1\shared\appsdata\groups\1-Administrative\3-ContractingLicenses\Apps_Fees_Certificates_etc\LicenseApplicationsPermitsNotices\IL Certification-InstallEnergyEfficiencyMeasures\2019\2019-ShereeFolder","NT AUTHORITY\SYSTEM","Allow","FullControl","True"
"Y:\ttbntfile1\shared\appsdata\groups\1-Administrative\3-ContractingLicenses\Apps_Fees_Certificates_etc\LicenseApplicationsPermitsNotices\IL Certification-InstallEnergyEfficiencyMeasures\2019\2019 Application\Artic's Application","TONNANDBLANK\AVD Test Users","Allow","FullControl","True"
"Y:\ttbntfile1\shared\appsdata\groups\1-Administrative\3-ContractingLicenses\Apps_Fees_Certificates_etc\LicenseApplicationsPermitsNotices\IL Certification-InstallEnergyEfficiencyMeasures\2019\2019 Application\Artic's Application","TONNANDBLANK\impactadmin","Allow","FullControl","True"
"Y:\ttbntfile1\shared\appsdata\groups\1-Administrative\3-ContractingLicenses\Apps_Fees_Certificates_etc\LicenseApplicationsPermitsNotices\IL Certification-InstallEnergyEfficiencyMeasures\2019\2019 Application\Artic's Application","CREATOR OWNER","Allow","FullControl","True"
"Y:\ttbntfile1\shared\appsdata\groups\1-Administrative\3-ContractingLicenses\Apps_Fees_Certificates_etc\LicenseApplicationsPermitsNotices\IL Certification-InstallEnergyEfficiencyMeasures\2019\2019 Application\Artic's Application","BUILTIN\Administrators","Allow","FullControl","True"
"Y:\ttbntfile1\shared\appsdata\groups\1-Administrative\3-ContractingLicenses\Apps_Fees_Certificates_etc\LicenseApplicationsPermitsNotices\IL Certification-InstallEnergyEfficiencyMeasures\2019\2019 Application\Artic's Application","NT AUTHORITY\SYSTEM","Allow","FullControl","True"
"Y:\ttbntfile1\shared\appsdata\groups\1-Administrative\3-ContractingLicenses\Apps_Fees_Certificates_etc\LicenseApplicationsPermitsNotices\IL Certification-InstallEnergyEfficiencyMeasures\2020\2020 Application-ShereeFolder","TONNANDBLANK\AVD Test Users","Allow","FullControl","True"
"Y:\ttbntfile1\shared\appsdata\groups\1-Administrative\3-ContractingLicenses\Apps_Fees_Certificates_etc\LicenseApplicationsPermitsNotices\IL Certification-InstallEnergyEfficiencyMeasures\2020\2020 Application-ShereeFolder","TONNANDBLANK\impactadmin","Allow","FullControl","True"
"Y:\ttbntfile1\shared\appsdata\groups\1-Administrative\3-ContractingLicenses\Apps_Fees_Certificates_etc\LicenseApplicationsPermitsNotices\IL Certification-InstallEnergyEfficiencyMeasures\2020\2020 Application-ShereeFolder","CREATOR OWNER","Allow","FullControl","True"
"Y:\ttbntfile1\shared\appsdata\groups\1-Administrative\3-ContractingLicenses\Apps_Fees_Certificates_etc\LicenseApplicationsPermitsNotices\IL Certification-InstallEnergyEfficiencyMeasures\2020\2020 Application-ShereeFolder","BUILTIN\Administrators","Allow","FullControl","True"
"Y:\ttbntfile1\shared\appsdata\groups\1-Administrative\3-ContractingLicenses\Apps_Fees_Certificates_etc\LicenseApplicationsPermitsNotices\IL Certification-InstallEnergyEfficiencyMeasures\2020\2020 Application-ShereeFolder","NT AUTHORITY\SYSTEM","Allow","FullControl","True"
"Y:\ttbntfile1\shared\appsdata\groups\1-Administrative\3-ContractingLicenses\Apps_Fees_Certificates_etc\LicenseApplicationsPermitsNotices\IL Certification-InstallEnergyEfficiencyMeasures\2020\Emails","TONNANDBLANK\AVD Test Users","Allow","FullControl","True"
"Y:\ttbntfile1\shared\appsdata\groups\1-Administrative\3-ContractingLicenses\Apps_Fees_Certificates_etc\LicenseApplicationsPermitsNotices\IL Certification-InstallEnergyEfficiencyMeasures\2020\Emails","TONNANDBLANK\impactadmin","Allow","FullControl","True"
"Y:\ttbntfile1\shared\appsdata\groups\1-Administrative\3-ContractingLicenses\Apps_Fees_Certificates_etc\LicenseApplicationsPermitsNotices\IL Certification-InstallEnergyEfficiencyMeasures\2020\Emails","CREATOR OWNER","Allow","FullControl","True"
"Y:\ttbntfile1\shared\appsdata\groups\1-Administrative\3-ContractingLicenses\Apps_Fees_Certificates_etc\LicenseApplicationsPermitsNotices\IL Certification-InstallEnergyEfficiencyMeasures\2020\Emails","BUILTIN\Administrators","Allow","FullControl","True"
"Y:\ttbntfile1\shared\appsdata\groups\1-Administrative\3-ContractingLicenses\Apps_Fees_Certificates_etc\LicenseApplicationsPermitsNotices\IL Certification-InstallEnergyEfficiencyMeasures\2020\Emails","NT AUTHORITY\SYSTEM","Allow","FullControl","True"
"Y:\ttbntfile1\shared\appsdata\groups\1-Administrative\3-ContractingLicenses\Apps_Fees_Certificates_etc\LicenseApplicationsPermitsNotices\IL Certification-InstallEnergyEfficiencyMeasures\2021\2021 Yearly Recertification-ShereeFolder","TONNANDBLANK\AVD Test Users","Allow","FullControl","True"
"Y:\ttbntfile1\shared\appsdata\groups\1-Administrative\3-ContractingLicenses\Apps_Fees_Certificates_etc\LicenseApplicationsPermitsNotices\IL Certification-InstallEnergyEfficiencyMeasures\2021\2021 Yearly Recertification-ShereeFolder","TONNANDBLANK\impactadmin","Allow","FullControl","True"
"Y:\ttbntfile1\shared\appsdata\groups\1-Administrative\3-ContractingLicenses\Apps_Fees_Certificates_etc\LicenseApplicationsPermitsNotices\IL Certification-InstallEnergyEfficiencyMeasures\2021\2021 Yearly Recertification-ShereeFolder","CREATOR OWNER","Allow","FullControl","True"
"Y:\ttbntfile1\shared\appsdata\groups\1-Administrative\3-ContractingLicenses\Apps_Fees_Certificates_etc\LicenseApplicationsPermitsNotices\IL Certification-InstallEnergyEfficiencyMeasures\2021\2021 Yearly Recertification-ShereeFolder","BUILTIN\Administrators","Allow","FullControl","True"
"Y:\ttbntfile1\shared\appsdata\groups\1-Administrative\3-ContractingLicenses\Apps_Fees_Certificates_etc\LicenseApplicationsPermitsNotices\IL Certification-InstallEnergyEfficiencyMeasures\2021\2021 Yearly Recertification-ShereeFolder","NT AUTHORITY\SYSTEM","Allow","FullControl","True"
"Y:\ttbntfile1\shared\appsdata\groups\1-Administrative\3-ContractingLicenses\Apps_Fees_Certificates_etc\LicenseApplicationsPermitsNotices\ILDOT\2012","TONNANDBLANK\AVD Test Users","Allow","FullControl","True"
"Y:\ttbntfile1\shared\appsdata\groups\1-Administrative\3-ContractingLicenses\Apps_Fees_Certificates_etc\LicenseApplicationsPermitsNotices\ILDOT\2012","TONNANDBLANK\impactadmin","Allow","FullControl","True"
"Y:\ttbntfile1\shared\appsdata\groups\1-Administrative\3-ContractingLicenses\Apps_Fees_Certificates_etc\LicenseApplicationsPermitsNotices\ILDOT\2012","CREATOR OWNER","Allow","FullControl","True"
"Y:\ttbntfile1\shared\appsdata\groups\1-Administrative\3-ContractingLicenses\Apps_Fees_Certificates_etc\LicenseApplicationsPermitsNotices\ILDOT\2012","BUILTIN\Administrators","Allow","FullControl","True"
"Y:\ttbntfile1\shared\appsdata\groups\1-Administrative\3-ContractingLicenses\Apps_Fees_Certificates_etc\LicenseApplicationsPermitsNotices\ILDOT\2012","NT AUTHORITY\SYSTEM","Allow","FullControl","True"
"Y:\ttbntfile1\shared\appsdata\groups\1-Administrative\3-ContractingLicenses\Apps_Fees_Certificates_etc\LicenseApplicationsPermitsNotices\ILDOT\2013","TONNANDBLANK\AVD Test Users","Allow","FullControl","True"
"Y:\ttbntfile1\shared\appsdata\groups\1-Administrative\3-ContractingLicenses\Apps_Fees_Certificates_etc\LicenseApplicationsPermitsNotices\ILDOT\2013","TONNANDBLANK\impactadmin","Allow","FullControl","True"
"Y:\ttbntfile1\shared\appsdata\groups\1-Administrative\3-ContractingLicenses\Apps_Fees_Certificates_etc\LicenseApplicationsPermitsNotices\ILDOT\2013","CREATOR OWNER","Allow","FullControl","True"
"Y:\ttbntfile1\shared\appsdata\groups\1-Administrative\3-ContractingLicenses\Apps_Fees_Certificates_etc\LicenseApplicationsPermitsNotices\ILDOT\2013","BUILTIN\Administrators","Allow","FullControl","True"
"Y:\ttbntfile1\shared\appsdata\groups\1-Administrative\3-ContractingLicenses\Apps_Fees_Certificates_etc\LicenseApplicationsPermitsNotices\ILDOT\2013","NT AUTHORITY\SYSTEM","Allow","FullControl","True"
"Y:\ttbntfile1\shared\appsdata\groups\1-Administrative\3-ContractingLicenses\Apps_Fees_Certificates_etc\LicenseApplicationsPermitsNotices\ILDOT\2014","TONNANDBLANK\AVD Test Users","Allow","FullControl","True"
"Y:\ttbntfile1\shared\appsdata\groups\1-Administrative\3-ContractingLicenses\Apps_Fees_Certificates_etc\LicenseApplicationsPermitsNotices\ILDOT\2014","TONNANDBLANK\impactadmin","Allow","FullControl","True"
"Y:\ttbntfile1\shared\appsdata\groups\1-Administrative\3-ContractingLicenses\Apps_Fees_Certificates_etc\LicenseApplicationsPermitsNotices\ILDOT\2014","CREATOR OWNER","Allow","FullControl","True"
"Y:\ttbntfile1\shared\appsdata\groups\1-Administrative\3-ContractingLicenses\Apps_Fees_Certificates_etc\LicenseApplicationsPermitsNotices\ILDOT\2014","BUILTIN\Administrators","Allow","FullControl","True"
"Y:\ttbntfile1\shared\appsdata\groups\1-Administrative\3-ContractingLicenses\Apps_Fees_Certificates_etc\LicenseApplicationsPermitsNotices\ILDOT\2014","NT AUTHORITY\SYSTEM","Allow","FullControl","True"
"Y:\ttbntfile1\shared\appsdata\groups\1-Administrative\3-ContractingLicenses\Apps_Fees_Certificates_etc\LicenseApplicationsPermitsNotices\ILDOT\2015","TONNANDBLANK\AVD Test Users","Allow","FullControl","True"
"Y:\ttbntfile1\shared\appsdata\groups\1-Administrative\3-ContractingLicenses\Apps_Fees_Certificates_etc\LicenseApplicationsPermitsNotices\ILDOT\2015","TONNANDBLANK\impactadmin","Allow","FullControl","True"
"Y:\ttbntfile1\shared\appsdata\groups\1-Administrative\3-ContractingLicenses\Apps_Fees_Certificates_etc\LicenseApplicationsPermitsNotices\ILDOT\2015","CREATOR OWNER","Allow","FullControl","True"
"Y:\ttbntfile1\shared\appsdata\groups\1-Administrative\3-ContractingLicenses\Apps_Fees_Certificates_etc\LicenseApplicationsPermitsNotices\ILDOT\2015","BUILTIN\Administrators","Allow","FullControl","True"
"Y:\ttbntfile1\shared\appsdata\groups\1-Administrative\3-ContractingLicenses\Apps_Fees_Certificates_etc\LicenseApplicationsPermitsNotices\ILDOT\2015","NT AUTHORITY\SYSTEM","Allow","FullControl","True"
"Y:\ttbntfile1\shared\appsdata\groups\1-Administrative\3-ContractingLicenses\Apps_Fees_Certificates_etc\LicenseApplicationsPermitsNotices\ILDOT\2016","TONNANDBLANK\AVD Test Users","Allow","FullControl","True"
"Y:\ttbntfile1\shared\appsdata\groups\1-Administrative\3-ContractingLicenses\Apps_Fees_Certificates_etc\LicenseApplicationsPermitsNotices\ILDOT\2016","TONNANDBLANK\impactadmin","Allow","FullControl","True"
"Y:\ttbntfile1\shared\appsdata\groups\1-Administrative\3-ContractingLicenses\Apps_Fees_Certificates_etc\LicenseApplicationsPermitsNotices\ILDOT\2016","CREATOR OWNER","Allow","FullControl","True"
"Y:\ttbntfile1\shared\appsdata\groups\1-Administrative\3-ContractingLicenses\Apps_Fees_Certificates_etc\LicenseApplicationsPermitsNotices\ILDOT\2016","BUILTIN\Administrators","Allow","FullControl","True"
"Y:\ttbntfile1\shared\appsdata\groups\1-Administrative\3-ContractingLicenses\Apps_Fees_Certificates_etc\LicenseApplicationsPermitsNotices\ILDOT\2016","NT AUTHORITY\SYSTEM","Allow","FullControl","True"
"Y:\ttbntfile1\shared\appsdata\groups\1-Administrative\3-ContractingLicenses\Apps_Fees_Certificates_etc\LicenseApplicationsPermitsNotices\Illinois-Roofing\Emails","TONNANDBLANK\AVD Test Users","Allow","FullControl","True"
"Y:\ttbntfile1\shared\appsdata\groups\1-Administrative\3-ContractingLicenses\Apps_Fees_Certificates_etc\LicenseApplicationsPermitsNotices\Illinois-Roofing\Emails","TONNANDBLANK\impactadmin","Allow","FullControl","True"
"Y:\ttbntfile1\shared\appsdata\groups\1-Administrative\3-ContractingLicenses\Apps_Fees_Certificates_etc\LicenseApplicationsPermitsNotices\Illinois-Roofing\Emails","CREATOR OWNER","Allow","FullControl","True"
"Y:\ttbntfile1\shared\appsdata\groups\1-Administrative\3-ContractingLicenses\Apps_Fees_Certificates_etc\LicenseApplicationsPermitsNotices\Illinois-Roofing\Emails","BUILTIN\Administrators","Allow","FullControl","True"
"Y:\ttbntfile1\shared\appsdata\groups\1-Administrative\3-ContractingLicenses\Apps_Fees_Certificates_etc\LicenseApplicationsPermitsNotices\Illinois-Roofing\Emails","NT AUTHORITY\SYSTEM","Allow","FullControl","True"
"Y:\ttbntfile1\shared\appsdata\groups\1-Administrative\3-ContractingLicenses\Apps_Fees_Certificates_etc\LicenseApplicationsPermitsNotices\Illinois-Roofing\OriginalSubmittedItems","TONNANDBLANK\AVD Test Users","Allow","FullControl","True"
"Y:\ttbntfile1\shared\appsdata\groups\1-Administrative\3-ContractingLicenses\Apps_Fees_Certificates_etc\LicenseApplicationsPermitsNotices\Illinois-Roofing\OriginalSubmittedItems","TONNANDBLANK\impactadmin","Allow","FullControl","True"
"Y:\ttbntfile1\shared\appsdata\groups\1-Administrative\3-ContractingLicenses\Apps_Fees_Certificates_etc\LicenseApplicationsPermitsNotices\Illinois-Roofing\OriginalSubmittedItems","CREATOR OWNER","Allow","FullControl","True"
"Y:\ttbntfile1\shared\appsdata\groups\1-Administrative\3-ContractingLicenses\Apps_Fees_Certificates_etc\LicenseApplicationsPermitsNotices\Illinois-Roofing\OriginalSubmittedItems","BUILTIN\Administrators","Allow","FullControl","True"
"Y:\ttbntfile1\shared\appsdata\groups\1-Administrative\3-ContractingLicenses\Apps_Fees_Certificates_etc\LicenseApplicationsPermitsNotices\Illinois-Roofing\OriginalSubmittedItems","NT AUTHORITY\SYSTEM","Allow","FullControl","True"
"Y:\ttbntfile1\shared\appsdata\groups\1-Administrative\3-ContractingLicenses\Apps_Fees_Certificates_etc\LicenseApplicationsPermitsNotices\Indianapolis\AgentApps","TONNANDBLANK\AVD Test Users","Allow","FullControl","True"
"Y:\ttbntfile1\shared\appsdata\groups\1-Administrative\3-ContractingLicenses\Apps_Fees_Certificates_etc\LicenseApplicationsPermitsNotices\Indianapolis\AgentApps","TONNANDBLANK\impactadmin","Allow","FullControl","True"
"Y:\ttbntfile1\shared\appsdata\groups\1-Administrative\3-ContractingLicenses\Apps_Fees_Certificates_etc\LicenseApplicationsPermitsNotices\Indianapolis\AgentApps","CREATOR OWNER","Allow","FullControl","True"
"Y:\ttbntfile1\shared\appsdata\groups\1-Administrative\3-ContractingLicenses\Apps_Fees_Certificates_etc\LicenseApplicationsPermitsNotices\Indianapolis\AgentApps","BUILTIN\Administrators","Allow","FullControl","True"
"Y:\ttbntfile1\shared\appsdata\groups\1-Administrative\3-ContractingLicenses\Apps_Fees_Certificates_etc\LicenseApplicationsPermitsNotices\Indianapolis\AgentApps","NT AUTHORITY\SYSTEM","Allow","FullControl","True"
"Y:\ttbntfile1\shared\appsdata\groups\1-Administrative\3-ContractingLicenses\Apps_Fees_Certificates_etc\LicenseApplicationsPermitsNotices\Indianapolis\Emails","TONNANDBLANK\AVD Test Users","Allow","FullControl","True"
"Y:\ttbntfile1\shared\appsdata\groups\1-Administrative\3-ContractingLicenses\Apps_Fees_Certificates_etc\LicenseApplicationsPermitsNotices\Indianapolis\Emails","TONNANDBLANK\impactadmin","Allow","FullControl","True"
"Y:\ttbntfile1\shared\appsdata\groups\1-Administrative\3-ContractingLicenses\Apps_Fees_Certificates_etc\LicenseApplicationsPermitsNotices\Indianapolis\Emails","CREATOR OWNER","Allow","FullControl","True"
"Y:\ttbntfile1\shared\appsdata\groups\1-Administrative\3-ContractingLicenses\Apps_Fees_Certificates_etc\LicenseApplicationsPermitsNotices\Indianapolis\Emails","BUILTIN\Administrators","Allow","FullControl","True"
"Y:\ttbntfile1\shared\appsdata\groups\1-Administrative\3-ContractingLicenses\Apps_Fees_Certificates_etc\LicenseApplicationsPermitsNotices\Indianapolis\Emails","NT AUTHORITY\SYSTEM","Allow","FullControl","True"
"Y:\ttbntfile1\shared\appsdata\groups\1-Administrative\3-ContractingLicenses\Apps_Fees_Certificates_etc\LicenseApplicationsPermitsNotices\Indianapolis\PastDocs","TONNANDBLANK\AVD Test Users","Allow","FullControl","True"
"Y:\ttbntfile1\shared\appsdata\groups\1-Administrative\3-ContractingLicenses\Apps_Fees_Certificates_etc\LicenseApplicationsPermitsNotices\Indianapolis\PastDocs","TONNANDBLANK\impactadmin","Allow","FullControl","True"
"Y:\ttbntfile1\shared\appsdata\groups\1-Administrative\3-ContractingLicenses\Apps_Fees_Certificates_etc\LicenseApplicationsPermitsNotices\Indianapolis\PastDocs","CREATOR OWNER","Allow","FullControl","True"
"Y:\ttbntfile1\shared\appsdata\groups\1-Administrative\3-ContractingLicenses\Apps_Fees_Certificates_etc\LicenseApplicationsPermitsNotices\Indianapolis\PastDocs","BUILTIN\Administrators","Allow","FullControl","True"
"Y:\ttbntfile1\shared\appsdata\groups\1-Administrative\3-ContractingLicenses\Apps_Fees_Certificates_etc\LicenseApplicationsPermitsNotices\Indianapolis\PastDocs","NT AUTHORITY\SYSTEM","Allow","FullControl","True"
"Y:\ttbntfile1\shared\appsdata\groups\1-Administrative\3-ContractingLicenses\Apps_Fees_Certificates_etc\LicenseApplicationsPermitsNotices\Indianapolis\AgentApps\PastForms","TONNANDBLANK\AVD Test Users","Allow","FullControl","True"
"Y:\ttbntfile1\shared\appsdata\groups\1-Administrative\3-ContractingLicenses\Apps_Fees_Certificates_etc\LicenseApplicationsPermitsNotices\Indianapolis\AgentApps\PastForms","TONNANDBLANK\impactadmin","Allow","FullControl","True"
"Y:\ttbntfile1\shared\appsdata\groups\1-Administrative\3-ContractingLicenses\Apps_Fees_Certificates_etc\LicenseApplicationsPermitsNotices\Indianapolis\AgentApps\PastForms","CREATOR OWNER","Allow","FullControl","True"
"Y:\ttbntfile1\shared\appsdata\groups\1-Administrative\3-ContractingLicenses\Apps_Fees_Certificates_etc\LicenseApplicationsPermitsNotices\Indianapolis\AgentApps\PastForms","BUILTIN\Administrators","Allow","FullControl","True"
"Y:\ttbntfile1\shared\appsdata\groups\1-Administrative\3-ContractingLicenses\Apps_Fees_Certificates_etc\LicenseApplicationsPermitsNotices\Indianapolis\AgentApps\PastForms","NT AUTHORITY\SYSTEM","Allow","FullControl","True"
"Y:\ttbntfile1\shared\appsdata\groups\1-Administrative\3-ContractingLicenses\Apps_Fees_Certificates_etc\LicenseApplicationsPermitsNotices\Indianapolis\Emails\COI Issue","TONNANDBLANK\AVD Test Users","Allow","FullControl","True"
"Y:\ttbntfile1\shared\appsdata\groups\1-Administrative\3-ContractingLicenses\Apps_Fees_Certificates_etc\LicenseApplicationsPermitsNotices\Indianapolis\Emails\COI Issue","TONNANDBLANK\impactadmin","Allow","FullControl","True"
"Y:\ttbntfile1\shared\appsdata\groups\1-Administrative\3-ContractingLicenses\Apps_Fees_Certificates_etc\LicenseApplicationsPermitsNotices\Indianapolis\Emails\COI Issue","CREATOR OWNER","Allow","FullControl","True"
"Y:\ttbntfile1\shared\appsdata\groups\1-Administrative\3-ContractingLicenses\Apps_Fees_Certificates_etc\LicenseApplicationsPermitsNotices\Indianapolis\Emails\COI Issue","BUILTIN\Administrators","Allow","FullControl","True"
"Y:\ttbntfile1\shared\appsdata\groups\1-Administrative\3-ContractingLicenses\Apps_Fees_Certificates_etc\LicenseApplicationsPermitsNotices\Indianapolis\Emails\COI Issue","NT AUTHORITY\SYSTEM","Allow","FullControl","True"
"Y:\ttbntfile1\shared\appsdata\groups\1-Administrative\3-ContractingLicenses\Apps_Fees_Certificates_etc\LicenseApplicationsPermitsNotices\Indianapolis\Emails\PastYears","TONNANDBLANK\AVD Test Users","Allow","FullControl","True"
"Y:\ttbntfile1\shared\appsdata\groups\1-Administrative\3-ContractingLicenses\Apps_Fees_Certificates_etc\LicenseApplicationsPermitsNotices\Indianapolis\Emails\PastYears","TONNANDBLANK\impactadmin","Allow","FullControl","True"
"Y:\ttbntfile1\shared\appsdata\groups\1-Administrative\3-ContractingLicenses\Apps_Fees_Certificates_etc\LicenseApplicationsPermitsNotices\Indianapolis\Emails\PastYears","CREATOR OWNER","Allow","FullControl","True"
"Y:\ttbntfile1\shared\appsdata\groups\1-Administrative\3-ContractingLicenses\Apps_Fees_Certificates_etc\LicenseApplicationsPermitsNotices\Indianapolis\Emails\PastYears","BUILTIN\Administrators","Allow","FullControl","True"
"Y:\ttbntfile1\shared\appsdata\groups\1-Administrative\3-ContractingLicenses\Apps_Fees_Certificates_etc\LicenseApplicationsPermitsNotices\Indianapolis\Emails\PastYears","NT AUTHORITY\SYSTEM","Allow","FullControl","True"
"Y:\ttbntfile1\shared\appsdata\groups\1-Administrative\3-ContractingLicenses\Apps_Fees_Certificates_etc\LicenseApplicationsPermitsNotices\INDOT\2008","TONNANDBLANK\AVD Test Users","Allow","FullControl","True"
"Y:\ttbntfile1\shared\appsdata\groups\1-Administrative\3-ContractingLicenses\Apps_Fees_Certificates_etc\LicenseApplicationsPermitsNotices\INDOT\2008","TONNANDBLANK\impactadmin","Allow","FullControl","True"
"Y:\ttbntfile1\shared\appsdata\groups\1-Administrative\3-ContractingLicenses\Apps_Fees_Certificates_etc\LicenseApplicationsPermitsNotices\INDOT\2008","CREATOR OWNER","Allow","FullControl","True"
"Y:\ttbntfile1\shared\appsdata\groups\1-Administrative\3-ContractingLicenses\Apps_Fees_Certificates_etc\LicenseApplicationsPermitsNotices\INDOT\2008","BUILTIN\Administrators","Allow","FullControl","True"
"Y:\ttbntfile1\shared\appsdata\groups\1-Administrative\3-ContractingLicenses\Apps_Fees_Certificates_etc\LicenseApplicationsPermitsNotices\INDOT\2008","NT AUTHORITY\SYSTEM","Allow","FullControl","True"
"Y:\ttbntfile1\shared\appsdata\groups\1-Administrative\3-ContractingLicenses\Apps_Fees_Certificates_etc\LicenseApplicationsPermitsNotices\INDOT\2012","TONNANDBLANK\AVD Test Users","Allow","FullControl","True"
"Y:\ttbntfile1\shared\appsdata\groups\1-Administrative\3-ContractingLicenses\Apps_Fees_Certificates_etc\LicenseApplicationsPermitsNotices\INDOT\2012","TONNANDBLANK\impactadmin","Allow","FullControl","True"
"Y:\ttbntfile1\shared\appsdata\groups\1-Administrative\3-ContractingLicenses\Apps_Fees_Certificates_etc\LicenseApplicationsPermitsNotices\INDOT\2012","CREATOR OWNER","Allow","FullControl","True"
"Y:\ttbntfile1\shared\appsdata\groups\1-Administrative\3-ContractingLicenses\Apps_Fees_Certificates_etc\LicenseApplicationsPermitsNotices\INDOT\2012","BUILTIN\Administrators","Allow","FullControl","True"
"Y:\ttbntfile1\shared\appsdata\groups\1-Administrative\3-ContractingLicenses\Apps_Fees_Certificates_etc\LicenseApplicationsPermitsNotices\INDOT\2012","NT AUTHORITY\SYSTEM","Allow","FullControl","True"
"Y:\ttbntfile1\shared\appsdata\groups\1-Administrative\3-ContractingLicenses\Apps_Fees_Certificates_etc\LicenseApplicationsPermitsNotices\INDOT\2013","TONNANDBLANK\AVD Test Users","Allow","FullControl","True"
"Y:\ttbntfile1\shared\appsdata\groups\1-Administrative\3-ContractingLicenses\Apps_Fees_Certificates_etc\LicenseApplicationsPermitsNotices\INDOT\2013","TONNANDBLANK\impactadmin","Allow","FullControl","True"
"Y:\ttbntfile1\shared\appsdata\groups\1-Administrative\3-ContractingLicenses\Apps_Fees_Certificates_etc\LicenseApplicationsPermitsNotices\INDOT\2013","CREATOR OWNER","Allow","FullControl","True"
"Y:\ttbntfile1\shared\appsdata\groups\1-Administrative\3-ContractingLicenses\Apps_Fees_Certificates_etc\LicenseApplicationsPermitsNotices\INDOT\2013","BUILTIN\Administrators","Allow","FullControl","True"
"Y:\ttbntfile1\shared\appsdata\groups\1-Administrative\3-ContractingLicenses\Apps_Fees_Certificates_etc\LicenseApplicationsPermitsNotices\INDOT\2013","NT AUTHORITY\SYSTEM","Allow","FullControl","True"
"Y:\ttbntfile1\shared\appsdata\groups\1-Administrative\3-ContractingLicenses\Apps_Fees_Certificates_etc\LicenseApplicationsPermitsNotices\INDOT\2014","TONNANDBLANK\AVD Test Users","Allow","FullControl","True"
"Y:\ttbntfile1\shared\appsdata\groups\1-Administrative\3-ContractingLicenses\Apps_Fees_Certificates_etc\LicenseApplicationsPermitsNotices\INDOT\2014","TONNANDBLANK\impactadmin","Allow","FullControl","True"
"Y:\ttbntfile1\shared\appsdata\groups\1-Administrative\3-ContractingLicenses\Apps_Fees_Certificates_etc\LicenseApplicationsPermitsNotices\INDOT\2014","CREATOR OWNER","Allow","FullControl","True"
"Y:\ttbntfile1\shared\appsdata\groups\1-Administrative\3-ContractingLicenses\Apps_Fees_Certificates_etc\LicenseApplicationsPermitsNotices\INDOT\2014","BUILTIN\Administrators","Allow","FullControl","True"
"Y:\ttbntfile1\shared\appsdata\groups\1-Administrative\3-ContractingLicenses\Apps_Fees_Certificates_etc\LicenseApplicationsPermitsNotices\INDOT\2014","NT AUTHORITY\SYSTEM","Allow","FullControl","True"
"Y:\ttbntfile1\shared\appsdata\groups\1-Administrative\3-ContractingLicenses\Apps_Fees_Certificates_etc\LicenseApplicationsPermitsNotices\INDOT\2015","TONNANDBLANK\AVD Test Users","Allow","FullControl","True"
"Y:\ttbntfile1\shared\appsdata\groups\1-Administrative\3-ContractingLicenses\Apps_Fees_Certificates_etc\LicenseApplicationsPermitsNotices\INDOT\2015","TONNANDBLANK\impactadmin","Allow","FullControl","True"
"Y:\ttbntfile1\shared\appsdata\groups\1-Administrative\3-ContractingLicenses\Apps_Fees_Certificates_etc\LicenseApplicationsPermitsNotices\INDOT\2015","CREATOR OWNER","Allow","FullControl","True"
"Y:\ttbntfile1\shared\appsdata\groups\1-Administrative\3-ContractingLicenses\Apps_Fees_Certificates_etc\LicenseApplicationsPermitsNotices\INDOT\2015","BUILTIN\Administrators","Allow","FullControl","True"
"Y:\ttbntfile1\shared\appsdata\groups\1-Administrative\3-ContractingLicenses\Apps_Fees_Certificates_etc\LicenseApplicationsPermitsNotices\INDOT\2015","NT AUTHORITY\SYSTEM","Allow","FullControl","True"
"Y:\ttbntfile1\shared\appsdata\groups\1-Administrative\3-ContractingLicenses\Apps_Fees_Certificates_etc\LicenseApplicationsPermitsNotices\INDOT\2016","TONNANDBLANK\AVD Test Users","Allow","FullControl","True"
"Y:\ttbntfile1\shared\appsdata\groups\1-Administrative\3-ContractingLicenses\Apps_Fees_Certificates_etc\LicenseApplicationsPermitsNotices\INDOT\2016","TONNANDBLANK\impactadmin","Allow","FullControl","True"
"Y:\ttbntfile1\shared\appsdata\groups\1-Administrative\3-ContractingLicenses\Apps_Fees_Certificates_etc\LicenseApplicationsPermitsNotices\INDOT\2016","CREATOR OWNER","Allow","FullControl","True"
"Y:\ttbntfile1\shared\appsdata\groups\1-Administrative\3-ContractingLicenses\Apps_Fees_Certificates_etc\LicenseApplicationsPermitsNotices\INDOT\2016","BUILTIN\Administrators","Allow","FullControl","True"
"Y:\ttbntfile1\shared\appsdata\groups\1-Administrative\3-ContractingLicenses\Apps_Fees_Certificates_etc\LicenseApplicationsPermitsNotices\INDOT\2016","NT AUTHORITY\SYSTEM","Allow","FullControl","True"
"Y:\ttbntfile1\shared\appsdata\groups\1-Administrative\3-ContractingLicenses\Apps_Fees_Certificates_etc\LicenseApplicationsPermitsNotices\INDOT\2017","TONNANDBLANK\AVD Test Users","Allow","FullControl","True"
"Y:\ttbntfile1\shared\appsdata\groups\1-Administrative\3-ContractingLicenses\Apps_Fees_Certificates_etc\LicenseApplicationsPermitsNotices\INDOT\2017","TONNANDBLANK\impactadmin","Allow","FullControl","True"
"Y:\ttbntfile1\shared\appsdata\groups\1-Administrative\3-ContractingLicenses\Apps_Fees_Certificates_etc\LicenseApplicationsPermitsNotices\INDOT\2017","CREATOR OWNER","Allow","FullControl","True"
"Y:\ttbntfile1\shared\appsdata\groups\1-Administrative\3-ContractingLicenses\Apps_Fees_Certificates_etc\LicenseApplicationsPermitsNotices\INDOT\2017","BUILTIN\Administrators","Allow","FullControl","True"
"Y:\ttbntfile1\shared\appsdata\groups\1-Administrative\3-ContractingLicenses\Apps_Fees_Certificates_etc\LicenseApplicationsPermitsNotices\INDOT\2017","NT AUTHORITY\SYSTEM","Allow","FullControl","True"
"Y:\ttbntfile1\shared\appsdata\groups\1-Administrative\3-ContractingLicenses\Apps_Fees_Certificates_etc\LicenseApplicationsPermitsNotices\INDOT\2018","TONNANDBLANK\AVD Test Users","Allow","FullControl","True"
"Y:\ttbntfile1\shared\appsdata\groups\1-Administrative\3-ContractingLicenses\Apps_Fees_Certificates_etc\LicenseApplicationsPermitsNotices\INDOT\2018","TONNANDBLANK\impactadmin","Allow","FullControl","True"
"Y:\ttbntfile1\shared\appsdata\groups\1-Administrative\3-ContractingLicenses\Apps_Fees_Certificates_etc\LicenseApplicationsPermitsNotices\INDOT\2018","CREATOR OWNER","Allow","FullControl","True"
"Y:\ttbntfile1\shared\appsdata\groups\1-Administrative\3-ContractingLicenses\Apps_Fees_Certificates_etc\LicenseApplicationsPermitsNotices\INDOT\2018","BUILTIN\Administrators","Allow","FullControl","True"
"Y:\ttbntfile1\shared\appsdata\groups\1-Administrative\3-ContractingLicenses\Apps_Fees_Certificates_etc\LicenseApplicationsPermitsNotices\INDOT\2018","NT AUTHORITY\SYSTEM","Allow","FullControl","True"
"Y:\ttbntfile1\shared\appsdata\groups\1-Administrative\3-ContractingLicenses\Apps_Fees_Certificates_etc\LicenseApplicationsPermitsNotices\INDOT\2019","TONNANDBLANK\AVD Test Users","Allow","FullControl","True"
"Y:\ttbntfile1\shared\appsdata\groups\1-Administrative\3-ContractingLicenses\Apps_Fees_Certificates_etc\LicenseApplicationsPermitsNotices\INDOT\2019","TONNANDBLANK\impactadmin","Allow","FullControl","True"
"Y:\ttbntfile1\shared\appsdata\groups\1-Administrative\3-ContractingLicenses\Apps_Fees_Certificates_etc\LicenseApplicationsPermitsNotices\INDOT\2019","CREATOR OWNER","Allow","FullControl","True"
"Y:\ttbntfile1\shared\appsdata\groups\1-Administrative\3-ContractingLicenses\Apps_Fees_Certificates_etc\LicenseApplicationsPermitsNotices\INDOT\2019","BUILTIN\Administrators","Allow","FullControl","True"
"Y:\ttbntfile1\shared\appsdata\groups\1-Administrative\3-ContractingLicenses\Apps_Fees_Certificates_etc\LicenseApplicationsPermitsNotices\INDOT\2019","NT AUTHORITY\SYSTEM","Allow","FullControl","True"
"Y:\ttbntfile1\shared\appsdata\groups\1-Administrative\3-ContractingLicenses\Apps_Fees_Certificates_etc\LicenseApplicationsPermitsNotices\INDOT\2020","TONNANDBLANK\AVD Test Users","Allow","FullControl","True"
"Y:\ttbntfile1\shared\appsdata\groups\1-Administrative\3-ContractingLicenses\Apps_Fees_Certificates_etc\LicenseApplicationsPermitsNotices\INDOT\2020","TONNANDBLANK\impactadmin","Allow","FullControl","True"
"Y:\ttbntfile1\shared\appsdata\groups\1-Administrative\3-ContractingLicenses\Apps_Fees_Certificates_etc\LicenseApplicationsPermitsNotices\INDOT\2020","CREATOR OWNER","Allow","FullControl","True"
"Y:\ttbntfile1\shared\appsdata\groups\1-Administrative\3-ContractingLicenses\Apps_Fees_Certificates_etc\LicenseApplicationsPermitsNotices\INDOT\2020","BUILTIN\Administrators","Allow","FullControl","True"
"Y:\ttbntfile1\shared\appsdata\groups\1-Administrative\3-ContractingLicenses\Apps_Fees_Certificates_etc\LicenseApplicationsPermitsNotices\INDOT\2020","NT AUTHORITY\SYSTEM","Allow","FullControl","True"
"Y:\ttbntfile1\shared\appsdata\groups\1-Administrative\3-ContractingLicenses\Apps_Fees_Certificates_etc\LicenseApplicationsPermitsNotices\INDOT\2021","TONNANDBLANK\AVD Test Users","Allow","FullControl","True"
"Y:\ttbntfile1\shared\appsdata\groups\1-Administrative\3-ContractingLicenses\Apps_Fees_Certificates_etc\LicenseApplicationsPermitsNotices\INDOT\2021","TONNANDBLANK\impactadmin","Allow","FullControl","True"
"Y:\ttbntfile1\shared\appsdata\groups\1-Administrative\3-ContractingLicenses\Apps_Fees_Certificates_etc\LicenseApplicationsPermitsNotices\INDOT\2021","CREATOR OWNER","Allow","FullControl","True"
"Y:\ttbntfile1\shared\appsdata\groups\1-Administrative\3-ContractingLicenses\Apps_Fees_Certificates_etc\LicenseApplicationsPermitsNotices\INDOT\2021","BUILTIN\Administrators","Allow","FullControl","True"
"Y:\ttbntfile1\shared\appsdata\groups\1-Administrative\3-ContractingLicenses\Apps_Fees_Certificates_etc\LicenseApplicationsPermitsNotices\INDOT\2021","NT AUTHORITY\SYSTEM","Allow","FullControl","True"
"Y:\ttbntfile1\shared\appsdata\groups\1-Administrative\3-ContractingLicenses\Apps_Fees_Certificates_etc\LicenseApplicationsPermitsNotices\INDOT\2022","TONNANDBLANK\AVD Test Users","Allow","FullControl","True"
"Y:\ttbntfile1\shared\appsdata\groups\1-Administrative\3-ContractingLicenses\Apps_Fees_Certificates_etc\LicenseApplicationsPermitsNotices\INDOT\2022","TONNANDBLANK\impactadmin","Allow","FullControl","True"
"Y:\ttbntfile1\shared\appsdata\groups\1-Administrative\3-ContractingLicenses\Apps_Fees_Certificates_etc\LicenseApplicationsPermitsNotices\INDOT\2022","CREATOR OWNER","Allow","FullControl","True"
"Y:\ttbntfile1\shared\appsdata\groups\1-Administrative\3-ContractingLicenses\Apps_Fees_Certificates_etc\LicenseApplicationsPermitsNotices\INDOT\2022","BUILTIN\Administrators","Allow","FullControl","True"
"Y:\ttbntfile1\shared\appsdata\groups\1-Administrative\3-ContractingLicenses\Apps_Fees_Certificates_etc\LicenseApplicationsPermitsNotices\INDOT\2022","NT AUTHORITY\SYSTEM","Allow","FullControl","True"
"Y:\ttbntfile1\shared\appsdata\groups\1-Administrative\3-ContractingLicenses\Apps_Fees_Certificates_etc\LicenseApplicationsPermitsNotices\INDOT\2023","TONNANDBLANK\AVD Test Users","Allow","FullControl","True"
"Y:\ttbntfile1\shared\appsdata\groups\1-Administrative\3-ContractingLicenses\Apps_Fees_Certificates_etc\LicenseApplicationsPermitsNotices\INDOT\2023","TONNANDBLANK\impactadmin","Allow","FullControl","True"
"Y:\ttbntfile1\shared\appsdata\groups\1-Administrative\3-ContractingLicenses\Apps_Fees_Certificates_etc\LicenseApplicationsPermitsNotices\INDOT\2023","CREATOR OWNER","Allow","FullControl","True"
"Y:\ttbntfile1\shared\appsdata\groups\1-Administrative\3-ContractingLicenses\Apps_Fees_Certificates_etc\LicenseApplicationsPermitsNotices\INDOT\2023","BUILTIN\Administrators","Allow","FullControl","True"
"Y:\ttbntfile1\shared\appsdata\groups\1-Administrative\3-ContractingLicenses\Apps_Fees_Certificates_etc\LicenseApplicationsPermitsNotices\INDOT\2023","NT AUTHORITY\SYSTEM","Allow","FullControl","True"
"Y:\ttbntfile1\shared\appsdata\groups\1-Administrative\3-ContractingLicenses\Apps_Fees_Certificates_etc\LicenseApplicationsPermitsNotices\INDOT\2019\Email Confirmation of Electronic Upload","TONNANDBLANK\AVD Test Users","Allow","FullControl","True"
"Y:\ttbntfile1\shared\appsdata\groups\1-Administrative\3-ContractingLicenses\Apps_Fees_Certificates_etc\LicenseApplicationsPermitsNotices\INDOT\2019\Email Confirmation of Electronic Upload","TONNANDBLANK\impactadmin","Allow","FullControl","True"
"Y:\ttbntfile1\shared\appsdata\groups\1-Administrative\3-ContractingLicenses\Apps_Fees_Certificates_etc\LicenseApplicationsPermitsNotices\INDOT\2019\Email Confirmation of Electronic Upload","CREATOR OWNER","Allow","FullControl","True"
"Y:\ttbntfile1\shared\appsdata\groups\1-Administrative\3-ContractingLicenses\Apps_Fees_Certificates_etc\LicenseApplicationsPermitsNotices\INDOT\2019\Email Confirmation of Electronic Upload","BUILTIN\Administrators","Allow","FullControl","True"
"Y:\ttbntfile1\shared\appsdata\groups\1-Administrative\3-ContractingLicenses\Apps_Fees_Certificates_etc\LicenseApplicationsPermitsNotices\INDOT\2019\Email Confirmation of Electronic Upload","NT AUTHORITY\SYSTEM","Allow","FullControl","True"
"Y:\ttbntfile1\shared\appsdata\groups\1-Administrative\3-ContractingLicenses\Apps_Fees_Certificates_etc\LicenseApplicationsPermitsNotices\INDOT\2020\Blank Form and Instructions","TONNANDBLANK\AVD Test Users","Allow","FullControl","True"
"Y:\ttbntfile1\shared\appsdata\groups\1-Administrative\3-ContractingLicenses\Apps_Fees_Certificates_etc\LicenseApplicationsPermitsNotices\INDOT\2020\Blank Form and Instructions","TONNANDBLANK\impactadmin","Allow","FullControl","True"
"Y:\ttbntfile1\shared\appsdata\groups\1-Administrative\3-ContractingLicenses\Apps_Fees_Certificates_etc\LicenseApplicationsPermitsNotices\INDOT\2020\Blank Form and Instructions","CREATOR OWNER","Allow","FullControl","True"
"Y:\ttbntfile1\shared\appsdata\groups\1-Administrative\3-ContractingLicenses\Apps_Fees_Certificates_etc\LicenseApplicationsPermitsNotices\INDOT\2020\Blank Form and Instructions","BUILTIN\Administrators","Allow","FullControl","True"
"Y:\ttbntfile1\shared\appsdata\groups\1-Administrative\3-ContractingLicenses\Apps_Fees_Certificates_etc\LicenseApplicationsPermitsNotices\INDOT\2020\Blank Form and Instructions","NT AUTHORITY\SYSTEM","Allow","FullControl","True"
"Y:\ttbntfile1\shared\appsdata\groups\1-Administrative\3-ContractingLicenses\Apps_Fees_Certificates_etc\LicenseApplicationsPermitsNotices\INDOT\2020\Email Confirmation of Electronic Upload","TONNANDBLANK\AVD Test Users","Allow","FullControl","True"
"Y:\ttbntfile1\shared\appsdata\groups\1-Administrative\3-ContractingLicenses\Apps_Fees_Certificates_etc\LicenseApplicationsPermitsNotices\INDOT\2020\Email Confirmation of Electronic Upload","TONNANDBLANK\impactadmin","Allow","FullControl","True"
"Y:\ttbntfile1\shared\appsdata\groups\1-Administrative\3-ContractingLicenses\Apps_Fees_Certificates_etc\LicenseApplicationsPermitsNotices\INDOT\2020\Email Confirmation of Electronic Upload","CREATOR OWNER","Allow","FullControl","True"
"Y:\ttbntfile1\shared\appsdata\groups\1-Administrative\3-ContractingLicenses\Apps_Fees_Certificates_etc\LicenseApplicationsPermitsNotices\INDOT\2020\Email Confirmation of Electronic Upload","BUILTIN\Administrators","Allow","FullControl","True"
"Y:\ttbntfile1\shared\appsdata\groups\1-Administrative\3-ContractingLicenses\Apps_Fees_Certificates_etc\LicenseApplicationsPermitsNotices\INDOT\2020\Email Confirmation of Electronic Upload","NT AUTHORITY\SYSTEM","Allow","FullControl","True"
"Y:\ttbntfile1\shared\appsdata\groups\1-Administrative\3-ContractingLicenses\Apps_Fees_Certificates_etc\LicenseApplicationsPermitsNotices\INDOT\2021\Addt Documents","TONNANDBLANK\AVD Test Users","Allow","FullControl","True"
"Y:\ttbntfile1\shared\appsdata\groups\1-Administrative\3-ContractingLicenses\Apps_Fees_Certificates_etc\LicenseApplicationsPermitsNotices\INDOT\2021\Addt Documents","TONNANDBLANK\impactadmin","Allow","FullControl","True"
"Y:\ttbntfile1\shared\appsdata\groups\1-Administrative\3-ContractingLicenses\Apps_Fees_Certificates_etc\LicenseApplicationsPermitsNotices\INDOT\2021\Addt Documents","CREATOR OWNER","Allow","FullControl","True"
"Y:\ttbntfile1\shared\appsdata\groups\1-Administrative\3-ContractingLicenses\Apps_Fees_Certificates_etc\LicenseApplicationsPermitsNotices\INDOT\2021\Addt Documents","BUILTIN\Administrators","Allow","FullControl","True"
"Y:\ttbntfile1\shared\appsdata\groups\1-Administrative\3-ContractingLicenses\Apps_Fees_Certificates_etc\LicenseApplicationsPermitsNotices\INDOT\2021\Addt Documents","NT AUTHORITY\SYSTEM","Allow","FullControl","True"
"Y:\ttbntfile1\shared\appsdata\groups\1-Administrative\3-ContractingLicenses\Apps_Fees_Certificates_etc\LicenseApplicationsPermitsNotices\INDOT\2021\Document - Other Attachments","TONNANDBLANK\AVD Test Users","Allow","FullControl","True"
"Y:\ttbntfile1\shared\appsdata\groups\1-Administrative\3-ContractingLicenses\Apps_Fees_Certificates_etc\LicenseApplicationsPermitsNotices\INDOT\2021\Document - Other Attachments","TONNANDBLANK\impactadmin","Allow","FullControl","True"
"Y:\ttbntfile1\shared\appsdata\groups\1-Administrative\3-ContractingLicenses\Apps_Fees_Certificates_etc\LicenseApplicationsPermitsNotices\INDOT\2021\Document - Other Attachments","CREATOR OWNER","Allow","FullControl","True"
"Y:\ttbntfile1\shared\appsdata\groups\1-Administrative\3-ContractingLicenses\Apps_Fees_Certificates_etc\LicenseApplicationsPermitsNotices\INDOT\2021\Document - Other Attachments","BUILTIN\Administrators","Allow","FullControl","True"
"Y:\ttbntfile1\shared\appsdata\groups\1-Administrative\3-ContractingLicenses\Apps_Fees_Certificates_etc\LicenseApplicationsPermitsNotices\INDOT\2021\Document - Other Attachments","NT AUTHORITY\SYSTEM","Allow","FullControl","True"
"Y:\ttbntfile1\shared\appsdata\groups\1-Administrative\3-ContractingLicenses\Apps_Fees_Certificates_etc\LicenseApplicationsPermitsNotices\INDOT\2021\Excel Templates","TONNANDBLANK\AVD Test Users","Allow","FullControl","True"
"Y:\ttbntfile1\shared\appsdata\groups\1-Administrative\3-ContractingLicenses\Apps_Fees_Certificates_etc\LicenseApplicationsPermitsNotices\INDOT\2021\Excel Templates","TONNANDBLANK\impactadmin","Allow","FullControl","True"
"Y:\ttbntfile1\shared\appsdata\groups\1-Administrative\3-ContractingLicenses\Apps_Fees_Certificates_etc\LicenseApplicationsPermitsNotices\INDOT\2021\Excel Templates","CREATOR OWNER","Allow","FullControl","True"
"Y:\ttbntfile1\shared\appsdata\groups\1-Administrative\3-ContractingLicenses\Apps_Fees_Certificates_etc\LicenseApplicationsPermitsNotices\INDOT\2021\Excel Templates","BUILTIN\Administrators","Allow","FullControl","True"
"Y:\ttbntfile1\shared\appsdata\groups\1-Administrative\3-ContractingLicenses\Apps_Fees_Certificates_etc\LicenseApplicationsPermitsNotices\INDOT\2021\Excel Templates","NT AUTHORITY\SYSTEM","Allow","FullControl","True"
"Y:\ttbntfile1\shared\appsdata\groups\1-Administrative\3-ContractingLicenses\Apps_Fees_Certificates_etc\LicenseApplicationsPermitsNotices\INDOT\2021\Document - Other Attachments\Record of Experience","TONNANDBLANK\AVD Test Users","Allow","FullControl","True"
"Y:\ttbntfile1\shared\appsdata\groups\1-Administrative\3-ContractingLicenses\Apps_Fees_Certificates_etc\LicenseApplicationsPermitsNotices\INDOT\2021\Document - Other Attachments\Record of Experience","TONNANDBLANK\impactadmin","Allow","FullControl","True"
"Y:\ttbntfile1\shared\appsdata\groups\1-Administrative\3-ContractingLicenses\Apps_Fees_Certificates_etc\LicenseApplicationsPermitsNotices\INDOT\2021\Document - Other Attachments\Record of Experience","CREATOR OWNER","Allow","FullControl","True"
"Y:\ttbntfile1\shared\appsdata\groups\1-Administrative\3-ContractingLicenses\Apps_Fees_Certificates_etc\LicenseApplicationsPermitsNotices\INDOT\2021\Document - Other Attachments\Record of Experience","BUILTIN\Administrators","Allow","FullControl","True"
"Y:\ttbntfile1\shared\appsdata\groups\1-Administrative\3-ContractingLicenses\Apps_Fees_Certificates_etc\LicenseApplicationsPermitsNotices\INDOT\2021\Document - Other Attachments\Record of Experience","NT AUTHORITY\SYSTEM","Allow","FullControl","True"
"Y:\ttbntfile1\shared\appsdata\groups\1-Administrative\3-ContractingLicenses\Apps_Fees_Certificates_etc\LicenseApplicationsPermitsNotices\INDOT\2021\Excel Templates\Financial","TONNANDBLANK\AVD Test Users","Allow","FullControl","True"
"Y:\ttbntfile1\shared\appsdata\groups\1-Administrative\3-ContractingLicenses\Apps_Fees_Certificates_etc\LicenseApplicationsPermitsNotices\INDOT\2021\Excel Templates\Financial","TONNANDBLANK\impactadmin","Allow","FullControl","True"
"Y:\ttbntfile1\shared\appsdata\groups\1-Administrative\3-ContractingLicenses\Apps_Fees_Certificates_etc\LicenseApplicationsPermitsNotices\INDOT\2021\Excel Templates\Financial","CREATOR OWNER","Allow","FullControl","True"
"Y:\ttbntfile1\shared\appsdata\groups\1-Administrative\3-ContractingLicenses\Apps_Fees_Certificates_etc\LicenseApplicationsPermitsNotices\INDOT\2021\Excel Templates\Financial","BUILTIN\Administrators","Allow","FullControl","True"
"Y:\ttbntfile1\shared\appsdata\groups\1-Administrative\3-ContractingLicenses\Apps_Fees_Certificates_etc\LicenseApplicationsPermitsNotices\INDOT\2021\Excel Templates\Financial","NT AUTHORITY\SYSTEM","Allow","FullControl","True"
"Y:\ttbntfile1\shared\appsdata\groups\1-Administrative\3-ContractingLicenses\Apps_Fees_Certificates_etc\LicenseApplicationsPermitsNotices\INDOT\2021\Excel Templates\General","TONNANDBLANK\AVD Test Users","Allow","FullControl","True"
"Y:\ttbntfile1\shared\appsdata\groups\1-Administrative\3-ContractingLicenses\Apps_Fees_Certificates_etc\LicenseApplicationsPermitsNotices\INDOT\2021\Excel Templates\General","TONNANDBLANK\impactadmin","Allow","FullControl","True"
"Y:\ttbntfile1\shared\appsdata\groups\1-Administrative\3-ContractingLicenses\Apps_Fees_Certificates_etc\LicenseApplicationsPermitsNotices\INDOT\2021\Excel Templates\General","CREATOR OWNER","Allow","FullControl","True"
"Y:\ttbntfile1\shared\appsdata\groups\1-Administrative\3-ContractingLicenses\Apps_Fees_Certificates_etc\LicenseApplicationsPermitsNotices\INDOT\2021\Excel Templates\General","BUILTIN\Administrators","Allow","FullControl","True"
"Y:\ttbntfile1\shared\appsdata\groups\1-Administrative\3-ContractingLicenses\Apps_Fees_Certificates_etc\LicenseApplicationsPermitsNotices\INDOT\2021\Excel Templates\General","NT AUTHORITY\SYSTEM","Allow","FullControl","True"
"Y:\ttbntfile1\shared\appsdata\groups\1-Administrative\3-ContractingLicenses\Apps_Fees_Certificates_etc\LicenseApplicationsPermitsNotices\INDOT\2021\Excel Templates\Technical","TONNANDBLANK\AVD Test Users","Allow","FullControl","True"
"Y:\ttbntfile1\shared\appsdata\groups\1-Administrative\3-ContractingLicenses\Apps_Fees_Certificates_etc\LicenseApplicationsPermitsNotices\INDOT\2021\Excel Templates\Technical","TONNANDBLANK\impactadmin","Allow","FullControl","True"
"Y:\ttbntfile1\shared\appsdata\groups\1-Administrative\3-ContractingLicenses\Apps_Fees_Certificates_etc\LicenseApplicationsPermitsNotices\INDOT\2021\Excel Templates\Technical","CREATOR OWNER","Allow","FullControl","True"
"Y:\ttbntfile1\shared\appsdata\groups\1-Administrative\3-ContractingLicenses\Apps_Fees_Certificates_etc\LicenseApplicationsPermitsNotices\INDOT\2021\Excel Templates\Technical","BUILTIN\Administrators","Allow","FullControl","True"
"Y:\ttbntfile1\shared\appsdata\groups\1-Administrative\3-ContractingLicenses\Apps_Fees_Certificates_etc\LicenseApplicationsPermitsNotices\INDOT\2021\Excel Templates\Technical","NT AUTHORITY\SYSTEM","Allow","FullControl","True"
"Y:\ttbntfile1\shared\appsdata\groups\1-Administrative\3-ContractingLicenses\Apps_Fees_Certificates_etc\LicenseApplicationsPermitsNotices\INDOT\2021\Excel Templates\General\Certified Copies of Resolutions","TONNANDBLANK\AVD Test Users","Allow","FullControl","True"
"Y:\ttbntfile1\shared\appsdata\groups\1-Administrative\3-ContractingLicenses\Apps_Fees_Certificates_etc\LicenseApplicationsPermitsNotices\INDOT\2021\Excel Templates\General\Certified Copies of Resolutions","TONNANDBLANK\impactadmin","Allow","FullControl","True"
"Y:\ttbntfile1\shared\appsdata\groups\1-Administrative\3-ContractingLicenses\Apps_Fees_Certificates_etc\LicenseApplicationsPermitsNotices\INDOT\2021\Excel Templates\General\Certified Copies of Resolutions","CREATOR OWNER","Allow","FullControl","True"
"Y:\ttbntfile1\shared\appsdata\groups\1-Administrative\3-ContractingLicenses\Apps_Fees_Certificates_etc\LicenseApplicationsPermitsNotices\INDOT\2021\Excel Templates\General\Certified Copies of Resolutions","BUILTIN\Administrators","Allow","FullControl","True"
"Y:\ttbntfile1\shared\appsdata\groups\1-Administrative\3-ContractingLicenses\Apps_Fees_Certificates_etc\LicenseApplicationsPermitsNotices\INDOT\2021\Excel Templates\General\Certified Copies of Resolutions","NT AUTHORITY\SYSTEM","Allow","FullControl","True"
"Y:\ttbntfile1\shared\appsdata\groups\1-Administrative\3-ContractingLicenses\Apps_Fees_Certificates_etc\LicenseApplicationsPermitsNotices\INDOT\2021\Excel Templates\General\Principle Construction Exp","TONNANDBLANK\AVD Test Users","Allow","FullControl","True"
"Y:\ttbntfile1\shared\appsdata\groups\1-Administrative\3-ContractingLicenses\Apps_Fees_Certificates_etc\LicenseApplicationsPermitsNotices\INDOT\2021\Excel Templates\General\Principle Construction Exp","TONNANDBLANK\impactadmin","Allow","FullControl","True"
"Y:\ttbntfile1\shared\appsdata\groups\1-Administrative\3-ContractingLicenses\Apps_Fees_Certificates_etc\LicenseApplicationsPermitsNotices\INDOT\2021\Excel Templates\General\Principle Construction Exp","CREATOR OWNER","Allow","FullControl","True"
"Y:\ttbntfile1\shared\appsdata\groups\1-Administrative\3-ContractingLicenses\Apps_Fees_Certificates_etc\LicenseApplicationsPermitsNotices\INDOT\2021\Excel Templates\General\Principle Construction Exp","BUILTIN\Administrators","Allow","FullControl","True"
"Y:\ttbntfile1\shared\appsdata\groups\1-Administrative\3-ContractingLicenses\Apps_Fees_Certificates_etc\LicenseApplicationsPermitsNotices\INDOT\2021\Excel Templates\General\Principle Construction Exp","NT AUTHORITY\SYSTEM","Allow","FullControl","True"
"Y:\ttbntfile1\shared\appsdata\groups\1-Administrative\3-ContractingLicenses\Apps_Fees_Certificates_etc\LicenseApplicationsPermitsNotices\INDOT\2021\Excel Templates\General\Related Firm","TONNANDBLANK\AVD Test Users","Allow","FullControl","True"
"Y:\ttbntfile1\shared\appsdata\groups\1-Administrative\3-ContractingLicenses\Apps_Fees_Certificates_etc\LicenseApplicationsPermitsNotices\INDOT\2021\Excel Templates\General\Related Firm","TONNANDBLANK\impactadmin","Allow","FullControl","True"
"Y:\ttbntfile1\shared\appsdata\groups\1-Administrative\3-ContractingLicenses\Apps_Fees_Certificates_etc\LicenseApplicationsPermitsNotices\INDOT\2021\Excel Templates\General\Related Firm","CREATOR OWNER","Allow","FullControl","True"
"Y:\ttbntfile1\shared\appsdata\groups\1-Administrative\3-ContractingLicenses\Apps_Fees_Certificates_etc\LicenseApplicationsPermitsNotices\INDOT\2021\Excel Templates\General\Related Firm","BUILTIN\Administrators","Allow","FullControl","True"
"Y:\ttbntfile1\shared\appsdata\groups\1-Administrative\3-ContractingLicenses\Apps_Fees_Certificates_etc\LicenseApplicationsPermitsNotices\INDOT\2021\Excel Templates\General\Related Firm","NT AUTHORITY\SYSTEM","Allow","FullControl","True"
"Y:\ttbntfile1\shared\appsdata\groups\1-Administrative\3-ContractingLicenses\Apps_Fees_Certificates_etc\LicenseApplicationsPermitsNotices\INDOT\2022\Addt Documents","TONNANDBLANK\AVD Test Users","Allow","FullControl","True"
"Y:\ttbntfile1\shared\appsdata\groups\1-Administrative\3-ContractingLicenses\Apps_Fees_Certificates_etc\LicenseApplicationsPermitsNotices\INDOT\2022\Addt Documents","TONNANDBLANK\impactadmin","Allow","FullControl","True"
"Y:\ttbntfile1\shared\appsdata\groups\1-Administrative\3-ContractingLicenses\Apps_Fees_Certificates_etc\LicenseApplicationsPermitsNotices\INDOT\2022\Addt Documents","CREATOR OWNER","Allow","FullControl","True"
"Y:\ttbntfile1\shared\appsdata\groups\1-Administrative\3-ContractingLicenses\Apps_Fees_Certificates_etc\LicenseApplicationsPermitsNotices\INDOT\2022\Addt Documents","BUILTIN\Administrators","Allow","FullControl","True"
"Y:\ttbntfile1\shared\appsdata\groups\1-Administrative\3-ContractingLicenses\Apps_Fees_Certificates_etc\LicenseApplicationsPermitsNotices\INDOT\2022\Addt Documents","NT AUTHORITY\SYSTEM","Allow","FullControl","True"
"Y:\ttbntfile1\shared\appsdata\groups\1-Administrative\3-ContractingLicenses\Apps_Fees_Certificates_etc\LicenseApplicationsPermitsNotices\INDOT\2022\Document - Other Attachments","TONNANDBLANK\AVD Test Users","Allow","FullControl","True"
"Y:\ttbntfile1\shared\appsdata\groups\1-Administrative\3-ContractingLicenses\Apps_Fees_Certificates_etc\LicenseApplicationsPermitsNotices\INDOT\2022\Document - Other Attachments","TONNANDBLANK\impactadmin","Allow","FullControl","True"
"Y:\ttbntfile1\shared\appsdata\groups\1-Administrative\3-ContractingLicenses\Apps_Fees_Certificates_etc\LicenseApplicationsPermitsNotices\INDOT\2022\Document - Other Attachments","CREATOR OWNER","Allow","FullControl","True"
"Y:\ttbntfile1\shared\appsdata\groups\1-Administrative\3-ContractingLicenses\Apps_Fees_Certificates_etc\LicenseApplicationsPermitsNotices\INDOT\2022\Document - Other Attachments","BUILTIN\Administrators","Allow","FullControl","True"
"Y:\ttbntfile1\shared\appsdata\groups\1-Administrative\3-ContractingLicenses\Apps_Fees_Certificates_etc\LicenseApplicationsPermitsNotices\INDOT\2022\Document - Other Attachments","NT AUTHORITY\SYSTEM","Allow","FullControl","True"
"Y:\ttbntfile1\shared\appsdata\groups\1-Administrative\3-ContractingLicenses\Apps_Fees_Certificates_etc\LicenseApplicationsPermitsNotices\INDOT\2022\Excel Templates","TONNANDBLANK\AVD Test Users","Allow","FullControl","True"
"Y:\ttbntfile1\shared\appsdata\groups\1-Administrative\3-ContractingLicenses\Apps_Fees_Certificates_etc\LicenseApplicationsPermitsNotices\INDOT\2022\Excel Templates","TONNANDBLANK\impactadmin","Allow","FullControl","True"
"Y:\ttbntfile1\shared\appsdata\groups\1-Administrative\3-ContractingLicenses\Apps_Fees_Certificates_etc\LicenseApplicationsPermitsNotices\INDOT\2022\Excel Templates","CREATOR OWNER","Allow","FullControl","True"
"Y:\ttbntfile1\shared\appsdata\groups\1-Administrative\3-ContractingLicenses\Apps_Fees_Certificates_etc\LicenseApplicationsPermitsNotices\INDOT\2022\Excel Templates","BUILTIN\Administrators","Allow","FullControl","True"
"Y:\ttbntfile1\shared\appsdata\groups\1-Administrative\3-ContractingLicenses\Apps_Fees_Certificates_etc\LicenseApplicationsPermitsNotices\INDOT\2022\Excel Templates","NT AUTHORITY\SYSTEM","Allow","FullControl","True"
"Y:\ttbntfile1\shared\appsdata\groups\1-Administrative\3-ContractingLicenses\Apps_Fees_Certificates_etc\LicenseApplicationsPermitsNotices\INDOT\2022\Excel Templates\Financial","TONNANDBLANK\AVD Test Users","Allow","FullControl","True"
"Y:\ttbntfile1\shared\appsdata\groups\1-Administrative\3-ContractingLicenses\Apps_Fees_Certificates_etc\LicenseApplicationsPermitsNotices\INDOT\2022\Excel Templates\Financial","TONNANDBLANK\impactadmin","Allow","FullControl","True"
"Y:\ttbntfile1\shared\appsdata\groups\1-Administrative\3-ContractingLicenses\Apps_Fees_Certificates_etc\LicenseApplicationsPermitsNotices\INDOT\2022\Excel Templates\Financial","CREATOR OWNER","Allow","FullControl","True"
"Y:\ttbntfile1\shared\appsdata\groups\1-Administrative\3-ContractingLicenses\Apps_Fees_Certificates_etc\LicenseApplicationsPermitsNotices\INDOT\2022\Excel Templates\Financial","BUILTIN\Administrators","Allow","FullControl","True"
"Y:\ttbntfile1\shared\appsdata\groups\1-Administrative\3-ContractingLicenses\Apps_Fees_Certificates_etc\LicenseApplicationsPermitsNotices\INDOT\2022\Excel Templates\Financial","NT AUTHORITY\SYSTEM","Allow","FullControl","True"
"Y:\ttbntfile1\shared\appsdata\groups\1-Administrative\3-ContractingLicenses\Apps_Fees_Certificates_etc\LicenseApplicationsPermitsNotices\INDOT\2022\Excel Templates\General","TONNANDBLANK\AVD Test Users","Allow","FullControl","True"
"Y:\ttbntfile1\shared\appsdata\groups\1-Administrative\3-ContractingLicenses\Apps_Fees_Certificates_etc\LicenseApplicationsPermitsNotices\INDOT\2022\Excel Templates\General","TONNANDBLANK\impactadmin","Allow","FullControl","True"
"Y:\ttbntfile1\shared\appsdata\groups\1-Administrative\3-ContractingLicenses\Apps_Fees_Certificates_etc\LicenseApplicationsPermitsNotices\INDOT\2022\Excel Templates\General","CREATOR OWNER","Allow","FullControl","True"
"Y:\ttbntfile1\shared\appsdata\groups\1-Administrative\3-ContractingLicenses\Apps_Fees_Certificates_etc\LicenseApplicationsPermitsNotices\INDOT\2022\Excel Templates\General","BUILTIN\Administrators","Allow","FullControl","True"
"Y:\ttbntfile1\shared\appsdata\groups\1-Administrative\3-ContractingLicenses\Apps_Fees_Certificates_etc\LicenseApplicationsPermitsNotices\INDOT\2022\Excel Templates\General","NT AUTHORITY\SYSTEM","Allow","FullControl","True"
"Y:\ttbntfile1\shared\appsdata\groups\1-Administrative\3-ContractingLicenses\Apps_Fees_Certificates_etc\LicenseApplicationsPermitsNotices\INDOT\2022\Excel Templates\Technical","TONNANDBLANK\AVD Test Users","Allow","FullControl","True"
"Y:\ttbntfile1\shared\appsdata\groups\1-Administrative\3-ContractingLicenses\Apps_Fees_Certificates_etc\LicenseApplicationsPermitsNotices\INDOT\2022\Excel Templates\Technical","TONNANDBLANK\impactadmin","Allow","FullControl","True"
"Y:\ttbntfile1\shared\appsdata\groups\1-Administrative\3-ContractingLicenses\Apps_Fees_Certificates_etc\LicenseApplicationsPermitsNotices\INDOT\2022\Excel Templates\Technical","CREATOR OWNER","Allow","FullControl","True"
"Y:\ttbntfile1\shared\appsdata\groups\1-Administrative\3-ContractingLicenses\Apps_Fees_Certificates_etc\LicenseApplicationsPermitsNotices\INDOT\2022\Excel Templates\Technical","BUILTIN\Administrators","Allow","FullControl","True"
"Y:\ttbntfile1\shared\appsdata\groups\1-Administrative\3-ContractingLicenses\Apps_Fees_Certificates_etc\LicenseApplicationsPermitsNotices\INDOT\2022\Excel Templates\Technical","NT AUTHORITY\SYSTEM","Allow","FullControl","True"
"Y:\ttbntfile1\shared\appsdata\groups\1-Administrative\3-ContractingLicenses\Apps_Fees_Certificates_etc\LicenseApplicationsPermitsNotices\INDOT\2022\Excel Templates\General\Certified Copies of Resolutions","TONNANDBLANK\AVD Test Users","Allow","FullControl","True"
"Y:\ttbntfile1\shared\appsdata\groups\1-Administrative\3-ContractingLicenses\Apps_Fees_Certificates_etc\LicenseApplicationsPermitsNotices\INDOT\2022\Excel Templates\General\Certified Copies of Resolutions","TONNANDBLANK\impactadmin","Allow","FullControl","True"
"Y:\ttbntfile1\shared\appsdata\groups\1-Administrative\3-ContractingLicenses\Apps_Fees_Certificates_etc\LicenseApplicationsPermitsNotices\INDOT\2022\Excel Templates\General\Certified Copies of Resolutions","CREATOR OWNER","Allow","FullControl","True"
"Y:\ttbntfile1\shared\appsdata\groups\1-Administrative\3-ContractingLicenses\Apps_Fees_Certificates_etc\LicenseApplicationsPermitsNotices\INDOT\2022\Excel Templates\General\Certified Copies of Resolutions","BUILTIN\Administrators","Allow","FullControl","True"
"Y:\ttbntfile1\shared\appsdata\groups\1-Administrative\3-ContractingLicenses\Apps_Fees_Certificates_etc\LicenseApplicationsPermitsNotices\INDOT\2022\Excel Templates\General\Certified Copies of Resolutions","NT AUTHORITY\SYSTEM","Allow","FullControl","True"
"Y:\ttbntfile1\shared\appsdata\groups\1-Administrative\3-ContractingLicenses\Apps_Fees_Certificates_etc\LicenseApplicationsPermitsNotices\INDOT\2022\Excel Templates\General\Principle Construction Exp","TONNANDBLANK\AVD Test Users","Allow","FullControl","True"
"Y:\ttbntfile1\shared\appsdata\groups\1-Administrative\3-ContractingLicenses\Apps_Fees_Certificates_etc\LicenseApplicationsPermitsNotices\INDOT\2022\Excel Templates\General\Principle Construction Exp","TONNANDBLANK\impactadmin","Allow","FullControl","True"
"Y:\ttbntfile1\shared\appsdata\groups\1-Administrative\3-ContractingLicenses\Apps_Fees_Certificates_etc\LicenseApplicationsPermitsNotices\INDOT\2022\Excel Templates\General\Principle Construction Exp","CREATOR OWNER","Allow","FullControl","True"
"Y:\ttbntfile1\shared\appsdata\groups\1-Administrative\3-ContractingLicenses\Apps_Fees_Certificates_etc\LicenseApplicationsPermitsNotices\INDOT\2022\Excel Templates\General\Principle Construction Exp","BUILTIN\Administrators","Allow","FullControl","True"
"Y:\ttbntfile1\shared\appsdata\groups\1-Administrative\3-ContractingLicenses\Apps_Fees_Certificates_etc\LicenseApplicationsPermitsNotices\INDOT\2022\Excel Templates\General\Principle Construction Exp","NT AUTHORITY\SYSTEM","Allow","FullControl","True"
"Y:\ttbntfile1\shared\appsdata\groups\1-Administrative\3-ContractingLicenses\Apps_Fees_Certificates_etc\LicenseApplicationsPermitsNotices\INDOT\2022\Excel Templates\General\Related Firm","TONNANDBLANK\AVD Test Users","Allow","FullControl","True"
"Y:\ttbntfile1\shared\appsdata\groups\1-Administrative\3-ContractingLicenses\Apps_Fees_Certificates_etc\LicenseApplicationsPermitsNotices\INDOT\2022\Excel Templates\General\Related Firm","TONNANDBLANK\impactadmin","Allow","FullControl","True"
"Y:\ttbntfile1\shared\appsdata\groups\1-Administrative\3-ContractingLicenses\Apps_Fees_Certificates_etc\LicenseApplicationsPermitsNotices\INDOT\2022\Excel Templates\General\Related Firm","CREATOR OWNER","Allow","FullControl","True"
"Y:\ttbntfile1\shared\appsdata\groups\1-Administrative\3-ContractingLicenses\Apps_Fees_Certificates_etc\LicenseApplicationsPermitsNotices\INDOT\2022\Excel Templates\General\Related Firm","BUILTIN\Administrators","Allow","FullControl","True"
"Y:\ttbntfile1\shared\appsdata\groups\1-Administrative\3-ContractingLicenses\Apps_Fees_Certificates_etc\LicenseApplicationsPermitsNotices\INDOT\2022\Excel Templates\General\Related Firm","NT AUTHORITY\SYSTEM","Allow","FullControl","True"
"Y:\ttbntfile1\shared\appsdata\groups\1-Administrative\3-ContractingLicenses\Apps_Fees_Certificates_etc\LicenseApplicationsPermitsNotices\INDOT\2022\Excel Templates\Technical\PDFs","TONNANDBLANK\AVD Test Users","Allow","FullControl","True"
"Y:\ttbntfile1\shared\appsdata\groups\1-Administrative\3-ContractingLicenses\Apps_Fees_Certificates_etc\LicenseApplicationsPermitsNotices\INDOT\2022\Excel Templates\Technical\PDFs","TONNANDBLANK\impactadmin","Allow","FullControl","True"
"Y:\ttbntfile1\shared\appsdata\groups\1-Administrative\3-ContractingLicenses\Apps_Fees_Certificates_etc\LicenseApplicationsPermitsNotices\INDOT\2022\Excel Templates\Technical\PDFs","CREATOR OWNER","Allow","FullControl","True"
"Y:\ttbntfile1\shared\appsdata\groups\1-Administrative\3-ContractingLicenses\Apps_Fees_Certificates_etc\LicenseApplicationsPermitsNotices\INDOT\2022\Excel Templates\Technical\PDFs","BUILTIN\Administrators","Allow","FullControl","True"
"Y:\ttbntfile1\shared\appsdata\groups\1-Administrative\3-ContractingLicenses\Apps_Fees_Certificates_etc\LicenseApplicationsPermitsNotices\INDOT\2022\Excel Templates\Technical\PDFs","NT AUTHORITY\SYSTEM","Allow","FullControl","True"
"Y:\ttbntfile1\shared\appsdata\groups\1-Administrative\3-ContractingLicenses\Apps_Fees_Certificates_etc\LicenseApplicationsPermitsNotices\INDOT\2023\Addt Documents","TONNANDBLANK\AVD Test Users","Allow","FullControl","True"
"Y:\ttbntfile1\shared\appsdata\groups\1-Administrative\3-ContractingLicenses\Apps_Fees_Certificates_etc\LicenseApplicationsPermitsNotices\INDOT\2023\Addt Documents","TONNANDBLANK\impactadmin","Allow","FullControl","True"
"Y:\ttbntfile1\shared\appsdata\groups\1-Administrative\3-ContractingLicenses\Apps_Fees_Certificates_etc\LicenseApplicationsPermitsNotices\INDOT\2023\Addt Documents","CREATOR OWNER","Allow","FullControl","True"
"Y:\ttbntfile1\shared\appsdata\groups\1-Administrative\3-ContractingLicenses\Apps_Fees_Certificates_etc\LicenseApplicationsPermitsNotices\INDOT\2023\Addt Documents","BUILTIN\Administrators","Allow","FullControl","True"
"Y:\ttbntfile1\shared\appsdata\groups\1-Administrative\3-ContractingLicenses\Apps_Fees_Certificates_etc\LicenseApplicationsPermitsNotices\INDOT\2023\Addt Documents","NT AUTHORITY\SYSTEM","Allow","FullControl","True"
"Y:\ttbntfile1\shared\appsdata\groups\1-Administrative\3-ContractingLicenses\Apps_Fees_Certificates_etc\LicenseApplicationsPermitsNotices\INDOT\2023\Document - Other Attachments","TONNANDBLANK\AVD Test Users","Allow","FullControl","True"
"Y:\ttbntfile1\shared\appsdata\groups\1-Administrative\3-ContractingLicenses\Apps_Fees_Certificates_etc\LicenseApplicationsPermitsNotices\INDOT\2023\Document - Other Attachments","TONNANDBLANK\impactadmin","Allow","FullControl","True"
"Y:\ttbntfile1\shared\appsdata\groups\1-Administrative\3-ContractingLicenses\Apps_Fees_Certificates_etc\LicenseApplicationsPermitsNotices\INDOT\2023\Document - Other Attachments","CREATOR OWNER","Allow","FullControl","True"
"Y:\ttbntfile1\shared\appsdata\groups\1-Administrative\3-ContractingLicenses\Apps_Fees_Certificates_etc\LicenseApplicationsPermitsNotices\INDOT\2023\Document - Other Attachments","BUILTIN\Administrators","Allow","FullControl","True"
"Y:\ttbntfile1\shared\appsdata\groups\1-Administrative\3-ContractingLicenses\Apps_Fees_Certificates_etc\LicenseApplicationsPermitsNotices\INDOT\2023\Document - Other Attachments","NT AUTHORITY\SYSTEM","Allow","FullControl","True"
"Y:\ttbntfile1\shared\appsdata\groups\1-Administrative\3-ContractingLicenses\Apps_Fees_Certificates_etc\LicenseApplicationsPermitsNotices\INDOT\2023\Emails","TONNANDBLANK\AVD Test Users","Allow","FullControl","True"
"Y:\ttbntfile1\shared\appsdata\groups\1-Administrative\3-ContractingLicenses\Apps_Fees_Certificates_etc\LicenseApplicationsPermitsNotices\INDOT\2023\Emails","TONNANDBLANK\impactadmin","Allow","FullControl","True"
"Y:\ttbntfile1\shared\appsdata\groups\1-Administrative\3-ContractingLicenses\Apps_Fees_Certificates_etc\LicenseApplicationsPermitsNotices\INDOT\2023\Emails","CREATOR OWNER","Allow","FullControl","True"
"Y:\ttbntfile1\shared\appsdata\groups\1-Administrative\3-ContractingLicenses\Apps_Fees_Certificates_etc\LicenseApplicationsPermitsNotices\INDOT\2023\Emails","BUILTIN\Administrators","Allow","FullControl","True"
"Y:\ttbntfile1\shared\appsdata\groups\1-Administrative\3-ContractingLicenses\Apps_Fees_Certificates_etc\LicenseApplicationsPermitsNotices\INDOT\2023\Emails","NT AUTHORITY\SYSTEM","Allow","FullControl","True"
"Y:\ttbntfile1\shared\appsdata\groups\1-Administrative\3-ContractingLicenses\Apps_Fees_Certificates_etc\LicenseApplicationsPermitsNotices\INDOT\2023\Excel Templates","TONNANDBLANK\AVD Test Users","Allow","FullControl","True"
"Y:\ttbntfile1\shared\appsdata\groups\1-Administrative\3-ContractingLicenses\Apps_Fees_Certificates_etc\LicenseApplicationsPermitsNotices\INDOT\2023\Excel Templates","TONNANDBLANK\impactadmin","Allow","FullControl","True"
"Y:\ttbntfile1\shared\appsdata\groups\1-Administrative\3-ContractingLicenses\Apps_Fees_Certificates_etc\LicenseApplicationsPermitsNotices\INDOT\2023\Excel Templates","CREATOR OWNER","Allow","FullControl","True"
"Y:\ttbntfile1\shared\appsdata\groups\1-Administrative\3-ContractingLicenses\Apps_Fees_Certificates_etc\LicenseApplicationsPermitsNotices\INDOT\2023\Excel Templates","BUILTIN\Administrators","Allow","FullControl","True"
"Y:\ttbntfile1\shared\appsdata\groups\1-Administrative\3-ContractingLicenses\Apps_Fees_Certificates_etc\LicenseApplicationsPermitsNotices\INDOT\2023\Excel Templates","NT AUTHORITY\SYSTEM","Allow","FullControl","True"
"Y:\ttbntfile1\shared\appsdata\groups\1-Administrative\3-ContractingLicenses\Apps_Fees_Certificates_etc\LicenseApplicationsPermitsNotices\INDOT\2023\Document - Other Attachments\Archive","TONNANDBLANK\AVD Test Users","Allow","FullControl","True"
"Y:\ttbntfile1\shared\appsdata\groups\1-Administrative\3-ContractingLicenses\Apps_Fees_Certificates_etc\LicenseApplicationsPermitsNotices\INDOT\2023\Document - Other Attachments\Archive","TONNANDBLANK\impactadmin","Allow","FullControl","True"
"Y:\ttbntfile1\shared\appsdata\groups\1-Administrative\3-ContractingLicenses\Apps_Fees_Certificates_etc\LicenseApplicationsPermitsNotices\INDOT\2023\Document - Other Attachments\Archive","CREATOR OWNER","Allow","FullControl","True"
"Y:\ttbntfile1\shared\appsdata\groups\1-Administrative\3-ContractingLicenses\Apps_Fees_Certificates_etc\LicenseApplicationsPermitsNotices\INDOT\2023\Document - Other Attachments\Archive","BUILTIN\Administrators","Allow","FullControl","True"
"Y:\ttbntfile1\shared\appsdata\groups\1-Administrative\3-ContractingLicenses\Apps_Fees_Certificates_etc\LicenseApplicationsPermitsNotices\INDOT\2023\Document - Other Attachments\Archive","NT AUTHORITY\SYSTEM","Allow","FullControl","True"
"Y:\ttbntfile1\shared\appsdata\groups\1-Administrative\3-ContractingLicenses\Apps_Fees_Certificates_etc\LicenseApplicationsPermitsNotices\INDOT\2023\Excel Templates\Financial","TONNANDBLANK\AVD Test Users","Allow","FullControl","True"
"Y:\ttbntfile1\shared\appsdata\groups\1-Administrative\3-ContractingLicenses\Apps_Fees_Certificates_etc\LicenseApplicationsPermitsNotices\INDOT\2023\Excel Templates\Financial","TONNANDBLANK\impactadmin","Allow","FullControl","True"
"Y:\ttbntfile1\shared\appsdata\groups\1-Administrative\3-ContractingLicenses\Apps_Fees_Certificates_etc\LicenseApplicationsPermitsNotices\INDOT\2023\Excel Templates\Financial","CREATOR OWNER","Allow","FullControl","True"
"Y:\ttbntfile1\shared\appsdata\groups\1-Administrative\3-ContractingLicenses\Apps_Fees_Certificates_etc\LicenseApplicationsPermitsNotices\INDOT\2023\Excel Templates\Financial","BUILTIN\Administrators","Allow","FullControl","True"
"Y:\ttbntfile1\shared\appsdata\groups\1-Administrative\3-ContractingLicenses\Apps_Fees_Certificates_etc\LicenseApplicationsPermitsNotices\INDOT\2023\Excel Templates\Financial","NT AUTHORITY\SYSTEM","Allow","FullControl","True"
"Y:\ttbntfile1\shared\appsdata\groups\1-Administrative\3-ContractingLicenses\Apps_Fees_Certificates_etc\LicenseApplicationsPermitsNotices\INDOT\2023\Excel Templates\General","TONNANDBLANK\AVD Test Users","Allow","FullControl","True"
"Y:\ttbntfile1\shared\appsdata\groups\1-Administrative\3-ContractingLicenses\Apps_Fees_Certificates_etc\LicenseApplicationsPermitsNotices\INDOT\2023\Excel Templates\General","TONNANDBLANK\impactadmin","Allow","FullControl","True"
"Y:\ttbntfile1\shared\appsdata\groups\1-Administrative\3-ContractingLicenses\Apps_Fees_Certificates_etc\LicenseApplicationsPermitsNotices\INDOT\2023\Excel Templates\General","CREATOR OWNER","Allow","FullControl","True"
"Y:\ttbntfile1\shared\appsdata\groups\1-Administrative\3-ContractingLicenses\Apps_Fees_Certificates_etc\LicenseApplicationsPermitsNotices\INDOT\2023\Excel Templates\General","BUILTIN\Administrators","Allow","FullControl","True"
"Y:\ttbntfile1\shared\appsdata\groups\1-Administrative\3-ContractingLicenses\Apps_Fees_Certificates_etc\LicenseApplicationsPermitsNotices\INDOT\2023\Excel Templates\General","NT AUTHORITY\SYSTEM","Allow","FullControl","True"
"Y:\ttbntfile1\shared\appsdata\groups\1-Administrative\3-ContractingLicenses\Apps_Fees_Certificates_etc\LicenseApplicationsPermitsNotices\INDOT\2023\Excel Templates\Technical","TONNANDBLANK\AVD Test Users","Allow","FullControl","True"
"Y:\ttbntfile1\shared\appsdata\groups\1-Administrative\3-ContractingLicenses\Apps_Fees_Certificates_etc\LicenseApplicationsPermitsNotices\INDOT\2023\Excel Templates\Technical","TONNANDBLANK\impactadmin","Allow","FullControl","True"
"Y:\ttbntfile1\shared\appsdata\groups\1-Administrative\3-ContractingLicenses\Apps_Fees_Certificates_etc\LicenseApplicationsPermitsNotices\INDOT\2023\Excel Templates\Technical","CREATOR OWNER","Allow","FullControl","True"
"Y:\ttbntfile1\shared\appsdata\groups\1-Administrative\3-ContractingLicenses\Apps_Fees_Certificates_etc\LicenseApplicationsPermitsNotices\INDOT\2023\Excel Templates\Technical","BUILTIN\Administrators","Allow","FullControl","True"
"Y:\ttbntfile1\shared\appsdata\groups\1-Administrative\3-ContractingLicenses\Apps_Fees_Certificates_etc\LicenseApplicationsPermitsNotices\INDOT\2023\Excel Templates\Technical","NT AUTHORITY\SYSTEM","Allow","FullControl","True"
"Y:\ttbntfile1\shared\appsdata\groups\1-Administrative\3-ContractingLicenses\Apps_Fees_Certificates_etc\LicenseApplicationsPermitsNotices\INDOT\2023\Excel Templates\General\Certified Copies of Resolutions","TONNANDBLANK\AVD Test Users","Allow","FullControl","True"
"Y:\ttbntfile1\shared\appsdata\groups\1-Administrative\3-ContractingLicenses\Apps_Fees_Certificates_etc\LicenseApplicationsPermitsNotices\INDOT\2023\Excel Templates\General\Certified Copies of Resolutions","TONNANDBLANK\impactadmin","Allow","FullControl","True"
"Y:\ttbntfile1\shared\appsdata\groups\1-Administrative\3-ContractingLicenses\Apps_Fees_Certificates_etc\LicenseApplicationsPermitsNotices\INDOT\2023\Excel Templates\General\Certified Copies of Resolutions","CREATOR OWNER","Allow","FullControl","True"
"Y:\ttbntfile1\shared\appsdata\groups\1-Administrative\3-ContractingLicenses\Apps_Fees_Certificates_etc\LicenseApplicationsPermitsNotices\INDOT\2023\Excel Templates\General\Certified Copies of Resolutions","BUILTIN\Administrators","Allow","FullControl","True"
"Y:\ttbntfile1\shared\appsdata\groups\1-Administrative\3-ContractingLicenses\Apps_Fees_Certificates_etc\LicenseApplicationsPermitsNotices\INDOT\2023\Excel Templates\General\Certified Copies of Resolutions","NT AUTHORITY\SYSTEM","Allow","FullControl","True"
"Y:\ttbntfile1\shared\appsdata\groups\1-Administrative\3-ContractingLicenses\Apps_Fees_Certificates_etc\LicenseApplicationsPermitsNotices\INDOT\2023\Excel Templates\General\Principle Construction Exp","TONNANDBLANK\AVD Test Users","Allow","FullControl","True"
"Y:\ttbntfile1\shared\appsdata\groups\1-Administrative\3-ContractingLicenses\Apps_Fees_Certificates_etc\LicenseApplicationsPermitsNotices\INDOT\2023\Excel Templates\General\Principle Construction Exp","TONNANDBLANK\impactadmin","Allow","FullControl","True"
"Y:\ttbntfile1\shared\appsdata\groups\1-Administrative\3-ContractingLicenses\Apps_Fees_Certificates_etc\LicenseApplicationsPermitsNotices\INDOT\2023\Excel Templates\General\Principle Construction Exp","CREATOR OWNER","Allow","FullControl","True"
"Y:\ttbntfile1\shared\appsdata\groups\1-Administrative\3-ContractingLicenses\Apps_Fees_Certificates_etc\LicenseApplicationsPermitsNotices\INDOT\2023\Excel Templates\General\Principle Construction Exp","BUILTIN\Administrators","Allow","FullControl","True"
"Y:\ttbntfile1\shared\appsdata\groups\1-Administrative\3-ContractingLicenses\Apps_Fees_Certificates_etc\LicenseApplicationsPermitsNotices\INDOT\2023\Excel Templates\General\Principle Construction Exp","NT AUTHORITY\SYSTEM","Allow","FullControl","True"
"Y:\ttbntfile1\shared\appsdata\groups\1-Administrative\3-ContractingLicenses\Apps_Fees_Certificates_etc\LicenseApplicationsPermitsNotices\INDOT\2023\Excel Templates\General\Related Firm","TONNANDBLANK\AVD Test Users","Allow","FullControl","True"
"Y:\ttbntfile1\shared\appsdata\groups\1-Administrative\3-ContractingLicenses\Apps_Fees_Certificates_etc\LicenseApplicationsPermitsNotices\INDOT\2023\Excel Templates\General\Related Firm","TONNANDBLANK\impactadmin","Allow","FullControl","True"
"Y:\ttbntfile1\shared\appsdata\groups\1-Administrative\3-ContractingLicenses\Apps_Fees_Certificates_etc\LicenseApplicationsPermitsNotices\INDOT\2023\Excel Templates\General\Related Firm","CREATOR OWNER","Allow","FullControl","True"
"Y:\ttbntfile1\shared\appsdata\groups\1-Administrative\3-ContractingLicenses\Apps_Fees_Certificates_etc\LicenseApplicationsPermitsNotices\INDOT\2023\Excel Templates\General\Related Firm","BUILTIN\Administrators","Allow","FullControl","True"
"Y:\ttbntfile1\shared\appsdata\groups\1-Administrative\3-ContractingLicenses\Apps_Fees_Certificates_etc\LicenseApplicationsPermitsNotices\INDOT\2023\Excel Templates\General\Related Firm","NT AUTHORITY\SYSTEM","Allow","FullControl","True"
"Y:\ttbntfile1\shared\appsdata\groups\1-Administrative\3-ContractingLicenses\Apps_Fees_Certificates_etc\LicenseApplicationsPermitsNotices\INDOT\2023\Excel Templates\Technical\Archive","TONNANDBLANK\AVD Test Users","Allow","FullControl","True"
"Y:\ttbntfile1\shared\appsdata\groups\1-Administrative\3-ContractingLicenses\Apps_Fees_Certificates_etc\LicenseApplicationsPermitsNotices\INDOT\2023\Excel Templates\Technical\Archive","TONNANDBLANK\impactadmin","Allow","FullControl","True"
"Y:\ttbntfile1\shared\appsdata\groups\1-Administrative\3-ContractingLicenses\Apps_Fees_Certificates_etc\LicenseApplicationsPermitsNotices\INDOT\2023\Excel Templates\Technical\Archive","CREATOR OWNER","Allow","FullControl","True"
"Y:\ttbntfile1\shared\appsdata\groups\1-Administrative\3-ContractingLicenses\Apps_Fees_Certificates_etc\LicenseApplicationsPermitsNotices\INDOT\2023\Excel Templates\Technical\Archive","BUILTIN\Administrators","Allow","FullControl","True"
"Y:\ttbntfile1\shared\appsdata\groups\1-Administrative\3-ContractingLicenses\Apps_Fees_Certificates_etc\LicenseApplicationsPermitsNotices\INDOT\2023\Excel Templates\Technical\Archive","NT AUTHORITY\SYSTEM","Allow","FullControl","True"
"Y:\ttbntfile1\shared\appsdata\groups\1-Administrative\3-ContractingLicenses\Apps_Fees_Certificates_etc\LicenseApplicationsPermitsNotices\INDOT\2023\Excel Templates\Technical\PDFs","TONNANDBLANK\AVD Test Users","Allow","FullControl","True"
"Y:\ttbntfile1\shared\appsdata\groups\1-Administrative\3-ContractingLicenses\Apps_Fees_Certificates_etc\LicenseApplicationsPermitsNotices\INDOT\2023\Excel Templates\Technical\PDFs","TONNANDBLANK\impactadmin","Allow","FullControl","True"
"Y:\ttbntfile1\shared\appsdata\groups\1-Administrative\3-ContractingLicenses\Apps_Fees_Certificates_etc\LicenseApplicationsPermitsNotices\INDOT\2023\Excel Templates\Technical\PDFs","CREATOR OWNER","Allow","FullControl","True"
"Y:\ttbntfile1\shared\appsdata\groups\1-Administrative\3-ContractingLicenses\Apps_Fees_Certificates_etc\LicenseApplicationsPermitsNotices\INDOT\2023\Excel Templates\Technical\PDFs","BUILTIN\Administrators","Allow","FullControl","True"
"Y:\ttbntfile1\shared\appsdata\groups\1-Administrative\3-ContractingLicenses\Apps_Fees_Certificates_etc\LicenseApplicationsPermitsNotices\INDOT\2023\Excel Templates\Technical\PDFs","NT AUTHORITY\SYSTEM","Allow","FullControl","True"
"Y:\ttbntfile1\shared\appsdata\groups\1-Administrative\3-ContractingLicenses\Apps_Fees_Certificates_etc\LicenseApplicationsPermitsNotices\INDOT\2023\Excel Templates\Technical\xlsx","TONNANDBLANK\AVD Test Users","Allow","FullControl","True"
"Y:\ttbntfile1\shared\appsdata\groups\1-Administrative\3-ContractingLicenses\Apps_Fees_Certificates_etc\LicenseApplicationsPermitsNotices\INDOT\2023\Excel Templates\Technical\xlsx","TONNANDBLANK\impactadmin","Allow","FullControl","True"
"Y:\ttbntfile1\shared\appsdata\groups\1-Administrative\3-ContractingLicenses\Apps_Fees_Certificates_etc\LicenseApplicationsPermitsNotices\INDOT\2023\Excel Templates\Technical\xlsx","CREATOR OWNER","Allow","FullControl","True"
"Y:\ttbntfile1\shared\appsdata\groups\1-Administrative\3-ContractingLicenses\Apps_Fees_Certificates_etc\LicenseApplicationsPermitsNotices\INDOT\2023\Excel Templates\Technical\xlsx","BUILTIN\Administrators","Allow","FullControl","True"
"Y:\ttbntfile1\shared\appsdata\groups\1-Administrative\3-ContractingLicenses\Apps_Fees_Certificates_etc\LicenseApplicationsPermitsNotices\INDOT\2023\Excel Templates\Technical\xlsx","NT AUTHORITY\SYSTEM","Allow","FullControl","True"
"Y:\ttbntfile1\shared\appsdata\groups\1-Administrative\3-ContractingLicenses\Apps_Fees_Certificates_etc\LicenseApplicationsPermitsNotices\INDOT\2023\Excel Templates\Technical\PDFs\2020","TONNANDBLANK\AVD Test Users","Allow","FullControl","True"
"Y:\ttbntfile1\shared\appsdata\groups\1-Administrative\3-ContractingLicenses\Apps_Fees_Certificates_etc\LicenseApplicationsPermitsNotices\INDOT\2023\Excel Templates\Technical\PDFs\2020","TONNANDBLANK\impactadmin","Allow","FullControl","True"
"Y:\ttbntfile1\shared\appsdata\groups\1-Administrative\3-ContractingLicenses\Apps_Fees_Certificates_etc\LicenseApplicationsPermitsNotices\INDOT\2023\Excel Templates\Technical\PDFs\2020","CREATOR OWNER","Allow","FullControl","True"
"Y:\ttbntfile1\shared\appsdata\groups\1-Administrative\3-ContractingLicenses\Apps_Fees_Certificates_etc\LicenseApplicationsPermitsNotices\INDOT\2023\Excel Templates\Technical\PDFs\2020","BUILTIN\Administrators","Allow","FullControl","True"
"Y:\ttbntfile1\shared\appsdata\groups\1-Administrative\3-ContractingLicenses\Apps_Fees_Certificates_etc\LicenseApplicationsPermitsNotices\INDOT\2023\Excel Templates\Technical\PDFs\2020","NT AUTHORITY\SYSTEM","Allow","FullControl","True"
"Y:\ttbntfile1\shared\appsdata\groups\1-Administrative\3-ContractingLicenses\Apps_Fees_Certificates_etc\LicenseApplicationsPermitsNotices\INDOT\2023\Excel Templates\Technical\PDFs\2021","TONNANDBLANK\AVD Test Users","Allow","FullControl","True"
"Y:\ttbntfile1\shared\appsdata\groups\1-Administrative\3-ContractingLicenses\Apps_Fees_Certificates_etc\LicenseApplicationsPermitsNotices\INDOT\2023\Excel Templates\Technical\PDFs\2021","TONNANDBLANK\impactadmin","Allow","FullControl","True"
"Y:\ttbntfile1\shared\appsdata\groups\1-Administrative\3-ContractingLicenses\Apps_Fees_Certificates_etc\LicenseApplicationsPermitsNotices\INDOT\2023\Excel Templates\Technical\PDFs\2021","CREATOR OWNER","Allow","FullControl","True"
"Y:\ttbntfile1\shared\appsdata\groups\1-Administrative\3-ContractingLicenses\Apps_Fees_Certificates_etc\LicenseApplicationsPermitsNotices\INDOT\2023\Excel Templates\Technical\PDFs\2021","BUILTIN\Administrators","Allow","FullControl","True"
"Y:\ttbntfile1\shared\appsdata\groups\1-Administrative\3-ContractingLicenses\Apps_Fees_Certificates_etc\LicenseApplicationsPermitsNotices\INDOT\2023\Excel Templates\Technical\PDFs\2021","NT AUTHORITY\SYSTEM","Allow","FullControl","True"
"Y:\ttbntfile1\shared\appsdata\groups\1-Administrative\3-ContractingLicenses\Apps_Fees_Certificates_etc\LicenseApplicationsPermitsNotices\INDOT\2023\Excel Templates\Technical\PDFs\2022","TONNANDBLANK\AVD Test Users","Allow","FullControl","True"
"Y:\ttbntfile1\shared\appsdata\groups\1-Administrative\3-ContractingLicenses\Apps_Fees_Certificates_etc\LicenseApplicationsPermitsNotices\INDOT\2023\Excel Templates\Technical\PDFs\2022","TONNANDBLANK\impactadmin","Allow","FullControl","True"
"Y:\ttbntfile1\shared\appsdata\groups\1-Administrative\3-ContractingLicenses\Apps_Fees_Certificates_etc\LicenseApplicationsPermitsNotices\INDOT\2023\Excel Templates\Technical\PDFs\2022","CREATOR OWNER","Allow","FullControl","True"
"Y:\ttbntfile1\shared\appsdata\groups\1-Administrative\3-ContractingLicenses\Apps_Fees_Certificates_etc\LicenseApplicationsPermitsNotices\INDOT\2023\Excel Templates\Technical\PDFs\2022","BUILTIN\Administrators","Allow","FullControl","True"
"Y:\ttbntfile1\shared\appsdata\groups\1-Administrative\3-ContractingLicenses\Apps_Fees_Certificates_etc\LicenseApplicationsPermitsNotices\INDOT\2023\Excel Templates\Technical\PDFs\2022","NT AUTHORITY\SYSTEM","Allow","FullControl","True"
"Y:\ttbntfile1\shared\appsdata\groups\1-Administrative\3-ContractingLicenses\Apps_Fees_Certificates_etc\LicenseApplicationsPermitsNotices\Iowa\CertificateOfAuthority","TONNANDBLANK\AVD Test Users","Allow","FullControl","True"
"Y:\ttbntfile1\shared\appsdata\groups\1-Administrative\3-ContractingLicenses\Apps_Fees_Certificates_etc\LicenseApplicationsPermitsNotices\Iowa\CertificateOfAuthority","TONNANDBLANK\impactadmin","Allow","FullControl","True"
"Y:\ttbntfile1\shared\appsdata\groups\1-Administrative\3-ContractingLicenses\Apps_Fees_Certificates_etc\LicenseApplicationsPermitsNotices\Iowa\CertificateOfAuthority","CREATOR OWNER","Allow","FullControl","True"
"Y:\ttbntfile1\shared\appsdata\groups\1-Administrative\3-ContractingLicenses\Apps_Fees_Certificates_etc\LicenseApplicationsPermitsNotices\Iowa\CertificateOfAuthority","BUILTIN\Administrators","Allow","FullControl","True"
"Y:\ttbntfile1\shared\appsdata\groups\1-Administrative\3-ContractingLicenses\Apps_Fees_Certificates_etc\LicenseApplicationsPermitsNotices\Iowa\CertificateOfAuthority","NT AUTHORITY\SYSTEM","Allow","FullControl","True"
"Y:\ttbntfile1\shared\appsdata\groups\1-Administrative\3-ContractingLicenses\Apps_Fees_Certificates_etc\LicenseApplicationsPermitsNotices\Iowa\Emails","TONNANDBLANK\AVD Test Users","Allow","FullControl","True"
"Y:\ttbntfile1\shared\appsdata\groups\1-Administrative\3-ContractingLicenses\Apps_Fees_Certificates_etc\LicenseApplicationsPermitsNotices\Iowa\Emails","TONNANDBLANK\impactadmin","Allow","FullControl","True"
"Y:\ttbntfile1\shared\appsdata\groups\1-Administrative\3-ContractingLicenses\Apps_Fees_Certificates_etc\LicenseApplicationsPermitsNotices\Iowa\Emails","CREATOR OWNER","Allow","FullControl","True"
"Y:\ttbntfile1\shared\appsdata\groups\1-Administrative\3-ContractingLicenses\Apps_Fees_Certificates_etc\LicenseApplicationsPermitsNotices\Iowa\Emails","BUILTIN\Administrators","Allow","FullControl","True"
"Y:\ttbntfile1\shared\appsdata\groups\1-Administrative\3-ContractingLicenses\Apps_Fees_Certificates_etc\LicenseApplicationsPermitsNotices\Iowa\Emails","NT AUTHORITY\SYSTEM","Allow","FullControl","True"
"Y:\ttbntfile1\shared\appsdata\groups\1-Administrative\3-ContractingLicenses\Apps_Fees_Certificates_etc\LicenseApplicationsPermitsNotices\Iowa\PastDocs","TONNANDBLANK\AVD Test Users","Allow","FullControl","True"
"Y:\ttbntfile1\shared\appsdata\groups\1-Administrative\3-ContractingLicenses\Apps_Fees_Certificates_etc\LicenseApplicationsPermitsNotices\Iowa\PastDocs","TONNANDBLANK\impactadmin","Allow","FullControl","True"
"Y:\ttbntfile1\shared\appsdata\groups\1-Administrative\3-ContractingLicenses\Apps_Fees_Certificates_etc\LicenseApplicationsPermitsNotices\Iowa\PastDocs","CREATOR OWNER","Allow","FullControl","True"
"Y:\ttbntfile1\shared\appsdata\groups\1-Administrative\3-ContractingLicenses\Apps_Fees_Certificates_etc\LicenseApplicationsPermitsNotices\Iowa\PastDocs","BUILTIN\Administrators","Allow","FullControl","True"
"Y:\ttbntfile1\shared\appsdata\groups\1-Administrative\3-ContractingLicenses\Apps_Fees_Certificates_etc\LicenseApplicationsPermitsNotices\Iowa\PastDocs","NT AUTHORITY\SYSTEM","Allow","FullControl","True"
"Y:\ttbntfile1\shared\appsdata\groups\1-Administrative\3-ContractingLicenses\Apps_Fees_Certificates_etc\LicenseApplicationsPermitsNotices\Iowa\Emails\2018","TONNANDBLANK\AVD Test Users","Allow","FullControl","True"
"Y:\ttbntfile1\shared\appsdata\groups\1-Administrative\3-ContractingLicenses\Apps_Fees_Certificates_etc\LicenseApplicationsPermitsNotices\Iowa\Emails\2018","TONNANDBLANK\impactadmin","Allow","FullControl","True"
"Y:\ttbntfile1\shared\appsdata\groups\1-Administrative\3-ContractingLicenses\Apps_Fees_Certificates_etc\LicenseApplicationsPermitsNotices\Iowa\Emails\2018","CREATOR OWNER","Allow","FullControl","True"
"Y:\ttbntfile1\shared\appsdata\groups\1-Administrative\3-ContractingLicenses\Apps_Fees_Certificates_etc\LicenseApplicationsPermitsNotices\Iowa\Emails\2018","BUILTIN\Administrators","Allow","FullControl","True"
"Y:\ttbntfile1\shared\appsdata\groups\1-Administrative\3-ContractingLicenses\Apps_Fees_Certificates_etc\LicenseApplicationsPermitsNotices\Iowa\Emails\2018","NT AUTHORITY\SYSTEM","Allow","FullControl","True"
"Y:\ttbntfile1\shared\appsdata\groups\1-Administrative\3-ContractingLicenses\Apps_Fees_Certificates_etc\LicenseApplicationsPermitsNotices\Iowa\Emails\2019","TONNANDBLANK\AVD Test Users","Allow","FullControl","True"
"Y:\ttbntfile1\shared\appsdata\groups\1-Administrative\3-ContractingLicenses\Apps_Fees_Certificates_etc\LicenseApplicationsPermitsNotices\Iowa\Emails\2019","TONNANDBLANK\impactadmin","Allow","FullControl","True"
"Y:\ttbntfile1\shared\appsdata\groups\1-Administrative\3-ContractingLicenses\Apps_Fees_Certificates_etc\LicenseApplicationsPermitsNotices\Iowa\Emails\2019","CREATOR OWNER","Allow","FullControl","True"
"Y:\ttbntfile1\shared\appsdata\groups\1-Administrative\3-ContractingLicenses\Apps_Fees_Certificates_etc\LicenseApplicationsPermitsNotices\Iowa\Emails\2019","BUILTIN\Administrators","Allow","FullControl","True"
"Y:\ttbntfile1\shared\appsdata\groups\1-Administrative\3-ContractingLicenses\Apps_Fees_Certificates_etc\LicenseApplicationsPermitsNotices\Iowa\Emails\2019","NT AUTHORITY\SYSTEM","Allow","FullControl","True"
"Y:\ttbntfile1\shared\appsdata\groups\1-Administrative\3-ContractingLicenses\Apps_Fees_Certificates_etc\LicenseApplicationsPermitsNotices\Iowa\Emails\2020","TONNANDBLANK\AVD Test Users","Allow","FullControl","True"
"Y:\ttbntfile1\shared\appsdata\groups\1-Administrative\3-ContractingLicenses\Apps_Fees_Certificates_etc\LicenseApplicationsPermitsNotices\Iowa\Emails\2020","TONNANDBLANK\impactadmin","Allow","FullControl","True"
"Y:\ttbntfile1\shared\appsdata\groups\1-Administrative\3-ContractingLicenses\Apps_Fees_Certificates_etc\LicenseApplicationsPermitsNotices\Iowa\Emails\2020","CREATOR OWNER","Allow","FullControl","True"
"Y:\ttbntfile1\shared\appsdata\groups\1-Administrative\3-ContractingLicenses\Apps_Fees_Certificates_etc\LicenseApplicationsPermitsNotices\Iowa\Emails\2020","BUILTIN\Administrators","Allow","FullControl","True"
"Y:\ttbntfile1\shared\appsdata\groups\1-Administrative\3-ContractingLicenses\Apps_Fees_Certificates_etc\LicenseApplicationsPermitsNotices\Iowa\Emails\2020","NT AUTHORITY\SYSTEM","Allow","FullControl","True"
"Y:\ttbntfile1\shared\appsdata\groups\1-Administrative\3-ContractingLicenses\Apps_Fees_Certificates_etc\LicenseApplicationsPermitsNotices\Iowa\Emails\2021","TONNANDBLANK\AVD Test Users","Allow","FullControl","True"
"Y:\ttbntfile1\shared\appsdata\groups\1-Administrative\3-ContractingLicenses\Apps_Fees_Certificates_etc\LicenseApplicationsPermitsNotices\Iowa\Emails\2021","TONNANDBLANK\impactadmin","Allow","FullControl","True"
"Y:\ttbntfile1\shared\appsdata\groups\1-Administrative\3-ContractingLicenses\Apps_Fees_Certificates_etc\LicenseApplicationsPermitsNotices\Iowa\Emails\2021","CREATOR OWNER","Allow","FullControl","True"
"Y:\ttbntfile1\shared\appsdata\groups\1-Administrative\3-ContractingLicenses\Apps_Fees_Certificates_etc\LicenseApplicationsPermitsNotices\Iowa\Emails\2021","BUILTIN\Administrators","Allow","FullControl","True"
"Y:\ttbntfile1\shared\appsdata\groups\1-Administrative\3-ContractingLicenses\Apps_Fees_Certificates_etc\LicenseApplicationsPermitsNotices\Iowa\Emails\2021","NT AUTHORITY\SYSTEM","Allow","FullControl","True"
"Y:\ttbntfile1\shared\appsdata\groups\1-Administrative\3-ContractingLicenses\Apps_Fees_Certificates_etc\LicenseApplicationsPermitsNotices\Iowa\Emails\2022","TONNANDBLANK\AVD Test Users","Allow","FullControl","True"
"Y:\ttbntfile1\shared\appsdata\groups\1-Administrative\3-ContractingLicenses\Apps_Fees_Certificates_etc\LicenseApplicationsPermitsNotices\Iowa\Emails\2022","TONNANDBLANK\impactadmin","Allow","FullControl","True"
"Y:\ttbntfile1\shared\appsdata\groups\1-Administrative\3-ContractingLicenses\Apps_Fees_Certificates_etc\LicenseApplicationsPermitsNotices\Iowa\Emails\2022","CREATOR OWNER","Allow","FullControl","True"
"Y:\ttbntfile1\shared\appsdata\groups\1-Administrative\3-ContractingLicenses\Apps_Fees_Certificates_etc\LicenseApplicationsPermitsNotices\Iowa\Emails\2022","BUILTIN\Administrators","Allow","FullControl","True"
"Y:\ttbntfile1\shared\appsdata\groups\1-Administrative\3-ContractingLicenses\Apps_Fees_Certificates_etc\LicenseApplicationsPermitsNotices\Iowa\Emails\2022","NT AUTHORITY\SYSTEM","Allow","FullControl","True"
"Y:\ttbntfile1\shared\appsdata\groups\1-Administrative\3-ContractingLicenses\Apps_Fees_Certificates_etc\LicenseApplicationsPermitsNotices\Kosciusko\Emails","TONNANDBLANK\AVD Test Users","Allow","FullControl","True"
"Y:\ttbntfile1\shared\appsdata\groups\1-Administrative\3-ContractingLicenses\Apps_Fees_Certificates_etc\LicenseApplicationsPermitsNotices\Kosciusko\Emails","TONNANDBLANK\impactadmin","Allow","FullControl","True"
"Y:\ttbntfile1\shared\appsdata\groups\1-Administrative\3-ContractingLicenses\Apps_Fees_Certificates_etc\LicenseApplicationsPermitsNotices\Kosciusko\Emails","CREATOR OWNER","Allow","FullControl","True"
"Y:\ttbntfile1\shared\appsdata\groups\1-Administrative\3-ContractingLicenses\Apps_Fees_Certificates_etc\LicenseApplicationsPermitsNotices\Kosciusko\Emails","BUILTIN\Administrators","Allow","FullControl","True"
"Y:\ttbntfile1\shared\appsdata\groups\1-Administrative\3-ContractingLicenses\Apps_Fees_Certificates_etc\LicenseApplicationsPermitsNotices\Kosciusko\Emails","NT AUTHORITY\SYSTEM","Allow","FullControl","True"
"Y:\ttbntfile1\shared\appsdata\groups\1-Administrative\3-ContractingLicenses\Apps_Fees_Certificates_etc\LicenseApplicationsPermitsNotices\Kosciusko\Emails\PastYears","TONNANDBLANK\AVD Test Users","Allow","FullControl","True"
"Y:\ttbntfile1\shared\appsdata\groups\1-Administrative\3-ContractingLicenses\Apps_Fees_Certificates_etc\LicenseApplicationsPermitsNotices\Kosciusko\Emails\PastYears","TONNANDBLANK\impactadmin","Allow","FullControl","True"
"Y:\ttbntfile1\shared\appsdata\groups\1-Administrative\3-ContractingLicenses\Apps_Fees_Certificates_etc\LicenseApplicationsPermitsNotices\Kosciusko\Emails\PastYears","CREATOR OWNER","Allow","FullControl","True"
"Y:\ttbntfile1\shared\appsdata\groups\1-Administrative\3-ContractingLicenses\Apps_Fees_Certificates_etc\LicenseApplicationsPermitsNotices\Kosciusko\Emails\PastYears","BUILTIN\Administrators","Allow","FullControl","True"
"Y:\ttbntfile1\shared\appsdata\groups\1-Administrative\3-ContractingLicenses\Apps_Fees_Certificates_etc\LicenseApplicationsPermitsNotices\Kosciusko\Emails\PastYears","NT AUTHORITY\SYSTEM","Allow","FullControl","True"
"Y:\ttbntfile1\shared\appsdata\groups\1-Administrative\3-ContractingLicenses\Apps_Fees_Certificates_etc\LicenseApplicationsPermitsNotices\La Porte\Emails","TONNANDBLANK\AVD Test Users","Allow","FullControl","True"
"Y:\ttbntfile1\shared\appsdata\groups\1-Administrative\3-ContractingLicenses\Apps_Fees_Certificates_etc\LicenseApplicationsPermitsNotices\La Porte\Emails","TONNANDBLANK\impactadmin","Allow","FullControl","True"
"Y:\ttbntfile1\shared\appsdata\groups\1-Administrative\3-ContractingLicenses\Apps_Fees_Certificates_etc\LicenseApplicationsPermitsNotices\La Porte\Emails","CREATOR OWNER","Allow","FullControl","True"
"Y:\ttbntfile1\shared\appsdata\groups\1-Administrative\3-ContractingLicenses\Apps_Fees_Certificates_etc\LicenseApplicationsPermitsNotices\La Porte\Emails","BUILTIN\Administrators","Allow","FullControl","True"
"Y:\ttbntfile1\shared\appsdata\groups\1-Administrative\3-ContractingLicenses\Apps_Fees_Certificates_etc\LicenseApplicationsPermitsNotices\La Porte\Emails","NT AUTHORITY\SYSTEM","Allow","FullControl","True"
"Y:\ttbntfile1\shared\appsdata\groups\1-Administrative\3-ContractingLicenses\Apps_Fees_Certificates_etc\LicenseApplicationsPermitsNotices\La Porte\PastDocs","TONNANDBLANK\AVD Test Users","Allow","FullControl","True"
"Y:\ttbntfile1\shared\appsdata\groups\1-Administrative\3-ContractingLicenses\Apps_Fees_Certificates_etc\LicenseApplicationsPermitsNotices\La Porte\PastDocs","TONNANDBLANK\impactadmin","Allow","FullControl","True"
"Y:\ttbntfile1\shared\appsdata\groups\1-Administrative\3-ContractingLicenses\Apps_Fees_Certificates_etc\LicenseApplicationsPermitsNotices\La Porte\PastDocs","CREATOR OWNER","Allow","FullControl","True"
"Y:\ttbntfile1\shared\appsdata\groups\1-Administrative\3-ContractingLicenses\Apps_Fees_Certificates_etc\LicenseApplicationsPermitsNotices\La Porte\PastDocs","BUILTIN\Administrators","Allow","FullControl","True"
"Y:\ttbntfile1\shared\appsdata\groups\1-Administrative\3-ContractingLicenses\Apps_Fees_Certificates_etc\LicenseApplicationsPermitsNotices\La Porte\PastDocs","NT AUTHORITY\SYSTEM","Allow","FullControl","True"
"Y:\ttbntfile1\shared\appsdata\groups\1-Administrative\3-ContractingLicenses\Apps_Fees_Certificates_etc\LicenseApplicationsPermitsNotices\La Porte\Emails\Past","TONNANDBLANK\AVD Test Users","Allow","FullControl","True"
"Y:\ttbntfile1\shared\appsdata\groups\1-Administrative\3-ContractingLicenses\Apps_Fees_Certificates_etc\LicenseApplicationsPermitsNotices\La Porte\Emails\Past","TONNANDBLANK\impactadmin","Allow","FullControl","True"
"Y:\ttbntfile1\shared\appsdata\groups\1-Administrative\3-ContractingLicenses\Apps_Fees_Certificates_etc\LicenseApplicationsPermitsNotices\La Porte\Emails\Past","CREATOR OWNER","Allow","FullControl","True"
"Y:\ttbntfile1\shared\appsdata\groups\1-Administrative\3-ContractingLicenses\Apps_Fees_Certificates_etc\LicenseApplicationsPermitsNotices\La Porte\Emails\Past","BUILTIN\Administrators","Allow","FullControl","True"
"Y:\ttbntfile1\shared\appsdata\groups\1-Administrative\3-ContractingLicenses\Apps_Fees_Certificates_etc\LicenseApplicationsPermitsNotices\La Porte\Emails\Past","NT AUTHORITY\SYSTEM","Allow","FullControl","True"
"Y:\ttbntfile1\shared\appsdata\groups\1-Administrative\3-ContractingLicenses\Apps_Fees_Certificates_etc\LicenseApplicationsPermitsNotices\La Porte County\Emails","TONNANDBLANK\AVD Test Users","Allow","FullControl","True"
"Y:\ttbntfile1\shared\appsdata\groups\1-Administrative\3-ContractingLicenses\Apps_Fees_Certificates_etc\LicenseApplicationsPermitsNotices\La Porte County\Emails","TONNANDBLANK\impactadmin","Allow","FullControl","True"
"Y:\ttbntfile1\shared\appsdata\groups\1-Administrative\3-ContractingLicenses\Apps_Fees_Certificates_etc\LicenseApplicationsPermitsNotices\La Porte County\Emails","CREATOR OWNER","Allow","FullControl","True"
"Y:\ttbntfile1\shared\appsdata\groups\1-Administrative\3-ContractingLicenses\Apps_Fees_Certificates_etc\LicenseApplicationsPermitsNotices\La Porte County\Emails","BUILTIN\Administrators","Allow","FullControl","True"
"Y:\ttbntfile1\shared\appsdata\groups\1-Administrative\3-ContractingLicenses\Apps_Fees_Certificates_etc\LicenseApplicationsPermitsNotices\La Porte County\Emails","NT AUTHORITY\SYSTEM","Allow","FullControl","True"
"Y:\ttbntfile1\shared\appsdata\groups\1-Administrative\3-ContractingLicenses\Apps_Fees_Certificates_etc\LicenseApplicationsPermitsNotices\La Porte County\Expired","TONNANDBLANK\AVD Test Users","Allow","FullControl","True"
"Y:\ttbntfile1\shared\appsdata\groups\1-Administrative\3-ContractingLicenses\Apps_Fees_Certificates_etc\LicenseApplicationsPermitsNotices\La Porte County\Expired","TONNANDBLANK\impactadmin","Allow","FullControl","True"
"Y:\ttbntfile1\shared\appsdata\groups\1-Administrative\3-ContractingLicenses\Apps_Fees_Certificates_etc\LicenseApplicationsPermitsNotices\La Porte County\Expired","CREATOR OWNER","Allow","FullControl","True"
"Y:\ttbntfile1\shared\appsdata\groups\1-Administrative\3-ContractingLicenses\Apps_Fees_Certificates_etc\LicenseApplicationsPermitsNotices\La Porte County\Expired","BUILTIN\Administrators","Allow","FullControl","True"
"Y:\ttbntfile1\shared\appsdata\groups\1-Administrative\3-ContractingLicenses\Apps_Fees_Certificates_etc\LicenseApplicationsPermitsNotices\La Porte County\Expired","NT AUTHORITY\SYSTEM","Allow","FullControl","True"
"Y:\ttbntfile1\shared\appsdata\groups\1-Administrative\3-ContractingLicenses\Apps_Fees_Certificates_etc\LicenseApplicationsPermitsNotices\La Porte County\Notices_Meeetings","TONNANDBLANK\AVD Test Users","Allow","FullControl","True"
"Y:\ttbntfile1\shared\appsdata\groups\1-Administrative\3-ContractingLicenses\Apps_Fees_Certificates_etc\LicenseApplicationsPermitsNotices\La Porte County\Notices_Meeetings","TONNANDBLANK\impactadmin","Allow","FullControl","True"
"Y:\ttbntfile1\shared\appsdata\groups\1-Administrative\3-ContractingLicenses\Apps_Fees_Certificates_etc\LicenseApplicationsPermitsNotices\La Porte County\Notices_Meeetings","CREATOR OWNER","Allow","FullControl","True"
"Y:\ttbntfile1\shared\appsdata\groups\1-Administrative\3-ContractingLicenses\Apps_Fees_Certificates_etc\LicenseApplicationsPermitsNotices\La Porte County\Notices_Meeetings","BUILTIN\Administrators","Allow","FullControl","True"
"Y:\ttbntfile1\shared\appsdata\groups\1-Administrative\3-ContractingLicenses\Apps_Fees_Certificates_etc\LicenseApplicationsPermitsNotices\La Porte County\Notices_Meeetings","NT AUTHORITY\SYSTEM","Allow","FullControl","True"
"Y:\ttbntfile1\shared\appsdata\groups\1-Administrative\3-ContractingLicenses\Apps_Fees_Certificates_etc\LicenseApplicationsPermitsNotices\La Porte County\PermitApplications","TONNANDBLANK\AVD Test Users","Allow","FullControl","True"
"Y:\ttbntfile1\shared\appsdata\groups\1-Administrative\3-ContractingLicenses\Apps_Fees_Certificates_etc\LicenseApplicationsPermitsNotices\La Porte County\PermitApplications","TONNANDBLANK\impactadmin","Allow","FullControl","True"
"Y:\ttbntfile1\shared\appsdata\groups\1-Administrative\3-ContractingLicenses\Apps_Fees_Certificates_etc\LicenseApplicationsPermitsNotices\La Porte County\PermitApplications","CREATOR OWNER","Allow","FullControl","True"
"Y:\ttbntfile1\shared\appsdata\groups\1-Administrative\3-ContractingLicenses\Apps_Fees_Certificates_etc\LicenseApplicationsPermitsNotices\La Porte County\PermitApplications","BUILTIN\Administrators","Allow","FullControl","True"
"Y:\ttbntfile1\shared\appsdata\groups\1-Administrative\3-ContractingLicenses\Apps_Fees_Certificates_etc\LicenseApplicationsPermitsNotices\La Porte County\PermitApplications","NT AUTHORITY\SYSTEM","Allow","FullControl","True"
"Y:\ttbntfile1\shared\appsdata\groups\1-Administrative\3-ContractingLicenses\Apps_Fees_Certificates_etc\LicenseApplicationsPermitsNotices\La Porte County\Emails\PastEmails","TONNANDBLANK\AVD Test Users","Allow","FullControl","True"
"Y:\ttbntfile1\shared\appsdata\groups\1-Administrative\3-ContractingLicenses\Apps_Fees_Certificates_etc\LicenseApplicationsPermitsNotices\La Porte County\Emails\PastEmails","TONNANDBLANK\impactadmin","Allow","FullControl","True"
"Y:\ttbntfile1\shared\appsdata\groups\1-Administrative\3-ContractingLicenses\Apps_Fees_Certificates_etc\LicenseApplicationsPermitsNotices\La Porte County\Emails\PastEmails","CREATOR OWNER","Allow","FullControl","True"
"Y:\ttbntfile1\shared\appsdata\groups\1-Administrative\3-ContractingLicenses\Apps_Fees_Certificates_etc\LicenseApplicationsPermitsNotices\La Porte County\Emails\PastEmails","BUILTIN\Administrators","Allow","FullControl","True"
"Y:\ttbntfile1\shared\appsdata\groups\1-Administrative\3-ContractingLicenses\Apps_Fees_Certificates_etc\LicenseApplicationsPermitsNotices\La Porte County\Emails\PastEmails","NT AUTHORITY\SYSTEM","Allow","FullControl","True"
"Y:\ttbntfile1\shared\appsdata\groups\1-Administrative\3-ContractingLicenses\Apps_Fees_Certificates_etc\LicenseApplicationsPermitsNotices\Lafayette\Expired","TONNANDBLANK\AVD Test Users","Allow","FullControl","True"
"Y:\ttbntfile1\shared\appsdata\groups\1-Administrative\3-ContractingLicenses\Apps_Fees_Certificates_etc\LicenseApplicationsPermitsNotices\Lafayette\Expired","TONNANDBLANK\impactadmin","Allow","FullControl","True"
"Y:\ttbntfile1\shared\appsdata\groups\1-Administrative\3-ContractingLicenses\Apps_Fees_Certificates_etc\LicenseApplicationsPermitsNotices\Lafayette\Expired","CREATOR OWNER","Allow","FullControl","True"
"Y:\ttbntfile1\shared\appsdata\groups\1-Administrative\3-ContractingLicenses\Apps_Fees_Certificates_etc\LicenseApplicationsPermitsNotices\Lafayette\Expired","BUILTIN\Administrators","Allow","FullControl","True"
"Y:\ttbntfile1\shared\appsdata\groups\1-Administrative\3-ContractingLicenses\Apps_Fees_Certificates_etc\LicenseApplicationsPermitsNotices\Lafayette\Expired","NT AUTHORITY\SYSTEM","Allow","FullControl","True"
"Y:\ttbntfile1\shared\appsdata\groups\1-Administrative\3-ContractingLicenses\Apps_Fees_Certificates_etc\LicenseApplicationsPermitsNotices\Lake County Plan Comm\Emails","TONNANDBLANK\AVD Test Users","Allow","FullControl","True"
"Y:\ttbntfile1\shared\appsdata\groups\1-Administrative\3-ContractingLicenses\Apps_Fees_Certificates_etc\LicenseApplicationsPermitsNotices\Lake County Plan Comm\Emails","TONNANDBLANK\impactadmin","Allow","FullControl","True"
"Y:\ttbntfile1\shared\appsdata\groups\1-Administrative\3-ContractingLicenses\Apps_Fees_Certificates_etc\LicenseApplicationsPermitsNotices\Lake County Plan Comm\Emails","CREATOR OWNER","Allow","FullControl","True"
"Y:\ttbntfile1\shared\appsdata\groups\1-Administrative\3-ContractingLicenses\Apps_Fees_Certificates_etc\LicenseApplicationsPermitsNotices\Lake County Plan Comm\Emails","BUILTIN\Administrators","Allow","FullControl","True"
"Y:\ttbntfile1\shared\appsdata\groups\1-Administrative\3-ContractingLicenses\Apps_Fees_Certificates_etc\LicenseApplicationsPermitsNotices\Lake County Plan Comm\Emails","NT AUTHORITY\SYSTEM","Allow","FullControl","True"
"Y:\ttbntfile1\shared\appsdata\groups\1-Administrative\3-ContractingLicenses\Apps_Fees_Certificates_etc\LicenseApplicationsPermitsNotices\Lake County Plan Comm\PastDocs","TONNANDBLANK\AVD Test Users","Allow","FullControl","True"
"Y:\ttbntfile1\shared\appsdata\groups\1-Administrative\3-ContractingLicenses\Apps_Fees_Certificates_etc\LicenseApplicationsPermitsNotices\Lake County Plan Comm\PastDocs","TONNANDBLANK\impactadmin","Allow","FullControl","True"
"Y:\ttbntfile1\shared\appsdata\groups\1-Administrative\3-ContractingLicenses\Apps_Fees_Certificates_etc\LicenseApplicationsPermitsNotices\Lake County Plan Comm\PastDocs","CREATOR OWNER","Allow","FullControl","True"
"Y:\ttbntfile1\shared\appsdata\groups\1-Administrative\3-ContractingLicenses\Apps_Fees_Certificates_etc\LicenseApplicationsPermitsNotices\Lake County Plan Comm\PastDocs","BUILTIN\Administrators","Allow","FullControl","True"
"Y:\ttbntfile1\shared\appsdata\groups\1-Administrative\3-ContractingLicenses\Apps_Fees_Certificates_etc\LicenseApplicationsPermitsNotices\Lake County Plan Comm\PastDocs","NT AUTHORITY\SYSTEM","Allow","FullControl","True"
"Y:\ttbntfile1\shared\appsdata\groups\1-Administrative\3-ContractingLicenses\Apps_Fees_Certificates_etc\LicenseApplicationsPermitsNotices\Lake Station\Emails","TONNANDBLANK\AVD Test Users","Allow","FullControl","True"
"Y:\ttbntfile1\shared\appsdata\groups\1-Administrative\3-ContractingLicenses\Apps_Fees_Certificates_etc\LicenseApplicationsPermitsNotices\Lake Station\Emails","TONNANDBLANK\impactadmin","Allow","FullControl","True"
"Y:\ttbntfile1\shared\appsdata\groups\1-Administrative\3-ContractingLicenses\Apps_Fees_Certificates_etc\LicenseApplicationsPermitsNotices\Lake Station\Emails","CREATOR OWNER","Allow","FullControl","True"
"Y:\ttbntfile1\shared\appsdata\groups\1-Administrative\3-ContractingLicenses\Apps_Fees_Certificates_etc\LicenseApplicationsPermitsNotices\Lake Station\Emails","BUILTIN\Administrators","Allow","FullControl","True"
"Y:\ttbntfile1\shared\appsdata\groups\1-Administrative\3-ContractingLicenses\Apps_Fees_Certificates_etc\LicenseApplicationsPermitsNotices\Lake Station\Emails","NT AUTHORITY\SYSTEM","Allow","FullControl","True"
"Y:\ttbntfile1\shared\appsdata\groups\1-Administrative\3-ContractingLicenses\Apps_Fees_Certificates_etc\LicenseApplicationsPermitsNotices\Lake Station\PastForms","TONNANDBLANK\AVD Test Users","Allow","FullControl","True"
"Y:\ttbntfile1\shared\appsdata\groups\1-Administrative\3-ContractingLicenses\Apps_Fees_Certificates_etc\LicenseApplicationsPermitsNotices\Lake Station\PastForms","TONNANDBLANK\impactadmin","Allow","FullControl","True"
"Y:\ttbntfile1\shared\appsdata\groups\1-Administrative\3-ContractingLicenses\Apps_Fees_Certificates_etc\LicenseApplicationsPermitsNotices\Lake Station\PastForms","CREATOR OWNER","Allow","FullControl","True"
"Y:\ttbntfile1\shared\appsdata\groups\1-Administrative\3-ContractingLicenses\Apps_Fees_Certificates_etc\LicenseApplicationsPermitsNotices\Lake Station\PastForms","BUILTIN\Administrators","Allow","FullControl","True"
"Y:\ttbntfile1\shared\appsdata\groups\1-Administrative\3-ContractingLicenses\Apps_Fees_Certificates_etc\LicenseApplicationsPermitsNotices\Lake Station\PastForms","NT AUTHORITY\SYSTEM","Allow","FullControl","True"
"Y:\ttbntfile1\shared\appsdata\groups\1-Administrative\3-ContractingLicenses\Apps_Fees_Certificates_etc\LicenseApplicationsPermitsNotices\Lansing IL\Past Docs","TONNANDBLANK\AVD Test Users","Allow","FullControl","True"
"Y:\ttbntfile1\shared\appsdata\groups\1-Administrative\3-ContractingLicenses\Apps_Fees_Certificates_etc\LicenseApplicationsPermitsNotices\Lansing IL\Past Docs","TONNANDBLANK\impactadmin","Allow","FullControl","True"
"Y:\ttbntfile1\shared\appsdata\groups\1-Administrative\3-ContractingLicenses\Apps_Fees_Certificates_etc\LicenseApplicationsPermitsNotices\Lansing IL\Past Docs","CREATOR OWNER","Allow","FullControl","True"
"Y:\ttbntfile1\shared\appsdata\groups\1-Administrative\3-ContractingLicenses\Apps_Fees_Certificates_etc\LicenseApplicationsPermitsNotices\Lansing IL\Past Docs","BUILTIN\Administrators","Allow","FullControl","True"
"Y:\ttbntfile1\shared\appsdata\groups\1-Administrative\3-ContractingLicenses\Apps_Fees_Certificates_etc\LicenseApplicationsPermitsNotices\Lansing IL\Past Docs","NT AUTHORITY\SYSTEM","Allow","FullControl","True"
"Y:\ttbntfile1\shared\appsdata\groups\1-Administrative\3-ContractingLicenses\Apps_Fees_Certificates_etc\LicenseApplicationsPermitsNotices\Lawrence\Emails","TONNANDBLANK\AVD Test Users","Allow","FullControl","True"
"Y:\ttbntfile1\shared\appsdata\groups\1-Administrative\3-ContractingLicenses\Apps_Fees_Certificates_etc\LicenseApplicationsPermitsNotices\Lawrence\Emails","TONNANDBLANK\impactadmin","Allow","FullControl","True"
"Y:\ttbntfile1\shared\appsdata\groups\1-Administrative\3-ContractingLicenses\Apps_Fees_Certificates_etc\LicenseApplicationsPermitsNotices\Lawrence\Emails","CREATOR OWNER","Allow","FullControl","True"
"Y:\ttbntfile1\shared\appsdata\groups\1-Administrative\3-ContractingLicenses\Apps_Fees_Certificates_etc\LicenseApplicationsPermitsNotices\Lawrence\Emails","BUILTIN\Administrators","Allow","FullControl","True"
"Y:\ttbntfile1\shared\appsdata\groups\1-Administrative\3-ContractingLicenses\Apps_Fees_Certificates_etc\LicenseApplicationsPermitsNotices\Lawrence\Emails","NT AUTHORITY\SYSTEM","Allow","FullControl","True"
"Y:\ttbntfile1\shared\appsdata\groups\1-Administrative\3-ContractingLicenses\Apps_Fees_Certificates_etc\LicenseApplicationsPermitsNotices\Lawrence\PastDocs","TONNANDBLANK\AVD Test Users","Allow","FullControl","True"
"Y:\ttbntfile1\shared\appsdata\groups\1-Administrative\3-ContractingLicenses\Apps_Fees_Certificates_etc\LicenseApplicationsPermitsNotices\Lawrence\PastDocs","TONNANDBLANK\impactadmin","Allow","FullControl","True"
"Y:\ttbntfile1\shared\appsdata\groups\1-Administrative\3-ContractingLicenses\Apps_Fees_Certificates_etc\LicenseApplicationsPermitsNotices\Lawrence\PastDocs","CREATOR OWNER","Allow","FullControl","True"
"Y:\ttbntfile1\shared\appsdata\groups\1-Administrative\3-ContractingLicenses\Apps_Fees_Certificates_etc\LicenseApplicationsPermitsNotices\Lawrence\PastDocs","BUILTIN\Administrators","Allow","FullControl","True"
"Y:\ttbntfile1\shared\appsdata\groups\1-Administrative\3-ContractingLicenses\Apps_Fees_Certificates_etc\LicenseApplicationsPermitsNotices\Lawrence\PastDocs","NT AUTHORITY\SYSTEM","Allow","FullControl","True"
"Y:\ttbntfile1\shared\appsdata\groups\1-Administrative\3-ContractingLicenses\Apps_Fees_Certificates_etc\LicenseApplicationsPermitsNotices\Lawrence\Emails\PastEmails","TONNANDBLANK\AVD Test Users","Allow","FullControl","True"
"Y:\ttbntfile1\shared\appsdata\groups\1-Administrative\3-ContractingLicenses\Apps_Fees_Certificates_etc\LicenseApplicationsPermitsNotices\Lawrence\Emails\PastEmails","TONNANDBLANK\impactadmin","Allow","FullControl","True"
"Y:\ttbntfile1\shared\appsdata\groups\1-Administrative\3-ContractingLicenses\Apps_Fees_Certificates_etc\LicenseApplicationsPermitsNotices\Lawrence\Emails\PastEmails","CREATOR OWNER","Allow","FullControl","True"
"Y:\ttbntfile1\shared\appsdata\groups\1-Administrative\3-ContractingLicenses\Apps_Fees_Certificates_etc\LicenseApplicationsPermitsNotices\Lawrence\Emails\PastEmails","BUILTIN\Administrators","Allow","FullControl","True"
"Y:\ttbntfile1\shared\appsdata\groups\1-Administrative\3-ContractingLicenses\Apps_Fees_Certificates_etc\LicenseApplicationsPermitsNotices\Lawrence\Emails\PastEmails","NT AUTHORITY\SYSTEM","Allow","FullControl","True"
"Y:\ttbntfile1\shared\appsdata\groups\1-Administrative\3-ContractingLicenses\Apps_Fees_Certificates_etc\LicenseApplicationsPermitsNotices\LEADAbatement\Emails","TONNANDBLANK\AVD Test Users","Allow","FullControl","True"
"Y:\ttbntfile1\shared\appsdata\groups\1-Administrative\3-ContractingLicenses\Apps_Fees_Certificates_etc\LicenseApplicationsPermitsNotices\LEADAbatement\Emails","TONNANDBLANK\impactadmin","Allow","FullControl","True"
"Y:\ttbntfile1\shared\appsdata\groups\1-Administrative\3-ContractingLicenses\Apps_Fees_Certificates_etc\LicenseApplicationsPermitsNotices\LEADAbatement\Emails","CREATOR OWNER","Allow","FullControl","True"
"Y:\ttbntfile1\shared\appsdata\groups\1-Administrative\3-ContractingLicenses\Apps_Fees_Certificates_etc\LicenseApplicationsPermitsNotices\LEADAbatement\Emails","BUILTIN\Administrators","Allow","FullControl","True"
"Y:\ttbntfile1\shared\appsdata\groups\1-Administrative\3-ContractingLicenses\Apps_Fees_Certificates_etc\LicenseApplicationsPermitsNotices\LEADAbatement\Emails","NT AUTHORITY\SYSTEM","Allow","FullControl","True"
"Y:\ttbntfile1\shared\appsdata\groups\1-Administrative\3-ContractingLicenses\Apps_Fees_Certificates_etc\LicenseApplicationsPermitsNotices\LEADAbatement\Expired","TONNANDBLANK\AVD Test Users","Allow","FullControl","True"
"Y:\ttbntfile1\shared\appsdata\groups\1-Administrative\3-ContractingLicenses\Apps_Fees_Certificates_etc\LicenseApplicationsPermitsNotices\LEADAbatement\Expired","TONNANDBLANK\impactadmin","Allow","FullControl","True"
"Y:\ttbntfile1\shared\appsdata\groups\1-Administrative\3-ContractingLicenses\Apps_Fees_Certificates_etc\LicenseApplicationsPermitsNotices\LEADAbatement\Expired","CREATOR OWNER","Allow","FullControl","True"
"Y:\ttbntfile1\shared\appsdata\groups\1-Administrative\3-ContractingLicenses\Apps_Fees_Certificates_etc\LicenseApplicationsPermitsNotices\LEADAbatement\Expired","BUILTIN\Administrators","Allow","FullControl","True"
"Y:\ttbntfile1\shared\appsdata\groups\1-Administrative\3-ContractingLicenses\Apps_Fees_Certificates_etc\LicenseApplicationsPermitsNotices\LEADAbatement\Expired","NT AUTHORITY\SYSTEM","Allow","FullControl","True"
"Y:\ttbntfile1\shared\appsdata\groups\1-Administrative\3-ContractingLicenses\Apps_Fees_Certificates_etc\LicenseApplicationsPermitsNotices\Long Beach IN\Emails","TONNANDBLANK\AVD Test Users","Allow","FullControl","True"
"Y:\ttbntfile1\shared\appsdata\groups\1-Administrative\3-ContractingLicenses\Apps_Fees_Certificates_etc\LicenseApplicationsPermitsNotices\Long Beach IN\Emails","TONNANDBLANK\impactadmin","Allow","FullControl","True"
"Y:\ttbntfile1\shared\appsdata\groups\1-Administrative\3-ContractingLicenses\Apps_Fees_Certificates_etc\LicenseApplicationsPermitsNotices\Long Beach IN\Emails","CREATOR OWNER","Allow","FullControl","True"
"Y:\ttbntfile1\shared\appsdata\groups\1-Administrative\3-ContractingLicenses\Apps_Fees_Certificates_etc\LicenseApplicationsPermitsNotices\Long Beach IN\Emails","BUILTIN\Administrators","Allow","FullControl","True"
"Y:\ttbntfile1\shared\appsdata\groups\1-Administrative\3-ContractingLicenses\Apps_Fees_Certificates_etc\LicenseApplicationsPermitsNotices\Long Beach IN\Emails","NT AUTHORITY\SYSTEM","Allow","FullControl","True"
"Y:\ttbntfile1\shared\appsdata\groups\1-Administrative\3-ContractingLicenses\Apps_Fees_Certificates_etc\LicenseApplicationsPermitsNotices\Long Beach IN\PastDocs","TONNANDBLANK\AVD Test Users","Allow","FullControl","True"
"Y:\ttbntfile1\shared\appsdata\groups\1-Administrative\3-ContractingLicenses\Apps_Fees_Certificates_etc\LicenseApplicationsPermitsNotices\Long Beach IN\PastDocs","TONNANDBLANK\impactadmin","Allow","FullControl","True"
"Y:\ttbntfile1\shared\appsdata\groups\1-Administrative\3-ContractingLicenses\Apps_Fees_Certificates_etc\LicenseApplicationsPermitsNotices\Long Beach IN\PastDocs","CREATOR OWNER","Allow","FullControl","True"
"Y:\ttbntfile1\shared\appsdata\groups\1-Administrative\3-ContractingLicenses\Apps_Fees_Certificates_etc\LicenseApplicationsPermitsNotices\Long Beach IN\PastDocs","BUILTIN\Administrators","Allow","FullControl","True"
"Y:\ttbntfile1\shared\appsdata\groups\1-Administrative\3-ContractingLicenses\Apps_Fees_Certificates_etc\LicenseApplicationsPermitsNotices\Long Beach IN\PastDocs","NT AUTHORITY\SYSTEM","Allow","FullControl","True"
"Y:\ttbntfile1\shared\appsdata\groups\1-Administrative\3-ContractingLicenses\Apps_Fees_Certificates_etc\LicenseApplicationsPermitsNotices\Long Beach IN\PermitApps","TONNANDBLANK\AVD Test Users","Allow","FullControl","True"
"Y:\ttbntfile1\shared\appsdata\groups\1-Administrative\3-ContractingLicenses\Apps_Fees_Certificates_etc\LicenseApplicationsPermitsNotices\Long Beach IN\PermitApps","TONNANDBLANK\impactadmin","Allow","FullControl","True"
"Y:\ttbntfile1\shared\appsdata\groups\1-Administrative\3-ContractingLicenses\Apps_Fees_Certificates_etc\LicenseApplicationsPermitsNotices\Long Beach IN\PermitApps","CREATOR OWNER","Allow","FullControl","True"
"Y:\ttbntfile1\shared\appsdata\groups\1-Administrative\3-ContractingLicenses\Apps_Fees_Certificates_etc\LicenseApplicationsPermitsNotices\Long Beach IN\PermitApps","BUILTIN\Administrators","Allow","FullControl","True"
"Y:\ttbntfile1\shared\appsdata\groups\1-Administrative\3-ContractingLicenses\Apps_Fees_Certificates_etc\LicenseApplicationsPermitsNotices\Long Beach IN\PermitApps","NT AUTHORITY\SYSTEM","Allow","FullControl","True"
"Y:\ttbntfile1\shared\appsdata\groups\1-Administrative\3-ContractingLicenses\Apps_Fees_Certificates_etc\LicenseApplicationsPermitsNotices\Long Beach IN\Emails\Past","TONNANDBLANK\AVD Test Users","Allow","FullControl","True"
"Y:\ttbntfile1\shared\appsdata\groups\1-Administrative\3-ContractingLicenses\Apps_Fees_Certificates_etc\LicenseApplicationsPermitsNotices\Long Beach IN\Emails\Past","TONNANDBLANK\impactadmin","Allow","FullControl","True"
"Y:\ttbntfile1\shared\appsdata\groups\1-Administrative\3-ContractingLicenses\Apps_Fees_Certificates_etc\LicenseApplicationsPermitsNotices\Long Beach IN\Emails\Past","CREATOR OWNER","Allow","FullControl","True"
"Y:\ttbntfile1\shared\appsdata\groups\1-Administrative\3-ContractingLicenses\Apps_Fees_Certificates_etc\LicenseApplicationsPermitsNotices\Long Beach IN\Emails\Past","BUILTIN\Administrators","Allow","FullControl","True"
"Y:\ttbntfile1\shared\appsdata\groups\1-Administrative\3-ContractingLicenses\Apps_Fees_Certificates_etc\LicenseApplicationsPermitsNotices\Long Beach IN\Emails\Past","NT AUTHORITY\SYSTEM","Allow","FullControl","True"
"Y:\ttbntfile1\shared\appsdata\groups\1-Administrative\3-ContractingLicenses\Apps_Fees_Certificates_etc\LicenseApplicationsPermitsNotices\Long Beach IN\PastDocs\DocsForLicenseRenewal","TONNANDBLANK\AVD Test Users","Allow","FullControl","True"
"Y:\ttbntfile1\shared\appsdata\groups\1-Administrative\3-ContractingLicenses\Apps_Fees_Certificates_etc\LicenseApplicationsPermitsNotices\Long Beach IN\PastDocs\DocsForLicenseRenewal","TONNANDBLANK\impactadmin","Allow","FullControl","True"
"Y:\ttbntfile1\shared\appsdata\groups\1-Administrative\3-ContractingLicenses\Apps_Fees_Certificates_etc\LicenseApplicationsPermitsNotices\Long Beach IN\PastDocs\DocsForLicenseRenewal","CREATOR OWNER","Allow","FullControl","True"
"Y:\ttbntfile1\shared\appsdata\groups\1-Administrative\3-ContractingLicenses\Apps_Fees_Certificates_etc\LicenseApplicationsPermitsNotices\Long Beach IN\PastDocs\DocsForLicenseRenewal","BUILTIN\Administrators","Allow","FullControl","True"
"Y:\ttbntfile1\shared\appsdata\groups\1-Administrative\3-ContractingLicenses\Apps_Fees_Certificates_etc\LicenseApplicationsPermitsNotices\Long Beach IN\PastDocs\DocsForLicenseRenewal","NT AUTHORITY\SYSTEM","Allow","FullControl","True"
"Y:\ttbntfile1\shared\appsdata\groups\1-Administrative\3-ContractingLicenses\Apps_Fees_Certificates_etc\LicenseApplicationsPermitsNotices\Lowell\Emails","TONNANDBLANK\AVD Test Users","Allow","FullControl","True"
"Y:\ttbntfile1\shared\appsdata\groups\1-Administrative\3-ContractingLicenses\Apps_Fees_Certificates_etc\LicenseApplicationsPermitsNotices\Lowell\Emails","TONNANDBLANK\impactadmin","Allow","FullControl","True"
"Y:\ttbntfile1\shared\appsdata\groups\1-Administrative\3-ContractingLicenses\Apps_Fees_Certificates_etc\LicenseApplicationsPermitsNotices\Lowell\Emails","CREATOR OWNER","Allow","FullControl","True"
"Y:\ttbntfile1\shared\appsdata\groups\1-Administrative\3-ContractingLicenses\Apps_Fees_Certificates_etc\LicenseApplicationsPermitsNotices\Lowell\Emails","BUILTIN\Administrators","Allow","FullControl","True"
"Y:\ttbntfile1\shared\appsdata\groups\1-Administrative\3-ContractingLicenses\Apps_Fees_Certificates_etc\LicenseApplicationsPermitsNotices\Lowell\Emails","NT AUTHORITY\SYSTEM","Allow","FullControl","True"
"Y:\ttbntfile1\shared\appsdata\groups\1-Administrative\3-ContractingLicenses\Apps_Fees_Certificates_etc\LicenseApplicationsPermitsNotices\Lowell\PastDocuments","TONNANDBLANK\AVD Test Users","Allow","FullControl","True"
"Y:\ttbntfile1\shared\appsdata\groups\1-Administrative\3-ContractingLicenses\Apps_Fees_Certificates_etc\LicenseApplicationsPermitsNotices\Lowell\PastDocuments","TONNANDBLANK\impactadmin","Allow","FullControl","True"
"Y:\ttbntfile1\shared\appsdata\groups\1-Administrative\3-ContractingLicenses\Apps_Fees_Certificates_etc\LicenseApplicationsPermitsNotices\Lowell\PastDocuments","CREATOR OWNER","Allow","FullControl","True"
"Y:\ttbntfile1\shared\appsdata\groups\1-Administrative\3-ContractingLicenses\Apps_Fees_Certificates_etc\LicenseApplicationsPermitsNotices\Lowell\PastDocuments","BUILTIN\Administrators","Allow","FullControl","True"
"Y:\ttbntfile1\shared\appsdata\groups\1-Administrative\3-ContractingLicenses\Apps_Fees_Certificates_etc\LicenseApplicationsPermitsNotices\Lowell\PastDocuments","NT AUTHORITY\SYSTEM","Allow","FullControl","True"
"Y:\ttbntfile1\shared\appsdata\groups\1-Administrative\3-ContractingLicenses\Apps_Fees_Certificates_etc\LicenseApplicationsPermitsNotices\Lowell\PermitDocuments","TONNANDBLANK\AVD Test Users","Allow","FullControl","True"
"Y:\ttbntfile1\shared\appsdata\groups\1-Administrative\3-ContractingLicenses\Apps_Fees_Certificates_etc\LicenseApplicationsPermitsNotices\Lowell\PermitDocuments","TONNANDBLANK\impactadmin","Allow","FullControl","True"
"Y:\ttbntfile1\shared\appsdata\groups\1-Administrative\3-ContractingLicenses\Apps_Fees_Certificates_etc\LicenseApplicationsPermitsNotices\Lowell\PermitDocuments","CREATOR OWNER","Allow","FullControl","True"
"Y:\ttbntfile1\shared\appsdata\groups\1-Administrative\3-ContractingLicenses\Apps_Fees_Certificates_etc\LicenseApplicationsPermitsNotices\Lowell\PermitDocuments","BUILTIN\Administrators","Allow","FullControl","True"
"Y:\ttbntfile1\shared\appsdata\groups\1-Administrative\3-ContractingLicenses\Apps_Fees_Certificates_etc\LicenseApplicationsPermitsNotices\Lowell\PermitDocuments","NT AUTHORITY\SYSTEM","Allow","FullControl","True"
"Y:\ttbntfile1\shared\appsdata\groups\1-Administrative\3-ContractingLicenses\Apps_Fees_Certificates_etc\LicenseApplicationsPermitsNotices\Lynwood\Emails","TONNANDBLANK\AVD Test Users","Allow","FullControl","True"
"Y:\ttbntfile1\shared\appsdata\groups\1-Administrative\3-ContractingLicenses\Apps_Fees_Certificates_etc\LicenseApplicationsPermitsNotices\Lynwood\Emails","TONNANDBLANK\impactadmin","Allow","FullControl","True"
"Y:\ttbntfile1\shared\appsdata\groups\1-Administrative\3-ContractingLicenses\Apps_Fees_Certificates_etc\LicenseApplicationsPermitsNotices\Lynwood\Emails","CREATOR OWNER","Allow","FullControl","True"
"Y:\ttbntfile1\shared\appsdata\groups\1-Administrative\3-ContractingLicenses\Apps_Fees_Certificates_etc\LicenseApplicationsPermitsNotices\Lynwood\Emails","BUILTIN\Administrators","Allow","FullControl","True"
"Y:\ttbntfile1\shared\appsdata\groups\1-Administrative\3-ContractingLicenses\Apps_Fees_Certificates_etc\LicenseApplicationsPermitsNotices\Lynwood\Emails","NT AUTHORITY\SYSTEM","Allow","FullControl","True"
"Y:\ttbntfile1\shared\appsdata\groups\1-Administrative\3-ContractingLicenses\Apps_Fees_Certificates_etc\LicenseApplicationsPermitsNotices\Madison\Christie said One Time Need-Do Not Renew-But Jon Wants Everyting Renewed","TONNANDBLANK\AVD Test Users","Allow","FullControl","True"
"Y:\ttbntfile1\shared\appsdata\groups\1-Administrative\3-ContractingLicenses\Apps_Fees_Certificates_etc\LicenseApplicationsPermitsNotices\Madison\Christie said One Time Need-Do Not Renew-But Jon Wants Everyting Renewed","TONNANDBLANK\impactadmin","Allow","FullControl","True"
"Y:\ttbntfile1\shared\appsdata\groups\1-Administrative\3-ContractingLicenses\Apps_Fees_Certificates_etc\LicenseApplicationsPermitsNotices\Madison\Christie said One Time Need-Do Not Renew-But Jon Wants Everyting Renewed","CREATOR OWNER","Allow","FullControl","True"
"Y:\ttbntfile1\shared\appsdata\groups\1-Administrative\3-ContractingLicenses\Apps_Fees_Certificates_etc\LicenseApplicationsPermitsNotices\Madison\Christie said One Time Need-Do Not Renew-But Jon Wants Everyting Renewed","BUILTIN\Administrators","Allow","FullControl","True"
"Y:\ttbntfile1\shared\appsdata\groups\1-Administrative\3-ContractingLicenses\Apps_Fees_Certificates_etc\LicenseApplicationsPermitsNotices\Madison\Christie said One Time Need-Do Not Renew-But Jon Wants Everyting Renewed","NT AUTHORITY\SYSTEM","Allow","FullControl","True"
"Y:\ttbntfile1\shared\appsdata\groups\1-Administrative\3-ContractingLicenses\Apps_Fees_Certificates_etc\LicenseApplicationsPermitsNotices\Madison\PastDocuments","TONNANDBLANK\AVD Test Users","Allow","FullControl","True"
"Y:\ttbntfile1\shared\appsdata\groups\1-Administrative\3-ContractingLicenses\Apps_Fees_Certificates_etc\LicenseApplicationsPermitsNotices\Madison\PastDocuments","TONNANDBLANK\impactadmin","Allow","FullControl","True"
"Y:\ttbntfile1\shared\appsdata\groups\1-Administrative\3-ContractingLicenses\Apps_Fees_Certificates_etc\LicenseApplicationsPermitsNotices\Madison\PastDocuments","CREATOR OWNER","Allow","FullControl","True"
"Y:\ttbntfile1\shared\appsdata\groups\1-Administrative\3-ContractingLicenses\Apps_Fees_Certificates_etc\LicenseApplicationsPermitsNotices\Madison\PastDocuments","BUILTIN\Administrators","Allow","FullControl","True"
"Y:\ttbntfile1\shared\appsdata\groups\1-Administrative\3-ContractingLicenses\Apps_Fees_Certificates_etc\LicenseApplicationsPermitsNotices\Madison\PastDocuments","NT AUTHORITY\SYSTEM","Allow","FullControl","True"
"Y:\ttbntfile1\shared\appsdata\groups\1-Administrative\3-ContractingLicenses\Apps_Fees_Certificates_etc\LicenseApplicationsPermitsNotices\Madison\PW-Tonn&Blank1623","TONNANDBLANK\AVD Test Users","Allow","FullControl","True"
"Y:\ttbntfile1\shared\appsdata\groups\1-Administrative\3-ContractingLicenses\Apps_Fees_Certificates_etc\LicenseApplicationsPermitsNotices\Madison\PW-Tonn&Blank1623","TONNANDBLANK\impactadmin","Allow","FullControl","True"
"Y:\ttbntfile1\shared\appsdata\groups\1-Administrative\3-ContractingLicenses\Apps_Fees_Certificates_etc\LicenseApplicationsPermitsNotices\Madison\PW-Tonn&Blank1623","CREATOR OWNER","Allow","FullControl","True"
"Y:\ttbntfile1\shared\appsdata\groups\1-Administrative\3-ContractingLicenses\Apps_Fees_Certificates_etc\LicenseApplicationsPermitsNotices\Madison\PW-Tonn&Blank1623","BUILTIN\Administrators","Allow","FullControl","True"
"Y:\ttbntfile1\shared\appsdata\groups\1-Administrative\3-ContractingLicenses\Apps_Fees_Certificates_etc\LicenseApplicationsPermitsNotices\Madison\PW-Tonn&Blank1623","NT AUTHORITY\SYSTEM","Allow","FullControl","True"
"Y:\ttbntfile1\shared\appsdata\groups\1-Administrative\3-ContractingLicenses\Apps_Fees_Certificates_etc\LicenseApplicationsPermitsNotices\Marion\Emails","TONNANDBLANK\AVD Test Users","Allow","FullControl","True"
"Y:\ttbntfile1\shared\appsdata\groups\1-Administrative\3-ContractingLicenses\Apps_Fees_Certificates_etc\LicenseApplicationsPermitsNotices\Marion\Emails","TONNANDBLANK\impactadmin","Allow","FullControl","True"
"Y:\ttbntfile1\shared\appsdata\groups\1-Administrative\3-ContractingLicenses\Apps_Fees_Certificates_etc\LicenseApplicationsPermitsNotices\Marion\Emails","CREATOR OWNER","Allow","FullControl","True"
"Y:\ttbntfile1\shared\appsdata\groups\1-Administrative\3-ContractingLicenses\Apps_Fees_Certificates_etc\LicenseApplicationsPermitsNotices\Marion\Emails","BUILTIN\Administrators","Allow","FullControl","True"
"Y:\ttbntfile1\shared\appsdata\groups\1-Administrative\3-ContractingLicenses\Apps_Fees_Certificates_etc\LicenseApplicationsPermitsNotices\Marion\Emails","NT AUTHORITY\SYSTEM","Allow","FullControl","True"
"Y:\ttbntfile1\shared\appsdata\groups\1-Administrative\3-ContractingLicenses\Apps_Fees_Certificates_etc\LicenseApplicationsPermitsNotices\Marion\Faxes","TONNANDBLANK\AVD Test Users","Allow","FullControl","True"
"Y:\ttbntfile1\shared\appsdata\groups\1-Administrative\3-ContractingLicenses\Apps_Fees_Certificates_etc\LicenseApplicationsPermitsNotices\Marion\Faxes","TONNANDBLANK\impactadmin","Allow","FullControl","True"
"Y:\ttbntfile1\shared\appsdata\groups\1-Administrative\3-ContractingLicenses\Apps_Fees_Certificates_etc\LicenseApplicationsPermitsNotices\Marion\Faxes","CREATOR OWNER","Allow","FullControl","True"
"Y:\ttbntfile1\shared\appsdata\groups\1-Administrative\3-ContractingLicenses\Apps_Fees_Certificates_etc\LicenseApplicationsPermitsNotices\Marion\Faxes","BUILTIN\Administrators","Allow","FullControl","True"
"Y:\ttbntfile1\shared\appsdata\groups\1-Administrative\3-ContractingLicenses\Apps_Fees_Certificates_etc\LicenseApplicationsPermitsNotices\Marion\Faxes","NT AUTHORITY\SYSTEM","Allow","FullControl","True"
"Y:\ttbntfile1\shared\appsdata\groups\1-Administrative\3-ContractingLicenses\Apps_Fees_Certificates_etc\LicenseApplicationsPermitsNotices\Marion\PastDocuments","TONNANDBLANK\AVD Test Users","Allow","FullControl","True"
"Y:\ttbntfile1\shared\appsdata\groups\1-Administrative\3-ContractingLicenses\Apps_Fees_Certificates_etc\LicenseApplicationsPermitsNotices\Marion\PastDocuments","TONNANDBLANK\impactadmin","Allow","FullControl","True"
"Y:\ttbntfile1\shared\appsdata\groups\1-Administrative\3-ContractingLicenses\Apps_Fees_Certificates_etc\LicenseApplicationsPermitsNotices\Marion\PastDocuments","CREATOR OWNER","Allow","FullControl","True"
"Y:\ttbntfile1\shared\appsdata\groups\1-Administrative\3-ContractingLicenses\Apps_Fees_Certificates_etc\LicenseApplicationsPermitsNotices\Marion\PastDocuments","BUILTIN\Administrators","Allow","FullControl","True"
"Y:\ttbntfile1\shared\appsdata\groups\1-Administrative\3-ContractingLicenses\Apps_Fees_Certificates_etc\LicenseApplicationsPermitsNotices\Marion\PastDocuments","NT AUTHORITY\SYSTEM","Allow","FullControl","True"
"Y:\ttbntfile1\shared\appsdata\groups\1-Administrative\3-ContractingLicenses\Apps_Fees_Certificates_etc\LicenseApplicationsPermitsNotices\Matteson\PastDocs","TONNANDBLANK\AVD Test Users","Allow","FullControl","True"
"Y:\ttbntfile1\shared\appsdata\groups\1-Administrative\3-ContractingLicenses\Apps_Fees_Certificates_etc\LicenseApplicationsPermitsNotices\Matteson\PastDocs","TONNANDBLANK\impactadmin","Allow","FullControl","True"
"Y:\ttbntfile1\shared\appsdata\groups\1-Administrative\3-ContractingLicenses\Apps_Fees_Certificates_etc\LicenseApplicationsPermitsNotices\Matteson\PastDocs","CREATOR OWNER","Allow","FullControl","True"
"Y:\ttbntfile1\shared\appsdata\groups\1-Administrative\3-ContractingLicenses\Apps_Fees_Certificates_etc\LicenseApplicationsPermitsNotices\Matteson\PastDocs","BUILTIN\Administrators","Allow","FullControl","True"
"Y:\ttbntfile1\shared\appsdata\groups\1-Administrative\3-ContractingLicenses\Apps_Fees_Certificates_etc\LicenseApplicationsPermitsNotices\Matteson\PastDocs","NT AUTHORITY\SYSTEM","Allow","FullControl","True"
"Y:\ttbntfile1\shared\appsdata\groups\1-Administrative\3-ContractingLicenses\Apps_Fees_Certificates_etc\LicenseApplicationsPermitsNotices\Merrillville\PastDocs","TONNANDBLANK\AVD Test Users","Allow","FullControl","True"
"Y:\ttbntfile1\shared\appsdata\groups\1-Administrative\3-ContractingLicenses\Apps_Fees_Certificates_etc\LicenseApplicationsPermitsNotices\Merrillville\PastDocs","TONNANDBLANK\impactadmin","Allow","FullControl","True"
"Y:\ttbntfile1\shared\appsdata\groups\1-Administrative\3-ContractingLicenses\Apps_Fees_Certificates_etc\LicenseApplicationsPermitsNotices\Merrillville\PastDocs","CREATOR OWNER","Allow","FullControl","True"
"Y:\ttbntfile1\shared\appsdata\groups\1-Administrative\3-ContractingLicenses\Apps_Fees_Certificates_etc\LicenseApplicationsPermitsNotices\Merrillville\PastDocs","BUILTIN\Administrators","Allow","FullControl","True"
"Y:\ttbntfile1\shared\appsdata\groups\1-Administrative\3-ContractingLicenses\Apps_Fees_Certificates_etc\LicenseApplicationsPermitsNotices\Merrillville\PastDocs","NT AUTHORITY\SYSTEM","Allow","FullControl","True"
"Y:\ttbntfile1\shared\appsdata\groups\1-Administrative\3-ContractingLicenses\Apps_Fees_Certificates_etc\LicenseApplicationsPermitsNotices\Michigan City\Emails","TONNANDBLANK\AVD Test Users","Allow","FullControl","True"
"Y:\ttbntfile1\shared\appsdata\groups\1-Administrative\3-ContractingLicenses\Apps_Fees_Certificates_etc\LicenseApplicationsPermitsNotices\Michigan City\Emails","TONNANDBLANK\impactadmin","Allow","FullControl","True"
"Y:\ttbntfile1\shared\appsdata\groups\1-Administrative\3-ContractingLicenses\Apps_Fees_Certificates_etc\LicenseApplicationsPermitsNotices\Michigan City\Emails","CREATOR OWNER","Allow","FullControl","True"
"Y:\ttbntfile1\shared\appsdata\groups\1-Administrative\3-ContractingLicenses\Apps_Fees_Certificates_etc\LicenseApplicationsPermitsNotices\Michigan City\Emails","BUILTIN\Administrators","Allow","FullControl","True"
"Y:\ttbntfile1\shared\appsdata\groups\1-Administrative\3-ContractingLicenses\Apps_Fees_Certificates_etc\LicenseApplicationsPermitsNotices\Michigan City\Emails","NT AUTHORITY\SYSTEM","Allow","FullControl","True"
"Y:\ttbntfile1\shared\appsdata\groups\1-Administrative\3-ContractingLicenses\Apps_Fees_Certificates_etc\LicenseApplicationsPermitsNotices\Michigan City\PastForms","TONNANDBLANK\AVD Test Users","Allow","FullControl","True"
"Y:\ttbntfile1\shared\appsdata\groups\1-Administrative\3-ContractingLicenses\Apps_Fees_Certificates_etc\LicenseApplicationsPermitsNotices\Michigan City\PastForms","TONNANDBLANK\impactadmin","Allow","FullControl","True"
"Y:\ttbntfile1\shared\appsdata\groups\1-Administrative\3-ContractingLicenses\Apps_Fees_Certificates_etc\LicenseApplicationsPermitsNotices\Michigan City\PastForms","CREATOR OWNER","Allow","FullControl","True"
"Y:\ttbntfile1\shared\appsdata\groups\1-Administrative\3-ContractingLicenses\Apps_Fees_Certificates_etc\LicenseApplicationsPermitsNotices\Michigan City\PastForms","BUILTIN\Administrators","Allow","FullControl","True"
"Y:\ttbntfile1\shared\appsdata\groups\1-Administrative\3-ContractingLicenses\Apps_Fees_Certificates_etc\LicenseApplicationsPermitsNotices\Michigan City\PastForms","NT AUTHORITY\SYSTEM","Allow","FullControl","True"
"Y:\ttbntfile1\shared\appsdata\groups\1-Administrative\3-ContractingLicenses\Apps_Fees_Certificates_etc\LicenseApplicationsPermitsNotices\Michigan City\Reference Letters","TONNANDBLANK\AVD Test Users","Allow","FullControl","True"
"Y:\ttbntfile1\shared\appsdata\groups\1-Administrative\3-ContractingLicenses\Apps_Fees_Certificates_etc\LicenseApplicationsPermitsNotices\Michigan City\Reference Letters","TONNANDBLANK\impactadmin","Allow","FullControl","True"
"Y:\ttbntfile1\shared\appsdata\groups\1-Administrative\3-ContractingLicenses\Apps_Fees_Certificates_etc\LicenseApplicationsPermitsNotices\Michigan City\Reference Letters","CREATOR OWNER","Allow","FullControl","True"
"Y:\ttbntfile1\shared\appsdata\groups\1-Administrative\3-ContractingLicenses\Apps_Fees_Certificates_etc\LicenseApplicationsPermitsNotices\Michigan City\Reference Letters","BUILTIN\Administrators","Allow","FullControl","True"
"Y:\ttbntfile1\shared\appsdata\groups\1-Administrative\3-ContractingLicenses\Apps_Fees_Certificates_etc\LicenseApplicationsPermitsNotices\Michigan City\Reference Letters","NT AUTHORITY\SYSTEM","Allow","FullControl","True"
"Y:\ttbntfile1\shared\appsdata\groups\1-Administrative\3-ContractingLicenses\Apps_Fees_Certificates_etc\LicenseApplicationsPermitsNotices\Mishawaka\PastDocs","TONNANDBLANK\AVD Test Users","Allow","FullControl","True"
"Y:\ttbntfile1\shared\appsdata\groups\1-Administrative\3-ContractingLicenses\Apps_Fees_Certificates_etc\LicenseApplicationsPermitsNotices\Mishawaka\PastDocs","TONNANDBLANK\impactadmin","Allow","FullControl","True"
"Y:\ttbntfile1\shared\appsdata\groups\1-Administrative\3-ContractingLicenses\Apps_Fees_Certificates_etc\LicenseApplicationsPermitsNotices\Mishawaka\PastDocs","CREATOR OWNER","Allow","FullControl","True"
"Y:\ttbntfile1\shared\appsdata\groups\1-Administrative\3-ContractingLicenses\Apps_Fees_Certificates_etc\LicenseApplicationsPermitsNotices\Mishawaka\PastDocs","BUILTIN\Administrators","Allow","FullControl","True"
"Y:\ttbntfile1\shared\appsdata\groups\1-Administrative\3-ContractingLicenses\Apps_Fees_Certificates_etc\LicenseApplicationsPermitsNotices\Mishawaka\PastDocs","NT AUTHORITY\SYSTEM","Allow","FullControl","True"
"Y:\ttbntfile1\shared\appsdata\groups\1-Administrative\3-ContractingLicenses\Apps_Fees_Certificates_etc\LicenseApplicationsPermitsNotices\Mokena\Emails","TONNANDBLANK\AVD Test Users","Allow","FullControl","True"
"Y:\ttbntfile1\shared\appsdata\groups\1-Administrative\3-ContractingLicenses\Apps_Fees_Certificates_etc\LicenseApplicationsPermitsNotices\Mokena\Emails","TONNANDBLANK\impactadmin","Allow","FullControl","True"
"Y:\ttbntfile1\shared\appsdata\groups\1-Administrative\3-ContractingLicenses\Apps_Fees_Certificates_etc\LicenseApplicationsPermitsNotices\Mokena\Emails","CREATOR OWNER","Allow","FullControl","True"
"Y:\ttbntfile1\shared\appsdata\groups\1-Administrative\3-ContractingLicenses\Apps_Fees_Certificates_etc\LicenseApplicationsPermitsNotices\Mokena\Emails","BUILTIN\Administrators","Allow","FullControl","True"
"Y:\ttbntfile1\shared\appsdata\groups\1-Administrative\3-ContractingLicenses\Apps_Fees_Certificates_etc\LicenseApplicationsPermitsNotices\Mokena\Emails","NT AUTHORITY\SYSTEM","Allow","FullControl","True"
"Y:\ttbntfile1\shared\appsdata\groups\1-Administrative\3-ContractingLicenses\Apps_Fees_Certificates_etc\LicenseApplicationsPermitsNotices\Mokena\OldDocs","TONNANDBLANK\AVD Test Users","Allow","FullControl","True"
"Y:\ttbntfile1\shared\appsdata\groups\1-Administrative\3-ContractingLicenses\Apps_Fees_Certificates_etc\LicenseApplicationsPermitsNotices\Mokena\OldDocs","TONNANDBLANK\impactadmin","Allow","FullControl","True"
"Y:\ttbntfile1\shared\appsdata\groups\1-Administrative\3-ContractingLicenses\Apps_Fees_Certificates_etc\LicenseApplicationsPermitsNotices\Mokena\OldDocs","CREATOR OWNER","Allow","FullControl","True"
"Y:\ttbntfile1\shared\appsdata\groups\1-Administrative\3-ContractingLicenses\Apps_Fees_Certificates_etc\LicenseApplicationsPermitsNotices\Mokena\OldDocs","BUILTIN\Administrators","Allow","FullControl","True"
"Y:\ttbntfile1\shared\appsdata\groups\1-Administrative\3-ContractingLicenses\Apps_Fees_Certificates_etc\LicenseApplicationsPermitsNotices\Mokena\OldDocs","NT AUTHORITY\SYSTEM","Allow","FullControl","True"
"Y:\ttbntfile1\shared\appsdata\groups\1-Administrative\3-ContractingLicenses\Apps_Fees_Certificates_etc\LicenseApplicationsPermitsNotices\Munster\Emails","TONNANDBLANK\AVD Test Users","Allow","FullControl","True"
"Y:\ttbntfile1\shared\appsdata\groups\1-Administrative\3-ContractingLicenses\Apps_Fees_Certificates_etc\LicenseApplicationsPermitsNotices\Munster\Emails","TONNANDBLANK\impactadmin","Allow","FullControl","True"
"Y:\ttbntfile1\shared\appsdata\groups\1-Administrative\3-ContractingLicenses\Apps_Fees_Certificates_etc\LicenseApplicationsPermitsNotices\Munster\Emails","CREATOR OWNER","Allow","FullControl","True"
"Y:\ttbntfile1\shared\appsdata\groups\1-Administrative\3-ContractingLicenses\Apps_Fees_Certificates_etc\LicenseApplicationsPermitsNotices\Munster\Emails","BUILTIN\Administrators","Allow","FullControl","True"
"Y:\ttbntfile1\shared\appsdata\groups\1-Administrative\3-ContractingLicenses\Apps_Fees_Certificates_etc\LicenseApplicationsPermitsNotices\Munster\Emails","NT AUTHORITY\SYSTEM","Allow","FullControl","True"
"Y:\ttbntfile1\shared\appsdata\groups\1-Administrative\3-ContractingLicenses\Apps_Fees_Certificates_etc\LicenseApplicationsPermitsNotices\Munster\PastItems","TONNANDBLANK\AVD Test Users","Allow","FullControl","True"
"Y:\ttbntfile1\shared\appsdata\groups\1-Administrative\3-ContractingLicenses\Apps_Fees_Certificates_etc\LicenseApplicationsPermitsNotices\Munster\PastItems","TONNANDBLANK\impactadmin","Allow","FullControl","True"
"Y:\ttbntfile1\shared\appsdata\groups\1-Administrative\3-ContractingLicenses\Apps_Fees_Certificates_etc\LicenseApplicationsPermitsNotices\Munster\PastItems","CREATOR OWNER","Allow","FullControl","True"
"Y:\ttbntfile1\shared\appsdata\groups\1-Administrative\3-ContractingLicenses\Apps_Fees_Certificates_etc\LicenseApplicationsPermitsNotices\Munster\PastItems","BUILTIN\Administrators","Allow","FullControl","True"
"Y:\ttbntfile1\shared\appsdata\groups\1-Administrative\3-ContractingLicenses\Apps_Fees_Certificates_etc\LicenseApplicationsPermitsNotices\Munster\PastItems","NT AUTHORITY\SYSTEM","Allow","FullControl","True"
"Y:\ttbntfile1\shared\appsdata\groups\1-Administrative\3-ContractingLicenses\Apps_Fees_Certificates_etc\LicenseApplicationsPermitsNotices\Newton\Bonds","TONNANDBLANK\AVD Test Users","Allow","FullControl","True"
"Y:\ttbntfile1\shared\appsdata\groups\1-Administrative\3-ContractingLicenses\Apps_Fees_Certificates_etc\LicenseApplicationsPermitsNotices\Newton\Bonds","TONNANDBLANK\impactadmin","Allow","FullControl","True"
"Y:\ttbntfile1\shared\appsdata\groups\1-Administrative\3-ContractingLicenses\Apps_Fees_Certificates_etc\LicenseApplicationsPermitsNotices\Newton\Bonds","CREATOR OWNER","Allow","FullControl","True"
"Y:\ttbntfile1\shared\appsdata\groups\1-Administrative\3-ContractingLicenses\Apps_Fees_Certificates_etc\LicenseApplicationsPermitsNotices\Newton\Bonds","BUILTIN\Administrators","Allow","FullControl","True"
"Y:\ttbntfile1\shared\appsdata\groups\1-Administrative\3-ContractingLicenses\Apps_Fees_Certificates_etc\LicenseApplicationsPermitsNotices\Newton\Bonds","NT AUTHORITY\SYSTEM","Allow","FullControl","True"
"Y:\ttbntfile1\shared\appsdata\groups\1-Administrative\3-ContractingLicenses\Apps_Fees_Certificates_etc\LicenseApplicationsPermitsNotices\Newton\Emails","TONNANDBLANK\AVD Test Users","Allow","FullControl","True"
"Y:\ttbntfile1\shared\appsdata\groups\1-Administrative\3-ContractingLicenses\Apps_Fees_Certificates_etc\LicenseApplicationsPermitsNotices\Newton\Emails","TONNANDBLANK\impactadmin","Allow","FullControl","True"
"Y:\ttbntfile1\shared\appsdata\groups\1-Administrative\3-ContractingLicenses\Apps_Fees_Certificates_etc\LicenseApplicationsPermitsNotices\Newton\Emails","CREATOR OWNER","Allow","FullControl","True"
"Y:\ttbntfile1\shared\appsdata\groups\1-Administrative\3-ContractingLicenses\Apps_Fees_Certificates_etc\LicenseApplicationsPermitsNotices\Newton\Emails","BUILTIN\Administrators","Allow","FullControl","True"
"Y:\ttbntfile1\shared\appsdata\groups\1-Administrative\3-ContractingLicenses\Apps_Fees_Certificates_etc\LicenseApplicationsPermitsNotices\Newton\Emails","NT AUTHORITY\SYSTEM","Allow","FullControl","True"
"Y:\ttbntfile1\shared\appsdata\groups\1-Administrative\3-ContractingLicenses\Apps_Fees_Certificates_etc\LicenseApplicationsPermitsNotices\Newton\PastDocs","TONNANDBLANK\AVD Test Users","Allow","FullControl","True"
"Y:\ttbntfile1\shared\appsdata\groups\1-Administrative\3-ContractingLicenses\Apps_Fees_Certificates_etc\LicenseApplicationsPermitsNotices\Newton\PastDocs","TONNANDBLANK\impactadmin","Allow","FullControl","True"
"Y:\ttbntfile1\shared\appsdata\groups\1-Administrative\3-ContractingLicenses\Apps_Fees_Certificates_etc\LicenseApplicationsPermitsNotices\Newton\PastDocs","CREATOR OWNER","Allow","FullControl","True"
"Y:\ttbntfile1\shared\appsdata\groups\1-Administrative\3-ContractingLicenses\Apps_Fees_Certificates_etc\LicenseApplicationsPermitsNotices\Newton\PastDocs","BUILTIN\Administrators","Allow","FullControl","True"
"Y:\ttbntfile1\shared\appsdata\groups\1-Administrative\3-ContractingLicenses\Apps_Fees_Certificates_etc\LicenseApplicationsPermitsNotices\Newton\PastDocs","NT AUTHORITY\SYSTEM","Allow","FullControl","True"
"Y:\ttbntfile1\shared\appsdata\groups\1-Administrative\3-ContractingLicenses\Apps_Fees_Certificates_etc\LicenseApplicationsPermitsNotices\Newton\Emails\PastEmails","TONNANDBLANK\AVD Test Users","Allow","FullControl","True"
"Y:\ttbntfile1\shared\appsdata\groups\1-Administrative\3-ContractingLicenses\Apps_Fees_Certificates_etc\LicenseApplicationsPermitsNotices\Newton\Emails\PastEmails","TONNANDBLANK\impactadmin","Allow","FullControl","True"
"Y:\ttbntfile1\shared\appsdata\groups\1-Administrative\3-ContractingLicenses\Apps_Fees_Certificates_etc\LicenseApplicationsPermitsNotices\Newton\Emails\PastEmails","CREATOR OWNER","Allow","FullControl","True"
"Y:\ttbntfile1\shared\appsdata\groups\1-Administrative\3-ContractingLicenses\Apps_Fees_Certificates_etc\LicenseApplicationsPermitsNotices\Newton\Emails\PastEmails","BUILTIN\Administrators","Allow","FullControl","True"
"Y:\ttbntfile1\shared\appsdata\groups\1-Administrative\3-ContractingLicenses\Apps_Fees_Certificates_etc\LicenseApplicationsPermitsNotices\Newton\Emails\PastEmails","NT AUTHORITY\SYSTEM","Allow","FullControl","True"
"Y:\ttbntfile1\shared\appsdata\groups\1-Administrative\3-ContractingLicenses\Apps_Fees_Certificates_etc\LicenseApplicationsPermitsNotices\Oak Lawn\Emails","TONNANDBLANK\AVD Test Users","Allow","FullControl","True"
"Y:\ttbntfile1\shared\appsdata\groups\1-Administrative\3-ContractingLicenses\Apps_Fees_Certificates_etc\LicenseApplicationsPermitsNotices\Oak Lawn\Emails","TONNANDBLANK\impactadmin","Allow","FullControl","True"
"Y:\ttbntfile1\shared\appsdata\groups\1-Administrative\3-ContractingLicenses\Apps_Fees_Certificates_etc\LicenseApplicationsPermitsNotices\Oak Lawn\Emails","CREATOR OWNER","Allow","FullControl","True"
"Y:\ttbntfile1\shared\appsdata\groups\1-Administrative\3-ContractingLicenses\Apps_Fees_Certificates_etc\LicenseApplicationsPermitsNotices\Oak Lawn\Emails","BUILTIN\Administrators","Allow","FullControl","True"
"Y:\ttbntfile1\shared\appsdata\groups\1-Administrative\3-ContractingLicenses\Apps_Fees_Certificates_etc\LicenseApplicationsPermitsNotices\Oak Lawn\Emails","NT AUTHORITY\SYSTEM","Allow","FullControl","True"
"Y:\ttbntfile1\shared\appsdata\groups\1-Administrative\3-ContractingLicenses\Apps_Fees_Certificates_etc\LicenseApplicationsPermitsNotices\Olynpia Fields\Emails","TONNANDBLANK\AVD Test Users","Allow","FullControl","True"
"Y:\ttbntfile1\shared\appsdata\groups\1-Administrative\3-ContractingLicenses\Apps_Fees_Certificates_etc\LicenseApplicationsPermitsNotices\Olynpia Fields\Emails","TONNANDBLANK\impactadmin","Allow","FullControl","True"
"Y:\ttbntfile1\shared\appsdata\groups\1-Administrative\3-ContractingLicenses\Apps_Fees_Certificates_etc\LicenseApplicationsPermitsNotices\Olynpia Fields\Emails","CREATOR OWNER","Allow","FullControl","True"
"Y:\ttbntfile1\shared\appsdata\groups\1-Administrative\3-ContractingLicenses\Apps_Fees_Certificates_etc\LicenseApplicationsPermitsNotices\Olynpia Fields\Emails","BUILTIN\Administrators","Allow","FullControl","True"
"Y:\ttbntfile1\shared\appsdata\groups\1-Administrative\3-ContractingLicenses\Apps_Fees_Certificates_etc\LicenseApplicationsPermitsNotices\Olynpia Fields\Emails","NT AUTHORITY\SYSTEM","Allow","FullControl","True"
"Y:\ttbntfile1\shared\appsdata\groups\1-Administrative\3-ContractingLicenses\Apps_Fees_Certificates_etc\LicenseApplicationsPermitsNotices\Olynpia Fields\PastDocuments","TONNANDBLANK\AVD Test Users","Allow","FullControl","True"
"Y:\ttbntfile1\shared\appsdata\groups\1-Administrative\3-ContractingLicenses\Apps_Fees_Certificates_etc\LicenseApplicationsPermitsNotices\Olynpia Fields\PastDocuments","TONNANDBLANK\impactadmin","Allow","FullControl","True"
"Y:\ttbntfile1\shared\appsdata\groups\1-Administrative\3-ContractingLicenses\Apps_Fees_Certificates_etc\LicenseApplicationsPermitsNotices\Olynpia Fields\PastDocuments","CREATOR OWNER","Allow","FullControl","True"
"Y:\ttbntfile1\shared\appsdata\groups\1-Administrative\3-ContractingLicenses\Apps_Fees_Certificates_etc\LicenseApplicationsPermitsNotices\Olynpia Fields\PastDocuments","BUILTIN\Administrators","Allow","FullControl","True"
"Y:\ttbntfile1\shared\appsdata\groups\1-Administrative\3-ContractingLicenses\Apps_Fees_Certificates_etc\LicenseApplicationsPermitsNotices\Olynpia Fields\PastDocuments","NT AUTHORITY\SYSTEM","Allow","FullControl","True"
"Y:\ttbntfile1\shared\appsdata\groups\1-Administrative\3-ContractingLicenses\Apps_Fees_Certificates_etc\LicenseApplicationsPermitsNotices\Pokagon BusinessLicense\Emails","TONNANDBLANK\AVD Test Users","Allow","FullControl","True"
"Y:\ttbntfile1\shared\appsdata\groups\1-Administrative\3-ContractingLicenses\Apps_Fees_Certificates_etc\LicenseApplicationsPermitsNotices\Pokagon BusinessLicense\Emails","TONNANDBLANK\impactadmin","Allow","FullControl","True"
"Y:\ttbntfile1\shared\appsdata\groups\1-Administrative\3-ContractingLicenses\Apps_Fees_Certificates_etc\LicenseApplicationsPermitsNotices\Pokagon BusinessLicense\Emails","CREATOR OWNER","Allow","FullControl","True"
"Y:\ttbntfile1\shared\appsdata\groups\1-Administrative\3-ContractingLicenses\Apps_Fees_Certificates_etc\LicenseApplicationsPermitsNotices\Pokagon BusinessLicense\Emails","BUILTIN\Administrators","Allow","FullControl","True"
"Y:\ttbntfile1\shared\appsdata\groups\1-Administrative\3-ContractingLicenses\Apps_Fees_Certificates_etc\LicenseApplicationsPermitsNotices\Pokagon BusinessLicense\Emails","NT AUTHORITY\SYSTEM","Allow","FullControl","True"
"Y:\ttbntfile1\shared\appsdata\groups\1-Administrative\3-ContractingLicenses\Apps_Fees_Certificates_etc\LicenseApplicationsPermitsNotices\Portage\Emails-Faxes","TONNANDBLANK\AVD Test Users","Allow","FullControl","True"
"Y:\ttbntfile1\shared\appsdata\groups\1-Administrative\3-ContractingLicenses\Apps_Fees_Certificates_etc\LicenseApplicationsPermitsNotices\Portage\Emails-Faxes","TONNANDBLANK\impactadmin","Allow","FullControl","True"
"Y:\ttbntfile1\shared\appsdata\groups\1-Administrative\3-ContractingLicenses\Apps_Fees_Certificates_etc\LicenseApplicationsPermitsNotices\Portage\Emails-Faxes","CREATOR OWNER","Allow","FullControl","True"
"Y:\ttbntfile1\shared\appsdata\groups\1-Administrative\3-ContractingLicenses\Apps_Fees_Certificates_etc\LicenseApplicationsPermitsNotices\Portage\Emails-Faxes","BUILTIN\Administrators","Allow","FullControl","True"
"Y:\ttbntfile1\shared\appsdata\groups\1-Administrative\3-ContractingLicenses\Apps_Fees_Certificates_etc\LicenseApplicationsPermitsNotices\Portage\Emails-Faxes","NT AUTHORITY\SYSTEM","Allow","FullControl","True"
"Y:\ttbntfile1\shared\appsdata\groups\1-Administrative\3-ContractingLicenses\Apps_Fees_Certificates_etc\LicenseApplicationsPermitsNotices\Portage\Old Forms","TONNANDBLANK\AVD Test Users","Allow","FullControl","True"
"Y:\ttbntfile1\shared\appsdata\groups\1-Administrative\3-ContractingLicenses\Apps_Fees_Certificates_etc\LicenseApplicationsPermitsNotices\Portage\Old Forms","TONNANDBLANK\impactadmin","Allow","FullControl","True"
"Y:\ttbntfile1\shared\appsdata\groups\1-Administrative\3-ContractingLicenses\Apps_Fees_Certificates_etc\LicenseApplicationsPermitsNotices\Portage\Old Forms","CREATOR OWNER","Allow","FullControl","True"
"Y:\ttbntfile1\shared\appsdata\groups\1-Administrative\3-ContractingLicenses\Apps_Fees_Certificates_etc\LicenseApplicationsPermitsNotices\Portage\Old Forms","BUILTIN\Administrators","Allow","FullControl","True"
"Y:\ttbntfile1\shared\appsdata\groups\1-Administrative\3-ContractingLicenses\Apps_Fees_Certificates_etc\LicenseApplicationsPermitsNotices\Portage\Old Forms","NT AUTHORITY\SYSTEM","Allow","FullControl","True"
"Y:\ttbntfile1\shared\appsdata\groups\1-Administrative\3-ContractingLicenses\Apps_Fees_Certificates_etc\LicenseApplicationsPermitsNotices\Porter County\Emails","TONNANDBLANK\AVD Test Users","Allow","FullControl","True"
"Y:\ttbntfile1\shared\appsdata\groups\1-Administrative\3-ContractingLicenses\Apps_Fees_Certificates_etc\LicenseApplicationsPermitsNotices\Porter County\Emails","TONNANDBLANK\impactadmin","Allow","FullControl","True"
"Y:\ttbntfile1\shared\appsdata\groups\1-Administrative\3-ContractingLicenses\Apps_Fees_Certificates_etc\LicenseApplicationsPermitsNotices\Porter County\Emails","CREATOR OWNER","Allow","FullControl","True"
"Y:\ttbntfile1\shared\appsdata\groups\1-Administrative\3-ContractingLicenses\Apps_Fees_Certificates_etc\LicenseApplicationsPermitsNotices\Porter County\Emails","BUILTIN\Administrators","Allow","FullControl","True"
"Y:\ttbntfile1\shared\appsdata\groups\1-Administrative\3-ContractingLicenses\Apps_Fees_Certificates_etc\LicenseApplicationsPermitsNotices\Porter County\Emails","NT AUTHORITY\SYSTEM","Allow","FullControl","True"
"Y:\ttbntfile1\shared\appsdata\groups\1-Administrative\3-ContractingLicenses\Apps_Fees_Certificates_etc\LicenseApplicationsPermitsNotices\Porter County\PastDocs","TONNANDBLANK\AVD Test Users","Allow","FullControl","True"
"Y:\ttbntfile1\shared\appsdata\groups\1-Administrative\3-ContractingLicenses\Apps_Fees_Certificates_etc\LicenseApplicationsPermitsNotices\Porter County\PastDocs","TONNANDBLANK\impactadmin","Allow","FullControl","True"
"Y:\ttbntfile1\shared\appsdata\groups\1-Administrative\3-ContractingLicenses\Apps_Fees_Certificates_etc\LicenseApplicationsPermitsNotices\Porter County\PastDocs","CREATOR OWNER","Allow","FullControl","True"
"Y:\ttbntfile1\shared\appsdata\groups\1-Administrative\3-ContractingLicenses\Apps_Fees_Certificates_etc\LicenseApplicationsPermitsNotices\Porter County\PastDocs","BUILTIN\Administrators","Allow","FullControl","True"
"Y:\ttbntfile1\shared\appsdata\groups\1-Administrative\3-ContractingLicenses\Apps_Fees_Certificates_etc\LicenseApplicationsPermitsNotices\Porter County\PastDocs","NT AUTHORITY\SYSTEM","Allow","FullControl","True"
"Y:\ttbntfile1\shared\appsdata\groups\1-Administrative\3-ContractingLicenses\Apps_Fees_Certificates_etc\LicenseApplicationsPermitsNotices\Porter County\Emails\Previous","TONNANDBLANK\AVD Test Users","Allow","FullControl","True"
"Y:\ttbntfile1\shared\appsdata\groups\1-Administrative\3-ContractingLicenses\Apps_Fees_Certificates_etc\LicenseApplicationsPermitsNotices\Porter County\Emails\Previous","TONNANDBLANK\impactadmin","Allow","FullControl","True"
"Y:\ttbntfile1\shared\appsdata\groups\1-Administrative\3-ContractingLicenses\Apps_Fees_Certificates_etc\LicenseApplicationsPermitsNotices\Porter County\Emails\Previous","CREATOR OWNER","Allow","FullControl","True"
"Y:\ttbntfile1\shared\appsdata\groups\1-Administrative\3-ContractingLicenses\Apps_Fees_Certificates_etc\LicenseApplicationsPermitsNotices\Porter County\Emails\Previous","BUILTIN\Administrators","Allow","FullControl","True"
"Y:\ttbntfile1\shared\appsdata\groups\1-Administrative\3-ContractingLicenses\Apps_Fees_Certificates_etc\LicenseApplicationsPermitsNotices\Porter County\Emails\Previous","NT AUTHORITY\SYSTEM","Allow","FullControl","True"
"Y:\ttbntfile1\shared\appsdata\groups\1-Administrative\3-ContractingLicenses\Apps_Fees_Certificates_etc\LicenseApplicationsPermitsNotices\Ports of Indiana\2019 NewProcedure","TONNANDBLANK\AVD Test Users","Allow","FullControl","True"
"Y:\ttbntfile1\shared\appsdata\groups\1-Administrative\3-ContractingLicenses\Apps_Fees_Certificates_etc\LicenseApplicationsPermitsNotices\Ports of Indiana\2019 NewProcedure","TONNANDBLANK\impactadmin","Allow","FullControl","True"
"Y:\ttbntfile1\shared\appsdata\groups\1-Administrative\3-ContractingLicenses\Apps_Fees_Certificates_etc\LicenseApplicationsPermitsNotices\Ports of Indiana\2019 NewProcedure","CREATOR OWNER","Allow","FullControl","True"
"Y:\ttbntfile1\shared\appsdata\groups\1-Administrative\3-ContractingLicenses\Apps_Fees_Certificates_etc\LicenseApplicationsPermitsNotices\Ports of Indiana\2019 NewProcedure","BUILTIN\Administrators","Allow","FullControl","True"
"Y:\ttbntfile1\shared\appsdata\groups\1-Administrative\3-ContractingLicenses\Apps_Fees_Certificates_etc\LicenseApplicationsPermitsNotices\Ports of Indiana\2019 NewProcedure","NT AUTHORITY\SYSTEM","Allow","FullControl","True"
"Y:\ttbntfile1\shared\appsdata\groups\1-Administrative\3-ContractingLicenses\Apps_Fees_Certificates_etc\LicenseApplicationsPermitsNotices\Ports of Indiana\Emails","TONNANDBLANK\AVD Test Users","Allow","FullControl","True"
"Y:\ttbntfile1\shared\appsdata\groups\1-Administrative\3-ContractingLicenses\Apps_Fees_Certificates_etc\LicenseApplicationsPermitsNotices\Ports of Indiana\Emails","TONNANDBLANK\impactadmin","Allow","FullControl","True"
"Y:\ttbntfile1\shared\appsdata\groups\1-Administrative\3-ContractingLicenses\Apps_Fees_Certificates_etc\LicenseApplicationsPermitsNotices\Ports of Indiana\Emails","CREATOR OWNER","Allow","FullControl","True"
"Y:\ttbntfile1\shared\appsdata\groups\1-Administrative\3-ContractingLicenses\Apps_Fees_Certificates_etc\LicenseApplicationsPermitsNotices\Ports of Indiana\Emails","BUILTIN\Administrators","Allow","FullControl","True"
"Y:\ttbntfile1\shared\appsdata\groups\1-Administrative\3-ContractingLicenses\Apps_Fees_Certificates_etc\LicenseApplicationsPermitsNotices\Ports of Indiana\Emails","NT AUTHORITY\SYSTEM","Allow","FullControl","True"
"Y:\ttbntfile1\shared\appsdata\groups\1-Administrative\3-ContractingLicenses\Apps_Fees_Certificates_etc\LicenseApplicationsPermitsNotices\Ports of Indiana\PastItems","TONNANDBLANK\AVD Test Users","Allow","FullControl","True"
"Y:\ttbntfile1\shared\appsdata\groups\1-Administrative\3-ContractingLicenses\Apps_Fees_Certificates_etc\LicenseApplicationsPermitsNotices\Ports of Indiana\PastItems","TONNANDBLANK\impactadmin","Allow","FullControl","True"
"Y:\ttbntfile1\shared\appsdata\groups\1-Administrative\3-ContractingLicenses\Apps_Fees_Certificates_etc\LicenseApplicationsPermitsNotices\Ports of Indiana\PastItems","CREATOR OWNER","Allow","FullControl","True"
"Y:\ttbntfile1\shared\appsdata\groups\1-Administrative\3-ContractingLicenses\Apps_Fees_Certificates_etc\LicenseApplicationsPermitsNotices\Ports of Indiana\PastItems","BUILTIN\Administrators","Allow","FullControl","True"
"Y:\ttbntfile1\shared\appsdata\groups\1-Administrative\3-ContractingLicenses\Apps_Fees_Certificates_etc\LicenseApplicationsPermitsNotices\Ports of Indiana\PastItems","NT AUTHORITY\SYSTEM","Allow","FullControl","True"
"Y:\ttbntfile1\shared\appsdata\groups\1-Administrative\3-ContractingLicenses\Apps_Fees_Certificates_etc\LicenseApplicationsPermitsNotices\Ports of Indiana\Emails\PreviousYears","TONNANDBLANK\AVD Test Users","Allow","FullControl","True"
"Y:\ttbntfile1\shared\appsdata\groups\1-Administrative\3-ContractingLicenses\Apps_Fees_Certificates_etc\LicenseApplicationsPermitsNotices\Ports of Indiana\Emails\PreviousYears","TONNANDBLANK\impactadmin","Allow","FullControl","True"
"Y:\ttbntfile1\shared\appsdata\groups\1-Administrative\3-ContractingLicenses\Apps_Fees_Certificates_etc\LicenseApplicationsPermitsNotices\Ports of Indiana\Emails\PreviousYears","CREATOR OWNER","Allow","FullControl","True"
"Y:\ttbntfile1\shared\appsdata\groups\1-Administrative\3-ContractingLicenses\Apps_Fees_Certificates_etc\LicenseApplicationsPermitsNotices\Ports of Indiana\Emails\PreviousYears","BUILTIN\Administrators","Allow","FullControl","True"
"Y:\ttbntfile1\shared\appsdata\groups\1-Administrative\3-ContractingLicenses\Apps_Fees_Certificates_etc\LicenseApplicationsPermitsNotices\Ports of Indiana\Emails\PreviousYears","NT AUTHORITY\SYSTEM","Allow","FullControl","True"
"Y:\ttbntfile1\shared\appsdata\groups\1-Administrative\3-ContractingLicenses\Apps_Fees_Certificates_etc\LicenseApplicationsPermitsNotices\Public Works\Emails_Fax","TONNANDBLANK\AVD Test Users","Allow","FullControl","True"
"Y:\ttbntfile1\shared\appsdata\groups\1-Administrative\3-ContractingLicenses\Apps_Fees_Certificates_etc\LicenseApplicationsPermitsNotices\Public Works\Emails_Fax","TONNANDBLANK\impactadmin","Allow","FullControl","True"
"Y:\ttbntfile1\shared\appsdata\groups\1-Administrative\3-ContractingLicenses\Apps_Fees_Certificates_etc\LicenseApplicationsPermitsNotices\Public Works\Emails_Fax","CREATOR OWNER","Allow","FullControl","True"
"Y:\ttbntfile1\shared\appsdata\groups\1-Administrative\3-ContractingLicenses\Apps_Fees_Certificates_etc\LicenseApplicationsPermitsNotices\Public Works\Emails_Fax","BUILTIN\Administrators","Allow","FullControl","True"
"Y:\ttbntfile1\shared\appsdata\groups\1-Administrative\3-ContractingLicenses\Apps_Fees_Certificates_etc\LicenseApplicationsPermitsNotices\Public Works\Emails_Fax","NT AUTHORITY\SYSTEM","Allow","FullControl","True"
"Y:\ttbntfile1\shared\appsdata\groups\1-Administrative\3-ContractingLicenses\Apps_Fees_Certificates_etc\LicenseApplicationsPermitsNotices\Public Works\ItemsForRenewal","TONNANDBLANK\AVD Test Users","Allow","FullControl","True"
"Y:\ttbntfile1\shared\appsdata\groups\1-Administrative\3-ContractingLicenses\Apps_Fees_Certificates_etc\LicenseApplicationsPermitsNotices\Public Works\ItemsForRenewal","TONNANDBLANK\impactadmin","Allow","FullControl","True"
"Y:\ttbntfile1\shared\appsdata\groups\1-Administrative\3-ContractingLicenses\Apps_Fees_Certificates_etc\LicenseApplicationsPermitsNotices\Public Works\ItemsForRenewal","CREATOR OWNER","Allow","FullControl","True"
"Y:\ttbntfile1\shared\appsdata\groups\1-Administrative\3-ContractingLicenses\Apps_Fees_Certificates_etc\LicenseApplicationsPermitsNotices\Public Works\ItemsForRenewal","BUILTIN\Administrators","Allow","FullControl","True"
"Y:\ttbntfile1\shared\appsdata\groups\1-Administrative\3-ContractingLicenses\Apps_Fees_Certificates_etc\LicenseApplicationsPermitsNotices\Public Works\ItemsForRenewal","NT AUTHORITY\SYSTEM","Allow","FullControl","True"
"Y:\ttbntfile1\shared\appsdata\groups\1-Administrative\3-ContractingLicenses\Apps_Fees_Certificates_etc\LicenseApplicationsPermitsNotices\Public Works\Past Forms","TONNANDBLANK\AVD Test Users","Allow","FullControl","True"
"Y:\ttbntfile1\shared\appsdata\groups\1-Administrative\3-ContractingLicenses\Apps_Fees_Certificates_etc\LicenseApplicationsPermitsNotices\Public Works\Past Forms","TONNANDBLANK\impactadmin","Allow","FullControl","True"
"Y:\ttbntfile1\shared\appsdata\groups\1-Administrative\3-ContractingLicenses\Apps_Fees_Certificates_etc\LicenseApplicationsPermitsNotices\Public Works\Past Forms","CREATOR OWNER","Allow","FullControl","True"
"Y:\ttbntfile1\shared\appsdata\groups\1-Administrative\3-ContractingLicenses\Apps_Fees_Certificates_etc\LicenseApplicationsPermitsNotices\Public Works\Past Forms","BUILTIN\Administrators","Allow","FullControl","True"
"Y:\ttbntfile1\shared\appsdata\groups\1-Administrative\3-ContractingLicenses\Apps_Fees_Certificates_etc\LicenseApplicationsPermitsNotices\Public Works\Past Forms","NT AUTHORITY\SYSTEM","Allow","FullControl","True"
"Y:\ttbntfile1\shared\appsdata\groups\1-Administrative\3-ContractingLicenses\Apps_Fees_Certificates_etc\LicenseApplicationsPermitsNotices\Public Works\Submission Booklet","TONNANDBLANK\AVD Test Users","Allow","FullControl","True"
"Y:\ttbntfile1\shared\appsdata\groups\1-Administrative\3-ContractingLicenses\Apps_Fees_Certificates_etc\LicenseApplicationsPermitsNotices\Public Works\Submission Booklet","TONNANDBLANK\impactadmin","Allow","FullControl","True"
"Y:\ttbntfile1\shared\appsdata\groups\1-Administrative\3-ContractingLicenses\Apps_Fees_Certificates_etc\LicenseApplicationsPermitsNotices\Public Works\Submission Booklet","CREATOR OWNER","Allow","FullControl","True"
"Y:\ttbntfile1\shared\appsdata\groups\1-Administrative\3-ContractingLicenses\Apps_Fees_Certificates_etc\LicenseApplicationsPermitsNotices\Public Works\Submission Booklet","BUILTIN\Administrators","Allow","FullControl","True"
"Y:\ttbntfile1\shared\appsdata\groups\1-Administrative\3-ContractingLicenses\Apps_Fees_Certificates_etc\LicenseApplicationsPermitsNotices\Public Works\Submission Booklet","NT AUTHORITY\SYSTEM","Allow","FullControl","True"
"Y:\ttbntfile1\shared\appsdata\groups\1-Administrative\3-ContractingLicenses\Apps_Fees_Certificates_etc\LicenseApplicationsPermitsNotices\Public Works\ItemsForRenewal\FormFromNatalie","TONNANDBLANK\AVD Test Users","Allow","FullControl","True"
"Y:\ttbntfile1\shared\appsdata\groups\1-Administrative\3-ContractingLicenses\Apps_Fees_Certificates_etc\LicenseApplicationsPermitsNotices\Public Works\ItemsForRenewal\FormFromNatalie","TONNANDBLANK\impactadmin","Allow","FullControl","True"
"Y:\ttbntfile1\shared\appsdata\groups\1-Administrative\3-ContractingLicenses\Apps_Fees_Certificates_etc\LicenseApplicationsPermitsNotices\Public Works\ItemsForRenewal\FormFromNatalie","CREATOR OWNER","Allow","FullControl","True"
"Y:\ttbntfile1\shared\appsdata\groups\1-Administrative\3-ContractingLicenses\Apps_Fees_Certificates_etc\LicenseApplicationsPermitsNotices\Public Works\ItemsForRenewal\FormFromNatalie","BUILTIN\Administrators","Allow","FullControl","True"
"Y:\ttbntfile1\shared\appsdata\groups\1-Administrative\3-ContractingLicenses\Apps_Fees_Certificates_etc\LicenseApplicationsPermitsNotices\Public Works\ItemsForRenewal\FormFromNatalie","NT AUTHORITY\SYSTEM","Allow","FullControl","True"
"Y:\ttbntfile1\shared\appsdata\groups\1-Administrative\3-ContractingLicenses\Apps_Fees_Certificates_etc\LicenseApplicationsPermitsNotices\Public Works\ItemsForRenewal\PastLetters","TONNANDBLANK\AVD Test Users","Allow","FullControl","True"
"Y:\ttbntfile1\shared\appsdata\groups\1-Administrative\3-ContractingLicenses\Apps_Fees_Certificates_etc\LicenseApplicationsPermitsNotices\Public Works\ItemsForRenewal\PastLetters","TONNANDBLANK\impactadmin","Allow","FullControl","True"
"Y:\ttbntfile1\shared\appsdata\groups\1-Administrative\3-ContractingLicenses\Apps_Fees_Certificates_etc\LicenseApplicationsPermitsNotices\Public Works\ItemsForRenewal\PastLetters","CREATOR OWNER","Allow","FullControl","True"
"Y:\ttbntfile1\shared\appsdata\groups\1-Administrative\3-ContractingLicenses\Apps_Fees_Certificates_etc\LicenseApplicationsPermitsNotices\Public Works\ItemsForRenewal\PastLetters","BUILTIN\Administrators","Allow","FullControl","True"
"Y:\ttbntfile1\shared\appsdata\groups\1-Administrative\3-ContractingLicenses\Apps_Fees_Certificates_etc\LicenseApplicationsPermitsNotices\Public Works\ItemsForRenewal\PastLetters","NT AUTHORITY\SYSTEM","Allow","FullControl","True"
"Y:\ttbntfile1\shared\appsdata\groups\1-Administrative\3-ContractingLicenses\Apps_Fees_Certificates_etc\LicenseApplicationsPermitsNotices\Public Works\ItemsForRenewal\StatsFromAcctg","TONNANDBLANK\AVD Test Users","Allow","FullControl","True"
"Y:\ttbntfile1\shared\appsdata\groups\1-Administrative\3-ContractingLicenses\Apps_Fees_Certificates_etc\LicenseApplicationsPermitsNotices\Public Works\ItemsForRenewal\StatsFromAcctg","TONNANDBLANK\impactadmin","Allow","FullControl","True"
"Y:\ttbntfile1\shared\appsdata\groups\1-Administrative\3-ContractingLicenses\Apps_Fees_Certificates_etc\LicenseApplicationsPermitsNotices\Public Works\ItemsForRenewal\StatsFromAcctg","CREATOR OWNER","Allow","FullControl","True"
"Y:\ttbntfile1\shared\appsdata\groups\1-Administrative\3-ContractingLicenses\Apps_Fees_Certificates_etc\LicenseApplicationsPermitsNotices\Public Works\ItemsForRenewal\StatsFromAcctg","BUILTIN\Administrators","Allow","FullControl","True"
"Y:\ttbntfile1\shared\appsdata\groups\1-Administrative\3-ContractingLicenses\Apps_Fees_Certificates_etc\LicenseApplicationsPermitsNotices\Public Works\ItemsForRenewal\StatsFromAcctg","NT AUTHORITY\SYSTEM","Allow","FullControl","True"
"Y:\ttbntfile1\shared\appsdata\groups\1-Administrative\3-ContractingLicenses\Apps_Fees_Certificates_etc\LicenseApplicationsPermitsNotices\Public Works\ItemsForRenewal\Surety","TONNANDBLANK\AVD Test Users","Allow","FullControl","True"
"Y:\ttbntfile1\shared\appsdata\groups\1-Administrative\3-ContractingLicenses\Apps_Fees_Certificates_etc\LicenseApplicationsPermitsNotices\Public Works\ItemsForRenewal\Surety","TONNANDBLANK\impactadmin","Allow","FullControl","True"
"Y:\ttbntfile1\shared\appsdata\groups\1-Administrative\3-ContractingLicenses\Apps_Fees_Certificates_etc\LicenseApplicationsPermitsNotices\Public Works\ItemsForRenewal\Surety","CREATOR OWNER","Allow","FullControl","True"
"Y:\ttbntfile1\shared\appsdata\groups\1-Administrative\3-ContractingLicenses\Apps_Fees_Certificates_etc\LicenseApplicationsPermitsNotices\Public Works\ItemsForRenewal\Surety","BUILTIN\Administrators","Allow","FullControl","True"
"Y:\ttbntfile1\shared\appsdata\groups\1-Administrative\3-ContractingLicenses\Apps_Fees_Certificates_etc\LicenseApplicationsPermitsNotices\Public Works\ItemsForRenewal\Surety","NT AUTHORITY\SYSTEM","Allow","FullControl","True"
"Y:\ttbntfile1\shared\appsdata\groups\1-Administrative\3-ContractingLicenses\Apps_Fees_Certificates_etc\LicenseApplicationsPermitsNotices\Public Works\ItemsForRenewal\Surety\Emails","TONNANDBLANK\AVD Test Users","Allow","FullControl","True"
"Y:\ttbntfile1\shared\appsdata\groups\1-Administrative\3-ContractingLicenses\Apps_Fees_Certificates_etc\LicenseApplicationsPermitsNotices\Public Works\ItemsForRenewal\Surety\Emails","TONNANDBLANK\impactadmin","Allow","FullControl","True"
"Y:\ttbntfile1\shared\appsdata\groups\1-Administrative\3-ContractingLicenses\Apps_Fees_Certificates_etc\LicenseApplicationsPermitsNotices\Public Works\ItemsForRenewal\Surety\Emails","CREATOR OWNER","Allow","FullControl","True"
"Y:\ttbntfile1\shared\appsdata\groups\1-Administrative\3-ContractingLicenses\Apps_Fees_Certificates_etc\LicenseApplicationsPermitsNotices\Public Works\ItemsForRenewal\Surety\Emails","BUILTIN\Administrators","Allow","FullControl","True"
"Y:\ttbntfile1\shared\appsdata\groups\1-Administrative\3-ContractingLicenses\Apps_Fees_Certificates_etc\LicenseApplicationsPermitsNotices\Public Works\ItemsForRenewal\Surety\Emails","NT AUTHORITY\SYSTEM","Allow","FullControl","True"
"Y:\ttbntfile1\shared\appsdata\groups\1-Administrative\3-ContractingLicenses\Apps_Fees_Certificates_etc\LicenseApplicationsPermitsNotices\Public Works\Submission Booklet\Drafts","TONNANDBLANK\AVD Test Users","Allow","FullControl","True"
"Y:\ttbntfile1\shared\appsdata\groups\1-Administrative\3-ContractingLicenses\Apps_Fees_Certificates_etc\LicenseApplicationsPermitsNotices\Public Works\Submission Booklet\Drafts","TONNANDBLANK\impactadmin","Allow","FullControl","True"
"Y:\ttbntfile1\shared\appsdata\groups\1-Administrative\3-ContractingLicenses\Apps_Fees_Certificates_etc\LicenseApplicationsPermitsNotices\Public Works\Submission Booklet\Drafts","CREATOR OWNER","Allow","FullControl","True"
"Y:\ttbntfile1\shared\appsdata\groups\1-Administrative\3-ContractingLicenses\Apps_Fees_Certificates_etc\LicenseApplicationsPermitsNotices\Public Works\Submission Booklet\Drafts","BUILTIN\Administrators","Allow","FullControl","True"
"Y:\ttbntfile1\shared\appsdata\groups\1-Administrative\3-ContractingLicenses\Apps_Fees_Certificates_etc\LicenseApplicationsPermitsNotices\Public Works\Submission Booklet\Drafts","NT AUTHORITY\SYSTEM","Allow","FullControl","True"
"Y:\ttbntfile1\shared\appsdata\groups\1-Administrative\3-ContractingLicenses\Apps_Fees_Certificates_etc\LicenseApplicationsPermitsNotices\Pulaski County\Emails","TONNANDBLANK\AVD Test Users","Allow","FullControl","True"
"Y:\ttbntfile1\shared\appsdata\groups\1-Administrative\3-ContractingLicenses\Apps_Fees_Certificates_etc\LicenseApplicationsPermitsNotices\Pulaski County\Emails","TONNANDBLANK\impactadmin","Allow","FullControl","True"
"Y:\ttbntfile1\shared\appsdata\groups\1-Administrative\3-ContractingLicenses\Apps_Fees_Certificates_etc\LicenseApplicationsPermitsNotices\Pulaski County\Emails","CREATOR OWNER","Allow","FullControl","True"
"Y:\ttbntfile1\shared\appsdata\groups\1-Administrative\3-ContractingLicenses\Apps_Fees_Certificates_etc\LicenseApplicationsPermitsNotices\Pulaski County\Emails","BUILTIN\Administrators","Allow","FullControl","True"
"Y:\ttbntfile1\shared\appsdata\groups\1-Administrative\3-ContractingLicenses\Apps_Fees_Certificates_etc\LicenseApplicationsPermitsNotices\Pulaski County\Emails","NT AUTHORITY\SYSTEM","Allow","FullControl","True"
"Y:\ttbntfile1\shared\appsdata\groups\1-Administrative\3-ContractingLicenses\Apps_Fees_Certificates_etc\LicenseApplicationsPermitsNotices\Pulaski County\Fax","TONNANDBLANK\AVD Test Users","Allow","FullControl","True"
"Y:\ttbntfile1\shared\appsdata\groups\1-Administrative\3-ContractingLicenses\Apps_Fees_Certificates_etc\LicenseApplicationsPermitsNotices\Pulaski County\Fax","TONNANDBLANK\impactadmin","Allow","FullControl","True"
"Y:\ttbntfile1\shared\appsdata\groups\1-Administrative\3-ContractingLicenses\Apps_Fees_Certificates_etc\LicenseApplicationsPermitsNotices\Pulaski County\Fax","CREATOR OWNER","Allow","FullControl","True"
"Y:\ttbntfile1\shared\appsdata\groups\1-Administrative\3-ContractingLicenses\Apps_Fees_Certificates_etc\LicenseApplicationsPermitsNotices\Pulaski County\Fax","BUILTIN\Administrators","Allow","FullControl","True"
"Y:\ttbntfile1\shared\appsdata\groups\1-Administrative\3-ContractingLicenses\Apps_Fees_Certificates_etc\LicenseApplicationsPermitsNotices\Pulaski County\Fax","NT AUTHORITY\SYSTEM","Allow","FullControl","True"
"Y:\ttbntfile1\shared\appsdata\groups\1-Administrative\3-ContractingLicenses\Apps_Fees_Certificates_etc\LicenseApplicationsPermitsNotices\Pulaski County\PastDocs","TONNANDBLANK\AVD Test Users","Allow","FullControl","True"
"Y:\ttbntfile1\shared\appsdata\groups\1-Administrative\3-ContractingLicenses\Apps_Fees_Certificates_etc\LicenseApplicationsPermitsNotices\Pulaski County\PastDocs","TONNANDBLANK\impactadmin","Allow","FullControl","True"
"Y:\ttbntfile1\shared\appsdata\groups\1-Administrative\3-ContractingLicenses\Apps_Fees_Certificates_etc\LicenseApplicationsPermitsNotices\Pulaski County\PastDocs","CREATOR OWNER","Allow","FullControl","True"
"Y:\ttbntfile1\shared\appsdata\groups\1-Administrative\3-ContractingLicenses\Apps_Fees_Certificates_etc\LicenseApplicationsPermitsNotices\Pulaski County\PastDocs","BUILTIN\Administrators","Allow","FullControl","True"
"Y:\ttbntfile1\shared\appsdata\groups\1-Administrative\3-ContractingLicenses\Apps_Fees_Certificates_etc\LicenseApplicationsPermitsNotices\Pulaski County\PastDocs","NT AUTHORITY\SYSTEM","Allow","FullControl","True"
"Y:\ttbntfile1\shared\appsdata\groups\1-Administrative\3-ContractingLicenses\Apps_Fees_Certificates_etc\LicenseApplicationsPermitsNotices\Rensselaer\PastDocs","TONNANDBLANK\AVD Test Users","Allow","FullControl","True"
"Y:\ttbntfile1\shared\appsdata\groups\1-Administrative\3-ContractingLicenses\Apps_Fees_Certificates_etc\LicenseApplicationsPermitsNotices\Rensselaer\PastDocs","TONNANDBLANK\impactadmin","Allow","FullControl","True"
"Y:\ttbntfile1\shared\appsdata\groups\1-Administrative\3-ContractingLicenses\Apps_Fees_Certificates_etc\LicenseApplicationsPermitsNotices\Rensselaer\PastDocs","CREATOR OWNER","Allow","FullControl","True"
"Y:\ttbntfile1\shared\appsdata\groups\1-Administrative\3-ContractingLicenses\Apps_Fees_Certificates_etc\LicenseApplicationsPermitsNotices\Rensselaer\PastDocs","BUILTIN\Administrators","Allow","FullControl","True"
"Y:\ttbntfile1\shared\appsdata\groups\1-Administrative\3-ContractingLicenses\Apps_Fees_Certificates_etc\LicenseApplicationsPermitsNotices\Rensselaer\PastDocs","NT AUTHORITY\SYSTEM","Allow","FullControl","True"
"Y:\ttbntfile1\shared\appsdata\groups\1-Administrative\3-ContractingLicenses\Apps_Fees_Certificates_etc\LicenseApplicationsPermitsNotices\Schererville\Emails","TONNANDBLANK\AVD Test Users","Allow","FullControl","True"
"Y:\ttbntfile1\shared\appsdata\groups\1-Administrative\3-ContractingLicenses\Apps_Fees_Certificates_etc\LicenseApplicationsPermitsNotices\Schererville\Emails","TONNANDBLANK\impactadmin","Allow","FullControl","True"
"Y:\ttbntfile1\shared\appsdata\groups\1-Administrative\3-ContractingLicenses\Apps_Fees_Certificates_etc\LicenseApplicationsPermitsNotices\Schererville\Emails","CREATOR OWNER","Allow","FullControl","True"
"Y:\ttbntfile1\shared\appsdata\groups\1-Administrative\3-ContractingLicenses\Apps_Fees_Certificates_etc\LicenseApplicationsPermitsNotices\Schererville\Emails","BUILTIN\Administrators","Allow","FullControl","True"
"Y:\ttbntfile1\shared\appsdata\groups\1-Administrative\3-ContractingLicenses\Apps_Fees_Certificates_etc\LicenseApplicationsPermitsNotices\Schererville\Emails","NT AUTHORITY\SYSTEM","Allow","FullControl","True"
"Y:\ttbntfile1\shared\appsdata\groups\1-Administrative\3-ContractingLicenses\Apps_Fees_Certificates_etc\LicenseApplicationsPermitsNotices\Schererville\Emails\PastEmails","TONNANDBLANK\AVD Test Users","Allow","FullControl","True"
"Y:\ttbntfile1\shared\appsdata\groups\1-Administrative\3-ContractingLicenses\Apps_Fees_Certificates_etc\LicenseApplicationsPermitsNotices\Schererville\Emails\PastEmails","TONNANDBLANK\impactadmin","Allow","FullControl","True"
"Y:\ttbntfile1\shared\appsdata\groups\1-Administrative\3-ContractingLicenses\Apps_Fees_Certificates_etc\LicenseApplicationsPermitsNotices\Schererville\Emails\PastEmails","CREATOR OWNER","Allow","FullControl","True"
"Y:\ttbntfile1\shared\appsdata\groups\1-Administrative\3-ContractingLicenses\Apps_Fees_Certificates_etc\LicenseApplicationsPermitsNotices\Schererville\Emails\PastEmails","BUILTIN\Administrators","Allow","FullControl","True"
"Y:\ttbntfile1\shared\appsdata\groups\1-Administrative\3-ContractingLicenses\Apps_Fees_Certificates_etc\LicenseApplicationsPermitsNotices\Schererville\Emails\PastEmails","NT AUTHORITY\SYSTEM","Allow","FullControl","True"
"Y:\ttbntfile1\shared\appsdata\groups\1-Administrative\3-ContractingLicenses\Apps_Fees_Certificates_etc\LicenseApplicationsPermitsNotices\Sheboygan WI\Emails","TONNANDBLANK\AVD Test Users","Allow","FullControl","True"
"Y:\ttbntfile1\shared\appsdata\groups\1-Administrative\3-ContractingLicenses\Apps_Fees_Certificates_etc\LicenseApplicationsPermitsNotices\Sheboygan WI\Emails","TONNANDBLANK\impactadmin","Allow","FullControl","True"
"Y:\ttbntfile1\shared\appsdata\groups\1-Administrative\3-ContractingLicenses\Apps_Fees_Certificates_etc\LicenseApplicationsPermitsNotices\Sheboygan WI\Emails","CREATOR OWNER","Allow","FullControl","True"
"Y:\ttbntfile1\shared\appsdata\groups\1-Administrative\3-ContractingLicenses\Apps_Fees_Certificates_etc\LicenseApplicationsPermitsNotices\Sheboygan WI\Emails","BUILTIN\Administrators","Allow","FullControl","True"
"Y:\ttbntfile1\shared\appsdata\groups\1-Administrative\3-ContractingLicenses\Apps_Fees_Certificates_etc\LicenseApplicationsPermitsNotices\Sheboygan WI\Emails","NT AUTHORITY\SYSTEM","Allow","FullControl","True"
"Y:\ttbntfile1\shared\appsdata\groups\1-Administrative\3-ContractingLicenses\Apps_Fees_Certificates_etc\LicenseApplicationsPermitsNotices\Sheboygan WI\PastDocs","TONNANDBLANK\AVD Test Users","Allow","FullControl","True"
"Y:\ttbntfile1\shared\appsdata\groups\1-Administrative\3-ContractingLicenses\Apps_Fees_Certificates_etc\LicenseApplicationsPermitsNotices\Sheboygan WI\PastDocs","TONNANDBLANK\impactadmin","Allow","FullControl","True"
"Y:\ttbntfile1\shared\appsdata\groups\1-Administrative\3-ContractingLicenses\Apps_Fees_Certificates_etc\LicenseApplicationsPermitsNotices\Sheboygan WI\PastDocs","CREATOR OWNER","Allow","FullControl","True"
"Y:\ttbntfile1\shared\appsdata\groups\1-Administrative\3-ContractingLicenses\Apps_Fees_Certificates_etc\LicenseApplicationsPermitsNotices\Sheboygan WI\PastDocs","BUILTIN\Administrators","Allow","FullControl","True"
"Y:\ttbntfile1\shared\appsdata\groups\1-Administrative\3-ContractingLicenses\Apps_Fees_Certificates_etc\LicenseApplicationsPermitsNotices\Sheboygan WI\PastDocs","NT AUTHORITY\SYSTEM","Allow","FullControl","True"
"Y:\ttbntfile1\shared\appsdata\groups\1-Administrative\3-ContractingLicenses\Apps_Fees_Certificates_etc\LicenseApplicationsPermitsNotices\St John\Emails","TONNANDBLANK\AVD Test Users","Allow","FullControl","True"
"Y:\ttbntfile1\shared\appsdata\groups\1-Administrative\3-ContractingLicenses\Apps_Fees_Certificates_etc\LicenseApplicationsPermitsNotices\St John\Emails","TONNANDBLANK\impactadmin","Allow","FullControl","True"
"Y:\ttbntfile1\shared\appsdata\groups\1-Administrative\3-ContractingLicenses\Apps_Fees_Certificates_etc\LicenseApplicationsPermitsNotices\St John\Emails","CREATOR OWNER","Allow","FullControl","True"
"Y:\ttbntfile1\shared\appsdata\groups\1-Administrative\3-ContractingLicenses\Apps_Fees_Certificates_etc\LicenseApplicationsPermitsNotices\St John\Emails","BUILTIN\Administrators","Allow","FullControl","True"
"Y:\ttbntfile1\shared\appsdata\groups\1-Administrative\3-ContractingLicenses\Apps_Fees_Certificates_etc\LicenseApplicationsPermitsNotices\St John\Emails","NT AUTHORITY\SYSTEM","Allow","FullControl","True"
"Y:\ttbntfile1\shared\appsdata\groups\1-Administrative\3-ContractingLicenses\Apps_Fees_Certificates_etc\LicenseApplicationsPermitsNotices\St John\PastForms","TONNANDBLANK\AVD Test Users","Allow","FullControl","True"
"Y:\ttbntfile1\shared\appsdata\groups\1-Administrative\3-ContractingLicenses\Apps_Fees_Certificates_etc\LicenseApplicationsPermitsNotices\St John\PastForms","TONNANDBLANK\impactadmin","Allow","FullControl","True"
"Y:\ttbntfile1\shared\appsdata\groups\1-Administrative\3-ContractingLicenses\Apps_Fees_Certificates_etc\LicenseApplicationsPermitsNotices\St John\PastForms","CREATOR OWNER","Allow","FullControl","True"
"Y:\ttbntfile1\shared\appsdata\groups\1-Administrative\3-ContractingLicenses\Apps_Fees_Certificates_etc\LicenseApplicationsPermitsNotices\St John\PastForms","BUILTIN\Administrators","Allow","FullControl","True"
"Y:\ttbntfile1\shared\appsdata\groups\1-Administrative\3-ContractingLicenses\Apps_Fees_Certificates_etc\LicenseApplicationsPermitsNotices\St John\PastForms","NT AUTHORITY\SYSTEM","Allow","FullControl","True"
"Y:\ttbntfile1\shared\appsdata\groups\1-Administrative\3-ContractingLicenses\Apps_Fees_Certificates_etc\LicenseApplicationsPermitsNotices\St Joseph County City of South Bend\Email","TONNANDBLANK\AVD Test Users","Allow","FullControl","True"
"Y:\ttbntfile1\shared\appsdata\groups\1-Administrative\3-ContractingLicenses\Apps_Fees_Certificates_etc\LicenseApplicationsPermitsNotices\St Joseph County City of South Bend\Email","TONNANDBLANK\impactadmin","Allow","FullControl","True"
"Y:\ttbntfile1\shared\appsdata\groups\1-Administrative\3-ContractingLicenses\Apps_Fees_Certificates_etc\LicenseApplicationsPermitsNotices\St Joseph County City of South Bend\Email","CREATOR OWNER","Allow","FullControl","True"
"Y:\ttbntfile1\shared\appsdata\groups\1-Administrative\3-ContractingLicenses\Apps_Fees_Certificates_etc\LicenseApplicationsPermitsNotices\St Joseph County City of South Bend\Email","BUILTIN\Administrators","Allow","FullControl","True"
"Y:\ttbntfile1\shared\appsdata\groups\1-Administrative\3-ContractingLicenses\Apps_Fees_Certificates_etc\LicenseApplicationsPermitsNotices\St Joseph County City of South Bend\Email","NT AUTHORITY\SYSTEM","Allow","FullControl","True"
"Y:\ttbntfile1\shared\appsdata\groups\1-Administrative\3-ContractingLicenses\Apps_Fees_Certificates_etc\LicenseApplicationsPermitsNotices\St Joseph County City of South Bend\ExpiredDocs","TONNANDBLANK\AVD Test Users","Allow","FullControl","True"
"Y:\ttbntfile1\shared\appsdata\groups\1-Administrative\3-ContractingLicenses\Apps_Fees_Certificates_etc\LicenseApplicationsPermitsNotices\St Joseph County City of South Bend\ExpiredDocs","TONNANDBLANK\impactadmin","Allow","FullControl","True"
"Y:\ttbntfile1\shared\appsdata\groups\1-Administrative\3-ContractingLicenses\Apps_Fees_Certificates_etc\LicenseApplicationsPermitsNotices\St Joseph County City of South Bend\ExpiredDocs","CREATOR OWNER","Allow","FullControl","True"
"Y:\ttbntfile1\shared\appsdata\groups\1-Administrative\3-ContractingLicenses\Apps_Fees_Certificates_etc\LicenseApplicationsPermitsNotices\St Joseph County City of South Bend\ExpiredDocs","BUILTIN\Administrators","Allow","FullControl","True"
"Y:\ttbntfile1\shared\appsdata\groups\1-Administrative\3-ContractingLicenses\Apps_Fees_Certificates_etc\LicenseApplicationsPermitsNotices\St Joseph County City of South Bend\ExpiredDocs","NT AUTHORITY\SYSTEM","Allow","FullControl","True"
"Y:\ttbntfile1\shared\appsdata\groups\1-Administrative\3-ContractingLicenses\Apps_Fees_Certificates_etc\LicenseApplicationsPermitsNotices\St Joseph County City of South Bend\Email\2017","TONNANDBLANK\AVD Test Users","Allow","FullControl","True"
"Y:\ttbntfile1\shared\appsdata\groups\1-Administrative\3-ContractingLicenses\Apps_Fees_Certificates_etc\LicenseApplicationsPermitsNotices\St Joseph County City of South Bend\Email\2017","TONNANDBLANK\impactadmin","Allow","FullControl","True"
"Y:\ttbntfile1\shared\appsdata\groups\1-Administrative\3-ContractingLicenses\Apps_Fees_Certificates_etc\LicenseApplicationsPermitsNotices\St Joseph County City of South Bend\Email\2017","CREATOR OWNER","Allow","FullControl","True"
"Y:\ttbntfile1\shared\appsdata\groups\1-Administrative\3-ContractingLicenses\Apps_Fees_Certificates_etc\LicenseApplicationsPermitsNotices\St Joseph County City of South Bend\Email\2017","BUILTIN\Administrators","Allow","FullControl","True"
"Y:\ttbntfile1\shared\appsdata\groups\1-Administrative\3-ContractingLicenses\Apps_Fees_Certificates_etc\LicenseApplicationsPermitsNotices\St Joseph County City of South Bend\Email\2017","NT AUTHORITY\SYSTEM","Allow","FullControl","True"
"Y:\ttbntfile1\shared\appsdata\groups\1-Administrative\3-ContractingLicenses\Apps_Fees_Certificates_etc\LicenseApplicationsPermitsNotices\St Joseph County City of South Bend\Email\2018","TONNANDBLANK\AVD Test Users","Allow","FullControl","True"
"Y:\ttbntfile1\shared\appsdata\groups\1-Administrative\3-ContractingLicenses\Apps_Fees_Certificates_etc\LicenseApplicationsPermitsNotices\St Joseph County City of South Bend\Email\2018","TONNANDBLANK\impactadmin","Allow","FullControl","True"
"Y:\ttbntfile1\shared\appsdata\groups\1-Administrative\3-ContractingLicenses\Apps_Fees_Certificates_etc\LicenseApplicationsPermitsNotices\St Joseph County City of South Bend\Email\2018","CREATOR OWNER","Allow","FullControl","True"
"Y:\ttbntfile1\shared\appsdata\groups\1-Administrative\3-ContractingLicenses\Apps_Fees_Certificates_etc\LicenseApplicationsPermitsNotices\St Joseph County City of South Bend\Email\2018","BUILTIN\Administrators","Allow","FullControl","True"
"Y:\ttbntfile1\shared\appsdata\groups\1-Administrative\3-ContractingLicenses\Apps_Fees_Certificates_etc\LicenseApplicationsPermitsNotices\St Joseph County City of South Bend\Email\2018","NT AUTHORITY\SYSTEM","Allow","FullControl","True"
"Y:\ttbntfile1\shared\appsdata\groups\1-Administrative\3-ContractingLicenses\Apps_Fees_Certificates_etc\LicenseApplicationsPermitsNotices\St Joseph County City of South Bend\Email\2019","TONNANDBLANK\AVD Test Users","Allow","FullControl","True"
"Y:\ttbntfile1\shared\appsdata\groups\1-Administrative\3-ContractingLicenses\Apps_Fees_Certificates_etc\LicenseApplicationsPermitsNotices\St Joseph County City of South Bend\Email\2019","TONNANDBLANK\impactadmin","Allow","FullControl","True"
"Y:\ttbntfile1\shared\appsdata\groups\1-Administrative\3-ContractingLicenses\Apps_Fees_Certificates_etc\LicenseApplicationsPermitsNotices\St Joseph County City of South Bend\Email\2019","CREATOR OWNER","Allow","FullControl","True"
"Y:\ttbntfile1\shared\appsdata\groups\1-Administrative\3-ContractingLicenses\Apps_Fees_Certificates_etc\LicenseApplicationsPermitsNotices\St Joseph County City of South Bend\Email\2019","BUILTIN\Administrators","Allow","FullControl","True"
"Y:\ttbntfile1\shared\appsdata\groups\1-Administrative\3-ContractingLicenses\Apps_Fees_Certificates_etc\LicenseApplicationsPermitsNotices\St Joseph County City of South Bend\Email\2019","NT AUTHORITY\SYSTEM","Allow","FullControl","True"
"Y:\ttbntfile1\shared\appsdata\groups\1-Administrative\3-ContractingLicenses\Apps_Fees_Certificates_etc\LicenseApplicationsPermitsNotices\St Joseph County City of South Bend\Email\2020","TONNANDBLANK\AVD Test Users","Allow","FullControl","True"
"Y:\ttbntfile1\shared\appsdata\groups\1-Administrative\3-ContractingLicenses\Apps_Fees_Certificates_etc\LicenseApplicationsPermitsNotices\St Joseph County City of South Bend\Email\2020","TONNANDBLANK\impactadmin","Allow","FullControl","True"
"Y:\ttbntfile1\shared\appsdata\groups\1-Administrative\3-ContractingLicenses\Apps_Fees_Certificates_etc\LicenseApplicationsPermitsNotices\St Joseph County City of South Bend\Email\2020","CREATOR OWNER","Allow","FullControl","True"
"Y:\ttbntfile1\shared\appsdata\groups\1-Administrative\3-ContractingLicenses\Apps_Fees_Certificates_etc\LicenseApplicationsPermitsNotices\St Joseph County City of South Bend\Email\2020","BUILTIN\Administrators","Allow","FullControl","True"
"Y:\ttbntfile1\shared\appsdata\groups\1-Administrative\3-ContractingLicenses\Apps_Fees_Certificates_etc\LicenseApplicationsPermitsNotices\St Joseph County City of South Bend\Email\2020","NT AUTHORITY\SYSTEM","Allow","FullControl","True"
"Y:\ttbntfile1\shared\appsdata\groups\1-Administrative\3-ContractingLicenses\Apps_Fees_Certificates_etc\LicenseApplicationsPermitsNotices\St Joseph County City of South Bend\Email\2021","TONNANDBLANK\AVD Test Users","Allow","FullControl","True"
"Y:\ttbntfile1\shared\appsdata\groups\1-Administrative\3-ContractingLicenses\Apps_Fees_Certificates_etc\LicenseApplicationsPermitsNotices\St Joseph County City of South Bend\Email\2021","TONNANDBLANK\impactadmin","Allow","FullControl","True"
"Y:\ttbntfile1\shared\appsdata\groups\1-Administrative\3-ContractingLicenses\Apps_Fees_Certificates_etc\LicenseApplicationsPermitsNotices\St Joseph County City of South Bend\Email\2021","CREATOR OWNER","Allow","FullControl","True"
"Y:\ttbntfile1\shared\appsdata\groups\1-Administrative\3-ContractingLicenses\Apps_Fees_Certificates_etc\LicenseApplicationsPermitsNotices\St Joseph County City of South Bend\Email\2021","BUILTIN\Administrators","Allow","FullControl","True"
"Y:\ttbntfile1\shared\appsdata\groups\1-Administrative\3-ContractingLicenses\Apps_Fees_Certificates_etc\LicenseApplicationsPermitsNotices\St Joseph County City of South Bend\Email\2021","NT AUTHORITY\SYSTEM","Allow","FullControl","True"
"Y:\ttbntfile1\shared\appsdata\groups\1-Administrative\3-ContractingLicenses\Apps_Fees_Certificates_etc\LicenseApplicationsPermitsNotices\St Joseph County City of South Bend\Email\2022","TONNANDBLANK\AVD Test Users","Allow","FullControl","True"
"Y:\ttbntfile1\shared\appsdata\groups\1-Administrative\3-ContractingLicenses\Apps_Fees_Certificates_etc\LicenseApplicationsPermitsNotices\St Joseph County City of South Bend\Email\2022","TONNANDBLANK\impactadmin","Allow","FullControl","True"
"Y:\ttbntfile1\shared\appsdata\groups\1-Administrative\3-ContractingLicenses\Apps_Fees_Certificates_etc\LicenseApplicationsPermitsNotices\St Joseph County City of South Bend\Email\2022","CREATOR OWNER","Allow","FullControl","True"
"Y:\ttbntfile1\shared\appsdata\groups\1-Administrative\3-ContractingLicenses\Apps_Fees_Certificates_etc\LicenseApplicationsPermitsNotices\St Joseph County City of South Bend\Email\2022","BUILTIN\Administrators","Allow","FullControl","True"
"Y:\ttbntfile1\shared\appsdata\groups\1-Administrative\3-ContractingLicenses\Apps_Fees_Certificates_etc\LicenseApplicationsPermitsNotices\St Joseph County City of South Bend\Email\2022","NT AUTHORITY\SYSTEM","Allow","FullControl","True"
"Y:\ttbntfile1\shared\appsdata\groups\1-Administrative\3-ContractingLicenses\Apps_Fees_Certificates_etc\LicenseApplicationsPermitsNotices\TabSource\Emails","TONNANDBLANK\AVD Test Users","Allow","FullControl","True"
"Y:\ttbntfile1\shared\appsdata\groups\1-Administrative\3-ContractingLicenses\Apps_Fees_Certificates_etc\LicenseApplicationsPermitsNotices\TabSource\Emails","TONNANDBLANK\impactadmin","Allow","FullControl","True"
"Y:\ttbntfile1\shared\appsdata\groups\1-Administrative\3-ContractingLicenses\Apps_Fees_Certificates_etc\LicenseApplicationsPermitsNotices\TabSource\Emails","CREATOR OWNER","Allow","FullControl","True"
"Y:\ttbntfile1\shared\appsdata\groups\1-Administrative\3-ContractingLicenses\Apps_Fees_Certificates_etc\LicenseApplicationsPermitsNotices\TabSource\Emails","BUILTIN\Administrators","Allow","FullControl","True"
"Y:\ttbntfile1\shared\appsdata\groups\1-Administrative\3-ContractingLicenses\Apps_Fees_Certificates_etc\LicenseApplicationsPermitsNotices\TabSource\Emails","NT AUTHORITY\SYSTEM","Allow","FullControl","True"
"Y:\ttbntfile1\shared\appsdata\groups\1-Administrative\3-ContractingLicenses\Apps_Fees_Certificates_etc\LicenseApplicationsPermitsNotices\Tinley Park\Emails","TONNANDBLANK\AVD Test Users","Allow","FullControl","True"
"Y:\ttbntfile1\shared\appsdata\groups\1-Administrative\3-ContractingLicenses\Apps_Fees_Certificates_etc\LicenseApplicationsPermitsNotices\Tinley Park\Emails","TONNANDBLANK\impactadmin","Allow","FullControl","True"
"Y:\ttbntfile1\shared\appsdata\groups\1-Administrative\3-ContractingLicenses\Apps_Fees_Certificates_etc\LicenseApplicationsPermitsNotices\Tinley Park\Emails","CREATOR OWNER","Allow","FullControl","True"
"Y:\ttbntfile1\shared\appsdata\groups\1-Administrative\3-ContractingLicenses\Apps_Fees_Certificates_etc\LicenseApplicationsPermitsNotices\Tinley Park\Emails","BUILTIN\Administrators","Allow","FullControl","True"
"Y:\ttbntfile1\shared\appsdata\groups\1-Administrative\3-ContractingLicenses\Apps_Fees_Certificates_etc\LicenseApplicationsPermitsNotices\Tinley Park\Emails","NT AUTHORITY\SYSTEM","Allow","FullControl","True"
"Y:\ttbntfile1\shared\appsdata\groups\1-Administrative\3-ContractingLicenses\Apps_Fees_Certificates_etc\LicenseApplicationsPermitsNotices\Tinley Park\PastDocs","TONNANDBLANK\AVD Test Users","Allow","FullControl","True"
"Y:\ttbntfile1\shared\appsdata\groups\1-Administrative\3-ContractingLicenses\Apps_Fees_Certificates_etc\LicenseApplicationsPermitsNotices\Tinley Park\PastDocs","TONNANDBLANK\impactadmin","Allow","FullControl","True"
"Y:\ttbntfile1\shared\appsdata\groups\1-Administrative\3-ContractingLicenses\Apps_Fees_Certificates_etc\LicenseApplicationsPermitsNotices\Tinley Park\PastDocs","CREATOR OWNER","Allow","FullControl","True"
"Y:\ttbntfile1\shared\appsdata\groups\1-Administrative\3-ContractingLicenses\Apps_Fees_Certificates_etc\LicenseApplicationsPermitsNotices\Tinley Park\PastDocs","BUILTIN\Administrators","Allow","FullControl","True"
"Y:\ttbntfile1\shared\appsdata\groups\1-Administrative\3-ContractingLicenses\Apps_Fees_Certificates_etc\LicenseApplicationsPermitsNotices\Tinley Park\PastDocs","NT AUTHORITY\SYSTEM","Allow","FullControl","True"
"Y:\ttbntfile1\shared\appsdata\groups\1-Administrative\3-ContractingLicenses\Apps_Fees_Certificates_etc\LicenseApplicationsPermitsNotices\Tinley Park\Emails\PastEmails","TONNANDBLANK\AVD Test Users","Allow","FullControl","True"
"Y:\ttbntfile1\shared\appsdata\groups\1-Administrative\3-ContractingLicenses\Apps_Fees_Certificates_etc\LicenseApplicationsPermitsNotices\Tinley Park\Emails\PastEmails","TONNANDBLANK\impactadmin","Allow","FullControl","True"
"Y:\ttbntfile1\shared\appsdata\groups\1-Administrative\3-ContractingLicenses\Apps_Fees_Certificates_etc\LicenseApplicationsPermitsNotices\Tinley Park\Emails\PastEmails","CREATOR OWNER","Allow","FullControl","True"
"Y:\ttbntfile1\shared\appsdata\groups\1-Administrative\3-ContractingLicenses\Apps_Fees_Certificates_etc\LicenseApplicationsPermitsNotices\Tinley Park\Emails\PastEmails","BUILTIN\Administrators","Allow","FullControl","True"
"Y:\ttbntfile1\shared\appsdata\groups\1-Administrative\3-ContractingLicenses\Apps_Fees_Certificates_etc\LicenseApplicationsPermitsNotices\Tinley Park\Emails\PastEmails","NT AUTHORITY\SYSTEM","Allow","FullControl","True"
"Y:\ttbntfile1\shared\appsdata\groups\1-Administrative\3-ContractingLicenses\Apps_Fees_Certificates_etc\LicenseApplicationsPermitsNotices\Tippecanoe\Emails","TONNANDBLANK\AVD Test Users","Allow","FullControl","True"
"Y:\ttbntfile1\shared\appsdata\groups\1-Administrative\3-ContractingLicenses\Apps_Fees_Certificates_etc\LicenseApplicationsPermitsNotices\Tippecanoe\Emails","TONNANDBLANK\impactadmin","Allow","FullControl","True"
"Y:\ttbntfile1\shared\appsdata\groups\1-Administrative\3-ContractingLicenses\Apps_Fees_Certificates_etc\LicenseApplicationsPermitsNotices\Tippecanoe\Emails","CREATOR OWNER","Allow","FullControl","True"
"Y:\ttbntfile1\shared\appsdata\groups\1-Administrative\3-ContractingLicenses\Apps_Fees_Certificates_etc\LicenseApplicationsPermitsNotices\Tippecanoe\Emails","BUILTIN\Administrators","Allow","FullControl","True"
"Y:\ttbntfile1\shared\appsdata\groups\1-Administrative\3-ContractingLicenses\Apps_Fees_Certificates_etc\LicenseApplicationsPermitsNotices\Tippecanoe\Emails","NT AUTHORITY\SYSTEM","Allow","FullControl","True"
"Y:\ttbntfile1\shared\appsdata\groups\1-Administrative\3-ContractingLicenses\Apps_Fees_Certificates_etc\LicenseApplicationsPermitsNotices\University Park\Emails","TONNANDBLANK\AVD Test Users","Allow","FullControl","True"
"Y:\ttbntfile1\shared\appsdata\groups\1-Administrative\3-ContractingLicenses\Apps_Fees_Certificates_etc\LicenseApplicationsPermitsNotices\University Park\Emails","TONNANDBLANK\impactadmin","Allow","FullControl","True"
"Y:\ttbntfile1\shared\appsdata\groups\1-Administrative\3-ContractingLicenses\Apps_Fees_Certificates_etc\LicenseApplicationsPermitsNotices\University Park\Emails","CREATOR OWNER","Allow","FullControl","True"
"Y:\ttbntfile1\shared\appsdata\groups\1-Administrative\3-ContractingLicenses\Apps_Fees_Certificates_etc\LicenseApplicationsPermitsNotices\University Park\Emails","BUILTIN\Administrators","Allow","FullControl","True"
"Y:\ttbntfile1\shared\appsdata\groups\1-Administrative\3-ContractingLicenses\Apps_Fees_Certificates_etc\LicenseApplicationsPermitsNotices\University Park\Emails","NT AUTHORITY\SYSTEM","Allow","FullControl","True"
"Y:\ttbntfile1\shared\appsdata\groups\1-Administrative\3-ContractingLicenses\Apps_Fees_Certificates_etc\LicenseApplicationsPermitsNotices\University Park\PastDocs","TONNANDBLANK\AVD Test Users","Allow","FullControl","True"
"Y:\ttbntfile1\shared\appsdata\groups\1-Administrative\3-ContractingLicenses\Apps_Fees_Certificates_etc\LicenseApplicationsPermitsNotices\University Park\PastDocs","TONNANDBLANK\impactadmin","Allow","FullControl","True"
"Y:\ttbntfile1\shared\appsdata\groups\1-Administrative\3-ContractingLicenses\Apps_Fees_Certificates_etc\LicenseApplicationsPermitsNotices\University Park\PastDocs","CREATOR OWNER","Allow","FullControl","True"
"Y:\ttbntfile1\shared\appsdata\groups\1-Administrative\3-ContractingLicenses\Apps_Fees_Certificates_etc\LicenseApplicationsPermitsNotices\University Park\PastDocs","BUILTIN\Administrators","Allow","FullControl","True"
"Y:\ttbntfile1\shared\appsdata\groups\1-Administrative\3-ContractingLicenses\Apps_Fees_Certificates_etc\LicenseApplicationsPermitsNotices\University Park\PastDocs","NT AUTHORITY\SYSTEM","Allow","FullControl","True"
"Y:\ttbntfile1\shared\appsdata\groups\1-Administrative\3-ContractingLicenses\Apps_Fees_Certificates_etc\LicenseApplicationsPermitsNotices\Valparaiso\Emails","TONNANDBLANK\AVD Test Users","Allow","FullControl","True"
"Y:\ttbntfile1\shared\appsdata\groups\1-Administrative\3-ContractingLicenses\Apps_Fees_Certificates_etc\LicenseApplicationsPermitsNotices\Valparaiso\Emails","TONNANDBLANK\impactadmin","Allow","FullControl","True"
"Y:\ttbntfile1\shared\appsdata\groups\1-Administrative\3-ContractingLicenses\Apps_Fees_Certificates_etc\LicenseApplicationsPermitsNotices\Valparaiso\Emails","CREATOR OWNER","Allow","FullControl","True"
"Y:\ttbntfile1\shared\appsdata\groups\1-Administrative\3-ContractingLicenses\Apps_Fees_Certificates_etc\LicenseApplicationsPermitsNotices\Valparaiso\Emails","BUILTIN\Administrators","Allow","FullControl","True"
"Y:\ttbntfile1\shared\appsdata\groups\1-Administrative\3-ContractingLicenses\Apps_Fees_Certificates_etc\LicenseApplicationsPermitsNotices\Valparaiso\Emails","NT AUTHORITY\SYSTEM","Allow","FullControl","True"
"Y:\ttbntfile1\shared\appsdata\groups\1-Administrative\3-ContractingLicenses\Apps_Fees_Certificates_etc\LicenseApplicationsPermitsNotices\Valparaiso\PastDocs","TONNANDBLANK\AVD Test Users","Allow","FullControl","True"
"Y:\ttbntfile1\shared\appsdata\groups\1-Administrative\3-ContractingLicenses\Apps_Fees_Certificates_etc\LicenseApplicationsPermitsNotices\Valparaiso\PastDocs","TONNANDBLANK\impactadmin","Allow","FullControl","True"
"Y:\ttbntfile1\shared\appsdata\groups\1-Administrative\3-ContractingLicenses\Apps_Fees_Certificates_etc\LicenseApplicationsPermitsNotices\Valparaiso\PastDocs","CREATOR OWNER","Allow","FullControl","True"
"Y:\ttbntfile1\shared\appsdata\groups\1-Administrative\3-ContractingLicenses\Apps_Fees_Certificates_etc\LicenseApplicationsPermitsNotices\Valparaiso\PastDocs","BUILTIN\Administrators","Allow","FullControl","True"
"Y:\ttbntfile1\shared\appsdata\groups\1-Administrative\3-ContractingLicenses\Apps_Fees_Certificates_etc\LicenseApplicationsPermitsNotices\Valparaiso\PastDocs","NT AUTHORITY\SYSTEM","Allow","FullControl","True"
"Y:\ttbntfile1\shared\appsdata\groups\1-Administrative\3-ContractingLicenses\Apps_Fees_Certificates_etc\LicenseApplicationsPermitsNotices\Waterloo\Emails","TONNANDBLANK\AVD Test Users","Allow","FullControl","True"
"Y:\ttbntfile1\shared\appsdata\groups\1-Administrative\3-ContractingLicenses\Apps_Fees_Certificates_etc\LicenseApplicationsPermitsNotices\Waterloo\Emails","TONNANDBLANK\impactadmin","Allow","FullControl","True"
"Y:\ttbntfile1\shared\appsdata\groups\1-Administrative\3-ContractingLicenses\Apps_Fees_Certificates_etc\LicenseApplicationsPermitsNotices\Waterloo\Emails","CREATOR OWNER","Allow","FullControl","True"
"Y:\ttbntfile1\shared\appsdata\groups\1-Administrative\3-ContractingLicenses\Apps_Fees_Certificates_etc\LicenseApplicationsPermitsNotices\Waterloo\Emails","BUILTIN\Administrators","Allow","FullControl","True"
"Y:\ttbntfile1\shared\appsdata\groups\1-Administrative\3-ContractingLicenses\Apps_Fees_Certificates_etc\LicenseApplicationsPermitsNotices\Waterloo\Emails","NT AUTHORITY\SYSTEM","Allow","FullControl","True"
"Y:\ttbntfile1\shared\appsdata\groups\1-Administrative\3-ContractingLicenses\Apps_Fees_Certificates_etc\LicenseApplicationsPermitsNotices\West Lafayette\ExpiredBonds","TONNANDBLANK\AVD Test Users","Allow","FullControl","True"
"Y:\ttbntfile1\shared\appsdata\groups\1-Administrative\3-ContractingLicenses\Apps_Fees_Certificates_etc\LicenseApplicationsPermitsNotices\West Lafayette\ExpiredBonds","TONNANDBLANK\impactadmin","Allow","FullControl","True"
"Y:\ttbntfile1\shared\appsdata\groups\1-Administrative\3-ContractingLicenses\Apps_Fees_Certificates_etc\LicenseApplicationsPermitsNotices\West Lafayette\ExpiredBonds","CREATOR OWNER","Allow","FullControl","True"
"Y:\ttbntfile1\shared\appsdata\groups\1-Administrative\3-ContractingLicenses\Apps_Fees_Certificates_etc\LicenseApplicationsPermitsNotices\West Lafayette\ExpiredBonds","BUILTIN\Administrators","Allow","FullControl","True"
"Y:\ttbntfile1\shared\appsdata\groups\1-Administrative\3-ContractingLicenses\Apps_Fees_Certificates_etc\LicenseApplicationsPermitsNotices\West Lafayette\ExpiredBonds","NT AUTHORITY\SYSTEM","Allow","FullControl","True"
"Y:\ttbntfile1\shared\appsdata\groups\1-Administrative\3-ContractingLicenses\Apps_Fees_Certificates_etc\LicenseApplicationsPermitsNotices\West Lafayette\PastApps","TONNANDBLANK\AVD Test Users","Allow","FullControl","True"
"Y:\ttbntfile1\shared\appsdata\groups\1-Administrative\3-ContractingLicenses\Apps_Fees_Certificates_etc\LicenseApplicationsPermitsNotices\West Lafayette\PastApps","TONNANDBLANK\impactadmin","Allow","FullControl","True"
"Y:\ttbntfile1\shared\appsdata\groups\1-Administrative\3-ContractingLicenses\Apps_Fees_Certificates_etc\LicenseApplicationsPermitsNotices\West Lafayette\PastApps","CREATOR OWNER","Allow","FullControl","True"
"Y:\ttbntfile1\shared\appsdata\groups\1-Administrative\3-ContractingLicenses\Apps_Fees_Certificates_etc\LicenseApplicationsPermitsNotices\West Lafayette\PastApps","BUILTIN\Administrators","Allow","FullControl","True"
"Y:\ttbntfile1\shared\appsdata\groups\1-Administrative\3-ContractingLicenses\Apps_Fees_Certificates_etc\LicenseApplicationsPermitsNotices\West Lafayette\PastApps","NT AUTHORITY\SYSTEM","Allow","FullControl","True"
"Y:\ttbntfile1\shared\appsdata\groups\1-Administrative\3-ContractingLicenses\Apps_Fees_Certificates_etc\LicenseApplicationsPermitsNotices\Westville\Emails","TONNANDBLANK\AVD Test Users","Allow","FullControl","True"
"Y:\ttbntfile1\shared\appsdata\groups\1-Administrative\3-ContractingLicenses\Apps_Fees_Certificates_etc\LicenseApplicationsPermitsNotices\Westville\Emails","TONNANDBLANK\impactadmin","Allow","FullControl","True"
"Y:\ttbntfile1\shared\appsdata\groups\1-Administrative\3-ContractingLicenses\Apps_Fees_Certificates_etc\LicenseApplicationsPermitsNotices\Westville\Emails","CREATOR OWNER","Allow","FullControl","True"
"Y:\ttbntfile1\shared\appsdata\groups\1-Administrative\3-ContractingLicenses\Apps_Fees_Certificates_etc\LicenseApplicationsPermitsNotices\Westville\Emails","BUILTIN\Administrators","Allow","FullControl","True"
"Y:\ttbntfile1\shared\appsdata\groups\1-Administrative\3-ContractingLicenses\Apps_Fees_Certificates_etc\LicenseApplicationsPermitsNotices\Westville\Emails","NT AUTHORITY\SYSTEM","Allow","FullControl","True"
"Y:\ttbntfile1\shared\appsdata\groups\1-Administrative\3-ContractingLicenses\Apps_Fees_Certificates_etc\LicenseApplicationsPermitsNotices\Westville\PastDocuments","TONNANDBLANK\AVD Test Users","Allow","FullControl","True"
"Y:\ttbntfile1\shared\appsdata\groups\1-Administrative\3-ContractingLicenses\Apps_Fees_Certificates_etc\LicenseApplicationsPermitsNotices\Westville\PastDocuments","TONNANDBLANK\impactadmin","Allow","FullControl","True"
"Y:\ttbntfile1\shared\appsdata\groups\1-Administrative\3-ContractingLicenses\Apps_Fees_Certificates_etc\LicenseApplicationsPermitsNotices\Westville\PastDocuments","CREATOR OWNER","Allow","FullControl","True"
"Y:\ttbntfile1\shared\appsdata\groups\1-Administrative\3-ContractingLicenses\Apps_Fees_Certificates_etc\LicenseApplicationsPermitsNotices\Westville\PastDocuments","BUILTIN\Administrators","Allow","FullControl","True"
"Y:\ttbntfile1\shared\appsdata\groups\1-Administrative\3-ContractingLicenses\Apps_Fees_Certificates_etc\LicenseApplicationsPermitsNotices\Westville\PastDocuments","NT AUTHORITY\SYSTEM","Allow","FullControl","True"
"Y:\ttbntfile1\shared\appsdata\groups\1-Administrative\3-ContractingLicenses\Apps_Fees_Certificates_etc\LicenseApplicationsPermitsNotices\Whiting\Emails","TONNANDBLANK\AVD Test Users","Allow","FullControl","True"
"Y:\ttbntfile1\shared\appsdata\groups\1-Administrative\3-ContractingLicenses\Apps_Fees_Certificates_etc\LicenseApplicationsPermitsNotices\Whiting\Emails","TONNANDBLANK\impactadmin","Allow","FullControl","True"
"Y:\ttbntfile1\shared\appsdata\groups\1-Administrative\3-ContractingLicenses\Apps_Fees_Certificates_etc\LicenseApplicationsPermitsNotices\Whiting\Emails","CREATOR OWNER","Allow","FullControl","True"
"Y:\ttbntfile1\shared\appsdata\groups\1-Administrative\3-ContractingLicenses\Apps_Fees_Certificates_etc\LicenseApplicationsPermitsNotices\Whiting\Emails","BUILTIN\Administrators","Allow","FullControl","True"
"Y:\ttbntfile1\shared\appsdata\groups\1-Administrative\3-ContractingLicenses\Apps_Fees_Certificates_etc\LicenseApplicationsPermitsNotices\Whiting\Emails","NT AUTHORITY\SYSTEM","Allow","FullControl","True"
"Y:\ttbntfile1\shared\appsdata\groups\1-Administrative\3-ContractingLicenses\Apps_Fees_Certificates_etc\LicenseApplicationsPermitsNotices\Whiting\OldApps","TONNANDBLANK\AVD Test Users","Allow","FullControl","True"
"Y:\ttbntfile1\shared\appsdata\groups\1-Administrative\3-ContractingLicenses\Apps_Fees_Certificates_etc\LicenseApplicationsPermitsNotices\Whiting\OldApps","TONNANDBLANK\impactadmin","Allow","FullControl","True"
"Y:\ttbntfile1\shared\appsdata\groups\1-Administrative\3-ContractingLicenses\Apps_Fees_Certificates_etc\LicenseApplicationsPermitsNotices\Whiting\OldApps","CREATOR OWNER","Allow","FullControl","True"
"Y:\ttbntfile1\shared\appsdata\groups\1-Administrative\3-ContractingLicenses\Apps_Fees_Certificates_etc\LicenseApplicationsPermitsNotices\Whiting\OldApps","BUILTIN\Administrators","Allow","FullControl","True"
"Y:\ttbntfile1\shared\appsdata\groups\1-Administrative\3-ContractingLicenses\Apps_Fees_Certificates_etc\LicenseApplicationsPermitsNotices\Whiting\OldApps","NT AUTHORITY\SYSTEM","Allow","FullControl","True"
"Y:\ttbntfile1\shared\appsdata\groups\1-Administrative\3-ContractingLicenses\Apps_Fees_Certificates_etc\LicenseApplicationsPermitsNotices\Winfield\Emails","TONNANDBLANK\AVD Test Users","Allow","FullControl","True"
"Y:\ttbntfile1\shared\appsdata\groups\1-Administrative\3-ContractingLicenses\Apps_Fees_Certificates_etc\LicenseApplicationsPermitsNotices\Winfield\Emails","TONNANDBLANK\impactadmin","Allow","FullControl","True"
"Y:\ttbntfile1\shared\appsdata\groups\1-Administrative\3-ContractingLicenses\Apps_Fees_Certificates_etc\LicenseApplicationsPermitsNotices\Winfield\Emails","CREATOR OWNER","Allow","FullControl","True"
"Y:\ttbntfile1\shared\appsdata\groups\1-Administrative\3-ContractingLicenses\Apps_Fees_Certificates_etc\LicenseApplicationsPermitsNotices\Winfield\Emails","BUILTIN\Administrators","Allow","FullControl","True"
"Y:\ttbntfile1\shared\appsdata\groups\1-Administrative\3-ContractingLicenses\Apps_Fees_Certificates_etc\LicenseApplicationsPermitsNotices\Winfield\Emails","NT AUTHORITY\SYSTEM","Allow","FullControl","True"
"Y:\ttbntfile1\shared\appsdata\groups\1-Administrative\3-ContractingLicenses\Apps_Fees_Certificates_etc\LicenseApplicationsPermitsNotices\Winfield\PastDocs","TONNANDBLANK\AVD Test Users","Allow","FullControl","True"
"Y:\ttbntfile1\shared\appsdata\groups\1-Administrative\3-ContractingLicenses\Apps_Fees_Certificates_etc\LicenseApplicationsPermitsNotices\Winfield\PastDocs","TONNANDBLANK\impactadmin","Allow","FullControl","True"
"Y:\ttbntfile1\shared\appsdata\groups\1-Administrative\3-ContractingLicenses\Apps_Fees_Certificates_etc\LicenseApplicationsPermitsNotices\Winfield\PastDocs","CREATOR OWNER","Allow","FullControl","True"
"Y:\ttbntfile1\shared\appsdata\groups\1-Administrative\3-ContractingLicenses\Apps_Fees_Certificates_etc\LicenseApplicationsPermitsNotices\Winfield\PastDocs","BUILTIN\Administrators","Allow","FullControl","True"
"Y:\ttbntfile1\shared\appsdata\groups\1-Administrative\3-ContractingLicenses\Apps_Fees_Certificates_etc\LicenseApplicationsPermitsNotices\Winfield\PastDocs","NT AUTHORITY\SYSTEM","Allow","FullControl","True"
"Y:\ttbntfile1\shared\appsdata\groups\1-Administrative\3-ContractingLicenses\Apps_Fees_Certificates_etc\LicenseApplicationsPermitsNotices\x\Expired-Gone","TONNANDBLANK\AVD Test Users","Allow","FullControl","True"
"Y:\ttbntfile1\shared\appsdata\groups\1-Administrative\3-ContractingLicenses\Apps_Fees_Certificates_etc\LicenseApplicationsPermitsNotices\x\Expired-Gone","TONNANDBLANK\impactadmin","Allow","FullControl","True"
"Y:\ttbntfile1\shared\appsdata\groups\1-Administrative\3-ContractingLicenses\Apps_Fees_Certificates_etc\LicenseApplicationsPermitsNotices\x\Expired-Gone","CREATOR OWNER","Allow","FullControl","True"
"Y:\ttbntfile1\shared\appsdata\groups\1-Administrative\3-ContractingLicenses\Apps_Fees_Certificates_etc\LicenseApplicationsPermitsNotices\x\Expired-Gone","BUILTIN\Administrators","Allow","FullControl","True"
"Y:\ttbntfile1\shared\appsdata\groups\1-Administrative\3-ContractingLicenses\Apps_Fees_Certificates_etc\LicenseApplicationsPermitsNotices\x\Expired-Gone","NT AUTHORITY\SYSTEM","Allow","FullControl","True"
"Y:\ttbntfile1\shared\appsdata\groups\1-Administrative\3-ContractingLicenses\Apps_Fees_Certificates_etc\LicenseApplicationsPermitsNotices\x\JAG","TONNANDBLANK\AVD Test Users","Allow","FullControl","True"
"Y:\ttbntfile1\shared\appsdata\groups\1-Administrative\3-ContractingLicenses\Apps_Fees_Certificates_etc\LicenseApplicationsPermitsNotices\x\JAG","TONNANDBLANK\impactadmin","Allow","FullControl","True"
"Y:\ttbntfile1\shared\appsdata\groups\1-Administrative\3-ContractingLicenses\Apps_Fees_Certificates_etc\LicenseApplicationsPermitsNotices\x\JAG","CREATOR OWNER","Allow","FullControl","True"
"Y:\ttbntfile1\shared\appsdata\groups\1-Administrative\3-ContractingLicenses\Apps_Fees_Certificates_etc\LicenseApplicationsPermitsNotices\x\JAG","BUILTIN\Administrators","Allow","FullControl","True"
"Y:\ttbntfile1\shared\appsdata\groups\1-Administrative\3-ContractingLicenses\Apps_Fees_Certificates_etc\LicenseApplicationsPermitsNotices\x\JAG","NT AUTHORITY\SYSTEM","Allow","FullControl","True"
"Y:\ttbntfile1\shared\appsdata\groups\1-Administrative\3-ContractingLicenses\Apps_Fees_Certificates_etc\LicenseApplicationsPermitsNotices\x\WGM","TONNANDBLANK\AVD Test Users","Allow","FullControl","True"
"Y:\ttbntfile1\shared\appsdata\groups\1-Administrative\3-ContractingLicenses\Apps_Fees_Certificates_etc\LicenseApplicationsPermitsNotices\x\WGM","TONNANDBLANK\impactadmin","Allow","FullControl","True"
"Y:\ttbntfile1\shared\appsdata\groups\1-Administrative\3-ContractingLicenses\Apps_Fees_Certificates_etc\LicenseApplicationsPermitsNotices\x\WGM","CREATOR OWNER","Allow","FullControl","True"
"Y:\ttbntfile1\shared\appsdata\groups\1-Administrative\3-ContractingLicenses\Apps_Fees_Certificates_etc\LicenseApplicationsPermitsNotices\x\WGM","BUILTIN\Administrators","Allow","FullControl","True"
"Y:\ttbntfile1\shared\appsdata\groups\1-Administrative\3-ContractingLicenses\Apps_Fees_Certificates_etc\LicenseApplicationsPermitsNotices\x\WGM","NT AUTHORITY\SYSTEM","Allow","FullControl","True"
"Y:\ttbntfile1\shared\appsdata\groups\1-Administrative\3-ContractingLicenses\Apps_Fees_Certificates_etc\LicenseApplicationsPermitsNotices\x\Expired-Gone\EH","TONNANDBLANK\AVD Test Users","Allow","FullControl","True"
"Y:\ttbntfile1\shared\appsdata\groups\1-Administrative\3-ContractingLicenses\Apps_Fees_Certificates_etc\LicenseApplicationsPermitsNotices\x\Expired-Gone\EH","TONNANDBLANK\impactadmin","Allow","FullControl","True"
"Y:\ttbntfile1\shared\appsdata\groups\1-Administrative\3-ContractingLicenses\Apps_Fees_Certificates_etc\LicenseApplicationsPermitsNotices\x\Expired-Gone\EH","CREATOR OWNER","Allow","FullControl","True"
"Y:\ttbntfile1\shared\appsdata\groups\1-Administrative\3-ContractingLicenses\Apps_Fees_Certificates_etc\LicenseApplicationsPermitsNotices\x\Expired-Gone\EH","BUILTIN\Administrators","Allow","FullControl","True"
"Y:\ttbntfile1\shared\appsdata\groups\1-Administrative\3-ContractingLicenses\Apps_Fees_Certificates_etc\LicenseApplicationsPermitsNotices\x\Expired-Gone\EH","NT AUTHORITY\SYSTEM","Allow","FullControl","True"
"Y:\ttbntfile1\shared\appsdata\groups\1-Administrative\3-ContractingLicenses\Apps_Fees_Certificates_etc\Recorded Bonds_COI\PastYears","TONNANDBLANK\AVD Test Users","Allow","FullControl","True"
"Y:\ttbntfile1\shared\appsdata\groups\1-Administrative\3-ContractingLicenses\Apps_Fees_Certificates_etc\Recorded Bonds_COI\PastYears","TONNANDBLANK\impactadmin","Allow","FullControl","True"
"Y:\ttbntfile1\shared\appsdata\groups\1-Administrative\3-ContractingLicenses\Apps_Fees_Certificates_etc\Recorded Bonds_COI\PastYears","CREATOR OWNER","Allow","FullControl","True"
"Y:\ttbntfile1\shared\appsdata\groups\1-Administrative\3-ContractingLicenses\Apps_Fees_Certificates_etc\Recorded Bonds_COI\PastYears","BUILTIN\Administrators","Allow","FullControl","True"
"Y:\ttbntfile1\shared\appsdata\groups\1-Administrative\3-ContractingLicenses\Apps_Fees_Certificates_etc\Recorded Bonds_COI\PastYears","NT AUTHORITY\SYSTEM","Allow","FullControl","True"
"Y:\ttbntfile1\shared\appsdata\groups\1-Administrative\3-ContractingLicenses\Apps_Fees_Certificates_etc\Recorded Bonds_COI\Recorded Bonds 2023","TONNANDBLANK\AVD Test Users","Allow","FullControl","True"
"Y:\ttbntfile1\shared\appsdata\groups\1-Administrative\3-ContractingLicenses\Apps_Fees_Certificates_etc\Recorded Bonds_COI\Recorded Bonds 2023","TONNANDBLANK\impactadmin","Allow","FullControl","True"
"Y:\ttbntfile1\shared\appsdata\groups\1-Administrative\3-ContractingLicenses\Apps_Fees_Certificates_etc\Recorded Bonds_COI\Recorded Bonds 2023","CREATOR OWNER","Allow","FullControl","True"
"Y:\ttbntfile1\shared\appsdata\groups\1-Administrative\3-ContractingLicenses\Apps_Fees_Certificates_etc\Recorded Bonds_COI\Recorded Bonds 2023","BUILTIN\Administrators","Allow","FullControl","True"
"Y:\ttbntfile1\shared\appsdata\groups\1-Administrative\3-ContractingLicenses\Apps_Fees_Certificates_etc\Recorded Bonds_COI\Recorded Bonds 2023","NT AUTHORITY\SYSTEM","Allow","FullControl","True"
"Y:\ttbntfile1\shared\appsdata\groups\1-Administrative\3-ContractingLicenses\Apps_Fees_Certificates_etc\Recorded Bonds_COI\Recorded Bonds 2024","TONNANDBLANK\AVD Test Users","Allow","FullControl","True"
"Y:\ttbntfile1\shared\appsdata\groups\1-Administrative\3-ContractingLicenses\Apps_Fees_Certificates_etc\Recorded Bonds_COI\Recorded Bonds 2024","TONNANDBLANK\impactadmin","Allow","FullControl","True"
"Y:\ttbntfile1\shared\appsdata\groups\1-Administrative\3-ContractingLicenses\Apps_Fees_Certificates_etc\Recorded Bonds_COI\Recorded Bonds 2024","CREATOR OWNER","Allow","FullControl","True"
"Y:\ttbntfile1\shared\appsdata\groups\1-Administrative\3-ContractingLicenses\Apps_Fees_Certificates_etc\Recorded Bonds_COI\Recorded Bonds 2024","BUILTIN\Administrators","Allow","FullControl","True"
"Y:\ttbntfile1\shared\appsdata\groups\1-Administrative\3-ContractingLicenses\Apps_Fees_Certificates_etc\Recorded Bonds_COI\Recorded Bonds 2024","NT AUTHORITY\SYSTEM","Allow","FullControl","True"
"Y:\ttbntfile1\shared\appsdata\groups\1-Administrative\3-ContractingLicenses\Apps_Fees_Certificates_etc\Recorded Bonds_COI\PastYears\Recorded Bonds 2011","TONNANDBLANK\AVD Test Users","Allow","FullControl","True"
"Y:\ttbntfile1\shared\appsdata\groups\1-Administrative\3-ContractingLicenses\Apps_Fees_Certificates_etc\Recorded Bonds_COI\PastYears\Recorded Bonds 2011","TONNANDBLANK\impactadmin","Allow","FullControl","True"
"Y:\ttbntfile1\shared\appsdata\groups\1-Administrative\3-ContractingLicenses\Apps_Fees_Certificates_etc\Recorded Bonds_COI\PastYears\Recorded Bonds 2011","CREATOR OWNER","Allow","FullControl","True"
"Y:\ttbntfile1\shared\appsdata\groups\1-Administrative\3-ContractingLicenses\Apps_Fees_Certificates_etc\Recorded Bonds_COI\PastYears\Recorded Bonds 2011","BUILTIN\Administrators","Allow","FullControl","True"
"Y:\ttbntfile1\shared\appsdata\groups\1-Administrative\3-ContractingLicenses\Apps_Fees_Certificates_etc\Recorded Bonds_COI\PastYears\Recorded Bonds 2011","NT AUTHORITY\SYSTEM","Allow","FullControl","True"
"Y:\ttbntfile1\shared\appsdata\groups\1-Administrative\3-ContractingLicenses\Apps_Fees_Certificates_etc\Recorded Bonds_COI\PastYears\Recorded Bonds 2012","TONNANDBLANK\AVD Test Users","Allow","FullControl","True"
"Y:\ttbntfile1\shared\appsdata\groups\1-Administrative\3-ContractingLicenses\Apps_Fees_Certificates_etc\Recorded Bonds_COI\PastYears\Recorded Bonds 2012","TONNANDBLANK\impactadmin","Allow","FullControl","True"
"Y:\ttbntfile1\shared\appsdata\groups\1-Administrative\3-ContractingLicenses\Apps_Fees_Certificates_etc\Recorded Bonds_COI\PastYears\Recorded Bonds 2012","CREATOR OWNER","Allow","FullControl","True"
"Y:\ttbntfile1\shared\appsdata\groups\1-Administrative\3-ContractingLicenses\Apps_Fees_Certificates_etc\Recorded Bonds_COI\PastYears\Recorded Bonds 2012","BUILTIN\Administrators","Allow","FullControl","True"
"Y:\ttbntfile1\shared\appsdata\groups\1-Administrative\3-ContractingLicenses\Apps_Fees_Certificates_etc\Recorded Bonds_COI\PastYears\Recorded Bonds 2012","NT AUTHORITY\SYSTEM","Allow","FullControl","True"
"Y:\ttbntfile1\shared\appsdata\groups\1-Administrative\3-ContractingLicenses\Apps_Fees_Certificates_etc\Recorded Bonds_COI\PastYears\Recorded Bonds 2013","TONNANDBLANK\AVD Test Users","Allow","FullControl","True"
"Y:\ttbntfile1\shared\appsdata\groups\1-Administrative\3-ContractingLicenses\Apps_Fees_Certificates_etc\Recorded Bonds_COI\PastYears\Recorded Bonds 2013","TONNANDBLANK\impactadmin","Allow","FullControl","True"
"Y:\ttbntfile1\shared\appsdata\groups\1-Administrative\3-ContractingLicenses\Apps_Fees_Certificates_etc\Recorded Bonds_COI\PastYears\Recorded Bonds 2013","CREATOR OWNER","Allow","FullControl","True"
"Y:\ttbntfile1\shared\appsdata\groups\1-Administrative\3-ContractingLicenses\Apps_Fees_Certificates_etc\Recorded Bonds_COI\PastYears\Recorded Bonds 2013","BUILTIN\Administrators","Allow","FullControl","True"
"Y:\ttbntfile1\shared\appsdata\groups\1-Administrative\3-ContractingLicenses\Apps_Fees_Certificates_etc\Recorded Bonds_COI\PastYears\Recorded Bonds 2013","NT AUTHORITY\SYSTEM","Allow","FullControl","True"
"Y:\ttbntfile1\shared\appsdata\groups\1-Administrative\3-ContractingLicenses\Apps_Fees_Certificates_etc\Recorded Bonds_COI\PastYears\Recorded Bonds 2014","TONNANDBLANK\AVD Test Users","Allow","FullControl","True"
"Y:\ttbntfile1\shared\appsdata\groups\1-Administrative\3-ContractingLicenses\Apps_Fees_Certificates_etc\Recorded Bonds_COI\PastYears\Recorded Bonds 2014","TONNANDBLANK\impactadmin","Allow","FullControl","True"
"Y:\ttbntfile1\shared\appsdata\groups\1-Administrative\3-ContractingLicenses\Apps_Fees_Certificates_etc\Recorded Bonds_COI\PastYears\Recorded Bonds 2014","CREATOR OWNER","Allow","FullControl","True"
"Y:\ttbntfile1\shared\appsdata\groups\1-Administrative\3-ContractingLicenses\Apps_Fees_Certificates_etc\Recorded Bonds_COI\PastYears\Recorded Bonds 2014","BUILTIN\Administrators","Allow","FullControl","True"
"Y:\ttbntfile1\shared\appsdata\groups\1-Administrative\3-ContractingLicenses\Apps_Fees_Certificates_etc\Recorded Bonds_COI\PastYears\Recorded Bonds 2014","NT AUTHORITY\SYSTEM","Allow","FullControl","True"
"Y:\ttbntfile1\shared\appsdata\groups\1-Administrative\3-ContractingLicenses\Apps_Fees_Certificates_etc\Recorded Bonds_COI\PastYears\Recorded Bonds 2015","TONNANDBLANK\AVD Test Users","Allow","FullControl","True"
"Y:\ttbntfile1\shared\appsdata\groups\1-Administrative\3-ContractingLicenses\Apps_Fees_Certificates_etc\Recorded Bonds_COI\PastYears\Recorded Bonds 2015","TONNANDBLANK\impactadmin","Allow","FullControl","True"
"Y:\ttbntfile1\shared\appsdata\groups\1-Administrative\3-ContractingLicenses\Apps_Fees_Certificates_etc\Recorded Bonds_COI\PastYears\Recorded Bonds 2015","CREATOR OWNER","Allow","FullControl","True"
"Y:\ttbntfile1\shared\appsdata\groups\1-Administrative\3-ContractingLicenses\Apps_Fees_Certificates_etc\Recorded Bonds_COI\PastYears\Recorded Bonds 2015","BUILTIN\Administrators","Allow","FullControl","True"
"Y:\ttbntfile1\shared\appsdata\groups\1-Administrative\3-ContractingLicenses\Apps_Fees_Certificates_etc\Recorded Bonds_COI\PastYears\Recorded Bonds 2015","NT AUTHORITY\SYSTEM","Allow","FullControl","True"
"Y:\ttbntfile1\shared\appsdata\groups\1-Administrative\3-ContractingLicenses\Apps_Fees_Certificates_etc\Recorded Bonds_COI\PastYears\Recorded Bonds 2016","TONNANDBLANK\AVD Test Users","Allow","FullControl","True"
"Y:\ttbntfile1\shared\appsdata\groups\1-Administrative\3-ContractingLicenses\Apps_Fees_Certificates_etc\Recorded Bonds_COI\PastYears\Recorded Bonds 2016","TONNANDBLANK\impactadmin","Allow","FullControl","True"
"Y:\ttbntfile1\shared\appsdata\groups\1-Administrative\3-ContractingLicenses\Apps_Fees_Certificates_etc\Recorded Bonds_COI\PastYears\Recorded Bonds 2016","CREATOR OWNER","Allow","FullControl","True"
"Y:\ttbntfile1\shared\appsdata\groups\1-Administrative\3-ContractingLicenses\Apps_Fees_Certificates_etc\Recorded Bonds_COI\PastYears\Recorded Bonds 2016","BUILTIN\Administrators","Allow","FullControl","True"
"Y:\ttbntfile1\shared\appsdata\groups\1-Administrative\3-ContractingLicenses\Apps_Fees_Certificates_etc\Recorded Bonds_COI\PastYears\Recorded Bonds 2016","NT AUTHORITY\SYSTEM","Allow","FullControl","True"
"Y:\ttbntfile1\shared\appsdata\groups\1-Administrative\3-ContractingLicenses\Apps_Fees_Certificates_etc\Recorded Bonds_COI\PastYears\Recorded Bonds 2017","TONNANDBLANK\AVD Test Users","Allow","FullControl","True"
"Y:\ttbntfile1\shared\appsdata\groups\1-Administrative\3-ContractingLicenses\Apps_Fees_Certificates_etc\Recorded Bonds_COI\PastYears\Recorded Bonds 2017","TONNANDBLANK\impactadmin","Allow","FullControl","True"
"Y:\ttbntfile1\shared\appsdata\groups\1-Administrative\3-ContractingLicenses\Apps_Fees_Certificates_etc\Recorded Bonds_COI\PastYears\Recorded Bonds 2017","CREATOR OWNER","Allow","FullControl","True"
"Y:\ttbntfile1\shared\appsdata\groups\1-Administrative\3-ContractingLicenses\Apps_Fees_Certificates_etc\Recorded Bonds_COI\PastYears\Recorded Bonds 2017","BUILTIN\Administrators","Allow","FullControl","True"
"Y:\ttbntfile1\shared\appsdata\groups\1-Administrative\3-ContractingLicenses\Apps_Fees_Certificates_etc\Recorded Bonds_COI\PastYears\Recorded Bonds 2017","NT AUTHORITY\SYSTEM","Allow","FullControl","True"
"Y:\ttbntfile1\shared\appsdata\groups\1-Administrative\3-ContractingLicenses\Apps_Fees_Certificates_etc\Recorded Bonds_COI\PastYears\Recorded Bonds 2022","TONNANDBLANK\AVD Test Users","Allow","FullControl","True"
"Y:\ttbntfile1\shared\appsdata\groups\1-Administrative\3-ContractingLicenses\Apps_Fees_Certificates_etc\Recorded Bonds_COI\PastYears\Recorded Bonds 2022","TONNANDBLANK\impactadmin","Allow","FullControl","True"
"Y:\ttbntfile1\shared\appsdata\groups\1-Administrative\3-ContractingLicenses\Apps_Fees_Certificates_etc\Recorded Bonds_COI\PastYears\Recorded Bonds 2022","CREATOR OWNER","Allow","FullControl","True"
"Y:\ttbntfile1\shared\appsdata\groups\1-Administrative\3-ContractingLicenses\Apps_Fees_Certificates_etc\Recorded Bonds_COI\PastYears\Recorded Bonds 2022","BUILTIN\Administrators","Allow","FullControl","True"
"Y:\ttbntfile1\shared\appsdata\groups\1-Administrative\3-ContractingLicenses\Apps_Fees_Certificates_etc\Recorded Bonds_COI\PastYears\Recorded Bonds 2022","NT AUTHORITY\SYSTEM","Allow","FullControl","True"
"Y:\ttbntfile1\shared\appsdata\groups\1-Administrative\3-ContractingLicenses\Apps_Fees_Certificates_etc\Recorded Bonds_COI\PastYears\Recorded Bonds_COI 2018","TONNANDBLANK\AVD Test Users","Allow","FullControl","True"
"Y:\ttbntfile1\shared\appsdata\groups\1-Administrative\3-ContractingLicenses\Apps_Fees_Certificates_etc\Recorded Bonds_COI\PastYears\Recorded Bonds_COI 2018","TONNANDBLANK\impactadmin","Allow","FullControl","True"
"Y:\ttbntfile1\shared\appsdata\groups\1-Administrative\3-ContractingLicenses\Apps_Fees_Certificates_etc\Recorded Bonds_COI\PastYears\Recorded Bonds_COI 2018","CREATOR OWNER","Allow","FullControl","True"
"Y:\ttbntfile1\shared\appsdata\groups\1-Administrative\3-ContractingLicenses\Apps_Fees_Certificates_etc\Recorded Bonds_COI\PastYears\Recorded Bonds_COI 2018","BUILTIN\Administrators","Allow","FullControl","True"
"Y:\ttbntfile1\shared\appsdata\groups\1-Administrative\3-ContractingLicenses\Apps_Fees_Certificates_etc\Recorded Bonds_COI\PastYears\Recorded Bonds_COI 2018","NT AUTHORITY\SYSTEM","Allow","FullControl","True"
"Y:\ttbntfile1\shared\appsdata\groups\1-Administrative\3-ContractingLicenses\Apps_Fees_Certificates_etc\Recorded Bonds_COI\PastYears\Recorded Bonds_COI 2019","TONNANDBLANK\AVD Test Users","Allow","FullControl","True"
"Y:\ttbntfile1\shared\appsdata\groups\1-Administrative\3-ContractingLicenses\Apps_Fees_Certificates_etc\Recorded Bonds_COI\PastYears\Recorded Bonds_COI 2019","TONNANDBLANK\impactadmin","Allow","FullControl","True"
"Y:\ttbntfile1\shared\appsdata\groups\1-Administrative\3-ContractingLicenses\Apps_Fees_Certificates_etc\Recorded Bonds_COI\PastYears\Recorded Bonds_COI 2019","CREATOR OWNER","Allow","FullControl","True"
"Y:\ttbntfile1\shared\appsdata\groups\1-Administrative\3-ContractingLicenses\Apps_Fees_Certificates_etc\Recorded Bonds_COI\PastYears\Recorded Bonds_COI 2019","BUILTIN\Administrators","Allow","FullControl","True"
"Y:\ttbntfile1\shared\appsdata\groups\1-Administrative\3-ContractingLicenses\Apps_Fees_Certificates_etc\Recorded Bonds_COI\PastYears\Recorded Bonds_COI 2019","NT AUTHORITY\SYSTEM","Allow","FullControl","True"
"Y:\ttbntfile1\shared\appsdata\groups\1-Administrative\3-ContractingLicenses\Apps_Fees_Certificates_etc\Recorded Bonds_COI\PastYears\Recorded Bonds_COI 2020","TONNANDBLANK\AVD Test Users","Allow","FullControl","True"
"Y:\ttbntfile1\shared\appsdata\groups\1-Administrative\3-ContractingLicenses\Apps_Fees_Certificates_etc\Recorded Bonds_COI\PastYears\Recorded Bonds_COI 2020","TONNANDBLANK\impactadmin","Allow","FullControl","True"
"Y:\ttbntfile1\shared\appsdata\groups\1-Administrative\3-ContractingLicenses\Apps_Fees_Certificates_etc\Recorded Bonds_COI\PastYears\Recorded Bonds_COI 2020","CREATOR OWNER","Allow","FullControl","True"
"Y:\ttbntfile1\shared\appsdata\groups\1-Administrative\3-ContractingLicenses\Apps_Fees_Certificates_etc\Recorded Bonds_COI\PastYears\Recorded Bonds_COI 2020","BUILTIN\Administrators","Allow","FullControl","True"
"Y:\ttbntfile1\shared\appsdata\groups\1-Administrative\3-ContractingLicenses\Apps_Fees_Certificates_etc\Recorded Bonds_COI\PastYears\Recorded Bonds_COI 2020","NT AUTHORITY\SYSTEM","Allow","FullControl","True"
"Y:\ttbntfile1\shared\appsdata\groups\1-Administrative\3-ContractingLicenses\Apps_Fees_Certificates_etc\Recorded Bonds_COI\PastYears\Recorded Bonds_COI 2021","TONNANDBLANK\AVD Test Users","Allow","FullControl","True"
"Y:\ttbntfile1\shared\appsdata\groups\1-Administrative\3-ContractingLicenses\Apps_Fees_Certificates_etc\Recorded Bonds_COI\PastYears\Recorded Bonds_COI 2021","TONNANDBLANK\impactadmin","Allow","FullControl","True"
"Y:\ttbntfile1\shared\appsdata\groups\1-Administrative\3-ContractingLicenses\Apps_Fees_Certificates_etc\Recorded Bonds_COI\PastYears\Recorded Bonds_COI 2021","CREATOR OWNER","Allow","FullControl","True"
"Y:\ttbntfile1\shared\appsdata\groups\1-Administrative\3-ContractingLicenses\Apps_Fees_Certificates_etc\Recorded Bonds_COI\PastYears\Recorded Bonds_COI 2021","BUILTIN\Administrators","Allow","FullControl","True"
"Y:\ttbntfile1\shared\appsdata\groups\1-Administrative\3-ContractingLicenses\Apps_Fees_Certificates_etc\Recorded Bonds_COI\PastYears\Recorded Bonds_COI 2021","NT AUTHORITY\SYSTEM","Allow","FullControl","True"
"Y:\ttbntfile1\shared\appsdata\groups\1-Administrative\3-ContractingLicenses\Apps_Fees_Certificates_etc\RightOfWayBonds-PPBonds\19A002-FHCP","TONNANDBLANK\AVD Test Users","Allow","FullControl","True"
"Y:\ttbntfile1\shared\appsdata\groups\1-Administrative\3-ContractingLicenses\Apps_Fees_Certificates_etc\RightOfWayBonds-PPBonds\19A002-FHCP","TONNANDBLANK\impactadmin","Allow","FullControl","True"
"Y:\ttbntfile1\shared\appsdata\groups\1-Administrative\3-ContractingLicenses\Apps_Fees_Certificates_etc\RightOfWayBonds-PPBonds\19A002-FHCP","CREATOR OWNER","Allow","FullControl","True"
"Y:\ttbntfile1\shared\appsdata\groups\1-Administrative\3-ContractingLicenses\Apps_Fees_Certificates_etc\RightOfWayBonds-PPBonds\19A002-FHCP","BUILTIN\Administrators","Allow","FullControl","True"
"Y:\ttbntfile1\shared\appsdata\groups\1-Administrative\3-ContractingLicenses\Apps_Fees_Certificates_etc\RightOfWayBonds-PPBonds\19A002-FHCP","NT AUTHORITY\SYSTEM","Allow","FullControl","True"
"Y:\ttbntfile1\shared\appsdata\groups\1-Administrative\3-ContractingLicenses\Apps_Fees_Certificates_etc\RightOfWayBonds-PPBonds\23J013-Evonik","TONNANDBLANK\AVD Test Users","Allow","FullControl","True"
"Y:\ttbntfile1\shared\appsdata\groups\1-Administrative\3-ContractingLicenses\Apps_Fees_Certificates_etc\RightOfWayBonds-PPBonds\23J013-Evonik","TONNANDBLANK\impactadmin","Allow","FullControl","True"
"Y:\ttbntfile1\shared\appsdata\groups\1-Administrative\3-ContractingLicenses\Apps_Fees_Certificates_etc\RightOfWayBonds-PPBonds\23J013-Evonik","CREATOR OWNER","Allow","FullControl","True"
"Y:\ttbntfile1\shared\appsdata\groups\1-Administrative\3-ContractingLicenses\Apps_Fees_Certificates_etc\RightOfWayBonds-PPBonds\23J013-Evonik","BUILTIN\Administrators","Allow","FullControl","True"
"Y:\ttbntfile1\shared\appsdata\groups\1-Administrative\3-ContractingLicenses\Apps_Fees_Certificates_etc\RightOfWayBonds-PPBonds\23J013-Evonik","NT AUTHORITY\SYSTEM","Allow","FullControl","True"
"Y:\ttbntfile1\shared\appsdata\groups\1-Administrative\3-ContractingLicenses\Apps_Fees_Certificates_etc\RightOfWayBonds-PPBonds\FHCP-Roundabout-PP-Bond","TONNANDBLANK\AVD Test Users","Allow","FullControl","True"
"Y:\ttbntfile1\shared\appsdata\groups\1-Administrative\3-ContractingLicenses\Apps_Fees_Certificates_etc\RightOfWayBonds-PPBonds\FHCP-Roundabout-PP-Bond","TONNANDBLANK\impactadmin","Allow","FullControl","True"
"Y:\ttbntfile1\shared\appsdata\groups\1-Administrative\3-ContractingLicenses\Apps_Fees_Certificates_etc\RightOfWayBonds-PPBonds\FHCP-Roundabout-PP-Bond","CREATOR OWNER","Allow","FullControl","True"
"Y:\ttbntfile1\shared\appsdata\groups\1-Administrative\3-ContractingLicenses\Apps_Fees_Certificates_etc\RightOfWayBonds-PPBonds\FHCP-Roundabout-PP-Bond","BUILTIN\Administrators","Allow","FullControl","True"
"Y:\ttbntfile1\shared\appsdata\groups\1-Administrative\3-ContractingLicenses\Apps_Fees_Certificates_etc\RightOfWayBonds-PPBonds\FHCP-Roundabout-PP-Bond","NT AUTHORITY\SYSTEM","Allow","FullControl","True"
"Y:\ttbntfile1\shared\appsdata\groups\1-Administrative\3-ContractingLicenses\Apps_Fees_Certificates_etc\State of Indiana Documents\PastDocs","TONNANDBLANK\AVD Test Users","Allow","FullControl","True"
"Y:\ttbntfile1\shared\appsdata\groups\1-Administrative\3-ContractingLicenses\Apps_Fees_Certificates_etc\State of Indiana Documents\PastDocs","TONNANDBLANK\impactadmin","Allow","FullControl","True"
"Y:\ttbntfile1\shared\appsdata\groups\1-Administrative\3-ContractingLicenses\Apps_Fees_Certificates_etc\State of Indiana Documents\PastDocs","CREATOR OWNER","Allow","FullControl","True"
"Y:\ttbntfile1\shared\appsdata\groups\1-Administrative\3-ContractingLicenses\Apps_Fees_Certificates_etc\State of Indiana Documents\PastDocs","BUILTIN\Administrators","Allow","FullControl","True"
"Y:\ttbntfile1\shared\appsdata\groups\1-Administrative\3-ContractingLicenses\Apps_Fees_Certificates_etc\State of Indiana Documents\PastDocs","NT AUTHORITY\SYSTEM","Allow","FullControl","True"
"Y:\ttbntfile1\shared\appsdata\groups\1-Administrative\Z-PoliciesProcedures (working files only)\2023 PP Working Files- Complete","TONNANDBLANK\AVD Test Users","Allow","FullControl","True"
"Y:\ttbntfile1\shared\appsdata\groups\1-Administrative\Z-PoliciesProcedures (working files only)\2023 PP Working Files- Complete","TONNANDBLANK\impactadmin","Allow","FullControl","True"
"Y:\ttbntfile1\shared\appsdata\groups\1-Administrative\Z-PoliciesProcedures (working files only)\2023 PP Working Files- Complete","CREATOR OWNER","Allow","FullControl","True"
"Y:\ttbntfile1\shared\appsdata\groups\1-Administrative\Z-PoliciesProcedures (working files only)\2023 PP Working Files- Complete","BUILTIN\Administrators","Allow","FullControl","True"
"Y:\ttbntfile1\shared\appsdata\groups\1-Administrative\Z-PoliciesProcedures (working files only)\2023 PP Working Files- Complete","NT AUTHORITY\SYSTEM","Allow","FullControl","True"
"Y:\ttbntfile1\shared\appsdata\groups\1-Administrative\Z-PoliciesProcedures (working files only)\Archive - DO NOT USE","TONNANDBLANK\AVD Test Users","Allow","FullControl","True"
"Y:\ttbntfile1\shared\appsdata\groups\1-Administrative\Z-PoliciesProcedures (working files only)\Archive - DO NOT USE","TONNANDBLANK\impactadmin","Allow","FullControl","True"
"Y:\ttbntfile1\shared\appsdata\groups\1-Administrative\Z-PoliciesProcedures (working files only)\Archive - DO NOT USE","CREATOR OWNER","Allow","FullControl","True"
"Y:\ttbntfile1\shared\appsdata\groups\1-Administrative\Z-PoliciesProcedures (working files only)\Archive - DO NOT USE","BUILTIN\Administrators","Allow","FullControl","True"
"Y:\ttbntfile1\shared\appsdata\groups\1-Administrative\Z-PoliciesProcedures (working files only)\Archive - DO NOT USE","NT AUTHORITY\SYSTEM","Allow","FullControl","True"
"Y:\ttbntfile1\shared\appsdata\groups\1-Administrative\Z-PoliciesProcedures (working files only)\2023 PP Working Files- Complete\1- Templates for Manual","TONNANDBLANK\AVD Test Users","Allow","FullControl","True"
"Y:\ttbntfile1\shared\appsdata\groups\1-Administrative\Z-PoliciesProcedures (working files only)\2023 PP Working Files- Complete\1- Templates for Manual","TONNANDBLANK\impactadmin","Allow","FullControl","True"
"Y:\ttbntfile1\shared\appsdata\groups\1-Administrative\Z-PoliciesProcedures (working files only)\2023 PP Working Files- Complete\1- Templates for Manual","CREATOR OWNER","Allow","FullControl","True"
"Y:\ttbntfile1\shared\appsdata\groups\1-Administrative\Z-PoliciesProcedures (working files only)\2023 PP Working Files- Complete\1- Templates for Manual","BUILTIN\Administrators","Allow","FullControl","True"
"Y:\ttbntfile1\shared\appsdata\groups\1-Administrative\Z-PoliciesProcedures (working files only)\2023 PP Working Files- Complete\1- Templates for Manual","NT AUTHORITY\SYSTEM","Allow","FullControl","True"
"Y:\ttbntfile1\shared\appsdata\groups\1-Administrative\Z-PoliciesProcedures (working files only)\2023 PP Working Files- Complete\1- Templates for Manual\01 Project Procurement","TONNANDBLANK\AVD Test Users","Allow","FullControl","True"
"Y:\ttbntfile1\shared\appsdata\groups\1-Administrative\Z-PoliciesProcedures (working files only)\2023 PP Working Files- Complete\1- Templates for Manual\01 Project Procurement","TONNANDBLANK\impactadmin","Allow","FullControl","True"
"Y:\ttbntfile1\shared\appsdata\groups\1-Administrative\Z-PoliciesProcedures (working files only)\2023 PP Working Files- Complete\1- Templates for Manual\01 Project Procurement","CREATOR OWNER","Allow","FullControl","True"
"Y:\ttbntfile1\shared\appsdata\groups\1-Administrative\Z-PoliciesProcedures (working files only)\2023 PP Working Files- Complete\1- Templates for Manual\01 Project Procurement","BUILTIN\Administrators","Allow","FullControl","True"
"Y:\ttbntfile1\shared\appsdata\groups\1-Administrative\Z-PoliciesProcedures (working files only)\2023 PP Working Files- Complete\1- Templates for Manual\01 Project Procurement","NT AUTHORITY\SYSTEM","Allow","FullControl","True"
"Y:\ttbntfile1\shared\appsdata\groups\1-Administrative\Z-PoliciesProcedures (working files only)\2023 PP Working Files- Complete\1- Templates for Manual\02 Estimating and Preconstruction","TONNANDBLANK\AVD Test Users","Allow","FullControl","True"
"Y:\ttbntfile1\shared\appsdata\groups\1-Administrative\Z-PoliciesProcedures (working files only)\2023 PP Working Files- Complete\1- Templates for Manual\02 Estimating and Preconstruction","TONNANDBLANK\impactadmin","Allow","FullControl","True"
"Y:\ttbntfile1\shared\appsdata\groups\1-Administrative\Z-PoliciesProcedures (working files only)\2023 PP Working Files- Complete\1- Templates for Manual\02 Estimating and Preconstruction","CREATOR OWNER","Allow","FullControl","True"
"Y:\ttbntfile1\shared\appsdata\groups\1-Administrative\Z-PoliciesProcedures (working files only)\2023 PP Working Files- Complete\1- Templates for Manual\02 Estimating and Preconstruction","BUILTIN\Administrators","Allow","FullControl","True"
"Y:\ttbntfile1\shared\appsdata\groups\1-Administrative\Z-PoliciesProcedures (working files only)\2023 PP Working Files- Complete\1- Templates for Manual\02 Estimating and Preconstruction","NT AUTHORITY\SYSTEM","Allow","FullControl","True"
"Y:\ttbntfile1\shared\appsdata\groups\1-Administrative\Z-PoliciesProcedures (working files only)\2023 PP Working Files- Complete\1- Templates for Manual\03 Project Set-up and Construction Admin","TONNANDBLANK\AVD Test Users","Allow","FullControl","True"
"Y:\ttbntfile1\shared\appsdata\groups\1-Administrative\Z-PoliciesProcedures (working files only)\2023 PP Working Files- Complete\1- Templates for Manual\03 Project Set-up and Construction Admin","TONNANDBLANK\impactadmin","Allow","FullControl","True"
"Y:\ttbntfile1\shared\appsdata\groups\1-Administrative\Z-PoliciesProcedures (working files only)\2023 PP Working Files- Complete\1- Templates for Manual\03 Project Set-up and Construction Admin","CREATOR OWNER","Allow","FullControl","True"
"Y:\ttbntfile1\shared\appsdata\groups\1-Administrative\Z-PoliciesProcedures (working files only)\2023 PP Working Files- Complete\1- Templates for Manual\03 Project Set-up and Construction Admin","BUILTIN\Administrators","Allow","FullControl","True"
"Y:\ttbntfile1\shared\appsdata\groups\1-Administrative\Z-PoliciesProcedures (working files only)\2023 PP Working Files- Complete\1- Templates for Manual\03 Project Set-up and Construction Admin","NT AUTHORITY\SYSTEM","Allow","FullControl","True"
"Y:\ttbntfile1\shared\appsdata\groups\1-Administrative\Z-PoliciesProcedures (working files only)\2023 PP Working Files- Complete\1- Templates for Manual\04 Project Administration","TONNANDBLANK\AVD Test Users","Allow","FullControl","True"
"Y:\ttbntfile1\shared\appsdata\groups\1-Administrative\Z-PoliciesProcedures (working files only)\2023 PP Working Files- Complete\1- Templates for Manual\04 Project Administration","TONNANDBLANK\impactadmin","Allow","FullControl","True"
"Y:\ttbntfile1\shared\appsdata\groups\1-Administrative\Z-PoliciesProcedures (working files only)\2023 PP Working Files- Complete\1- Templates for Manual\04 Project Administration","CREATOR OWNER","Allow","FullControl","True"
"Y:\ttbntfile1\shared\appsdata\groups\1-Administrative\Z-PoliciesProcedures (working files only)\2023 PP Working Files- Complete\1- Templates for Manual\04 Project Administration","BUILTIN\Administrators","Allow","FullControl","True"
"Y:\ttbntfile1\shared\appsdata\groups\1-Administrative\Z-PoliciesProcedures (working files only)\2023 PP Working Files- Complete\1- Templates for Manual\04 Project Administration","NT AUTHORITY\SYSTEM","Allow","FullControl","True"
"Y:\ttbntfile1\shared\appsdata\groups\1-Administrative\Z-PoliciesProcedures (working files only)\2023 PP Working Files- Complete\1- Templates for Manual\05 Quality Control","TONNANDBLANK\AVD Test Users","Allow","FullControl","True"
"Y:\ttbntfile1\shared\appsdata\groups\1-Administrative\Z-PoliciesProcedures (working files only)\2023 PP Working Files- Complete\1- Templates for Manual\05 Quality Control","TONNANDBLANK\impactadmin","Allow","FullControl","True"
"Y:\ttbntfile1\shared\appsdata\groups\1-Administrative\Z-PoliciesProcedures (working files only)\2023 PP Working Files- Complete\1- Templates for Manual\05 Quality Control","CREATOR OWNER","Allow","FullControl","True"
"Y:\ttbntfile1\shared\appsdata\groups\1-Administrative\Z-PoliciesProcedures (working files only)\2023 PP Working Files- Complete\1- Templates for Manual\05 Quality Control","BUILTIN\Administrators","Allow","FullControl","True"
"Y:\ttbntfile1\shared\appsdata\groups\1-Administrative\Z-PoliciesProcedures (working files only)\2023 PP Working Files- Complete\1- Templates for Manual\05 Quality Control","NT AUTHORITY\SYSTEM","Allow","FullControl","True"
"Y:\ttbntfile1\shared\appsdata\groups\1-Administrative\Z-PoliciesProcedures (working files only)\2023 PP Working Files- Complete\1- Templates for Manual\06 Document Control","TONNANDBLANK\AVD Test Users","Allow","FullControl","True"
"Y:\ttbntfile1\shared\appsdata\groups\1-Administrative\Z-PoliciesProcedures (working files only)\2023 PP Working Files- Complete\1- Templates for Manual\06 Document Control","TONNANDBLANK\impactadmin","Allow","FullControl","True"
"Y:\ttbntfile1\shared\appsdata\groups\1-Administrative\Z-PoliciesProcedures (working files only)\2023 PP Working Files- Complete\1- Templates for Manual\06 Document Control","CREATOR OWNER","Allow","FullControl","True"
"Y:\ttbntfile1\shared\appsdata\groups\1-Administrative\Z-PoliciesProcedures (working files only)\2023 PP Working Files- Complete\1- Templates for Manual\06 Document Control","BUILTIN\Administrators","Allow","FullControl","True"
"Y:\ttbntfile1\shared\appsdata\groups\1-Administrative\Z-PoliciesProcedures (working files only)\2023 PP Working Files- Complete\1- Templates for Manual\06 Document Control","NT AUTHORITY\SYSTEM","Allow","FullControl","True"
"Y:\ttbntfile1\shared\appsdata\groups\1-Administrative\Z-PoliciesProcedures (working files only)\2023 PP Working Files- Complete\1- Templates for Manual\07 Administrative and Project Records","TONNANDBLANK\AVD Test Users","Allow","FullControl","True"
"Y:\ttbntfile1\shared\appsdata\groups\1-Administrative\Z-PoliciesProcedures (working files only)\2023 PP Working Files- Complete\1- Templates for Manual\07 Administrative and Project Records","TONNANDBLANK\impactadmin","Allow","FullControl","True"
"Y:\ttbntfile1\shared\appsdata\groups\1-Administrative\Z-PoliciesProcedures (working files only)\2023 PP Working Files- Complete\1- Templates for Manual\07 Administrative and Project Records","CREATOR OWNER","Allow","FullControl","True"
"Y:\ttbntfile1\shared\appsdata\groups\1-Administrative\Z-PoliciesProcedures (working files only)\2023 PP Working Files- Complete\1- Templates for Manual\07 Administrative and Project Records","BUILTIN\Administrators","Allow","FullControl","True"
"Y:\ttbntfile1\shared\appsdata\groups\1-Administrative\Z-PoliciesProcedures (working files only)\2023 PP Working Files- Complete\1- Templates for Manual\07 Administrative and Project Records","NT AUTHORITY\SYSTEM","Allow","FullControl","True"
"Y:\ttbntfile1\shared\appsdata\groups\1-Administrative\Z-PoliciesProcedures (working files only)\2023 PP Working Files- Complete\1- Templates for Manual\08 Cost Control","TONNANDBLANK\AVD Test Users","Allow","FullControl","True"
"Y:\ttbntfile1\shared\appsdata\groups\1-Administrative\Z-PoliciesProcedures (working files only)\2023 PP Working Files- Complete\1- Templates for Manual\08 Cost Control","TONNANDBLANK\impactadmin","Allow","FullControl","True"
"Y:\ttbntfile1\shared\appsdata\groups\1-Administrative\Z-PoliciesProcedures (working files only)\2023 PP Working Files- Complete\1- Templates for Manual\08 Cost Control","CREATOR OWNER","Allow","FullControl","True"
"Y:\ttbntfile1\shared\appsdata\groups\1-Administrative\Z-PoliciesProcedures (working files only)\2023 PP Working Files- Complete\1- Templates for Manual\08 Cost Control","BUILTIN\Administrators","Allow","FullControl","True"
"Y:\ttbntfile1\shared\appsdata\groups\1-Administrative\Z-PoliciesProcedures (working files only)\2023 PP Working Files- Complete\1- Templates for Manual\08 Cost Control","NT AUTHORITY\SYSTEM","Allow","FullControl","True"
"Y:\ttbntfile1\shared\appsdata\groups\1-Administrative\Z-PoliciesProcedures (working files only)\2023 PP Working Files- Complete\1- Templates for Manual\09 Accounting","TONNANDBLANK\AVD Test Users","Allow","FullControl","True"
"Y:\ttbntfile1\shared\appsdata\groups\1-Administrative\Z-PoliciesProcedures (working files only)\2023 PP Working Files- Complete\1- Templates for Manual\09 Accounting","TONNANDBLANK\impactadmin","Allow","FullControl","True"
"Y:\ttbntfile1\shared\appsdata\groups\1-Administrative\Z-PoliciesProcedures (working files only)\2023 PP Working Files- Complete\1- Templates for Manual\09 Accounting","CREATOR OWNER","Allow","FullControl","True"
"Y:\ttbntfile1\shared\appsdata\groups\1-Administrative\Z-PoliciesProcedures (working files only)\2023 PP Working Files- Complete\1- Templates for Manual\09 Accounting","BUILTIN\Administrators","Allow","FullControl","True"
"Y:\ttbntfile1\shared\appsdata\groups\1-Administrative\Z-PoliciesProcedures (working files only)\2023 PP Working Files- Complete\1- Templates for Manual\09 Accounting","NT AUTHORITY\SYSTEM","Allow","FullControl","True"
"Y:\ttbntfile1\shared\appsdata\groups\1-Administrative\Z-PoliciesProcedures (working files only)\2023 PP Working Files- Complete\1- Templates for Manual\10 Jobsite Equipment and Small Tool","TONNANDBLANK\AVD Test Users","Allow","FullControl","True"
"Y:\ttbntfile1\shared\appsdata\groups\1-Administrative\Z-PoliciesProcedures (working files only)\2023 PP Working Files- Complete\1- Templates for Manual\10 Jobsite Equipment and Small Tool","TONNANDBLANK\impactadmin","Allow","FullControl","True"
"Y:\ttbntfile1\shared\appsdata\groups\1-Administrative\Z-PoliciesProcedures (working files only)\2023 PP Working Files- Complete\1- Templates for Manual\10 Jobsite Equipment and Small Tool","CREATOR OWNER","Allow","FullControl","True"
"Y:\ttbntfile1\shared\appsdata\groups\1-Administrative\Z-PoliciesProcedures (working files only)\2023 PP Working Files- Complete\1- Templates for Manual\10 Jobsite Equipment and Small Tool","BUILTIN\Administrators","Allow","FullControl","True"
"Y:\ttbntfile1\shared\appsdata\groups\1-Administrative\Z-PoliciesProcedures (working files only)\2023 PP Working Files- Complete\1- Templates for Manual\10 Jobsite Equipment and Small Tool","NT AUTHORITY\SYSTEM","Allow","FullControl","True"
"Y:\ttbntfile1\shared\appsdata\groups\1-Administrative\Z-PoliciesProcedures (working files only)\2023 PP Working Files- Complete\1- Templates for Manual\11 Safety","TONNANDBLANK\AVD Test Users","Allow","FullControl","True"
"Y:\ttbntfile1\shared\appsdata\groups\1-Administrative\Z-PoliciesProcedures (working files only)\2023 PP Working Files- Complete\1- Templates for Manual\11 Safety","TONNANDBLANK\impactadmin","Allow","FullControl","True"
"Y:\ttbntfile1\shared\appsdata\groups\1-Administrative\Z-PoliciesProcedures (working files only)\2023 PP Working Files- Complete\1- Templates for Manual\11 Safety","CREATOR OWNER","Allow","FullControl","True"
"Y:\ttbntfile1\shared\appsdata\groups\1-Administrative\Z-PoliciesProcedures (working files only)\2023 PP Working Files- Complete\1- Templates for Manual\11 Safety","BUILTIN\Administrators","Allow","FullControl","True"
"Y:\ttbntfile1\shared\appsdata\groups\1-Administrative\Z-PoliciesProcedures (working files only)\2023 PP Working Files- Complete\1- Templates for Manual\11 Safety","NT AUTHORITY\SYSTEM","Allow","FullControl","True"
"Y:\ttbntfile1\shared\appsdata\groups\1-Administrative\Z-PoliciesProcedures (working files only)\2023 PP Working Files- Complete\1- Templates for Manual\12 Insurance","TONNANDBLANK\AVD Test Users","Allow","FullControl","True"
"Y:\ttbntfile1\shared\appsdata\groups\1-Administrative\Z-PoliciesProcedures (working files only)\2023 PP Working Files- Complete\1- Templates for Manual\12 Insurance","TONNANDBLANK\impactadmin","Allow","FullControl","True"
"Y:\ttbntfile1\shared\appsdata\groups\1-Administrative\Z-PoliciesProcedures (working files only)\2023 PP Working Files- Complete\1- Templates for Manual\12 Insurance","CREATOR OWNER","Allow","FullControl","True"
"Y:\ttbntfile1\shared\appsdata\groups\1-Administrative\Z-PoliciesProcedures (working files only)\2023 PP Working Files- Complete\1- Templates for Manual\12 Insurance","BUILTIN\Administrators","Allow","FullControl","True"
"Y:\ttbntfile1\shared\appsdata\groups\1-Administrative\Z-PoliciesProcedures (working files only)\2023 PP Working Files- Complete\1- Templates for Manual\12 Insurance","NT AUTHORITY\SYSTEM","Allow","FullControl","True"
"Y:\ttbntfile1\shared\appsdata\groups\1-Administrative\Z-PoliciesProcedures (working files only)\2023 PP Working Files- Complete\1- Templates for Manual\13 Bonds","TONNANDBLANK\AVD Test Users","Allow","FullControl","True"
"Y:\ttbntfile1\shared\appsdata\groups\1-Administrative\Z-PoliciesProcedures (working files only)\2023 PP Working Files- Complete\1- Templates for Manual\13 Bonds","TONNANDBLANK\impactadmin","Allow","FullControl","True"
"Y:\ttbntfile1\shared\appsdata\groups\1-Administrative\Z-PoliciesProcedures (working files only)\2023 PP Working Files- Complete\1- Templates for Manual\13 Bonds","CREATOR OWNER","Allow","FullControl","True"
"Y:\ttbntfile1\shared\appsdata\groups\1-Administrative\Z-PoliciesProcedures (working files only)\2023 PP Working Files- Complete\1- Templates for Manual\13 Bonds","BUILTIN\Administrators","Allow","FullControl","True"
"Y:\ttbntfile1\shared\appsdata\groups\1-Administrative\Z-PoliciesProcedures (working files only)\2023 PP Working Files- Complete\1- Templates for Manual\13 Bonds","NT AUTHORITY\SYSTEM","Allow","FullControl","True"
"Y:\ttbntfile1\shared\appsdata\groups\1-Administrative\Z-PoliciesProcedures (working files only)\2023 PP Working Files- Complete\1- Templates for Manual\14 Program Management","TONNANDBLANK\AVD Test Users","Allow","FullControl","True"
"Y:\ttbntfile1\shared\appsdata\groups\1-Administrative\Z-PoliciesProcedures (working files only)\2023 PP Working Files- Complete\1- Templates for Manual\14 Program Management","TONNANDBLANK\impactadmin","Allow","FullControl","True"
"Y:\ttbntfile1\shared\appsdata\groups\1-Administrative\Z-PoliciesProcedures (working files only)\2023 PP Working Files- Complete\1- Templates for Manual\14 Program Management","CREATOR OWNER","Allow","FullControl","True"
"Y:\ttbntfile1\shared\appsdata\groups\1-Administrative\Z-PoliciesProcedures (working files only)\2023 PP Working Files- Complete\1- Templates for Manual\14 Program Management","BUILTIN\Administrators","Allow","FullControl","True"
"Y:\ttbntfile1\shared\appsdata\groups\1-Administrative\Z-PoliciesProcedures (working files only)\2023 PP Working Files- Complete\1- Templates for Manual\14 Program Management","NT AUTHORITY\SYSTEM","Allow","FullControl","True"
"Y:\ttbntfile1\shared\appsdata\groups\1-Administrative\Z-PoliciesProcedures (working files only)\2023 PP Working Files- Complete\1- Templates for Manual\15 Project Closeout","TONNANDBLANK\AVD Test Users","Allow","FullControl","True"
"Y:\ttbntfile1\shared\appsdata\groups\1-Administrative\Z-PoliciesProcedures (working files only)\2023 PP Working Files- Complete\1- Templates for Manual\15 Project Closeout","TONNANDBLANK\impactadmin","Allow","FullControl","True"
"Y:\ttbntfile1\shared\appsdata\groups\1-Administrative\Z-PoliciesProcedures (working files only)\2023 PP Working Files- Complete\1- Templates for Manual\15 Project Closeout","CREATOR OWNER","Allow","FullControl","True"
"Y:\ttbntfile1\shared\appsdata\groups\1-Administrative\Z-PoliciesProcedures (working files only)\2023 PP Working Files- Complete\1- Templates for Manual\15 Project Closeout","BUILTIN\Administrators","Allow","FullControl","True"
"Y:\ttbntfile1\shared\appsdata\groups\1-Administrative\Z-PoliciesProcedures (working files only)\2023 PP Working Files- Complete\1- Templates for Manual\15 Project Closeout","NT AUTHORITY\SYSTEM","Allow","FullControl","True"
"Y:\ttbntfile1\shared\appsdata\groups\1-Administrative\Z-PoliciesProcedures (working files only)\2023 PP Working Files- Complete\1- Templates for Manual\16 Design Build - In-house Design","TONNANDBLANK\AVD Test Users","Allow","FullControl","True"
"Y:\ttbntfile1\shared\appsdata\groups\1-Administrative\Z-PoliciesProcedures (working files only)\2023 PP Working Files- Complete\1- Templates for Manual\16 Design Build - In-house Design","TONNANDBLANK\impactadmin","Allow","FullControl","True"
"Y:\ttbntfile1\shared\appsdata\groups\1-Administrative\Z-PoliciesProcedures (working files only)\2023 PP Working Files- Complete\1- Templates for Manual\16 Design Build - In-house Design","CREATOR OWNER","Allow","FullControl","True"
"Y:\ttbntfile1\shared\appsdata\groups\1-Administrative\Z-PoliciesProcedures (working files only)\2023 PP Working Files- Complete\1- Templates for Manual\16 Design Build - In-house Design","BUILTIN\Administrators","Allow","FullControl","True"
"Y:\ttbntfile1\shared\appsdata\groups\1-Administrative\Z-PoliciesProcedures (working files only)\2023 PP Working Files- Complete\1- Templates for Manual\16 Design Build - In-house Design","NT AUTHORITY\SYSTEM","Allow","FullControl","True"
"Y:\ttbntfile1\shared\appsdata\groups\1-Administrative\Z-PoliciesProcedures (working files only)\Archive - DO NOT USE\00-MasterIndex_IntroToProc-DONE","TONNANDBLANK\AVD Test Users","Allow","FullControl","True"
"Y:\ttbntfile1\shared\appsdata\groups\1-Administrative\Z-PoliciesProcedures (working files only)\Archive - DO NOT USE\00-MasterIndex_IntroToProc-DONE","TONNANDBLANK\impactadmin","Allow","FullControl","True"
"Y:\ttbntfile1\shared\appsdata\groups\1-Administrative\Z-PoliciesProcedures (working files only)\Archive - DO NOT USE\00-MasterIndex_IntroToProc-DONE","CREATOR OWNER","Allow","FullControl","True"
"Y:\ttbntfile1\shared\appsdata\groups\1-Administrative\Z-PoliciesProcedures (working files only)\Archive - DO NOT USE\00-MasterIndex_IntroToProc-DONE","BUILTIN\Administrators","Allow","FullControl","True"
"Y:\ttbntfile1\shared\appsdata\groups\1-Administrative\Z-PoliciesProcedures (working files only)\Archive - DO NOT USE\00-MasterIndex_IntroToProc-DONE","NT AUTHORITY\SYSTEM","Allow","FullControl","True"
"Y:\ttbntfile1\shared\appsdata\groups\1-Administrative\Z-PoliciesProcedures (working files only)\Archive - DO NOT USE\01-Proj_Proc_Owner_Contracting-DONE","TONNANDBLANK\AVD Test Users","Allow","FullControl","True"
"Y:\ttbntfile1\shared\appsdata\groups\1-Administrative\Z-PoliciesProcedures (working files only)\Archive - DO NOT USE\01-Proj_Proc_Owner_Contracting-DONE","TONNANDBLANK\impactadmin","Allow","FullControl","True"
"Y:\ttbntfile1\shared\appsdata\groups\1-Administrative\Z-PoliciesProcedures (working files only)\Archive - DO NOT USE\01-Proj_Proc_Owner_Contracting-DONE","CREATOR OWNER","Allow","FullControl","True"
"Y:\ttbntfile1\shared\appsdata\groups\1-Administrative\Z-PoliciesProcedures (working files only)\Archive - DO NOT USE\01-Proj_Proc_Owner_Contracting-DONE","BUILTIN\Administrators","Allow","FullControl","True"
"Y:\ttbntfile1\shared\appsdata\groups\1-Administrative\Z-PoliciesProcedures (working files only)\Archive - DO NOT USE\01-Proj_Proc_Owner_Contracting-DONE","NT AUTHORITY\SYSTEM","Allow","FullControl","True"
"Y:\ttbntfile1\shared\appsdata\groups\1-Administrative\Z-PoliciesProcedures (working files only)\Archive - DO NOT USE\02-Estimating_Preconstruction-TBA","TONNANDBLANK\AVD Test Users","Allow","FullControl","True"
"Y:\ttbntfile1\shared\appsdata\groups\1-Administrative\Z-PoliciesProcedures (working files only)\Archive - DO NOT USE\02-Estimating_Preconstruction-TBA","TONNANDBLANK\impactadmin","Allow","FullControl","True"
"Y:\ttbntfile1\shared\appsdata\groups\1-Administrative\Z-PoliciesProcedures (working files only)\Archive - DO NOT USE\02-Estimating_Preconstruction-TBA","CREATOR OWNER","Allow","FullControl","True"
"Y:\ttbntfile1\shared\appsdata\groups\1-Administrative\Z-PoliciesProcedures (working files only)\Archive - DO NOT USE\02-Estimating_Preconstruction-TBA","BUILTIN\Administrators","Allow","FullControl","True"
"Y:\ttbntfile1\shared\appsdata\groups\1-Administrative\Z-PoliciesProcedures (working files only)\Archive - DO NOT USE\02-Estimating_Preconstruction-TBA","NT AUTHORITY\SYSTEM","Allow","FullControl","True"
"Y:\ttbntfile1\shared\appsdata\groups\1-Administrative\Z-PoliciesProcedures (working files only)\Archive - DO NOT USE\03-Proj_SetUp_ContrAdmin-DONE","TONNANDBLANK\AVD Test Users","Allow","FullControl","True"
"Y:\ttbntfile1\shared\appsdata\groups\1-Administrative\Z-PoliciesProcedures (working files only)\Archive - DO NOT USE\03-Proj_SetUp_ContrAdmin-DONE","TONNANDBLANK\impactadmin","Allow","FullControl","True"
"Y:\ttbntfile1\shared\appsdata\groups\1-Administrative\Z-PoliciesProcedures (working files only)\Archive - DO NOT USE\03-Proj_SetUp_ContrAdmin-DONE","CREATOR OWNER","Allow","FullControl","True"
"Y:\ttbntfile1\shared\appsdata\groups\1-Administrative\Z-PoliciesProcedures (working files only)\Archive - DO NOT USE\03-Proj_SetUp_ContrAdmin-DONE","BUILTIN\Administrators","Allow","FullControl","True"
"Y:\ttbntfile1\shared\appsdata\groups\1-Administrative\Z-PoliciesProcedures (working files only)\Archive - DO NOT USE\03-Proj_SetUp_ContrAdmin-DONE","NT AUTHORITY\SYSTEM","Allow","FullControl","True"
"Y:\ttbntfile1\shared\appsdata\groups\1-Administrative\Z-PoliciesProcedures (working files only)\Archive - DO NOT USE\04-Proj_Admin-DONE","TONNANDBLANK\AVD Test Users","Allow","FullControl","True"
"Y:\ttbntfile1\shared\appsdata\groups\1-Administrative\Z-PoliciesProcedures (working files only)\Archive - DO NOT USE\04-Proj_Admin-DONE","TONNANDBLANK\impactadmin","Allow","FullControl","True"
"Y:\ttbntfile1\shared\appsdata\groups\1-Administrative\Z-PoliciesProcedures (working files only)\Archive - DO NOT USE\04-Proj_Admin-DONE","CREATOR OWNER","Allow","FullControl","True"
"Y:\ttbntfile1\shared\appsdata\groups\1-Administrative\Z-PoliciesProcedures (working files only)\Archive - DO NOT USE\04-Proj_Admin-DONE","BUILTIN\Administrators","Allow","FullControl","True"
"Y:\ttbntfile1\shared\appsdata\groups\1-Administrative\Z-PoliciesProcedures (working files only)\Archive - DO NOT USE\04-Proj_Admin-DONE","NT AUTHORITY\SYSTEM","Allow","FullControl","True"
"Y:\ttbntfile1\shared\appsdata\groups\1-Administrative\Z-PoliciesProcedures (working files only)\Archive - DO NOT USE\05-Quality_Control-DONE","TONNANDBLANK\AVD Test Users","Allow","FullControl","True"
"Y:\ttbntfile1\shared\appsdata\groups\1-Administrative\Z-PoliciesProcedures (working files only)\Archive - DO NOT USE\05-Quality_Control-DONE","TONNANDBLANK\impactadmin","Allow","FullControl","True"
"Y:\ttbntfile1\shared\appsdata\groups\1-Administrative\Z-PoliciesProcedures (working files only)\Archive - DO NOT USE\05-Quality_Control-DONE","CREATOR OWNER","Allow","FullControl","True"
"Y:\ttbntfile1\shared\appsdata\groups\1-Administrative\Z-PoliciesProcedures (working files only)\Archive - DO NOT USE\05-Quality_Control-DONE","BUILTIN\Administrators","Allow","FullControl","True"
"Y:\ttbntfile1\shared\appsdata\groups\1-Administrative\Z-PoliciesProcedures (working files only)\Archive - DO NOT USE\05-Quality_Control-DONE","NT AUTHORITY\SYSTEM","Allow","FullControl","True"
"Y:\ttbntfile1\shared\appsdata\groups\1-Administrative\Z-PoliciesProcedures (working files only)\Archive - DO NOT USE\06-Document_Control-DONE","TONNANDBLANK\AVD Test Users","Allow","FullControl","True"
"Y:\ttbntfile1\shared\appsdata\groups\1-Administrative\Z-PoliciesProcedures (working files only)\Archive - DO NOT USE\06-Document_Control-DONE","TONNANDBLANK\impactadmin","Allow","FullControl","True"
"Y:\ttbntfile1\shared\appsdata\groups\1-Administrative\Z-PoliciesProcedures (working files only)\Archive - DO NOT USE\06-Document_Control-DONE","CREATOR OWNER","Allow","FullControl","True"
"Y:\ttbntfile1\shared\appsdata\groups\1-Administrative\Z-PoliciesProcedures (working files only)\Archive - DO NOT USE\06-Document_Control-DONE","BUILTIN\Administrators","Allow","FullControl","True"
"Y:\ttbntfile1\shared\appsdata\groups\1-Administrative\Z-PoliciesProcedures (working files only)\Archive - DO NOT USE\06-Document_Control-DONE","NT AUTHORITY\SYSTEM","Allow","FullControl","True"
"Y:\ttbntfile1\shared\appsdata\groups\1-Administrative\Z-PoliciesProcedures (working files only)\Archive - DO NOT USE\07-Admin_Proj_Record_Control-DONE","TONNANDBLANK\AVD Test Users","Allow","FullControl","True"
"Y:\ttbntfile1\shared\appsdata\groups\1-Administrative\Z-PoliciesProcedures (working files only)\Archive - DO NOT USE\07-Admin_Proj_Record_Control-DONE","TONNANDBLANK\impactadmin","Allow","FullControl","True"
"Y:\ttbntfile1\shared\appsdata\groups\1-Administrative\Z-PoliciesProcedures (working files only)\Archive - DO NOT USE\07-Admin_Proj_Record_Control-DONE","CREATOR OWNER","Allow","FullControl","True"
"Y:\ttbntfile1\shared\appsdata\groups\1-Administrative\Z-PoliciesProcedures (working files only)\Archive - DO NOT USE\07-Admin_Proj_Record_Control-DONE","BUILTIN\Administrators","Allow","FullControl","True"
"Y:\ttbntfile1\shared\appsdata\groups\1-Administrative\Z-PoliciesProcedures (working files only)\Archive - DO NOT USE\07-Admin_Proj_Record_Control-DONE","NT AUTHORITY\SYSTEM","Allow","FullControl","True"
"Y:\ttbntfile1\shared\appsdata\groups\1-Administrative\Z-PoliciesProcedures (working files only)\Archive - DO NOT USE\08-Cost_Control-DONE","TONNANDBLANK\AVD Test Users","Allow","FullControl","True"
"Y:\ttbntfile1\shared\appsdata\groups\1-Administrative\Z-PoliciesProcedures (working files only)\Archive - DO NOT USE\08-Cost_Control-DONE","TONNANDBLANK\impactadmin","Allow","FullControl","True"
"Y:\ttbntfile1\shared\appsdata\groups\1-Administrative\Z-PoliciesProcedures (working files only)\Archive - DO NOT USE\08-Cost_Control-DONE","CREATOR OWNER","Allow","FullControl","True"
"Y:\ttbntfile1\shared\appsdata\groups\1-Administrative\Z-PoliciesProcedures (working files only)\Archive - DO NOT USE\08-Cost_Control-DONE","BUILTIN\Administrators","Allow","FullControl","True"
"Y:\ttbntfile1\shared\appsdata\groups\1-Administrative\Z-PoliciesProcedures (working files only)\Archive - DO NOT USE\08-Cost_Control-DONE","NT AUTHORITY\SYSTEM","Allow","FullControl","True"
"Y:\ttbntfile1\shared\appsdata\groups\1-Administrative\Z-PoliciesProcedures (working files only)\Archive - DO NOT USE\09-Accounting-DONE","TONNANDBLANK\AVD Test Users","Allow","FullControl","True"
"Y:\ttbntfile1\shared\appsdata\groups\1-Administrative\Z-PoliciesProcedures (working files only)\Archive - DO NOT USE\09-Accounting-DONE","TONNANDBLANK\impactadmin","Allow","FullControl","True"
"Y:\ttbntfile1\shared\appsdata\groups\1-Administrative\Z-PoliciesProcedures (working files only)\Archive - DO NOT USE\09-Accounting-DONE","CREATOR OWNER","Allow","FullControl","True"
"Y:\ttbntfile1\shared\appsdata\groups\1-Administrative\Z-PoliciesProcedures (working files only)\Archive - DO NOT USE\09-Accounting-DONE","BUILTIN\Administrators","Allow","FullControl","True"
"Y:\ttbntfile1\shared\appsdata\groups\1-Administrative\Z-PoliciesProcedures (working files only)\Archive - DO NOT USE\09-Accounting-DONE","NT AUTHORITY\SYSTEM","Allow","FullControl","True"
"Y:\ttbntfile1\shared\appsdata\groups\1-Administrative\Z-PoliciesProcedures (working files only)\Archive - DO NOT USE\10-Job_Site_Equip_SmTools-DONE","TONNANDBLANK\AVD Test Users","Allow","FullControl","True"
"Y:\ttbntfile1\shared\appsdata\groups\1-Administrative\Z-PoliciesProcedures (working files only)\Archive - DO NOT USE\10-Job_Site_Equip_SmTools-DONE","TONNANDBLANK\impactadmin","Allow","FullControl","True"
"Y:\ttbntfile1\shared\appsdata\groups\1-Administrative\Z-PoliciesProcedures (working files only)\Archive - DO NOT USE\10-Job_Site_Equip_SmTools-DONE","CREATOR OWNER","Allow","FullControl","True"
"Y:\ttbntfile1\shared\appsdata\groups\1-Administrative\Z-PoliciesProcedures (working files only)\Archive - DO NOT USE\10-Job_Site_Equip_SmTools-DONE","BUILTIN\Administrators","Allow","FullControl","True"
"Y:\ttbntfile1\shared\appsdata\groups\1-Administrative\Z-PoliciesProcedures (working files only)\Archive - DO NOT USE\10-Job_Site_Equip_SmTools-DONE","NT AUTHORITY\SYSTEM","Allow","FullControl","True"
"Y:\ttbntfile1\shared\appsdata\groups\1-Administrative\Z-PoliciesProcedures (working files only)\Archive - DO NOT USE\11-Safety-DONE","TONNANDBLANK\AVD Test Users","Allow","FullControl","True"
"Y:\ttbntfile1\shared\appsdata\groups\1-Administrative\Z-PoliciesProcedures (working files only)\Archive - DO NOT USE\11-Safety-DONE","TONNANDBLANK\impactadmin","Allow","FullControl","True"
"Y:\ttbntfile1\shared\appsdata\groups\1-Administrative\Z-PoliciesProcedures (working files only)\Archive - DO NOT USE\11-Safety-DONE","CREATOR OWNER","Allow","FullControl","True"
"Y:\ttbntfile1\shared\appsdata\groups\1-Administrative\Z-PoliciesProcedures (working files only)\Archive - DO NOT USE\11-Safety-DONE","BUILTIN\Administrators","Allow","FullControl","True"
"Y:\ttbntfile1\shared\appsdata\groups\1-Administrative\Z-PoliciesProcedures (working files only)\Archive - DO NOT USE\11-Safety-DONE","NT AUTHORITY\SYSTEM","Allow","FullControl","True"
"Y:\ttbntfile1\shared\appsdata\groups\1-Administrative\Z-PoliciesProcedures (working files only)\Archive - DO NOT USE\12-Insurance-DONE","TONNANDBLANK\AVD Test Users","Allow","FullControl","True"
"Y:\ttbntfile1\shared\appsdata\groups\1-Administrative\Z-PoliciesProcedures (working files only)\Archive - DO NOT USE\12-Insurance-DONE","TONNANDBLANK\impactadmin","Allow","FullControl","True"
"Y:\ttbntfile1\shared\appsdata\groups\1-Administrative\Z-PoliciesProcedures (working files only)\Archive - DO NOT USE\12-Insurance-DONE","CREATOR OWNER","Allow","FullControl","True"
"Y:\ttbntfile1\shared\appsdata\groups\1-Administrative\Z-PoliciesProcedures (working files only)\Archive - DO NOT USE\12-Insurance-DONE","BUILTIN\Administrators","Allow","FullControl","True"
"Y:\ttbntfile1\shared\appsdata\groups\1-Administrative\Z-PoliciesProcedures (working files only)\Archive - DO NOT USE\12-Insurance-DONE","NT AUTHORITY\SYSTEM","Allow","FullControl","True"
"Y:\ttbntfile1\shared\appsdata\groups\1-Administrative\Z-PoliciesProcedures (working files only)\Archive - DO NOT USE\13-Bonds-DONE","TONNANDBLANK\AVD Test Users","Allow","FullControl","True"
"Y:\ttbntfile1\shared\appsdata\groups\1-Administrative\Z-PoliciesProcedures (working files only)\Archive - DO NOT USE\13-Bonds-DONE","TONNANDBLANK\impactadmin","Allow","FullControl","True"
"Y:\ttbntfile1\shared\appsdata\groups\1-Administrative\Z-PoliciesProcedures (working files only)\Archive - DO NOT USE\13-Bonds-DONE","CREATOR OWNER","Allow","FullControl","True"
"Y:\ttbntfile1\shared\appsdata\groups\1-Administrative\Z-PoliciesProcedures (working files only)\Archive - DO NOT USE\13-Bonds-DONE","BUILTIN\Administrators","Allow","FullControl","True"
"Y:\ttbntfile1\shared\appsdata\groups\1-Administrative\Z-PoliciesProcedures (working files only)\Archive - DO NOT USE\13-Bonds-DONE","NT AUTHORITY\SYSTEM","Allow","FullControl","True"
"Y:\ttbntfile1\shared\appsdata\groups\1-Administrative\Z-PoliciesProcedures (working files only)\Archive - DO NOT USE\14-Program-Management-TBA","TONNANDBLANK\AVD Test Users","Allow","FullControl","True"
"Y:\ttbntfile1\shared\appsdata\groups\1-Administrative\Z-PoliciesProcedures (working files only)\Archive - DO NOT USE\14-Program-Management-TBA","TONNANDBLANK\impactadmin","Allow","FullControl","True"
"Y:\ttbntfile1\shared\appsdata\groups\1-Administrative\Z-PoliciesProcedures (working files only)\Archive - DO NOT USE\14-Program-Management-TBA","CREATOR OWNER","Allow","FullControl","True"
"Y:\ttbntfile1\shared\appsdata\groups\1-Administrative\Z-PoliciesProcedures (working files only)\Archive - DO NOT USE\14-Program-Management-TBA","BUILTIN\Administrators","Allow","FullControl","True"
"Y:\ttbntfile1\shared\appsdata\groups\1-Administrative\Z-PoliciesProcedures (working files only)\Archive - DO NOT USE\14-Program-Management-TBA","NT AUTHORITY\SYSTEM","Allow","FullControl","True"
"Y:\ttbntfile1\shared\appsdata\groups\1-Administrative\Z-PoliciesProcedures (working files only)\Archive - DO NOT USE\15-Project_CloseOut","TONNANDBLANK\AVD Test Users","Allow","FullControl","True"
"Y:\ttbntfile1\shared\appsdata\groups\1-Administrative\Z-PoliciesProcedures (working files only)\Archive - DO NOT USE\15-Project_CloseOut","TONNANDBLANK\impactadmin","Allow","FullControl","True"
"Y:\ttbntfile1\shared\appsdata\groups\1-Administrative\Z-PoliciesProcedures (working files only)\Archive - DO NOT USE\15-Project_CloseOut","CREATOR OWNER","Allow","FullControl","True"
"Y:\ttbntfile1\shared\appsdata\groups\1-Administrative\Z-PoliciesProcedures (working files only)\Archive - DO NOT USE\15-Project_CloseOut","BUILTIN\Administrators","Allow","FullControl","True"
"Y:\ttbntfile1\shared\appsdata\groups\1-Administrative\Z-PoliciesProcedures (working files only)\Archive - DO NOT USE\15-Project_CloseOut","NT AUTHORITY\SYSTEM","Allow","FullControl","True"
"Y:\ttbntfile1\shared\appsdata\groups\1-Administrative\Z-PoliciesProcedures (working files only)\Archive - DO NOT USE\16-Design_Bld_Inhouse_Design-DONE","TONNANDBLANK\AVD Test Users","Allow","FullControl","True"
"Y:\ttbntfile1\shared\appsdata\groups\1-Administrative\Z-PoliciesProcedures (working files only)\Archive - DO NOT USE\16-Design_Bld_Inhouse_Design-DONE","TONNANDBLANK\impactadmin","Allow","FullControl","True"
"Y:\ttbntfile1\shared\appsdata\groups\1-Administrative\Z-PoliciesProcedures (working files only)\Archive - DO NOT USE\16-Design_Bld_Inhouse_Design-DONE","CREATOR OWNER","Allow","FullControl","True"
"Y:\ttbntfile1\shared\appsdata\groups\1-Administrative\Z-PoliciesProcedures (working files only)\Archive - DO NOT USE\16-Design_Bld_Inhouse_Design-DONE","BUILTIN\Administrators","Allow","FullControl","True"
"Y:\ttbntfile1\shared\appsdata\groups\1-Administrative\Z-PoliciesProcedures (working files only)\Archive - DO NOT USE\16-Design_Bld_Inhouse_Design-DONE","NT AUTHORITY\SYSTEM","Allow","FullControl","True"
"Y:\ttbntfile1\shared\appsdata\groups\1-Administrative\Z-PoliciesProcedures (working files only)\Archive - DO NOT USE\99-Misc","TONNANDBLANK\AVD Test Users","Allow","FullControl","True"
"Y:\ttbntfile1\shared\appsdata\groups\1-Administrative\Z-PoliciesProcedures (working files only)\Archive - DO NOT USE\99-Misc","TONNANDBLANK\impactadmin","Allow","FullControl","True"
"Y:\ttbntfile1\shared\appsdata\groups\1-Administrative\Z-PoliciesProcedures (working files only)\Archive - DO NOT USE\99-Misc","CREATOR OWNER","Allow","FullControl","True"
"Y:\ttbntfile1\shared\appsdata\groups\1-Administrative\Z-PoliciesProcedures (working files only)\Archive - DO NOT USE\99-Misc","BUILTIN\Administrators","Allow","FullControl","True"
"Y:\ttbntfile1\shared\appsdata\groups\1-Administrative\Z-PoliciesProcedures (working files only)\Archive - DO NOT USE\99-Misc","NT AUTHORITY\SYSTEM","Allow","FullControl","True"
"Y:\ttbntfile1\shared\appsdata\groups\1-Administrative\Z-PoliciesProcedures (working files only)\Archive - DO NOT USE\Administrative","TONNANDBLANK\AVD Test Users","Allow","FullControl","True"
"Y:\ttbntfile1\shared\appsdata\groups\1-Administrative\Z-PoliciesProcedures (working files only)\Archive - DO NOT USE\Administrative","TONNANDBLANK\impactadmin","Allow","FullControl","True"
"Y:\ttbntfile1\shared\appsdata\groups\1-Administrative\Z-PoliciesProcedures (working files only)\Archive - DO NOT USE\Administrative","CREATOR OWNER","Allow","FullControl","True"
"Y:\ttbntfile1\shared\appsdata\groups\1-Administrative\Z-PoliciesProcedures (working files only)\Archive - DO NOT USE\Administrative","BUILTIN\Administrators","Allow","FullControl","True"
"Y:\ttbntfile1\shared\appsdata\groups\1-Administrative\Z-PoliciesProcedures (working files only)\Archive - DO NOT USE\Administrative","NT AUTHORITY\SYSTEM","Allow","FullControl","True"
"Y:\ttbntfile1\shared\appsdata\groups\1-Administrative\Z-PoliciesProcedures (working files only)\Archive - DO NOT USE\00-MasterIndex_IntroToProc-DONE\Archive","TONNANDBLANK\AVD Test Users","Allow","FullControl","True"
"Y:\ttbntfile1\shared\appsdata\groups\1-Administrative\Z-PoliciesProcedures (working files only)\Archive - DO NOT USE\00-MasterIndex_IntroToProc-DONE\Archive","TONNANDBLANK\impactadmin","Allow","FullControl","True"
"Y:\ttbntfile1\shared\appsdata\groups\1-Administrative\Z-PoliciesProcedures (working files only)\Archive - DO NOT USE\00-MasterIndex_IntroToProc-DONE\Archive","CREATOR OWNER","Allow","FullControl","True"
"Y:\ttbntfile1\shared\appsdata\groups\1-Administrative\Z-PoliciesProcedures (working files only)\Archive - DO NOT USE\00-MasterIndex_IntroToProc-DONE\Archive","BUILTIN\Administrators","Allow","FullControl","True"
"Y:\ttbntfile1\shared\appsdata\groups\1-Administrative\Z-PoliciesProcedures (working files only)\Archive - DO NOT USE\00-MasterIndex_IntroToProc-DONE\Archive","NT AUTHORITY\SYSTEM","Allow","FullControl","True"
"Y:\ttbntfile1\shared\appsdata\groups\1-Administrative\Z-PoliciesProcedures (working files only)\Archive - DO NOT USE\01-Proj_Proc_Owner_Contracting-DONE\Archive","TONNANDBLANK\AVD Test Users","Allow","FullControl","True"
"Y:\ttbntfile1\shared\appsdata\groups\1-Administrative\Z-PoliciesProcedures (working files only)\Archive - DO NOT USE\01-Proj_Proc_Owner_Contracting-DONE\Archive","TONNANDBLANK\impactadmin","Allow","FullControl","True"
"Y:\ttbntfile1\shared\appsdata\groups\1-Administrative\Z-PoliciesProcedures (working files only)\Archive - DO NOT USE\01-Proj_Proc_Owner_Contracting-DONE\Archive","CREATOR OWNER","Allow","FullControl","True"
"Y:\ttbntfile1\shared\appsdata\groups\1-Administrative\Z-PoliciesProcedures (working files only)\Archive - DO NOT USE\01-Proj_Proc_Owner_Contracting-DONE\Archive","BUILTIN\Administrators","Allow","FullControl","True"
"Y:\ttbntfile1\shared\appsdata\groups\1-Administrative\Z-PoliciesProcedures (working files only)\Archive - DO NOT USE\01-Proj_Proc_Owner_Contracting-DONE\Archive","NT AUTHORITY\SYSTEM","Allow","FullControl","True"
"Y:\ttbntfile1\shared\appsdata\groups\1-Administrative\Z-PoliciesProcedures (working files only)\Archive - DO NOT USE\02-Estimating_Preconstruction-TBA\14-Estimating-TBA","TONNANDBLANK\AVD Test Users","Allow","FullControl","True"
"Y:\ttbntfile1\shared\appsdata\groups\1-Administrative\Z-PoliciesProcedures (working files only)\Archive - DO NOT USE\02-Estimating_Preconstruction-TBA\14-Estimating-TBA","TONNANDBLANK\impactadmin","Allow","FullControl","True"
"Y:\ttbntfile1\shared\appsdata\groups\1-Administrative\Z-PoliciesProcedures (working files only)\Archive - DO NOT USE\02-Estimating_Preconstruction-TBA\14-Estimating-TBA","CREATOR OWNER","Allow","FullControl","True"
"Y:\ttbntfile1\shared\appsdata\groups\1-Administrative\Z-PoliciesProcedures (working files only)\Archive - DO NOT USE\02-Estimating_Preconstruction-TBA\14-Estimating-TBA","BUILTIN\Administrators","Allow","FullControl","True"
"Y:\ttbntfile1\shared\appsdata\groups\1-Administrative\Z-PoliciesProcedures (working files only)\Archive - DO NOT USE\02-Estimating_Preconstruction-TBA\14-Estimating-TBA","NT AUTHORITY\SYSTEM","Allow","FullControl","True"
"Y:\ttbntfile1\shared\appsdata\groups\1-Administrative\Z-PoliciesProcedures (working files only)\Archive - DO NOT USE\02-Estimating_Preconstruction-TBA\14-Estimating-TBA\Estimating SOP","TONNANDBLANK\AVD Test Users","Allow","FullControl","True"
"Y:\ttbntfile1\shared\appsdata\groups\1-Administrative\Z-PoliciesProcedures (working files only)\Archive - DO NOT USE\02-Estimating_Preconstruction-TBA\14-Estimating-TBA\Estimating SOP","TONNANDBLANK\impactadmin","Allow","FullControl","True"
"Y:\ttbntfile1\shared\appsdata\groups\1-Administrative\Z-PoliciesProcedures (working files only)\Archive - DO NOT USE\02-Estimating_Preconstruction-TBA\14-Estimating-TBA\Estimating SOP","CREATOR OWNER","Allow","FullControl","True"
"Y:\ttbntfile1\shared\appsdata\groups\1-Administrative\Z-PoliciesProcedures (working files only)\Archive - DO NOT USE\02-Estimating_Preconstruction-TBA\14-Estimating-TBA\Estimating SOP","BUILTIN\Administrators","Allow","FullControl","True"
"Y:\ttbntfile1\shared\appsdata\groups\1-Administrative\Z-PoliciesProcedures (working files only)\Archive - DO NOT USE\02-Estimating_Preconstruction-TBA\14-Estimating-TBA\Estimating SOP","NT AUTHORITY\SYSTEM","Allow","FullControl","True"
"Y:\ttbntfile1\shared\appsdata\groups\1-Administrative\Z-PoliciesProcedures (working files only)\Archive - DO NOT USE\02-Estimating_Preconstruction-TBA\14-Estimating-TBA\Estimating SOP\Misc","TONNANDBLANK\AVD Test Users","Allow","FullControl","True"
"Y:\ttbntfile1\shared\appsdata\groups\1-Administrative\Z-PoliciesProcedures (working files only)\Archive - DO NOT USE\02-Estimating_Preconstruction-TBA\14-Estimating-TBA\Estimating SOP\Misc","TONNANDBLANK\impactadmin","Allow","FullControl","True"
"Y:\ttbntfile1\shared\appsdata\groups\1-Administrative\Z-PoliciesProcedures (working files only)\Archive - DO NOT USE\02-Estimating_Preconstruction-TBA\14-Estimating-TBA\Estimating SOP\Misc","CREATOR OWNER","Allow","FullControl","True"
"Y:\ttbntfile1\shared\appsdata\groups\1-Administrative\Z-PoliciesProcedures (working files only)\Archive - DO NOT USE\02-Estimating_Preconstruction-TBA\14-Estimating-TBA\Estimating SOP\Misc","BUILTIN\Administrators","Allow","FullControl","True"
"Y:\ttbntfile1\shared\appsdata\groups\1-Administrative\Z-PoliciesProcedures (working files only)\Archive - DO NOT USE\02-Estimating_Preconstruction-TBA\14-Estimating-TBA\Estimating SOP\Misc","NT AUTHORITY\SYSTEM","Allow","FullControl","True"
"Y:\ttbntfile1\shared\appsdata\groups\1-Administrative\Z-PoliciesProcedures (working files only)\Archive - DO NOT USE\02-Estimating_Preconstruction-TBA\14-Estimating-TBA\Estimating SOP\OLD FILES","TONNANDBLANK\AVD Test Users","Allow","FullControl","True"
"Y:\ttbntfile1\shared\appsdata\groups\1-Administrative\Z-PoliciesProcedures (working files only)\Archive - DO NOT USE\02-Estimating_Preconstruction-TBA\14-Estimating-TBA\Estimating SOP\OLD FILES","TONNANDBLANK\impactadmin","Allow","FullControl","True"
"Y:\ttbntfile1\shared\appsdata\groups\1-Administrative\Z-PoliciesProcedures (working files only)\Archive - DO NOT USE\02-Estimating_Preconstruction-TBA\14-Estimating-TBA\Estimating SOP\OLD FILES","CREATOR OWNER","Allow","FullControl","True"
"Y:\ttbntfile1\shared\appsdata\groups\1-Administrative\Z-PoliciesProcedures (working files only)\Archive - DO NOT USE\02-Estimating_Preconstruction-TBA\14-Estimating-TBA\Estimating SOP\OLD FILES","BUILTIN\Administrators","Allow","FullControl","True"
"Y:\ttbntfile1\shared\appsdata\groups\1-Administrative\Z-PoliciesProcedures (working files only)\Archive - DO NOT USE\02-Estimating_Preconstruction-TBA\14-Estimating-TBA\Estimating SOP\OLD FILES","NT AUTHORITY\SYSTEM","Allow","FullControl","True"
"Y:\ttbntfile1\shared\appsdata\groups\1-Administrative\Z-PoliciesProcedures (working files only)\Archive - DO NOT USE\02-Estimating_Preconstruction-TBA\14-Estimating-TBA\Estimating SOP\Supplemental Forms & Checklists","TONNANDBLANK\AVD Test Users","Allow","FullControl","True"
"Y:\ttbntfile1\shared\appsdata\groups\1-Administrative\Z-PoliciesProcedures (working files only)\Archive - DO NOT USE\02-Estimating_Preconstruction-TBA\14-Estimating-TBA\Estimating SOP\Supplemental Forms & Checklists","TONNANDBLANK\impactadmin","Allow","FullControl","True"
"Y:\ttbntfile1\shared\appsdata\groups\1-Administrative\Z-PoliciesProcedures (working files only)\Archive - DO NOT USE\02-Estimating_Preconstruction-TBA\14-Estimating-TBA\Estimating SOP\Supplemental Forms & Checklists","CREATOR OWNER","Allow","FullControl","True"
"Y:\ttbntfile1\shared\appsdata\groups\1-Administrative\Z-PoliciesProcedures (working files only)\Archive - DO NOT USE\02-Estimating_Preconstruction-TBA\14-Estimating-TBA\Estimating SOP\Supplemental Forms & Checklists","BUILTIN\Administrators","Allow","FullControl","True"
"Y:\ttbntfile1\shared\appsdata\groups\1-Administrative\Z-PoliciesProcedures (working files only)\Archive - DO NOT USE\02-Estimating_Preconstruction-TBA\14-Estimating-TBA\Estimating SOP\Supplemental Forms & Checklists","NT AUTHORITY\SYSTEM","Allow","FullControl","True"
"Y:\ttbntfile1\shared\appsdata\groups\1-Administrative\Z-PoliciesProcedures (working files only)\Archive - DO NOT USE\03-Proj_SetUp_ContrAdmin-DONE\Archive","TONNANDBLANK\AVD Test Users","Allow","FullControl","True"
"Y:\ttbntfile1\shared\appsdata\groups\1-Administrative\Z-PoliciesProcedures (working files only)\Archive - DO NOT USE\03-Proj_SetUp_ContrAdmin-DONE\Archive","TONNANDBLANK\impactadmin","Allow","FullControl","True"
"Y:\ttbntfile1\shared\appsdata\groups\1-Administrative\Z-PoliciesProcedures (working files only)\Archive - DO NOT USE\03-Proj_SetUp_ContrAdmin-DONE\Archive","CREATOR OWNER","Allow","FullControl","True"
"Y:\ttbntfile1\shared\appsdata\groups\1-Administrative\Z-PoliciesProcedures (working files only)\Archive - DO NOT USE\03-Proj_SetUp_ContrAdmin-DONE\Archive","BUILTIN\Administrators","Allow","FullControl","True"
"Y:\ttbntfile1\shared\appsdata\groups\1-Administrative\Z-PoliciesProcedures (working files only)\Archive - DO NOT USE\03-Proj_SetUp_ContrAdmin-DONE\Archive","NT AUTHORITY\SYSTEM","Allow","FullControl","True"
"Y:\ttbntfile1\shared\appsdata\groups\1-Administrative\Z-PoliciesProcedures (working files only)\Archive - DO NOT USE\04-Proj_Admin-DONE\Archive","TONNANDBLANK\AVD Test Users","Allow","FullControl","True"
"Y:\ttbntfile1\shared\appsdata\groups\1-Administrative\Z-PoliciesProcedures (working files only)\Archive - DO NOT USE\04-Proj_Admin-DONE\Archive","TONNANDBLANK\impactadmin","Allow","FullControl","True"
"Y:\ttbntfile1\shared\appsdata\groups\1-Administrative\Z-PoliciesProcedures (working files only)\Archive - DO NOT USE\04-Proj_Admin-DONE\Archive","CREATOR OWNER","Allow","FullControl","True"
"Y:\ttbntfile1\shared\appsdata\groups\1-Administrative\Z-PoliciesProcedures (working files only)\Archive - DO NOT USE\04-Proj_Admin-DONE\Archive","BUILTIN\Administrators","Allow","FullControl","True"
"Y:\ttbntfile1\shared\appsdata\groups\1-Administrative\Z-PoliciesProcedures (working files only)\Archive - DO NOT USE\04-Proj_Admin-DONE\Archive","NT AUTHORITY\SYSTEM","Allow","FullControl","True"
"Y:\ttbntfile1\shared\appsdata\groups\1-Administrative\Z-PoliciesProcedures (working files only)\Archive - DO NOT USE\04-Proj_Admin-DONE\Misc Exhibits","TONNANDBLANK\AVD Test Users","Allow","FullControl","True"
"Y:\ttbntfile1\shared\appsdata\groups\1-Administrative\Z-PoliciesProcedures (working files only)\Archive - DO NOT USE\04-Proj_Admin-DONE\Misc Exhibits","TONNANDBLANK\impactadmin","Allow","FullControl","True"
"Y:\ttbntfile1\shared\appsdata\groups\1-Administrative\Z-PoliciesProcedures (working files only)\Archive - DO NOT USE\04-Proj_Admin-DONE\Misc Exhibits","CREATOR OWNER","Allow","FullControl","True"
"Y:\ttbntfile1\shared\appsdata\groups\1-Administrative\Z-PoliciesProcedures (working files only)\Archive - DO NOT USE\04-Proj_Admin-DONE\Misc Exhibits","BUILTIN\Administrators","Allow","FullControl","True"
"Y:\ttbntfile1\shared\appsdata\groups\1-Administrative\Z-PoliciesProcedures (working files only)\Archive - DO NOT USE\04-Proj_Admin-DONE\Misc Exhibits","NT AUTHORITY\SYSTEM","Allow","FullControl","True"
"Y:\ttbntfile1\shared\appsdata\groups\1-Administrative\Z-PoliciesProcedures (working files only)\Archive - DO NOT USE\05-Quality_Control-DONE\Archive","TONNANDBLANK\AVD Test Users","Allow","FullControl","True"
"Y:\ttbntfile1\shared\appsdata\groups\1-Administrative\Z-PoliciesProcedures (working files only)\Archive - DO NOT USE\05-Quality_Control-DONE\Archive","TONNANDBLANK\impactadmin","Allow","FullControl","True"
"Y:\ttbntfile1\shared\appsdata\groups\1-Administrative\Z-PoliciesProcedures (working files only)\Archive - DO NOT USE\05-Quality_Control-DONE\Archive","CREATOR OWNER","Allow","FullControl","True"
"Y:\ttbntfile1\shared\appsdata\groups\1-Administrative\Z-PoliciesProcedures (working files only)\Archive - DO NOT USE\05-Quality_Control-DONE\Archive","BUILTIN\Administrators","Allow","FullControl","True"
"Y:\ttbntfile1\shared\appsdata\groups\1-Administrative\Z-PoliciesProcedures (working files only)\Archive - DO NOT USE\05-Quality_Control-DONE\Archive","NT AUTHORITY\SYSTEM","Allow","FullControl","True"
"Y:\ttbntfile1\shared\appsdata\groups\1-Administrative\Z-PoliciesProcedures (working files only)\Archive - DO NOT USE\06-Document_Control-DONE\Archive","TONNANDBLANK\AVD Test Users","Allow","FullControl","True"
"Y:\ttbntfile1\shared\appsdata\groups\1-Administrative\Z-PoliciesProcedures (working files only)\Archive - DO NOT USE\06-Document_Control-DONE\Archive","TONNANDBLANK\impactadmin","Allow","FullControl","True"
"Y:\ttbntfile1\shared\appsdata\groups\1-Administrative\Z-PoliciesProcedures (working files only)\Archive - DO NOT USE\06-Document_Control-DONE\Archive","CREATOR OWNER","Allow","FullControl","True"
"Y:\ttbntfile1\shared\appsdata\groups\1-Administrative\Z-PoliciesProcedures (working files only)\Archive - DO NOT USE\06-Document_Control-DONE\Archive","BUILTIN\Administrators","Allow","FullControl","True"
"Y:\ttbntfile1\shared\appsdata\groups\1-Administrative\Z-PoliciesProcedures (working files only)\Archive - DO NOT USE\06-Document_Control-DONE\Archive","NT AUTHORITY\SYSTEM","Allow","FullControl","True"
"Y:\ttbntfile1\shared\appsdata\groups\1-Administrative\Z-PoliciesProcedures (working files only)\Archive - DO NOT USE\07-Admin_Proj_Record_Control-DONE\Archive","TONNANDBLANK\AVD Test Users","Allow","FullControl","True"
"Y:\ttbntfile1\shared\appsdata\groups\1-Administrative\Z-PoliciesProcedures (working files only)\Archive - DO NOT USE\07-Admin_Proj_Record_Control-DONE\Archive","TONNANDBLANK\impactadmin","Allow","FullControl","True"
"Y:\ttbntfile1\shared\appsdata\groups\1-Administrative\Z-PoliciesProcedures (working files only)\Archive - DO NOT USE\07-Admin_Proj_Record_Control-DONE\Archive","CREATOR OWNER","Allow","FullControl","True"
"Y:\ttbntfile1\shared\appsdata\groups\1-Administrative\Z-PoliciesProcedures (working files only)\Archive - DO NOT USE\07-Admin_Proj_Record_Control-DONE\Archive","BUILTIN\Administrators","Allow","FullControl","True"
"Y:\ttbntfile1\shared\appsdata\groups\1-Administrative\Z-PoliciesProcedures (working files only)\Archive - DO NOT USE\07-Admin_Proj_Record_Control-DONE\Archive","NT AUTHORITY\SYSTEM","Allow","FullControl","True"
"Y:\ttbntfile1\shared\appsdata\groups\1-Administrative\Z-PoliciesProcedures (working files only)\Archive - DO NOT USE\07-Admin_Proj_Record_Control-DONE\Forms","TONNANDBLANK\AVD Test Users","Allow","FullControl","True"
"Y:\ttbntfile1\shared\appsdata\groups\1-Administrative\Z-PoliciesProcedures (working files only)\Archive - DO NOT USE\07-Admin_Proj_Record_Control-DONE\Forms","TONNANDBLANK\impactadmin","Allow","FullControl","True"
"Y:\ttbntfile1\shared\appsdata\groups\1-Administrative\Z-PoliciesProcedures (working files only)\Archive - DO NOT USE\07-Admin_Proj_Record_Control-DONE\Forms","CREATOR OWNER","Allow","FullControl","True"
"Y:\ttbntfile1\shared\appsdata\groups\1-Administrative\Z-PoliciesProcedures (working files only)\Archive - DO NOT USE\07-Admin_Proj_Record_Control-DONE\Forms","BUILTIN\Administrators","Allow","FullControl","True"
"Y:\ttbntfile1\shared\appsdata\groups\1-Administrative\Z-PoliciesProcedures (working files only)\Archive - DO NOT USE\07-Admin_Proj_Record_Control-DONE\Forms","NT AUTHORITY\SYSTEM","Allow","FullControl","True"
"Y:\ttbntfile1\shared\appsdata\groups\1-Administrative\Z-PoliciesProcedures (working files only)\Archive - DO NOT USE\08-Cost_Control-DONE\Archive","TONNANDBLANK\AVD Test Users","Allow","FullControl","True"
"Y:\ttbntfile1\shared\appsdata\groups\1-Administrative\Z-PoliciesProcedures (working files only)\Archive - DO NOT USE\08-Cost_Control-DONE\Archive","TONNANDBLANK\impactadmin","Allow","FullControl","True"
"Y:\ttbntfile1\shared\appsdata\groups\1-Administrative\Z-PoliciesProcedures (working files only)\Archive - DO NOT USE\08-Cost_Control-DONE\Archive","CREATOR OWNER","Allow","FullControl","True"
"Y:\ttbntfile1\shared\appsdata\groups\1-Administrative\Z-PoliciesProcedures (working files only)\Archive - DO NOT USE\08-Cost_Control-DONE\Archive","BUILTIN\Administrators","Allow","FullControl","True"
"Y:\ttbntfile1\shared\appsdata\groups\1-Administrative\Z-PoliciesProcedures (working files only)\Archive - DO NOT USE\08-Cost_Control-DONE\Archive","NT AUTHORITY\SYSTEM","Allow","FullControl","True"
"Y:\ttbntfile1\shared\appsdata\groups\1-Administrative\Z-PoliciesProcedures (working files only)\Archive - DO NOT USE\09-Accounting-DONE\Archive","TONNANDBLANK\AVD Test Users","Allow","FullControl","True"
"Y:\ttbntfile1\shared\appsdata\groups\1-Administrative\Z-PoliciesProcedures (working files only)\Archive - DO NOT USE\09-Accounting-DONE\Archive","TONNANDBLANK\impactadmin","Allow","FullControl","True"
"Y:\ttbntfile1\shared\appsdata\groups\1-Administrative\Z-PoliciesProcedures (working files only)\Archive - DO NOT USE\09-Accounting-DONE\Archive","CREATOR OWNER","Allow","FullControl","True"
"Y:\ttbntfile1\shared\appsdata\groups\1-Administrative\Z-PoliciesProcedures (working files only)\Archive - DO NOT USE\09-Accounting-DONE\Archive","BUILTIN\Administrators","Allow","FullControl","True"
"Y:\ttbntfile1\shared\appsdata\groups\1-Administrative\Z-PoliciesProcedures (working files only)\Archive - DO NOT USE\09-Accounting-DONE\Archive","NT AUTHORITY\SYSTEM","Allow","FullControl","True"
"Y:\ttbntfile1\shared\appsdata\groups\1-Administrative\Z-PoliciesProcedures (working files only)\Archive - DO NOT USE\09-Accounting-DONE\Misc","TONNANDBLANK\AVD Test Users","Allow","FullControl","True"
"Y:\ttbntfile1\shared\appsdata\groups\1-Administrative\Z-PoliciesProcedures (working files only)\Archive - DO NOT USE\09-Accounting-DONE\Misc","TONNANDBLANK\impactadmin","Allow","FullControl","True"
"Y:\ttbntfile1\shared\appsdata\groups\1-Administrative\Z-PoliciesProcedures (working files only)\Archive - DO NOT USE\09-Accounting-DONE\Misc","CREATOR OWNER","Allow","FullControl","True"
"Y:\ttbntfile1\shared\appsdata\groups\1-Administrative\Z-PoliciesProcedures (working files only)\Archive - DO NOT USE\09-Accounting-DONE\Misc","BUILTIN\Administrators","Allow","FullControl","True"
"Y:\ttbntfile1\shared\appsdata\groups\1-Administrative\Z-PoliciesProcedures (working files only)\Archive - DO NOT USE\09-Accounting-DONE\Misc","NT AUTHORITY\SYSTEM","Allow","FullControl","True"
"Y:\ttbntfile1\shared\appsdata\groups\1-Administrative\Z-PoliciesProcedures (working files only)\Archive - DO NOT USE\09-Accounting-DONE\Archive\Superseded Procedures","TONNANDBLANK\AVD Test Users","Allow","FullControl","True"
"Y:\ttbntfile1\shared\appsdata\groups\1-Administrative\Z-PoliciesProcedures (working files only)\Archive - DO NOT USE\09-Accounting-DONE\Archive\Superseded Procedures","TONNANDBLANK\impactadmin","Allow","FullControl","True"
"Y:\ttbntfile1\shared\appsdata\groups\1-Administrative\Z-PoliciesProcedures (working files only)\Archive - DO NOT USE\09-Accounting-DONE\Archive\Superseded Procedures","CREATOR OWNER","Allow","FullControl","True"
"Y:\ttbntfile1\shared\appsdata\groups\1-Administrative\Z-PoliciesProcedures (working files only)\Archive - DO NOT USE\09-Accounting-DONE\Archive\Superseded Procedures","BUILTIN\Administrators","Allow","FullControl","True"
"Y:\ttbntfile1\shared\appsdata\groups\1-Administrative\Z-PoliciesProcedures (working files only)\Archive - DO NOT USE\09-Accounting-DONE\Archive\Superseded Procedures","NT AUTHORITY\SYSTEM","Allow","FullControl","True"
"Y:\ttbntfile1\shared\appsdata\groups\1-Administrative\Z-PoliciesProcedures (working files only)\Archive - DO NOT USE\10-Job_Site_Equip_SmTools-DONE\Archive","TONNANDBLANK\AVD Test Users","Allow","FullControl","True"
"Y:\ttbntfile1\shared\appsdata\groups\1-Administrative\Z-PoliciesProcedures (working files only)\Archive - DO NOT USE\10-Job_Site_Equip_SmTools-DONE\Archive","TONNANDBLANK\impactadmin","Allow","FullControl","True"
"Y:\ttbntfile1\shared\appsdata\groups\1-Administrative\Z-PoliciesProcedures (working files only)\Archive - DO NOT USE\10-Job_Site_Equip_SmTools-DONE\Archive","CREATOR OWNER","Allow","FullControl","True"
"Y:\ttbntfile1\shared\appsdata\groups\1-Administrative\Z-PoliciesProcedures (working files only)\Archive - DO NOT USE\10-Job_Site_Equip_SmTools-DONE\Archive","BUILTIN\Administrators","Allow","FullControl","True"
"Y:\ttbntfile1\shared\appsdata\groups\1-Administrative\Z-PoliciesProcedures (working files only)\Archive - DO NOT USE\10-Job_Site_Equip_SmTools-DONE\Archive","NT AUTHORITY\SYSTEM","Allow","FullControl","True"
"Y:\ttbntfile1\shared\appsdata\groups\1-Administrative\Z-PoliciesProcedures (working files only)\Archive - DO NOT USE\11-Safety-DONE\Archive","TONNANDBLANK\AVD Test Users","Allow","FullControl","True"
"Y:\ttbntfile1\shared\appsdata\groups\1-Administrative\Z-PoliciesProcedures (working files only)\Archive - DO NOT USE\11-Safety-DONE\Archive","TONNANDBLANK\impactadmin","Allow","FullControl","True"
"Y:\ttbntfile1\shared\appsdata\groups\1-Administrative\Z-PoliciesProcedures (working files only)\Archive - DO NOT USE\11-Safety-DONE\Archive","CREATOR OWNER","Allow","FullControl","True"
"Y:\ttbntfile1\shared\appsdata\groups\1-Administrative\Z-PoliciesProcedures (working files only)\Archive - DO NOT USE\11-Safety-DONE\Archive","BUILTIN\Administrators","Allow","FullControl","True"
"Y:\ttbntfile1\shared\appsdata\groups\1-Administrative\Z-PoliciesProcedures (working files only)\Archive - DO NOT USE\11-Safety-DONE\Archive","NT AUTHORITY\SYSTEM","Allow","FullControl","True"
"Y:\ttbntfile1\shared\appsdata\groups\1-Administrative\Z-PoliciesProcedures (working files only)\Archive - DO NOT USE\12-Insurance-DONE\Archive","TONNANDBLANK\AVD Test Users","Allow","FullControl","True"
"Y:\ttbntfile1\shared\appsdata\groups\1-Administrative\Z-PoliciesProcedures (working files only)\Archive - DO NOT USE\12-Insurance-DONE\Archive","TONNANDBLANK\impactadmin","Allow","FullControl","True"
"Y:\ttbntfile1\shared\appsdata\groups\1-Administrative\Z-PoliciesProcedures (working files only)\Archive - DO NOT USE\12-Insurance-DONE\Archive","CREATOR OWNER","Allow","FullControl","True"
"Y:\ttbntfile1\shared\appsdata\groups\1-Administrative\Z-PoliciesProcedures (working files only)\Archive - DO NOT USE\12-Insurance-DONE\Archive","BUILTIN\Administrators","Allow","FullControl","True"
"Y:\ttbntfile1\shared\appsdata\groups\1-Administrative\Z-PoliciesProcedures (working files only)\Archive - DO NOT USE\12-Insurance-DONE\Archive","NT AUTHORITY\SYSTEM","Allow","FullControl","True"
"Y:\ttbntfile1\shared\appsdata\groups\1-Administrative\Z-PoliciesProcedures (working files only)\Archive - DO NOT USE\12-Insurance-DONE\Exhibits (Word documents)","TONNANDBLANK\AVD Test Users","Allow","FullControl","True"
"Y:\ttbntfile1\shared\appsdata\groups\1-Administrative\Z-PoliciesProcedures (working files only)\Archive - DO NOT USE\12-Insurance-DONE\Exhibits (Word documents)","TONNANDBLANK\impactadmin","Allow","FullControl","True"
"Y:\ttbntfile1\shared\appsdata\groups\1-Administrative\Z-PoliciesProcedures (working files only)\Archive - DO NOT USE\12-Insurance-DONE\Exhibits (Word documents)","CREATOR OWNER","Allow","FullControl","True"
"Y:\ttbntfile1\shared\appsdata\groups\1-Administrative\Z-PoliciesProcedures (working files only)\Archive - DO NOT USE\12-Insurance-DONE\Exhibits (Word documents)","BUILTIN\Administrators","Allow","FullControl","True"
"Y:\ttbntfile1\shared\appsdata\groups\1-Administrative\Z-PoliciesProcedures (working files only)\Archive - DO NOT USE\12-Insurance-DONE\Exhibits (Word documents)","NT AUTHORITY\SYSTEM","Allow","FullControl","True"
"Y:\ttbntfile1\shared\appsdata\groups\1-Administrative\Z-PoliciesProcedures (working files only)\Archive - DO NOT USE\12-Insurance-DONE\Stored Materials Instr for Sub","TONNANDBLANK\AVD Test Users","Allow","FullControl","True"
"Y:\ttbntfile1\shared\appsdata\groups\1-Administrative\Z-PoliciesProcedures (working files only)\Archive - DO NOT USE\12-Insurance-DONE\Stored Materials Instr for Sub","TONNANDBLANK\impactadmin","Allow","FullControl","True"
"Y:\ttbntfile1\shared\appsdata\groups\1-Administrative\Z-PoliciesProcedures (working files only)\Archive - DO NOT USE\12-Insurance-DONE\Stored Materials Instr for Sub","CREATOR OWNER","Allow","FullControl","True"
"Y:\ttbntfile1\shared\appsdata\groups\1-Administrative\Z-PoliciesProcedures (working files only)\Archive - DO NOT USE\12-Insurance-DONE\Stored Materials Instr for Sub","BUILTIN\Administrators","Allow","FullControl","True"
"Y:\ttbntfile1\shared\appsdata\groups\1-Administrative\Z-PoliciesProcedures (working files only)\Archive - DO NOT USE\12-Insurance-DONE\Stored Materials Instr for Sub","NT AUTHORITY\SYSTEM","Allow","FullControl","True"
"Y:\ttbntfile1\shared\appsdata\groups\1-Administrative\Z-PoliciesProcedures (working files only)\Archive - DO NOT USE\12-Insurance-DONE\Superceded Versions","TONNANDBLANK\AVD Test Users","Allow","FullControl","True"
"Y:\ttbntfile1\shared\appsdata\groups\1-Administrative\Z-PoliciesProcedures (working files only)\Archive - DO NOT USE\12-Insurance-DONE\Superceded Versions","TONNANDBLANK\impactadmin","Allow","FullControl","True"
"Y:\ttbntfile1\shared\appsdata\groups\1-Administrative\Z-PoliciesProcedures (working files only)\Archive - DO NOT USE\12-Insurance-DONE\Superceded Versions","CREATOR OWNER","Allow","FullControl","True"
"Y:\ttbntfile1\shared\appsdata\groups\1-Administrative\Z-PoliciesProcedures (working files only)\Archive - DO NOT USE\12-Insurance-DONE\Superceded Versions","BUILTIN\Administrators","Allow","FullControl","True"
"Y:\ttbntfile1\shared\appsdata\groups\1-Administrative\Z-PoliciesProcedures (working files only)\Archive - DO NOT USE\12-Insurance-DONE\Superceded Versions","NT AUTHORITY\SYSTEM","Allow","FullControl","True"
"Y:\ttbntfile1\shared\appsdata\groups\1-Administrative\Z-PoliciesProcedures (working files only)\Archive - DO NOT USE\13-Bonds-DONE\Archive","TONNANDBLANK\AVD Test Users","Allow","FullControl","True"
"Y:\ttbntfile1\shared\appsdata\groups\1-Administrative\Z-PoliciesProcedures (working files only)\Archive - DO NOT USE\13-Bonds-DONE\Archive","TONNANDBLANK\impactadmin","Allow","FullControl","True"
"Y:\ttbntfile1\shared\appsdata\groups\1-Administrative\Z-PoliciesProcedures (working files only)\Archive - DO NOT USE\13-Bonds-DONE\Archive","CREATOR OWNER","Allow","FullControl","True"
"Y:\ttbntfile1\shared\appsdata\groups\1-Administrative\Z-PoliciesProcedures (working files only)\Archive - DO NOT USE\13-Bonds-DONE\Archive","BUILTIN\Administrators","Allow","FullControl","True"
"Y:\ttbntfile1\shared\appsdata\groups\1-Administrative\Z-PoliciesProcedures (working files only)\Archive - DO NOT USE\13-Bonds-DONE\Archive","NT AUTHORITY\SYSTEM","Allow","FullControl","True"
"Y:\ttbntfile1\shared\appsdata\groups\1-Administrative\Z-PoliciesProcedures (working files only)\Archive - DO NOT USE\13-Bonds-DONE\Superceded","TONNANDBLANK\AVD Test Users","Allow","FullControl","True"
"Y:\ttbntfile1\shared\appsdata\groups\1-Administrative\Z-PoliciesProcedures (working files only)\Archive - DO NOT USE\13-Bonds-DONE\Superceded","TONNANDBLANK\impactadmin","Allow","FullControl","True"
"Y:\ttbntfile1\shared\appsdata\groups\1-Administrative\Z-PoliciesProcedures (working files only)\Archive - DO NOT USE\13-Bonds-DONE\Superceded","CREATOR OWNER","Allow","FullControl","True"
"Y:\ttbntfile1\shared\appsdata\groups\1-Administrative\Z-PoliciesProcedures (working files only)\Archive - DO NOT USE\13-Bonds-DONE\Superceded","BUILTIN\Administrators","Allow","FullControl","True"
"Y:\ttbntfile1\shared\appsdata\groups\1-Administrative\Z-PoliciesProcedures (working files only)\Archive - DO NOT USE\13-Bonds-DONE\Superceded","NT AUTHORITY\SYSTEM","Allow","FullControl","True"
"Y:\ttbntfile1\shared\appsdata\groups\1-Administrative\Z-PoliciesProcedures (working files only)\Archive - DO NOT USE\15-Project_CloseOut\Archive","TONNANDBLANK\AVD Test Users","Allow","FullControl","True"
"Y:\ttbntfile1\shared\appsdata\groups\1-Administrative\Z-PoliciesProcedures (working files only)\Archive - DO NOT USE\15-Project_CloseOut\Archive","TONNANDBLANK\impactadmin","Allow","FullControl","True"
"Y:\ttbntfile1\shared\appsdata\groups\1-Administrative\Z-PoliciesProcedures (working files only)\Archive - DO NOT USE\15-Project_CloseOut\Archive","CREATOR OWNER","Allow","FullControl","True"
"Y:\ttbntfile1\shared\appsdata\groups\1-Administrative\Z-PoliciesProcedures (working files only)\Archive - DO NOT USE\15-Project_CloseOut\Archive","BUILTIN\Administrators","Allow","FullControl","True"
"Y:\ttbntfile1\shared\appsdata\groups\1-Administrative\Z-PoliciesProcedures (working files only)\Archive - DO NOT USE\15-Project_CloseOut\Archive","NT AUTHORITY\SYSTEM","Allow","FullControl","True"
"Y:\ttbntfile1\shared\appsdata\groups\1-Administrative\Z-PoliciesProcedures (working files only)\Archive - DO NOT USE\15-Project_CloseOut\Close-out templates","TONNANDBLANK\AVD Test Users","Allow","FullControl","True"
"Y:\ttbntfile1\shared\appsdata\groups\1-Administrative\Z-PoliciesProcedures (working files only)\Archive - DO NOT USE\15-Project_CloseOut\Close-out templates","TONNANDBLANK\impactadmin","Allow","FullControl","True"
"Y:\ttbntfile1\shared\appsdata\groups\1-Administrative\Z-PoliciesProcedures (working files only)\Archive - DO NOT USE\15-Project_CloseOut\Close-out templates","CREATOR OWNER","Allow","FullControl","True"
"Y:\ttbntfile1\shared\appsdata\groups\1-Administrative\Z-PoliciesProcedures (working files only)\Archive - DO NOT USE\15-Project_CloseOut\Close-out templates","BUILTIN\Administrators","Allow","FullControl","True"
"Y:\ttbntfile1\shared\appsdata\groups\1-Administrative\Z-PoliciesProcedures (working files only)\Archive - DO NOT USE\15-Project_CloseOut\Close-out templates","NT AUTHORITY\SYSTEM","Allow","FullControl","True"
"Y:\ttbntfile1\shared\appsdata\groups\1-Administrative\Z-PoliciesProcedures (working files only)\Archive - DO NOT USE\15-Project_CloseOut\Close-out templates\Div. 15 - Close-Out OPS Manual","TONNANDBLANK\AVD Test Users","Allow","FullControl","True"
"Y:\ttbntfile1\shared\appsdata\groups\1-Administrative\Z-PoliciesProcedures (working files only)\Archive - DO NOT USE\15-Project_CloseOut\Close-out templates\Div. 15 - Close-Out OPS Manual","TONNANDBLANK\impactadmin","Allow","FullControl","True"
"Y:\ttbntfile1\shared\appsdata\groups\1-Administrative\Z-PoliciesProcedures (working files only)\Archive - DO NOT USE\15-Project_CloseOut\Close-out templates\Div. 15 - Close-Out OPS Manual","CREATOR OWNER","Allow","FullControl","True"
"Y:\ttbntfile1\shared\appsdata\groups\1-Administrative\Z-PoliciesProcedures (working files only)\Archive - DO NOT USE\15-Project_CloseOut\Close-out templates\Div. 15 - Close-Out OPS Manual","BUILTIN\Administrators","Allow","FullControl","True"
"Y:\ttbntfile1\shared\appsdata\groups\1-Administrative\Z-PoliciesProcedures (working files only)\Archive - DO NOT USE\15-Project_CloseOut\Close-out templates\Div. 15 - Close-Out OPS Manual","NT AUTHORITY\SYSTEM","Allow","FullControl","True"
"Y:\ttbntfile1\shared\appsdata\groups\1-Administrative\Z-PoliciesProcedures (working files only)\Archive - DO NOT USE\16-Design_Bld_Inhouse_Design-DONE\Archive","TONNANDBLANK\AVD Test Users","Allow","FullControl","True"
"Y:\ttbntfile1\shared\appsdata\groups\1-Administrative\Z-PoliciesProcedures (working files only)\Archive - DO NOT USE\16-Design_Bld_Inhouse_Design-DONE\Archive","TONNANDBLANK\impactadmin","Allow","FullControl","True"
"Y:\ttbntfile1\shared\appsdata\groups\1-Administrative\Z-PoliciesProcedures (working files only)\Archive - DO NOT USE\16-Design_Bld_Inhouse_Design-DONE\Archive","CREATOR OWNER","Allow","FullControl","True"
"Y:\ttbntfile1\shared\appsdata\groups\1-Administrative\Z-PoliciesProcedures (working files only)\Archive - DO NOT USE\16-Design_Bld_Inhouse_Design-DONE\Archive","BUILTIN\Administrators","Allow","FullControl","True"
"Y:\ttbntfile1\shared\appsdata\groups\1-Administrative\Z-PoliciesProcedures (working files only)\Archive - DO NOT USE\16-Design_Bld_Inhouse_Design-DONE\Archive","NT AUTHORITY\SYSTEM","Allow","FullControl","True"
"Y:\ttbntfile1\shared\appsdata\groups\1-Administrative\Z-PoliciesProcedures (working files only)\Archive - DO NOT USE\99-Misc\FAI-InfluenzaImmunizationPolicy","TONNANDBLANK\AVD Test Users","Allow","FullControl","True"
"Y:\ttbntfile1\shared\appsdata\groups\1-Administrative\Z-PoliciesProcedures (working files only)\Archive - DO NOT USE\99-Misc\FAI-InfluenzaImmunizationPolicy","TONNANDBLANK\impactadmin","Allow","FullControl","True"
"Y:\ttbntfile1\shared\appsdata\groups\1-Administrative\Z-PoliciesProcedures (working files only)\Archive - DO NOT USE\99-Misc\FAI-InfluenzaImmunizationPolicy","CREATOR OWNER","Allow","FullControl","True"
"Y:\ttbntfile1\shared\appsdata\groups\1-Administrative\Z-PoliciesProcedures (working files only)\Archive - DO NOT USE\99-Misc\FAI-InfluenzaImmunizationPolicy","BUILTIN\Administrators","Allow","FullControl","True"
"Y:\ttbntfile1\shared\appsdata\groups\1-Administrative\Z-PoliciesProcedures (working files only)\Archive - DO NOT USE\99-Misc\FAI-InfluenzaImmunizationPolicy","NT AUTHORITY\SYSTEM","Allow","FullControl","True"
"Y:\ttbntfile1\shared\appsdata\groups\1-Administrative\Z-PoliciesProcedures (working files only)\Archive - DO NOT USE\99-Misc\Fax_Retreival_Procedure","TONNANDBLANK\AVD Test Users","Allow","FullControl","True"
"Y:\ttbntfile1\shared\appsdata\groups\1-Administrative\Z-PoliciesProcedures (working files only)\Archive - DO NOT USE\99-Misc\Fax_Retreival_Procedure","TONNANDBLANK\impactadmin","Allow","FullControl","True"
"Y:\ttbntfile1\shared\appsdata\groups\1-Administrative\Z-PoliciesProcedures (working files only)\Archive - DO NOT USE\99-Misc\Fax_Retreival_Procedure","CREATOR OWNER","Allow","FullControl","True"
"Y:\ttbntfile1\shared\appsdata\groups\1-Administrative\Z-PoliciesProcedures (working files only)\Archive - DO NOT USE\99-Misc\Fax_Retreival_Procedure","BUILTIN\Administrators","Allow","FullControl","True"
"Y:\ttbntfile1\shared\appsdata\groups\1-Administrative\Z-PoliciesProcedures (working files only)\Archive - DO NOT USE\99-Misc\Fax_Retreival_Procedure","NT AUTHORITY\SYSTEM","Allow","FullControl","True"
"Y:\ttbntfile1\shared\appsdata\groups\1-Administrative\Z-PoliciesProcedures (working files only)\Archive - DO NOT USE\99-Misc\FAI-InfluenzaImmunizationPolicy\2011-Influenza_(Customer_Required)","TONNANDBLANK\AVD Test Users","Allow","FullControl","True"
"Y:\ttbntfile1\shared\appsdata\groups\1-Administrative\Z-PoliciesProcedures (working files only)\Archive - DO NOT USE\99-Misc\FAI-InfluenzaImmunizationPolicy\2011-Influenza_(Customer_Required)","TONNANDBLANK\impactadmin","Allow","FullControl","True"
"Y:\ttbntfile1\shared\appsdata\groups\1-Administrative\Z-PoliciesProcedures (working files only)\Archive - DO NOT USE\99-Misc\FAI-InfluenzaImmunizationPolicy\2011-Influenza_(Customer_Required)","CREATOR OWNER","Allow","FullControl","True"
"Y:\ttbntfile1\shared\appsdata\groups\1-Administrative\Z-PoliciesProcedures (working files only)\Archive - DO NOT USE\99-Misc\FAI-InfluenzaImmunizationPolicy\2011-Influenza_(Customer_Required)","BUILTIN\Administrators","Allow","FullControl","True"
"Y:\ttbntfile1\shared\appsdata\groups\1-Administrative\Z-PoliciesProcedures (working files only)\Archive - DO NOT USE\99-Misc\FAI-InfluenzaImmunizationPolicy\2011-Influenza_(Customer_Required)","NT AUTHORITY\SYSTEM","Allow","FullControl","True"
"Y:\ttbntfile1\shared\appsdata\groups\1-Administrative\Z-PoliciesProcedures (working files only)\Archive - DO NOT USE\99-Misc\FAI-InfluenzaImmunizationPolicy\2012-Influenza_(Customer_Required)","TONNANDBLANK\AVD Test Users","Allow","FullControl","True"
"Y:\ttbntfile1\shared\appsdata\groups\1-Administrative\Z-PoliciesProcedures (working files only)\Archive - DO NOT USE\99-Misc\FAI-InfluenzaImmunizationPolicy\2012-Influenza_(Customer_Required)","TONNANDBLANK\impactadmin","Allow","FullControl","True"
"Y:\ttbntfile1\shared\appsdata\groups\1-Administrative\Z-PoliciesProcedures (working files only)\Archive - DO NOT USE\99-Misc\FAI-InfluenzaImmunizationPolicy\2012-Influenza_(Customer_Required)","CREATOR OWNER","Allow","FullControl","True"
"Y:\ttbntfile1\shared\appsdata\groups\1-Administrative\Z-PoliciesProcedures (working files only)\Archive - DO NOT USE\99-Misc\FAI-InfluenzaImmunizationPolicy\2012-Influenza_(Customer_Required)","BUILTIN\Administrators","Allow","FullControl","True"
"Y:\ttbntfile1\shared\appsdata\groups\1-Administrative\Z-PoliciesProcedures (working files only)\Archive - DO NOT USE\99-Misc\FAI-InfluenzaImmunizationPolicy\2012-Influenza_(Customer_Required)","NT AUTHORITY\SYSTEM","Allow","FullControl","True"
