"Path","Identity","AccessType","Rights","Inheritance"
"Y:\ttbntfile1\shared\appsdata\groups\10-Operations\1-BuyersList","TONNANDBLANK\impactadmin","Allow","FullControl","True"
"Y:\ttbntfile1\shared\appsdata\groups\10-Operations\1-BuyersList","CREATOR OWNER","Allow","FullControl","True"
"Y:\ttbntfile1\shared\appsdata\groups\10-Operations\1-BuyersList","BUILTIN\Administrators","Allow","FullControl","True"
"Y:\ttbntfile1\shared\appsdata\groups\10-Operations\1-BuyersList","NT AUTHORITY\SYSTEM","Allow","FullControl","True"
"Y:\ttbntfile1\shared\appsdata\groups\10-Operations\1-BuyersList","TONNANDBLANK\Operations","Allow","FullControl","True"
"Y:\ttbntfile1\shared\appsdata\groups\10-Operations\10-FAI Influenza","TONNANDBLANK\impactadmin","Allow","FullControl","True"
"Y:\ttbntfile1\shared\appsdata\groups\10-Operations\10-FAI Influenza","CREATOR OWNER","Allow","FullControl","True"
"Y:\ttbntfile1\shared\appsdata\groups\10-Operations\10-FAI Influenza","BUILTIN\Administrators","Allow","FullControl","True"
"Y:\ttbntfile1\shared\appsdata\groups\10-Operations\10-FAI Influenza","NT AUTHORITY\SYSTEM","Allow","FullControl","True"
"Y:\ttbntfile1\shared\appsdata\groups\10-Operations\10-FAI Influenza","TONNANDBLANK\Operations","Allow","FullControl","True"
"Y:\ttbntfile1\shared\appsdata\groups\10-Operations\11-Motor Vehicle Policy","TONNANDBLANK\impactadmin","Allow","FullControl","True"
"Y:\ttbntfile1\shared\appsdata\groups\10-Operations\11-Motor Vehicle Policy","CREATOR OWNER","Allow","FullControl","True"
"Y:\ttbntfile1\shared\appsdata\groups\10-Operations\11-Motor Vehicle Policy","BUILTIN\Administrators","Allow","FullControl","True"
"Y:\ttbntfile1\shared\appsdata\groups\10-Operations\11-Motor Vehicle Policy","NT AUTHORITY\SYSTEM","Allow","FullControl","True"
"Y:\ttbntfile1\shared\appsdata\groups\10-Operations\11-Motor Vehicle Policy","TONNANDBLANK\Operations","Allow","FullControl","True"
"Y:\ttbntfile1\shared\appsdata\groups\10-Operations\12-Procedures Manual","TONNANDBLANK\impactadmin","Allow","FullControl","True"
"Y:\ttbntfile1\shared\appsdata\groups\10-Operations\12-Procedures Manual","CREATOR OWNER","Allow","FullControl","True"
"Y:\ttbntfile1\shared\appsdata\groups\10-Operations\12-Procedures Manual","BUILTIN\Administrators","Allow","FullControl","True"
"Y:\ttbntfile1\shared\appsdata\groups\10-Operations\12-Procedures Manual","NT AUTHORITY\SYSTEM","Allow","FullControl","True"
"Y:\ttbntfile1\shared\appsdata\groups\10-Operations\12-Procedures Manual","TONNANDBLANK\Operations","Allow","FullControl","True"
"Y:\ttbntfile1\shared\appsdata\groups\10-Operations\13-Employee Handbook & New Hire","TONNANDBLANK\impactadmin","Allow","FullControl","True"
"Y:\ttbntfile1\shared\appsdata\groups\10-Operations\13-Employee Handbook & New Hire","CREATOR OWNER","Allow","FullControl","True"
"Y:\ttbntfile1\shared\appsdata\groups\10-Operations\13-Employee Handbook & New Hire","BUILTIN\Administrators","Allow","FullControl","True"
"Y:\ttbntfile1\shared\appsdata\groups\10-Operations\13-Employee Handbook & New Hire","NT AUTHORITY\SYSTEM","Allow","FullControl","True"
"Y:\ttbntfile1\shared\appsdata\groups\10-Operations\13-Employee Handbook & New Hire","TONNANDBLANK\Operations","Allow","FullControl","True"
"Y:\ttbntfile1\shared\appsdata\groups\10-Operations\14-Fuelmaster","TONNANDBLANK\impactadmin","Allow","FullControl","True"
"Y:\ttbntfile1\shared\appsdata\groups\10-Operations\14-Fuelmaster","CREATOR OWNER","Allow","FullControl","True"
"Y:\ttbntfile1\shared\appsdata\groups\10-Operations\14-Fuelmaster","BUILTIN\Administrators","Allow","FullControl","True"
"Y:\ttbntfile1\shared\appsdata\groups\10-Operations\14-Fuelmaster","NT AUTHORITY\SYSTEM","Allow","FullControl","True"
"Y:\ttbntfile1\shared\appsdata\groups\10-Operations\14-Fuelmaster","TONNANDBLANK\Operations","Allow","FullControl","True"
"Y:\ttbntfile1\shared\appsdata\groups\10-Operations\15-Contact Information","TONNANDBLANK\impactadmin","Allow","FullControl","True"
"Y:\ttbntfile1\shared\appsdata\groups\10-Operations\15-Contact Information","CREATOR OWNER","Allow","FullControl","True"
"Y:\ttbntfile1\shared\appsdata\groups\10-Operations\15-Contact Information","BUILTIN\Administrators","Allow","FullControl","True"
"Y:\ttbntfile1\shared\appsdata\groups\10-Operations\15-Contact Information","NT AUTHORITY\SYSTEM","Allow","FullControl","True"
"Y:\ttbntfile1\shared\appsdata\groups\10-Operations\15-Contact Information","TONNANDBLANK\Operations","Allow","FullControl","True"
"Y:\ttbntfile1\shared\appsdata\groups\10-Operations\16-MotorVehicleReports","TONNANDBLANK\impactadmin","Allow","FullControl","True"
"Y:\ttbntfile1\shared\appsdata\groups\10-Operations\16-MotorVehicleReports","CREATOR OWNER","Allow","FullControl","True"
"Y:\ttbntfile1\shared\appsdata\groups\10-Operations\16-MotorVehicleReports","BUILTIN\Administrators","Allow","FullControl","True"
"Y:\ttbntfile1\shared\appsdata\groups\10-Operations\16-MotorVehicleReports","NT AUTHORITY\SYSTEM","Allow","FullControl","True"
"Y:\ttbntfile1\shared\appsdata\groups\10-Operations\16-MotorVehicleReports","TONNANDBLANK\Operations","Allow","FullControl","True"
"Y:\ttbntfile1\shared\appsdata\groups\10-Operations\17-T & B Facility Contracts","TONNANDBLANK\impactadmin","Allow","FullControl","True"
"Y:\ttbntfile1\shared\appsdata\groups\10-Operations\17-T & B Facility Contracts","CREATOR OWNER","Allow","FullControl","True"
"Y:\ttbntfile1\shared\appsdata\groups\10-Operations\17-T & B Facility Contracts","BUILTIN\Administrators","Allow","FullControl","True"
"Y:\ttbntfile1\shared\appsdata\groups\10-Operations\17-T & B Facility Contracts","NT AUTHORITY\SYSTEM","Allow","FullControl","True"
"Y:\ttbntfile1\shared\appsdata\groups\10-Operations\17-T & B Facility Contracts","TONNANDBLANK\Operations","Allow","FullControl","True"
"Y:\ttbntfile1\shared\appsdata\groups\10-Operations\18-DOT","TONNANDBLANK\impactadmin","Allow","FullControl","True"
"Y:\ttbntfile1\shared\appsdata\groups\10-Operations\18-DOT","CREATOR OWNER","Allow","FullControl","True"
"Y:\ttbntfile1\shared\appsdata\groups\10-Operations\18-DOT","BUILTIN\Administrators","Allow","FullControl","True"
"Y:\ttbntfile1\shared\appsdata\groups\10-Operations\18-DOT","NT AUTHORITY\SYSTEM","Allow","FullControl","True"
"Y:\ttbntfile1\shared\appsdata\groups\10-Operations\18-DOT","TONNANDBLANK\Operations","Allow","FullControl","True"
"Y:\ttbntfile1\shared\appsdata\groups\10-Operations\19-Fuel Master","TONNANDBLANK\impactadmin","Allow","FullControl","True"
"Y:\ttbntfile1\shared\appsdata\groups\10-Operations\19-Fuel Master","CREATOR OWNER","Allow","FullControl","True"
"Y:\ttbntfile1\shared\appsdata\groups\10-Operations\19-Fuel Master","BUILTIN\Administrators","Allow","FullControl","True"
"Y:\ttbntfile1\shared\appsdata\groups\10-Operations\19-Fuel Master","NT AUTHORITY\SYSTEM","Allow","FullControl","True"
"Y:\ttbntfile1\shared\appsdata\groups\10-Operations\19-Fuel Master","TONNANDBLANK\Operations","Allow","FullControl","True"
"Y:\ttbntfile1\shared\appsdata\groups\10-Operations\2-Equipment","TONNANDBLANK\impactadmin","Allow","FullControl","True"
"Y:\ttbntfile1\shared\appsdata\groups\10-Operations\2-Equipment","CREATOR OWNER","Allow","FullControl","True"
"Y:\ttbntfile1\shared\appsdata\groups\10-Operations\2-Equipment","BUILTIN\Administrators","Allow","FullControl","True"
"Y:\ttbntfile1\shared\appsdata\groups\10-Operations\2-Equipment","NT AUTHORITY\SYSTEM","Allow","FullControl","True"
"Y:\ttbntfile1\shared\appsdata\groups\10-Operations\2-Equipment","TONNANDBLANK\Operations","Allow","FullControl","True"
"Y:\ttbntfile1\shared\appsdata\groups\10-Operations\3-EquipmentBilling","TONNANDBLANK\impactadmin","Allow","FullControl","True"
"Y:\ttbntfile1\shared\appsdata\groups\10-Operations\3-EquipmentBilling","CREATOR OWNER","Allow","FullControl","True"
"Y:\ttbntfile1\shared\appsdata\groups\10-Operations\3-EquipmentBilling","BUILTIN\Administrators","Allow","FullControl","True"
"Y:\ttbntfile1\shared\appsdata\groups\10-Operations\3-EquipmentBilling","NT AUTHORITY\SYSTEM","Allow","FullControl","True"
"Y:\ttbntfile1\shared\appsdata\groups\10-Operations\3-EquipmentBilling","TONNANDBLANK\Operations","Allow","FullControl","True"
"Y:\ttbntfile1\shared\appsdata\groups\10-Operations\4-Tools","TONNANDBLANK\impactadmin","Allow","FullControl","True"
"Y:\ttbntfile1\shared\appsdata\groups\10-Operations\4-Tools","CREATOR OWNER","Allow","FullControl","True"
"Y:\ttbntfile1\shared\appsdata\groups\10-Operations\4-Tools","BUILTIN\Administrators","Allow","FullControl","True"
"Y:\ttbntfile1\shared\appsdata\groups\10-Operations\4-Tools","NT AUTHORITY\SYSTEM","Allow","FullControl","True"
"Y:\ttbntfile1\shared\appsdata\groups\10-Operations\4-Tools","TONNANDBLANK\Operations","Allow","FullControl","True"
"Y:\ttbntfile1\shared\appsdata\groups\10-Operations\5-StockMaterial","TONNANDBLANK\impactadmin","Allow","FullControl","True"
"Y:\ttbntfile1\shared\appsdata\groups\10-Operations\5-StockMaterial","CREATOR OWNER","Allow","FullControl","True"
"Y:\ttbntfile1\shared\appsdata\groups\10-Operations\5-StockMaterial","BUILTIN\Administrators","Allow","FullControl","True"
"Y:\ttbntfile1\shared\appsdata\groups\10-Operations\5-StockMaterial","NT AUTHORITY\SYSTEM","Allow","FullControl","True"
"Y:\ttbntfile1\shared\appsdata\groups\10-Operations\5-StockMaterial","TONNANDBLANK\Operations","Allow","FullControl","True"
"Y:\ttbntfile1\shared\appsdata\groups\10-Operations\6-TimeAllocation","TONNANDBLANK\impactadmin","Allow","FullControl","True"
"Y:\ttbntfile1\shared\appsdata\groups\10-Operations\6-TimeAllocation","CREATOR OWNER","Allow","FullControl","True"
"Y:\ttbntfile1\shared\appsdata\groups\10-Operations\6-TimeAllocation","BUILTIN\Administrators","Allow","FullControl","True"
"Y:\ttbntfile1\shared\appsdata\groups\10-Operations\6-TimeAllocation","NT AUTHORITY\SYSTEM","Allow","FullControl","True"
"Y:\ttbntfile1\shared\appsdata\groups\10-Operations\6-TimeAllocation","TONNANDBLANK\Operations","Allow","FullControl","True"
"Y:\ttbntfile1\shared\appsdata\groups\10-Operations\7-WirelessService","TONNANDBLANK\impactadmin","Allow","FullControl","True"
"Y:\ttbntfile1\shared\appsdata\groups\10-Operations\7-WirelessService","CREATOR OWNER","Allow","FullControl","True"
"Y:\ttbntfile1\shared\appsdata\groups\10-Operations\7-WirelessService","BUILTIN\Administrators","Allow","FullControl","True"
"Y:\ttbntfile1\shared\appsdata\groups\10-Operations\7-WirelessService","NT AUTHORITY\SYSTEM","Allow","FullControl","True"
"Y:\ttbntfile1\shared\appsdata\groups\10-Operations\7-WirelessService","TONNANDBLANK\Operations","Allow","FullControl","True"
"Y:\ttbntfile1\shared\appsdata\groups\10-Operations\8-Permits","TONNANDBLANK\impactadmin","Allow","FullControl","True"
"Y:\ttbntfile1\shared\appsdata\groups\10-Operations\8-Permits","CREATOR OWNER","Allow","FullControl","True"
"Y:\ttbntfile1\shared\appsdata\groups\10-Operations\8-Permits","BUILTIN\Administrators","Allow","FullControl","True"
"Y:\ttbntfile1\shared\appsdata\groups\10-Operations\8-Permits","NT AUTHORITY\SYSTEM","Allow","FullControl","True"
"Y:\ttbntfile1\shared\appsdata\groups\10-Operations\8-Permits","TONNANDBLANK\Operations","Allow","FullControl","True"
"Y:\ttbntfile1\shared\appsdata\groups\10-Operations\9-Other","TONNANDBLANK\impactadmin","Allow","FullControl","True"
"Y:\ttbntfile1\shared\appsdata\groups\10-Operations\9-Other","CREATOR OWNER","Allow","FullControl","True"
"Y:\ttbntfile1\shared\appsdata\groups\10-Operations\9-Other","BUILTIN\Administrators","Allow","FullControl","True"
"Y:\ttbntfile1\shared\appsdata\groups\10-Operations\9-Other","NT AUTHORITY\SYSTEM","Allow","FullControl","True"
"Y:\ttbntfile1\shared\appsdata\groups\10-Operations\9-Other","TONNANDBLANK\Operations","Allow","FullControl","True"
"Y:\ttbntfile1\shared\appsdata\groups\10-Operations\Fleet Plates, Toll Transponders and Truck Assignment","TONNANDBLANK\impactadmin","Allow","FullControl","True"
"Y:\ttbntfile1\shared\appsdata\groups\10-Operations\Fleet Plates, Toll Transponders and Truck Assignment","CREATOR OWNER","Allow","FullControl","True"
"Y:\ttbntfile1\shared\appsdata\groups\10-Operations\Fleet Plates, Toll Transponders and Truck Assignment","BUILTIN\Administrators","Allow","FullControl","True"
"Y:\ttbntfile1\shared\appsdata\groups\10-Operations\Fleet Plates, Toll Transponders and Truck Assignment","NT AUTHORITY\SYSTEM","Allow","FullControl","True"
"Y:\ttbntfile1\shared\appsdata\groups\10-Operations\Fleet Plates, Toll Transponders and Truck Assignment","TONNANDBLANK\Operations","Allow","FullControl","True"
"Y:\ttbntfile1\shared\appsdata\groups\10-Operations\IFTA - Interstate Fuel Tax","TONNANDBLANK\impactadmin","Allow","FullControl","True"
"Y:\ttbntfile1\shared\appsdata\groups\10-Operations\IFTA - Interstate Fuel Tax","CREATOR OWNER","Allow","FullControl","True"
"Y:\ttbntfile1\shared\appsdata\groups\10-Operations\IFTA - Interstate Fuel Tax","BUILTIN\Administrators","Allow","FullControl","True"
"Y:\ttbntfile1\shared\appsdata\groups\10-Operations\IFTA - Interstate Fuel Tax","NT AUTHORITY\SYSTEM","Allow","FullControl","True"
"Y:\ttbntfile1\shared\appsdata\groups\10-Operations\IFTA - Interstate Fuel Tax","TONNANDBLANK\Operations","Allow","FullControl","True"
"Y:\ttbntfile1\shared\appsdata\groups\10-Operations\Job Descriptions","TONNANDBLANK\impactadmin","Allow","FullControl","True"
"Y:\ttbntfile1\shared\appsdata\groups\10-Operations\Job Descriptions","CREATOR OWNER","Allow","FullControl","True"
"Y:\ttbntfile1\shared\appsdata\groups\10-Operations\Job Descriptions","BUILTIN\Administrators","Allow","FullControl","True"
"Y:\ttbntfile1\shared\appsdata\groups\10-Operations\Job Descriptions","NT AUTHORITY\SYSTEM","Allow","FullControl","True"
"Y:\ttbntfile1\shared\appsdata\groups\10-Operations\Job Descriptions","TONNANDBLANK\Operations","Allow","FullControl","True"
"Y:\ttbntfile1\shared\appsdata\groups\10-Operations\METHOD of PROCEDURES","TONNANDBLANK\impactadmin","Allow","FullControl","True"
"Y:\ttbntfile1\shared\appsdata\groups\10-Operations\METHOD of PROCEDURES","CREATOR OWNER","Allow","FullControl","True"
"Y:\ttbntfile1\shared\appsdata\groups\10-Operations\METHOD of PROCEDURES","BUILTIN\Administrators","Allow","FullControl","True"
"Y:\ttbntfile1\shared\appsdata\groups\10-Operations\METHOD of PROCEDURES","NT AUTHORITY\SYSTEM","Allow","FullControl","True"
"Y:\ttbntfile1\shared\appsdata\groups\10-Operations\METHOD of PROCEDURES","TONNANDBLANK\Operations","Allow","FullControl","True"
"Y:\ttbntfile1\shared\appsdata\groups\10-Operations\Roof Assesments","TONNANDBLANK\impactadmin","Allow","FullControl","True"
"Y:\ttbntfile1\shared\appsdata\groups\10-Operations\Roof Assesments","CREATOR OWNER","Allow","FullControl","True"
"Y:\ttbntfile1\shared\appsdata\groups\10-Operations\Roof Assesments","BUILTIN\Administrators","Allow","FullControl","True"
"Y:\ttbntfile1\shared\appsdata\groups\10-Operations\Roof Assesments","NT AUTHORITY\SYSTEM","Allow","FullControl","True"
"Y:\ttbntfile1\shared\appsdata\groups\10-Operations\Roof Assesments","TONNANDBLANK\Operations","Allow","FullControl","True"
"Y:\ttbntfile1\shared\appsdata\groups\10-Operations\Roofing Quotes","TONNANDBLANK\impactadmin","Allow","FullControl","True"
"Y:\ttbntfile1\shared\appsdata\groups\10-Operations\Roofing Quotes","CREATOR OWNER","Allow","FullControl","True"
"Y:\ttbntfile1\shared\appsdata\groups\10-Operations\Roofing Quotes","BUILTIN\Administrators","Allow","FullControl","True"
"Y:\ttbntfile1\shared\appsdata\groups\10-Operations\Roofing Quotes","NT AUTHORITY\SYSTEM","Allow","FullControl","True"
"Y:\ttbntfile1\shared\appsdata\groups\10-Operations\Roofing Quotes","TONNANDBLANK\Operations","Allow","FullControl","True"
"Y:\ttbntfile1\shared\appsdata\groups\10-Operations\TOOL WATCH PLAN","TONNANDBLANK\impactadmin","Allow","FullControl","True"
"Y:\ttbntfile1\shared\appsdata\groups\10-Operations\TOOL WATCH PLAN","CREATOR OWNER","Allow","FullControl","True"
"Y:\ttbntfile1\shared\appsdata\groups\10-Operations\TOOL WATCH PLAN","BUILTIN\Administrators","Allow","FullControl","True"
"Y:\ttbntfile1\shared\appsdata\groups\10-Operations\TOOL WATCH PLAN","NT AUTHORITY\SYSTEM","Allow","FullControl","True"
"Y:\ttbntfile1\shared\appsdata\groups\10-Operations\TOOL WATCH PLAN","TONNANDBLANK\Operations","Allow","FullControl","True"
"Y:\ttbntfile1\shared\appsdata\groups\10-Operations\1-BuyersList\Buyers List Folder","TONNANDBLANK\impactadmin","Allow","FullControl","True"
"Y:\ttbntfile1\shared\appsdata\groups\10-Operations\1-BuyersList\Buyers List Folder","CREATOR OWNER","Allow","FullControl","True"
"Y:\ttbntfile1\shared\appsdata\groups\10-Operations\1-BuyersList\Buyers List Folder","BUILTIN\Administrators","Allow","FullControl","True"
"Y:\ttbntfile1\shared\appsdata\groups\10-Operations\1-BuyersList\Buyers List Folder","NT AUTHORITY\SYSTEM","Allow","FullControl","True"
"Y:\ttbntfile1\shared\appsdata\groups\10-Operations\1-BuyersList\Buyers List Folder","TONNANDBLANK\Operations","Allow","FullControl","True"
"Y:\ttbntfile1\shared\appsdata\groups\10-Operations\13-Employee Handbook & New Hire\1-Field","TONNANDBLANK\impactadmin","Allow","FullControl","True"
"Y:\ttbntfile1\shared\appsdata\groups\10-Operations\13-Employee Handbook & New Hire\1-Field","CREATOR OWNER","Allow","FullControl","True"
"Y:\ttbntfile1\shared\appsdata\groups\10-Operations\13-Employee Handbook & New Hire\1-Field","BUILTIN\Administrators","Allow","FullControl","True"
"Y:\ttbntfile1\shared\appsdata\groups\10-Operations\13-Employee Handbook & New Hire\1-Field","NT AUTHORITY\SYSTEM","Allow","FullControl","True"
"Y:\ttbntfile1\shared\appsdata\groups\10-Operations\13-Employee Handbook & New Hire\1-Field","TONNANDBLANK\Operations","Allow","FullControl","True"
"Y:\ttbntfile1\shared\appsdata\groups\10-Operations\13-Employee Handbook & New Hire\2-Office","TONNANDBLANK\impactadmin","Allow","FullControl","True"
"Y:\ttbntfile1\shared\appsdata\groups\10-Operations\13-Employee Handbook & New Hire\2-Office","CREATOR OWNER","Allow","FullControl","True"
"Y:\ttbntfile1\shared\appsdata\groups\10-Operations\13-Employee Handbook & New Hire\2-Office","BUILTIN\Administrators","Allow","FullControl","True"
"Y:\ttbntfile1\shared\appsdata\groups\10-Operations\13-Employee Handbook & New Hire\2-Office","NT AUTHORITY\SYSTEM","Allow","FullControl","True"
"Y:\ttbntfile1\shared\appsdata\groups\10-Operations\13-Employee Handbook & New Hire\2-Office","TONNANDBLANK\Operations","Allow","FullControl","True"
"Y:\ttbntfile1\shared\appsdata\groups\10-Operations\14-Fuelmaster\Config Info","TONNANDBLANK\impactadmin","Allow","FullControl","True"
"Y:\ttbntfile1\shared\appsdata\groups\10-Operations\14-Fuelmaster\Config Info","CREATOR OWNER","Allow","FullControl","True"
"Y:\ttbntfile1\shared\appsdata\groups\10-Operations\14-Fuelmaster\Config Info","BUILTIN\Administrators","Allow","FullControl","True"
"Y:\ttbntfile1\shared\appsdata\groups\10-Operations\14-Fuelmaster\Config Info","NT AUTHORITY\SYSTEM","Allow","FullControl","True"
"Y:\ttbntfile1\shared\appsdata\groups\10-Operations\14-Fuelmaster\Config Info","TONNANDBLANK\Operations","Allow","FullControl","True"
"Y:\ttbntfile1\shared\appsdata\groups\10-Operations\14-Fuelmaster\DB Backup","TONNANDBLANK\impactadmin","Allow","FullControl","True"
"Y:\ttbntfile1\shared\appsdata\groups\10-Operations\14-Fuelmaster\DB Backup","CREATOR OWNER","Allow","FullControl","True"
"Y:\ttbntfile1\shared\appsdata\groups\10-Operations\14-Fuelmaster\DB Backup","BUILTIN\Administrators","Allow","FullControl","True"
"Y:\ttbntfile1\shared\appsdata\groups\10-Operations\14-Fuelmaster\DB Backup","NT AUTHORITY\SYSTEM","Allow","FullControl","True"
"Y:\ttbntfile1\shared\appsdata\groups\10-Operations\14-Fuelmaster\DB Backup","TONNANDBLANK\Operations","Allow","FullControl","True"
"Y:\ttbntfile1\shared\appsdata\groups\10-Operations\14-Fuelmaster\Export hold for W-E 10-29-17","TONNANDBLANK\impactadmin","Allow","FullControl","True"
"Y:\ttbntfile1\shared\appsdata\groups\10-Operations\14-Fuelmaster\Export hold for W-E 10-29-17","CREATOR OWNER","Allow","FullControl","True"
"Y:\ttbntfile1\shared\appsdata\groups\10-Operations\14-Fuelmaster\Export hold for W-E 10-29-17","BUILTIN\Administrators","Allow","FullControl","True"
"Y:\ttbntfile1\shared\appsdata\groups\10-Operations\14-Fuelmaster\Export hold for W-E 10-29-17","NT AUTHORITY\SYSTEM","Allow","FullControl","True"
"Y:\ttbntfile1\shared\appsdata\groups\10-Operations\14-Fuelmaster\Export hold for W-E 10-29-17","TONNANDBLANK\Operations","Allow","FullControl","True"
"Y:\ttbntfile1\shared\appsdata\groups\10-Operations\14-Fuelmaster\Fuel Master Customer support","TONNANDBLANK\impactadmin","Allow","FullControl","True"
"Y:\ttbntfile1\shared\appsdata\groups\10-Operations\14-Fuelmaster\Fuel Master Customer support","CREATOR OWNER","Allow","FullControl","True"
"Y:\ttbntfile1\shared\appsdata\groups\10-Operations\14-Fuelmaster\Fuel Master Customer support","BUILTIN\Administrators","Allow","FullControl","True"
"Y:\ttbntfile1\shared\appsdata\groups\10-Operations\14-Fuelmaster\Fuel Master Customer support","NT AUTHORITY\SYSTEM","Allow","FullControl","True"
"Y:\ttbntfile1\shared\appsdata\groups\10-Operations\14-Fuelmaster\Fuel Master Customer support","TONNANDBLANK\Operations","Allow","FullControl","True"
"Y:\ttbntfile1\shared\appsdata\groups\10-Operations\14-Fuelmaster\Fuelmaster CSV Exports","TONNANDBLANK\impactadmin","Allow","FullControl","True"
"Y:\ttbntfile1\shared\appsdata\groups\10-Operations\14-Fuelmaster\Fuelmaster CSV Exports","CREATOR OWNER","Allow","FullControl","True"
"Y:\ttbntfile1\shared\appsdata\groups\10-Operations\14-Fuelmaster\Fuelmaster CSV Exports","BUILTIN\Administrators","Allow","FullControl","True"
"Y:\ttbntfile1\shared\appsdata\groups\10-Operations\14-Fuelmaster\Fuelmaster CSV Exports","NT AUTHORITY\SYSTEM","Allow","FullControl","True"
"Y:\ttbntfile1\shared\appsdata\groups\10-Operations\14-Fuelmaster\Fuelmaster CSV Exports","TONNANDBLANK\Operations","Allow","FullControl","True"
"Y:\ttbntfile1\shared\appsdata\groups\10-Operations\14-Fuelmaster\Fuelmaster Detailed Export Report","TONNANDBLANK\impactadmin","Allow","FullControl","True"
"Y:\ttbntfile1\shared\appsdata\groups\10-Operations\14-Fuelmaster\Fuelmaster Detailed Export Report","CREATOR OWNER","Allow","FullControl","True"
"Y:\ttbntfile1\shared\appsdata\groups\10-Operations\14-Fuelmaster\Fuelmaster Detailed Export Report","BUILTIN\Administrators","Allow","FullControl","True"
"Y:\ttbntfile1\shared\appsdata\groups\10-Operations\14-Fuelmaster\Fuelmaster Detailed Export Report","NT AUTHORITY\SYSTEM","Allow","FullControl","True"
"Y:\ttbntfile1\shared\appsdata\groups\10-Operations\14-Fuelmaster\Fuelmaster Detailed Export Report","TONNANDBLANK\Operations","Allow","FullControl","True"
"Y:\ttbntfile1\shared\appsdata\groups\10-Operations\14-Fuelmaster\Fuelmaster Efficiency Report","TONNANDBLANK\impactadmin","Allow","FullControl","True"
"Y:\ttbntfile1\shared\appsdata\groups\10-Operations\14-Fuelmaster\Fuelmaster Efficiency Report","CREATOR OWNER","Allow","FullControl","True"
"Y:\ttbntfile1\shared\appsdata\groups\10-Operations\14-Fuelmaster\Fuelmaster Efficiency Report","BUILTIN\Administrators","Allow","FullControl","True"
"Y:\ttbntfile1\shared\appsdata\groups\10-Operations\14-Fuelmaster\Fuelmaster Efficiency Report","NT AUTHORITY\SYSTEM","Allow","FullControl","True"
"Y:\ttbntfile1\shared\appsdata\groups\10-Operations\14-Fuelmaster\Fuelmaster Efficiency Report","TONNANDBLANK\Operations","Allow","FullControl","True"
"Y:\ttbntfile1\shared\appsdata\groups\10-Operations\14-Fuelmaster\Fuelmaster export layout examples","TONNANDBLANK\impactadmin","Allow","FullControl","True"
"Y:\ttbntfile1\shared\appsdata\groups\10-Operations\14-Fuelmaster\Fuelmaster export layout examples","CREATOR OWNER","Allow","FullControl","True"
"Y:\ttbntfile1\shared\appsdata\groups\10-Operations\14-Fuelmaster\Fuelmaster export layout examples","BUILTIN\Administrators","Allow","FullControl","True"
"Y:\ttbntfile1\shared\appsdata\groups\10-Operations\14-Fuelmaster\Fuelmaster export layout examples","NT AUTHORITY\SYSTEM","Allow","FullControl","True"
"Y:\ttbntfile1\shared\appsdata\groups\10-Operations\14-Fuelmaster\Fuelmaster export layout examples","TONNANDBLANK\Operations","Allow","FullControl","True"
"Y:\ttbntfile1\shared\appsdata\groups\10-Operations\14-Fuelmaster\Fuelmaster Ledger","TONNANDBLANK\impactadmin","Allow","FullControl","True"
"Y:\ttbntfile1\shared\appsdata\groups\10-Operations\14-Fuelmaster\Fuelmaster Ledger","CREATOR OWNER","Allow","FullControl","True"
"Y:\ttbntfile1\shared\appsdata\groups\10-Operations\14-Fuelmaster\Fuelmaster Ledger","BUILTIN\Administrators","Allow","FullControl","True"
"Y:\ttbntfile1\shared\appsdata\groups\10-Operations\14-Fuelmaster\Fuelmaster Ledger","NT AUTHORITY\SYSTEM","Allow","FullControl","True"
"Y:\ttbntfile1\shared\appsdata\groups\10-Operations\14-Fuelmaster\Fuelmaster Ledger","TONNANDBLANK\Operations","Allow","FullControl","True"
"Y:\ttbntfile1\shared\appsdata\groups\10-Operations\14-Fuelmaster\Fuelmaster Monthly Fuel Price","TONNANDBLANK\impactadmin","Allow","FullControl","True"
"Y:\ttbntfile1\shared\appsdata\groups\10-Operations\14-Fuelmaster\Fuelmaster Monthly Fuel Price","CREATOR OWNER","Allow","FullControl","True"
"Y:\ttbntfile1\shared\appsdata\groups\10-Operations\14-Fuelmaster\Fuelmaster Monthly Fuel Price","BUILTIN\Administrators","Allow","FullControl","True"
"Y:\ttbntfile1\shared\appsdata\groups\10-Operations\14-Fuelmaster\Fuelmaster Monthly Fuel Price","NT AUTHORITY\SYSTEM","Allow","FullControl","True"
"Y:\ttbntfile1\shared\appsdata\groups\10-Operations\14-Fuelmaster\Fuelmaster Monthly Fuel Price","TONNANDBLANK\Operations","Allow","FullControl","True"
"Y:\ttbntfile1\shared\appsdata\groups\10-Operations\14-Fuelmaster\Fuelmaster Site Inventory","TONNANDBLANK\impactadmin","Allow","FullControl","True"
"Y:\ttbntfile1\shared\appsdata\groups\10-Operations\14-Fuelmaster\Fuelmaster Site Inventory","CREATOR OWNER","Allow","FullControl","True"
"Y:\ttbntfile1\shared\appsdata\groups\10-Operations\14-Fuelmaster\Fuelmaster Site Inventory","BUILTIN\Administrators","Allow","FullControl","True"
"Y:\ttbntfile1\shared\appsdata\groups\10-Operations\14-Fuelmaster\Fuelmaster Site Inventory","NT AUTHORITY\SYSTEM","Allow","FullControl","True"
"Y:\ttbntfile1\shared\appsdata\groups\10-Operations\14-Fuelmaster\Fuelmaster Site Inventory","TONNANDBLANK\Operations","Allow","FullControl","True"
"Y:\ttbntfile1\shared\appsdata\groups\10-Operations\14-Fuelmaster\Fuelmaster Transaction Listed by Job","TONNANDBLANK\impactadmin","Allow","FullControl","True"
"Y:\ttbntfile1\shared\appsdata\groups\10-Operations\14-Fuelmaster\Fuelmaster Transaction Listed by Job","CREATOR OWNER","Allow","FullControl","True"
"Y:\ttbntfile1\shared\appsdata\groups\10-Operations\14-Fuelmaster\Fuelmaster Transaction Listed by Job","BUILTIN\Administrators","Allow","FullControl","True"
"Y:\ttbntfile1\shared\appsdata\groups\10-Operations\14-Fuelmaster\Fuelmaster Transaction Listed by Job","NT AUTHORITY\SYSTEM","Allow","FullControl","True"
"Y:\ttbntfile1\shared\appsdata\groups\10-Operations\14-Fuelmaster\Fuelmaster Transaction Listed by Job","TONNANDBLANK\Operations","Allow","FullControl","True"
"Y:\ttbntfile1\shared\appsdata\groups\10-Operations\14-Fuelmaster\Imported","TONNANDBLANK\impactadmin","Allow","FullControl","True"
"Y:\ttbntfile1\shared\appsdata\groups\10-Operations\14-Fuelmaster\Imported","CREATOR OWNER","Allow","FullControl","True"
"Y:\ttbntfile1\shared\appsdata\groups\10-Operations\14-Fuelmaster\Imported","BUILTIN\Administrators","Allow","FullControl","True"
"Y:\ttbntfile1\shared\appsdata\groups\10-Operations\14-Fuelmaster\Imported","NT AUTHORITY\SYSTEM","Allow","FullControl","True"
"Y:\ttbntfile1\shared\appsdata\groups\10-Operations\14-Fuelmaster\Imported","TONNANDBLANK\Operations","Allow","FullControl","True"
"Y:\ttbntfile1\shared\appsdata\groups\10-Operations\14-Fuelmaster\InstallCD","TONNANDBLANK\impactadmin","Allow","FullControl","True"
"Y:\ttbntfile1\shared\appsdata\groups\10-Operations\14-Fuelmaster\InstallCD","CREATOR OWNER","Allow","FullControl","True"
"Y:\ttbntfile1\shared\appsdata\groups\10-Operations\14-Fuelmaster\InstallCD","BUILTIN\Administrators","Allow","FullControl","True"
"Y:\ttbntfile1\shared\appsdata\groups\10-Operations\14-Fuelmaster\InstallCD","NT AUTHORITY\SYSTEM","Allow","FullControl","True"
"Y:\ttbntfile1\shared\appsdata\groups\10-Operations\14-Fuelmaster\InstallCD","TONNANDBLANK\Operations","Allow","FullControl","True"
"Y:\ttbntfile1\shared\appsdata\groups\10-Operations\14-Fuelmaster\new config file","TONNANDBLANK\impactadmin","Allow","FullControl","True"
"Y:\ttbntfile1\shared\appsdata\groups\10-Operations\14-Fuelmaster\new config file","CREATOR OWNER","Allow","FullControl","True"
"Y:\ttbntfile1\shared\appsdata\groups\10-Operations\14-Fuelmaster\new config file","BUILTIN\Administrators","Allow","FullControl","True"
"Y:\ttbntfile1\shared\appsdata\groups\10-Operations\14-Fuelmaster\new config file","NT AUTHORITY\SYSTEM","Allow","FullControl","True"
"Y:\ttbntfile1\shared\appsdata\groups\10-Operations\14-Fuelmaster\new config file","TONNANDBLANK\Operations","Allow","FullControl","True"
"Y:\ttbntfile1\shared\appsdata\groups\10-Operations\14-Fuelmaster\Old Test CSV","TONNANDBLANK\impactadmin","Allow","FullControl","True"
"Y:\ttbntfile1\shared\appsdata\groups\10-Operations\14-Fuelmaster\Old Test CSV","CREATOR OWNER","Allow","FullControl","True"
"Y:\ttbntfile1\shared\appsdata\groups\10-Operations\14-Fuelmaster\Old Test CSV","BUILTIN\Administrators","Allow","FullControl","True"
"Y:\ttbntfile1\shared\appsdata\groups\10-Operations\14-Fuelmaster\Old Test CSV","NT AUTHORITY\SYSTEM","Allow","FullControl","True"
"Y:\ttbntfile1\shared\appsdata\groups\10-Operations\14-Fuelmaster\Old Test CSV","TONNANDBLANK\Operations","Allow","FullControl","True"
"Y:\ttbntfile1\shared\appsdata\groups\10-Operations\14-Fuelmaster\DB Backup\ProgramData","TONNANDBLANK\impactadmin","Allow","FullControl","True"
"Y:\ttbntfile1\shared\appsdata\groups\10-Operations\14-Fuelmaster\DB Backup\ProgramData","CREATOR OWNER","Allow","FullControl","True"
"Y:\ttbntfile1\shared\appsdata\groups\10-Operations\14-Fuelmaster\DB Backup\ProgramData","BUILTIN\Administrators","Allow","FullControl","True"
"Y:\ttbntfile1\shared\appsdata\groups\10-Operations\14-Fuelmaster\DB Backup\ProgramData","NT AUTHORITY\SYSTEM","Allow","FullControl","True"
"Y:\ttbntfile1\shared\appsdata\groups\10-Operations\14-Fuelmaster\DB Backup\ProgramData","TONNANDBLANK\Operations","Allow","FullControl","True"
"Y:\ttbntfile1\shared\appsdata\groups\10-Operations\14-Fuelmaster\DB Backup\ProgramData\downloadFiles","TONNANDBLANK\impactadmin","Allow","FullControl","True"
"Y:\ttbntfile1\shared\appsdata\groups\10-Operations\14-Fuelmaster\DB Backup\ProgramData\downloadFiles","CREATOR OWNER","Allow","FullControl","True"
"Y:\ttbntfile1\shared\appsdata\groups\10-Operations\14-Fuelmaster\DB Backup\ProgramData\downloadFiles","BUILTIN\Administrators","Allow","FullControl","True"
"Y:\ttbntfile1\shared\appsdata\groups\10-Operations\14-Fuelmaster\DB Backup\ProgramData\downloadFiles","NT AUTHORITY\SYSTEM","Allow","FullControl","True"
"Y:\ttbntfile1\shared\appsdata\groups\10-Operations\14-Fuelmaster\DB Backup\ProgramData\downloadFiles","TONNANDBLANK\Operations","Allow","FullControl","True"
"Y:\ttbntfile1\shared\appsdata\groups\10-Operations\14-Fuelmaster\DB Backup\ProgramData\PollReports","TONNANDBLANK\impactadmin","Allow","FullControl","True"
"Y:\ttbntfile1\shared\appsdata\groups\10-Operations\14-Fuelmaster\DB Backup\ProgramData\PollReports","CREATOR OWNER","Allow","FullControl","True"
"Y:\ttbntfile1\shared\appsdata\groups\10-Operations\14-Fuelmaster\DB Backup\ProgramData\PollReports","BUILTIN\Administrators","Allow","FullControl","True"
"Y:\ttbntfile1\shared\appsdata\groups\10-Operations\14-Fuelmaster\DB Backup\ProgramData\PollReports","NT AUTHORITY\SYSTEM","Allow","FullControl","True"
"Y:\ttbntfile1\shared\appsdata\groups\10-Operations\14-Fuelmaster\DB Backup\ProgramData\PollReports","TONNANDBLANK\Operations","Allow","FullControl","True"
"Y:\ttbntfile1\shared\appsdata\groups\10-Operations\14-Fuelmaster\DB Backup\ProgramData\TMUReports","TONNANDBLANK\impactadmin","Allow","FullControl","True"
"Y:\ttbntfile1\shared\appsdata\groups\10-Operations\14-Fuelmaster\DB Backup\ProgramData\TMUReports","CREATOR OWNER","Allow","FullControl","True"
"Y:\ttbntfile1\shared\appsdata\groups\10-Operations\14-Fuelmaster\DB Backup\ProgramData\TMUReports","BUILTIN\Administrators","Allow","FullControl","True"
"Y:\ttbntfile1\shared\appsdata\groups\10-Operations\14-Fuelmaster\DB Backup\ProgramData\TMUReports","NT AUTHORITY\SYSTEM","Allow","FullControl","True"
"Y:\ttbntfile1\shared\appsdata\groups\10-Operations\14-Fuelmaster\DB Backup\ProgramData\TMUReports","TONNANDBLANK\Operations","Allow","FullControl","True"
"Y:\ttbntfile1\shared\appsdata\groups\10-Operations\14-Fuelmaster\DB Backup\ProgramData\unprocessed","TONNANDBLANK\impactadmin","Allow","FullControl","True"
"Y:\ttbntfile1\shared\appsdata\groups\10-Operations\14-Fuelmaster\DB Backup\ProgramData\unprocessed","CREATOR OWNER","Allow","FullControl","True"
"Y:\ttbntfile1\shared\appsdata\groups\10-Operations\14-Fuelmaster\DB Backup\ProgramData\unprocessed","BUILTIN\Administrators","Allow","FullControl","True"
"Y:\ttbntfile1\shared\appsdata\groups\10-Operations\14-Fuelmaster\DB Backup\ProgramData\unprocessed","NT AUTHORITY\SYSTEM","Allow","FullControl","True"
"Y:\ttbntfile1\shared\appsdata\groups\10-Operations\14-Fuelmaster\DB Backup\ProgramData\unprocessed","TONNANDBLANK\Operations","Allow","FullControl","True"
"Y:\ttbntfile1\shared\appsdata\groups\10-Operations\14-Fuelmaster\DB Backup\ProgramData\downloadFiles\fuelmaster","TONNANDBLANK\impactadmin","Allow","FullControl","True"
"Y:\ttbntfile1\shared\appsdata\groups\10-Operations\14-Fuelmaster\DB Backup\ProgramData\downloadFiles\fuelmaster","CREATOR OWNER","Allow","FullControl","True"
"Y:\ttbntfile1\shared\appsdata\groups\10-Operations\14-Fuelmaster\DB Backup\ProgramData\downloadFiles\fuelmaster","BUILTIN\Administrators","Allow","FullControl","True"
"Y:\ttbntfile1\shared\appsdata\groups\10-Operations\14-Fuelmaster\DB Backup\ProgramData\downloadFiles\fuelmaster","NT AUTHORITY\SYSTEM","Allow","FullControl","True"
"Y:\ttbntfile1\shared\appsdata\groups\10-Operations\14-Fuelmaster\DB Backup\ProgramData\downloadFiles\fuelmaster","TONNANDBLANK\Operations","Allow","FullControl","True"
"Y:\ttbntfile1\shared\appsdata\groups\10-Operations\14-Fuelmaster\DB Backup\ProgramData\downloadFiles\Lists","TONNANDBLANK\impactadmin","Allow","FullControl","True"
"Y:\ttbntfile1\shared\appsdata\groups\10-Operations\14-Fuelmaster\DB Backup\ProgramData\downloadFiles\Lists","CREATOR OWNER","Allow","FullControl","True"
"Y:\ttbntfile1\shared\appsdata\groups\10-Operations\14-Fuelmaster\DB Backup\ProgramData\downloadFiles\Lists","BUILTIN\Administrators","Allow","FullControl","True"
"Y:\ttbntfile1\shared\appsdata\groups\10-Operations\14-Fuelmaster\DB Backup\ProgramData\downloadFiles\Lists","NT AUTHORITY\SYSTEM","Allow","FullControl","True"
"Y:\ttbntfile1\shared\appsdata\groups\10-Operations\14-Fuelmaster\DB Backup\ProgramData\downloadFiles\Lists","TONNANDBLANK\Operations","Allow","FullControl","True"
"Y:\ttbntfile1\shared\appsdata\groups\10-Operations\14-Fuelmaster\DB Backup\ProgramData\PollReports\fuelmaster","TONNANDBLANK\impactadmin","Allow","FullControl","True"
"Y:\ttbntfile1\shared\appsdata\groups\10-Operations\14-Fuelmaster\DB Backup\ProgramData\PollReports\fuelmaster","CREATOR OWNER","Allow","FullControl","True"
"Y:\ttbntfile1\shared\appsdata\groups\10-Operations\14-Fuelmaster\DB Backup\ProgramData\PollReports\fuelmaster","BUILTIN\Administrators","Allow","FullControl","True"
"Y:\ttbntfile1\shared\appsdata\groups\10-Operations\14-Fuelmaster\DB Backup\ProgramData\PollReports\fuelmaster","NT AUTHORITY\SYSTEM","Allow","FullControl","True"
"Y:\ttbntfile1\shared\appsdata\groups\10-Operations\14-Fuelmaster\DB Backup\ProgramData\PollReports\fuelmaster","TONNANDBLANK\Operations","Allow","FullControl","True"
"Y:\ttbntfile1\shared\appsdata\groups\10-Operations\14-Fuelmaster\DB Backup\ProgramData\TMUReports\Dispatch Database","TONNANDBLANK\impactadmin","Allow","FullControl","True"
"Y:\ttbntfile1\shared\appsdata\groups\10-Operations\14-Fuelmaster\DB Backup\ProgramData\TMUReports\Dispatch Database","CREATOR OWNER","Allow","FullControl","True"
"Y:\ttbntfile1\shared\appsdata\groups\10-Operations\14-Fuelmaster\DB Backup\ProgramData\TMUReports\Dispatch Database","BUILTIN\Administrators","Allow","FullControl","True"
"Y:\ttbntfile1\shared\appsdata\groups\10-Operations\14-Fuelmaster\DB Backup\ProgramData\TMUReports\Dispatch Database","NT AUTHORITY\SYSTEM","Allow","FullControl","True"
"Y:\ttbntfile1\shared\appsdata\groups\10-Operations\14-Fuelmaster\DB Backup\ProgramData\TMUReports\Dispatch Database","TONNANDBLANK\Operations","Allow","FullControl","True"
"Y:\ttbntfile1\shared\appsdata\groups\10-Operations\14-Fuelmaster\DB Backup\ProgramData\TMUReports\Fuelmaster","TONNANDBLANK\impactadmin","Allow","FullControl","True"
"Y:\ttbntfile1\shared\appsdata\groups\10-Operations\14-Fuelmaster\DB Backup\ProgramData\TMUReports\Fuelmaster","CREATOR OWNER","Allow","FullControl","True"
"Y:\ttbntfile1\shared\appsdata\groups\10-Operations\14-Fuelmaster\DB Backup\ProgramData\TMUReports\Fuelmaster","BUILTIN\Administrators","Allow","FullControl","True"
"Y:\ttbntfile1\shared\appsdata\groups\10-Operations\14-Fuelmaster\DB Backup\ProgramData\TMUReports\Fuelmaster","NT AUTHORITY\SYSTEM","Allow","FullControl","True"
"Y:\ttbntfile1\shared\appsdata\groups\10-Operations\14-Fuelmaster\DB Backup\ProgramData\TMUReports\Fuelmaster","TONNANDBLANK\Operations","Allow","FullControl","True"
"Y:\ttbntfile1\shared\appsdata\groups\10-Operations\14-Fuelmaster\Fuelmaster CSV Exports\downloadFiles","TONNANDBLANK\impactadmin","Allow","FullControl","True"
"Y:\ttbntfile1\shared\appsdata\groups\10-Operations\14-Fuelmaster\Fuelmaster CSV Exports\downloadFiles","CREATOR OWNER","Allow","FullControl","True"
"Y:\ttbntfile1\shared\appsdata\groups\10-Operations\14-Fuelmaster\Fuelmaster CSV Exports\downloadFiles","BUILTIN\Administrators","Allow","FullControl","True"
"Y:\ttbntfile1\shared\appsdata\groups\10-Operations\14-Fuelmaster\Fuelmaster CSV Exports\downloadFiles","NT AUTHORITY\SYSTEM","Allow","FullControl","True"
"Y:\ttbntfile1\shared\appsdata\groups\10-Operations\14-Fuelmaster\Fuelmaster CSV Exports\downloadFiles","TONNANDBLANK\Operations","Allow","FullControl","True"
"Y:\ttbntfile1\shared\appsdata\groups\10-Operations\14-Fuelmaster\Fuelmaster CSV Exports\PollReports","TONNANDBLANK\impactadmin","Allow","FullControl","True"
"Y:\ttbntfile1\shared\appsdata\groups\10-Operations\14-Fuelmaster\Fuelmaster CSV Exports\PollReports","CREATOR OWNER","Allow","FullControl","True"
"Y:\ttbntfile1\shared\appsdata\groups\10-Operations\14-Fuelmaster\Fuelmaster CSV Exports\PollReports","BUILTIN\Administrators","Allow","FullControl","True"
"Y:\ttbntfile1\shared\appsdata\groups\10-Operations\14-Fuelmaster\Fuelmaster CSV Exports\PollReports","NT AUTHORITY\SYSTEM","Allow","FullControl","True"
"Y:\ttbntfile1\shared\appsdata\groups\10-Operations\14-Fuelmaster\Fuelmaster CSV Exports\PollReports","TONNANDBLANK\Operations","Allow","FullControl","True"
"Y:\ttbntfile1\shared\appsdata\groups\10-Operations\14-Fuelmaster\Fuelmaster CSV Exports\TMUReports","TONNANDBLANK\impactadmin","Allow","FullControl","True"
"Y:\ttbntfile1\shared\appsdata\groups\10-Operations\14-Fuelmaster\Fuelmaster CSV Exports\TMUReports","CREATOR OWNER","Allow","FullControl","True"
"Y:\ttbntfile1\shared\appsdata\groups\10-Operations\14-Fuelmaster\Fuelmaster CSV Exports\TMUReports","BUILTIN\Administrators","Allow","FullControl","True"
"Y:\ttbntfile1\shared\appsdata\groups\10-Operations\14-Fuelmaster\Fuelmaster CSV Exports\TMUReports","NT AUTHORITY\SYSTEM","Allow","FullControl","True"
"Y:\ttbntfile1\shared\appsdata\groups\10-Operations\14-Fuelmaster\Fuelmaster CSV Exports\TMUReports","TONNANDBLANK\Operations","Allow","FullControl","True"
"Y:\ttbntfile1\shared\appsdata\groups\10-Operations\14-Fuelmaster\Fuelmaster CSV Exports\downloadFiles\FuelMasterPlus.mdb","TONNANDBLANK\impactadmin","Allow","FullControl","True"
"Y:\ttbntfile1\shared\appsdata\groups\10-Operations\14-Fuelmaster\Fuelmaster CSV Exports\downloadFiles\FuelMasterPlus.mdb","CREATOR OWNER","Allow","FullControl","True"
"Y:\ttbntfile1\shared\appsdata\groups\10-Operations\14-Fuelmaster\Fuelmaster CSV Exports\downloadFiles\FuelMasterPlus.mdb","BUILTIN\Administrators","Allow","FullControl","True"
"Y:\ttbntfile1\shared\appsdata\groups\10-Operations\14-Fuelmaster\Fuelmaster CSV Exports\downloadFiles\FuelMasterPlus.mdb","NT AUTHORITY\SYSTEM","Allow","FullControl","True"
"Y:\ttbntfile1\shared\appsdata\groups\10-Operations\14-Fuelmaster\Fuelmaster CSV Exports\downloadFiles\FuelMasterPlus.mdb","TONNANDBLANK\Operations","Allow","FullControl","True"
"Y:\ttbntfile1\shared\appsdata\groups\10-Operations\14-Fuelmaster\Fuelmaster CSV Exports\PollReports\FuelMasterPlus.mdb","TONNANDBLANK\impactadmin","Allow","FullControl","True"
"Y:\ttbntfile1\shared\appsdata\groups\10-Operations\14-Fuelmaster\Fuelmaster CSV Exports\PollReports\FuelMasterPlus.mdb","CREATOR OWNER","Allow","FullControl","True"
"Y:\ttbntfile1\shared\appsdata\groups\10-Operations\14-Fuelmaster\Fuelmaster CSV Exports\PollReports\FuelMasterPlus.mdb","BUILTIN\Administrators","Allow","FullControl","True"
"Y:\ttbntfile1\shared\appsdata\groups\10-Operations\14-Fuelmaster\Fuelmaster CSV Exports\PollReports\FuelMasterPlus.mdb","NT AUTHORITY\SYSTEM","Allow","FullControl","True"
"Y:\ttbntfile1\shared\appsdata\groups\10-Operations\14-Fuelmaster\Fuelmaster CSV Exports\PollReports\FuelMasterPlus.mdb","TONNANDBLANK\Operations","Allow","FullControl","True"
"Y:\ttbntfile1\shared\appsdata\groups\10-Operations\14-Fuelmaster\Fuelmaster CSV Exports\TMUReports\FuelMasterPlus.mdb","TONNANDBLANK\impactadmin","Allow","FullControl","True"
"Y:\ttbntfile1\shared\appsdata\groups\10-Operations\14-Fuelmaster\Fuelmaster CSV Exports\TMUReports\FuelMasterPlus.mdb","CREATOR OWNER","Allow","FullControl","True"
"Y:\ttbntfile1\shared\appsdata\groups\10-Operations\14-Fuelmaster\Fuelmaster CSV Exports\TMUReports\FuelMasterPlus.mdb","BUILTIN\Administrators","Allow","FullControl","True"
"Y:\ttbntfile1\shared\appsdata\groups\10-Operations\14-Fuelmaster\Fuelmaster CSV Exports\TMUReports\FuelMasterPlus.mdb","NT AUTHORITY\SYSTEM","Allow","FullControl","True"
"Y:\ttbntfile1\shared\appsdata\groups\10-Operations\14-Fuelmaster\Fuelmaster CSV Exports\TMUReports\FuelMasterPlus.mdb","TONNANDBLANK\Operations","Allow","FullControl","True"
"Y:\ttbntfile1\shared\appsdata\groups\10-Operations\14-Fuelmaster\Fuelmaster Efficiency Report\Fuelmaster  Efficiency Report","TONNANDBLANK\impactadmin","Allow","FullControl","True"
"Y:\ttbntfile1\shared\appsdata\groups\10-Operations\14-Fuelmaster\Fuelmaster Efficiency Report\Fuelmaster  Efficiency Report","CREATOR OWNER","Allow","FullControl","True"
"Y:\ttbntfile1\shared\appsdata\groups\10-Operations\14-Fuelmaster\Fuelmaster Efficiency Report\Fuelmaster  Efficiency Report","BUILTIN\Administrators","Allow","FullControl","True"
"Y:\ttbntfile1\shared\appsdata\groups\10-Operations\14-Fuelmaster\Fuelmaster Efficiency Report\Fuelmaster  Efficiency Report","NT AUTHORITY\SYSTEM","Allow","FullControl","True"
"Y:\ttbntfile1\shared\appsdata\groups\10-Operations\14-Fuelmaster\Fuelmaster Efficiency Report\Fuelmaster  Efficiency Report","TONNANDBLANK\Operations","Allow","FullControl","True"
"Y:\ttbntfile1\shared\appsdata\groups\10-Operations\14-Fuelmaster\Fuelmaster export layout examples\All Standard Export Layouts and Samples","TONNANDBLANK\impactadmin","Allow","FullControl","True"
"Y:\ttbntfile1\shared\appsdata\groups\10-Operations\14-Fuelmaster\Fuelmaster export layout examples\All Standard Export Layouts and Samples","CREATOR OWNER","Allow","FullControl","True"
"Y:\ttbntfile1\shared\appsdata\groups\10-Operations\14-Fuelmaster\Fuelmaster export layout examples\All Standard Export Layouts and Samples","BUILTIN\Administrators","Allow","FullControl","True"
"Y:\ttbntfile1\shared\appsdata\groups\10-Operations\14-Fuelmaster\Fuelmaster export layout examples\All Standard Export Layouts and Samples","NT AUTHORITY\SYSTEM","Allow","FullControl","True"
"Y:\ttbntfile1\shared\appsdata\groups\10-Operations\14-Fuelmaster\Fuelmaster export layout examples\All Standard Export Layouts and Samples","TONNANDBLANK\Operations","Allow","FullControl","True"
"Y:\ttbntfile1\shared\appsdata\groups\10-Operations\14-Fuelmaster\Fuelmaster Transaction Listed by Job\Fuelmaster Job Report","TONNANDBLANK\impactadmin","Allow","FullControl","True"
"Y:\ttbntfile1\shared\appsdata\groups\10-Operations\14-Fuelmaster\Fuelmaster Transaction Listed by Job\Fuelmaster Job Report","CREATOR OWNER","Allow","FullControl","True"
"Y:\ttbntfile1\shared\appsdata\groups\10-Operations\14-Fuelmaster\Fuelmaster Transaction Listed by Job\Fuelmaster Job Report","BUILTIN\Administrators","Allow","FullControl","True"
"Y:\ttbntfile1\shared\appsdata\groups\10-Operations\14-Fuelmaster\Fuelmaster Transaction Listed by Job\Fuelmaster Job Report","NT AUTHORITY\SYSTEM","Allow","FullControl","True"
"Y:\ttbntfile1\shared\appsdata\groups\10-Operations\14-Fuelmaster\Fuelmaster Transaction Listed by Job\Fuelmaster Job Report","TONNANDBLANK\Operations","Allow","FullControl","True"
"Y:\ttbntfile1\shared\appsdata\groups\10-Operations\14-Fuelmaster\Imported\Import 8-14-15","TONNANDBLANK\impactadmin","Allow","FullControl","True"
"Y:\ttbntfile1\shared\appsdata\groups\10-Operations\14-Fuelmaster\Imported\Import 8-14-15","CREATOR OWNER","Allow","FullControl","True"
"Y:\ttbntfile1\shared\appsdata\groups\10-Operations\14-Fuelmaster\Imported\Import 8-14-15","BUILTIN\Administrators","Allow","FullControl","True"
"Y:\ttbntfile1\shared\appsdata\groups\10-Operations\14-Fuelmaster\Imported\Import 8-14-15","NT AUTHORITY\SYSTEM","Allow","FullControl","True"
"Y:\ttbntfile1\shared\appsdata\groups\10-Operations\14-Fuelmaster\Imported\Import 8-14-15","TONNANDBLANK\Operations","Allow","FullControl","True"
"Y:\ttbntfile1\shared\appsdata\groups\10-Operations\14-Fuelmaster\new config file\1.1.2020","TONNANDBLANK\impactadmin","Allow","FullControl","True"
"Y:\ttbntfile1\shared\appsdata\groups\10-Operations\14-Fuelmaster\new config file\1.1.2020","CREATOR OWNER","Allow","FullControl","True"
"Y:\ttbntfile1\shared\appsdata\groups\10-Operations\14-Fuelmaster\new config file\1.1.2020","BUILTIN\Administrators","Allow","FullControl","True"
"Y:\ttbntfile1\shared\appsdata\groups\10-Operations\14-Fuelmaster\new config file\1.1.2020","NT AUTHORITY\SYSTEM","Allow","FullControl","True"
"Y:\ttbntfile1\shared\appsdata\groups\10-Operations\14-Fuelmaster\new config file\1.1.2020","TONNANDBLANK\Operations","Allow","FullControl","True"
"Y:\ttbntfile1\shared\appsdata\groups\10-Operations\14-Fuelmaster\new config file\4.11.2014","TONNANDBLANK\impactadmin","Allow","FullControl","True"
"Y:\ttbntfile1\shared\appsdata\groups\10-Operations\14-Fuelmaster\new config file\4.11.2014","CREATOR OWNER","Allow","FullControl","True"
"Y:\ttbntfile1\shared\appsdata\groups\10-Operations\14-Fuelmaster\new config file\4.11.2014","BUILTIN\Administrators","Allow","FullControl","True"
"Y:\ttbntfile1\shared\appsdata\groups\10-Operations\14-Fuelmaster\new config file\4.11.2014","NT AUTHORITY\SYSTEM","Allow","FullControl","True"
"Y:\ttbntfile1\shared\appsdata\groups\10-Operations\14-Fuelmaster\new config file\4.11.2014","TONNANDBLANK\Operations","Allow","FullControl","True"
"Y:\ttbntfile1\shared\appsdata\groups\10-Operations\14-Fuelmaster\new config file\4.15.2014","TONNANDBLANK\impactadmin","Allow","FullControl","True"
"Y:\ttbntfile1\shared\appsdata\groups\10-Operations\14-Fuelmaster\new config file\4.15.2014","CREATOR OWNER","Allow","FullControl","True"
"Y:\ttbntfile1\shared\appsdata\groups\10-Operations\14-Fuelmaster\new config file\4.15.2014","BUILTIN\Administrators","Allow","FullControl","True"
"Y:\ttbntfile1\shared\appsdata\groups\10-Operations\14-Fuelmaster\new config file\4.15.2014","NT AUTHORITY\SYSTEM","Allow","FullControl","True"
"Y:\ttbntfile1\shared\appsdata\groups\10-Operations\14-Fuelmaster\new config file\4.15.2014","TONNANDBLANK\Operations","Allow","FullControl","True"
"Y:\ttbntfile1\shared\appsdata\groups\10-Operations\14-Fuelmaster\new config file\4.11.2014\TONN & BLANK PLUS","TONNANDBLANK\impactadmin","Allow","FullControl","True"
"Y:\ttbntfile1\shared\appsdata\groups\10-Operations\14-Fuelmaster\new config file\4.11.2014\TONN & BLANK PLUS","CREATOR OWNER","Allow","FullControl","True"
"Y:\ttbntfile1\shared\appsdata\groups\10-Operations\14-Fuelmaster\new config file\4.11.2014\TONN & BLANK PLUS","BUILTIN\Administrators","Allow","FullControl","True"
"Y:\ttbntfile1\shared\appsdata\groups\10-Operations\14-Fuelmaster\new config file\4.11.2014\TONN & BLANK PLUS","NT AUTHORITY\SYSTEM","Allow","FullControl","True"
"Y:\ttbntfile1\shared\appsdata\groups\10-Operations\14-Fuelmaster\new config file\4.11.2014\TONN & BLANK PLUS","TONNANDBLANK\Operations","Allow","FullControl","True"
"Y:\ttbntfile1\shared\appsdata\groups\10-Operations\14-Fuelmaster\new config file\4.15.2014\2500 Plus  Tonn & Blank V2","TONNANDBLANK\impactadmin","Allow","FullControl","True"
"Y:\ttbntfile1\shared\appsdata\groups\10-Operations\14-Fuelmaster\new config file\4.15.2014\2500 Plus  Tonn & Blank V2","CREATOR OWNER","Allow","FullControl","True"
"Y:\ttbntfile1\shared\appsdata\groups\10-Operations\14-Fuelmaster\new config file\4.15.2014\2500 Plus  Tonn & Blank V2","BUILTIN\Administrators","Allow","FullControl","True"
"Y:\ttbntfile1\shared\appsdata\groups\10-Operations\14-Fuelmaster\new config file\4.15.2014\2500 Plus  Tonn & Blank V2","NT AUTHORITY\SYSTEM","Allow","FullControl","True"
"Y:\ttbntfile1\shared\appsdata\groups\10-Operations\14-Fuelmaster\new config file\4.15.2014\2500 Plus  Tonn & Blank V2","TONNANDBLANK\Operations","Allow","FullControl","True"
"Y:\ttbntfile1\shared\appsdata\groups\10-Operations\16-MotorVehicleReports\Field","TONNANDBLANK\impactadmin","Allow","FullControl","True"
"Y:\ttbntfile1\shared\appsdata\groups\10-Operations\16-MotorVehicleReports\Field","CREATOR OWNER","Allow","FullControl","True"
"Y:\ttbntfile1\shared\appsdata\groups\10-Operations\16-MotorVehicleReports\Field","BUILTIN\Administrators","Allow","FullControl","True"
"Y:\ttbntfile1\shared\appsdata\groups\10-Operations\16-MotorVehicleReports\Field","NT AUTHORITY\SYSTEM","Allow","FullControl","True"
"Y:\ttbntfile1\shared\appsdata\groups\10-Operations\16-MotorVehicleReports\Field","TONNANDBLANK\Operations","Allow","FullControl","True"
"Y:\ttbntfile1\shared\appsdata\groups\10-Operations\16-MotorVehicleReports\Office","TONNANDBLANK\impactadmin","Allow","FullControl","True"
"Y:\ttbntfile1\shared\appsdata\groups\10-Operations\16-MotorVehicleReports\Office","CREATOR OWNER","Allow","FullControl","True"
"Y:\ttbntfile1\shared\appsdata\groups\10-Operations\16-MotorVehicleReports\Office","BUILTIN\Administrators","Allow","FullControl","True"
"Y:\ttbntfile1\shared\appsdata\groups\10-Operations\16-MotorVehicleReports\Office","NT AUTHORITY\SYSTEM","Allow","FullControl","True"
"Y:\ttbntfile1\shared\appsdata\groups\10-Operations\16-MotorVehicleReports\Office","TONNANDBLANK\Operations","Allow","FullControl","True"
"Y:\ttbntfile1\shared\appsdata\groups\10-Operations\16-MotorVehicleReports\Office - Field Combined","TONNANDBLANK\impactadmin","Allow","FullControl","True"
"Y:\ttbntfile1\shared\appsdata\groups\10-Operations\16-MotorVehicleReports\Office - Field Combined","CREATOR OWNER","Allow","FullControl","True"
"Y:\ttbntfile1\shared\appsdata\groups\10-Operations\16-MotorVehicleReports\Office - Field Combined","BUILTIN\Administrators","Allow","FullControl","True"
"Y:\ttbntfile1\shared\appsdata\groups\10-Operations\16-MotorVehicleReports\Office - Field Combined","NT AUTHORITY\SYSTEM","Allow","FullControl","True"
"Y:\ttbntfile1\shared\appsdata\groups\10-Operations\16-MotorVehicleReports\Office - Field Combined","TONNANDBLANK\Operations","Allow","FullControl","True"
"Y:\ttbntfile1\shared\appsdata\groups\10-Operations\16-MotorVehicleReports\Field\Douglas Robertson","TONNANDBLANK\impactadmin","Allow","FullControl","True"
"Y:\ttbntfile1\shared\appsdata\groups\10-Operations\16-MotorVehicleReports\Field\Douglas Robertson","CREATOR OWNER","Allow","FullControl","True"
"Y:\ttbntfile1\shared\appsdata\groups\10-Operations\16-MotorVehicleReports\Field\Douglas Robertson","BUILTIN\Administrators","Allow","FullControl","True"
"Y:\ttbntfile1\shared\appsdata\groups\10-Operations\16-MotorVehicleReports\Field\Douglas Robertson","NT AUTHORITY\SYSTEM","Allow","FullControl","True"
"Y:\ttbntfile1\shared\appsdata\groups\10-Operations\16-MotorVehicleReports\Field\Douglas Robertson","TONNANDBLANK\Operations","Allow","FullControl","True"
"Y:\ttbntfile1\shared\appsdata\groups\10-Operations\16-MotorVehicleReports\Field\Lesley","TONNANDBLANK\impactadmin","Allow","FullControl","True"
"Y:\ttbntfile1\shared\appsdata\groups\10-Operations\16-MotorVehicleReports\Field\Lesley","CREATOR OWNER","Allow","FullControl","True"
"Y:\ttbntfile1\shared\appsdata\groups\10-Operations\16-MotorVehicleReports\Field\Lesley","BUILTIN\Administrators","Allow","FullControl","True"
"Y:\ttbntfile1\shared\appsdata\groups\10-Operations\16-MotorVehicleReports\Field\Lesley","NT AUTHORITY\SYSTEM","Allow","FullControl","True"
"Y:\ttbntfile1\shared\appsdata\groups\10-Operations\16-MotorVehicleReports\Field\Lesley","TONNANDBLANK\Operations","Allow","FullControl","True"
"Y:\ttbntfile1\shared\appsdata\groups\10-Operations\16-MotorVehicleReports\Field\No Longer Working","TONNANDBLANK\impactadmin","Allow","FullControl","True"
"Y:\ttbntfile1\shared\appsdata\groups\10-Operations\16-MotorVehicleReports\Field\No Longer Working","CREATOR OWNER","Allow","FullControl","True"
"Y:\ttbntfile1\shared\appsdata\groups\10-Operations\16-MotorVehicleReports\Field\No Longer Working","BUILTIN\Administrators","Allow","FullControl","True"
"Y:\ttbntfile1\shared\appsdata\groups\10-Operations\16-MotorVehicleReports\Field\No Longer Working","NT AUTHORITY\SYSTEM","Allow","FullControl","True"
"Y:\ttbntfile1\shared\appsdata\groups\10-Operations\16-MotorVehicleReports\Field\No Longer Working","TONNANDBLANK\Operations","Allow","FullControl","True"
"Y:\ttbntfile1\shared\appsdata\groups\10-Operations\16-MotorVehicleReports\Office\INC0416205","TONNANDBLANK\impactadmin","Allow","FullControl","True"
"Y:\ttbntfile1\shared\appsdata\groups\10-Operations\16-MotorVehicleReports\Office\INC0416205","CREATOR OWNER","Allow","FullControl","True"
"Y:\ttbntfile1\shared\appsdata\groups\10-Operations\16-MotorVehicleReports\Office\INC0416205","BUILTIN\Administrators","Allow","FullControl","True"
"Y:\ttbntfile1\shared\appsdata\groups\10-Operations\16-MotorVehicleReports\Office\INC0416205","NT AUTHORITY\SYSTEM","Allow","FullControl","True"
"Y:\ttbntfile1\shared\appsdata\groups\10-Operations\16-MotorVehicleReports\Office\INC0416205","TONNANDBLANK\Operations","Allow","FullControl","True"
"Y:\ttbntfile1\shared\appsdata\groups\10-Operations\16-MotorVehicleReports\Office\NO Longer Working","TONNANDBLANK\impactadmin","Allow","FullControl","True"
"Y:\ttbntfile1\shared\appsdata\groups\10-Operations\16-MotorVehicleReports\Office\NO Longer Working","CREATOR OWNER","Allow","FullControl","True"
"Y:\ttbntfile1\shared\appsdata\groups\10-Operations\16-MotorVehicleReports\Office\NO Longer Working","BUILTIN\Administrators","Allow","FullControl","True"
"Y:\ttbntfile1\shared\appsdata\groups\10-Operations\16-MotorVehicleReports\Office\NO Longer Working","NT AUTHORITY\SYSTEM","Allow","FullControl","True"
"Y:\ttbntfile1\shared\appsdata\groups\10-Operations\16-MotorVehicleReports\Office\NO Longer Working","TONNANDBLANK\Operations","Allow","FullControl","True"
"Y:\ttbntfile1\shared\appsdata\groups\10-Operations\18-DOT\001 Accident Register","TONNANDBLANK\impactadmin","Allow","FullControl","True"
"Y:\ttbntfile1\shared\appsdata\groups\10-Operations\18-DOT\001 Accident Register","CREATOR OWNER","Allow","FullControl","True"
"Y:\ttbntfile1\shared\appsdata\groups\10-Operations\18-DOT\001 Accident Register","BUILTIN\Administrators","Allow","FullControl","True"
"Y:\ttbntfile1\shared\appsdata\groups\10-Operations\18-DOT\001 Accident Register","NT AUTHORITY\SYSTEM","Allow","FullControl","True"
"Y:\ttbntfile1\shared\appsdata\groups\10-Operations\18-DOT\001 Accident Register","TONNANDBLANK\Operations","Allow","FullControl","True"
"Y:\ttbntfile1\shared\appsdata\groups\10-Operations\18-DOT\2nd QTR Summary","TONNANDBLANK\impactadmin","Allow","FullControl","True"
"Y:\ttbntfile1\shared\appsdata\groups\10-Operations\18-DOT\2nd QTR Summary","CREATOR OWNER","Allow","FullControl","True"
"Y:\ttbntfile1\shared\appsdata\groups\10-Operations\18-DOT\2nd QTR Summary","BUILTIN\Administrators","Allow","FullControl","True"
"Y:\ttbntfile1\shared\appsdata\groups\10-Operations\18-DOT\2nd QTR Summary","NT AUTHORITY\SYSTEM","Allow","FullControl","True"
"Y:\ttbntfile1\shared\appsdata\groups\10-Operations\18-DOT\2nd QTR Summary","TONNANDBLANK\Operations","Allow","FullControl","True"
"Y:\ttbntfile1\shared\appsdata\groups\10-Operations\18-DOT\Quarterly Randoms","TONNANDBLANK\impactadmin","Allow","FullControl","True"
"Y:\ttbntfile1\shared\appsdata\groups\10-Operations\18-DOT\Quarterly Randoms","CREATOR OWNER","Allow","FullControl","True"
"Y:\ttbntfile1\shared\appsdata\groups\10-Operations\18-DOT\Quarterly Randoms","BUILTIN\Administrators","Allow","FullControl","True"
"Y:\ttbntfile1\shared\appsdata\groups\10-Operations\18-DOT\Quarterly Randoms","NT AUTHORITY\SYSTEM","Allow","FullControl","True"
"Y:\ttbntfile1\shared\appsdata\groups\10-Operations\18-DOT\Quarterly Randoms","TONNANDBLANK\Operations","Allow","FullControl","True"
"Y:\ttbntfile1\shared\appsdata\groups\10-Operations\18-DOT\Yearly DOT Physicals","TONNANDBLANK\impactadmin","Allow","FullControl","True"
"Y:\ttbntfile1\shared\appsdata\groups\10-Operations\18-DOT\Yearly DOT Physicals","CREATOR OWNER","Allow","FullControl","True"
"Y:\ttbntfile1\shared\appsdata\groups\10-Operations\18-DOT\Yearly DOT Physicals","BUILTIN\Administrators","Allow","FullControl","True"
"Y:\ttbntfile1\shared\appsdata\groups\10-Operations\18-DOT\Yearly DOT Physicals","NT AUTHORITY\SYSTEM","Allow","FullControl","True"
"Y:\ttbntfile1\shared\appsdata\groups\10-Operations\18-DOT\Yearly DOT Physicals","TONNANDBLANK\Operations","Allow","FullControl","True"
"Y:\ttbntfile1\shared\appsdata\groups\10-Operations\18-DOT\Quarterly Randoms\1st. Quarter DOT Random","TONNANDBLANK\impactadmin","Allow","FullControl","True"
"Y:\ttbntfile1\shared\appsdata\groups\10-Operations\18-DOT\Quarterly Randoms\1st. Quarter DOT Random","CREATOR OWNER","Allow","FullControl","True"
"Y:\ttbntfile1\shared\appsdata\groups\10-Operations\18-DOT\Quarterly Randoms\1st. Quarter DOT Random","BUILTIN\Administrators","Allow","FullControl","True"
"Y:\ttbntfile1\shared\appsdata\groups\10-Operations\18-DOT\Quarterly Randoms\1st. Quarter DOT Random","NT AUTHORITY\SYSTEM","Allow","FullControl","True"
"Y:\ttbntfile1\shared\appsdata\groups\10-Operations\18-DOT\Quarterly Randoms\1st. Quarter DOT Random","TONNANDBLANK\Operations","Allow","FullControl","True"
"Y:\ttbntfile1\shared\appsdata\groups\10-Operations\18-DOT\Quarterly Randoms\2nd. Quarter DOT Random","TONNANDBLANK\impactadmin","Allow","FullControl","True"
"Y:\ttbntfile1\shared\appsdata\groups\10-Operations\18-DOT\Quarterly Randoms\2nd. Quarter DOT Random","CREATOR OWNER","Allow","FullControl","True"
"Y:\ttbntfile1\shared\appsdata\groups\10-Operations\18-DOT\Quarterly Randoms\2nd. Quarter DOT Random","BUILTIN\Administrators","Allow","FullControl","True"
"Y:\ttbntfile1\shared\appsdata\groups\10-Operations\18-DOT\Quarterly Randoms\2nd. Quarter DOT Random","NT AUTHORITY\SYSTEM","Allow","FullControl","True"
"Y:\ttbntfile1\shared\appsdata\groups\10-Operations\18-DOT\Quarterly Randoms\2nd. Quarter DOT Random","TONNANDBLANK\Operations","Allow","FullControl","True"
"Y:\ttbntfile1\shared\appsdata\groups\10-Operations\18-DOT\Quarterly Randoms\3rd. Quarter DOT Random","TONNANDBLANK\impactadmin","Allow","FullControl","True"
"Y:\ttbntfile1\shared\appsdata\groups\10-Operations\18-DOT\Quarterly Randoms\3rd. Quarter DOT Random","CREATOR OWNER","Allow","FullControl","True"
"Y:\ttbntfile1\shared\appsdata\groups\10-Operations\18-DOT\Quarterly Randoms\3rd. Quarter DOT Random","BUILTIN\Administrators","Allow","FullControl","True"
"Y:\ttbntfile1\shared\appsdata\groups\10-Operations\18-DOT\Quarterly Randoms\3rd. Quarter DOT Random","NT AUTHORITY\SYSTEM","Allow","FullControl","True"
"Y:\ttbntfile1\shared\appsdata\groups\10-Operations\18-DOT\Quarterly Randoms\3rd. Quarter DOT Random","TONNANDBLANK\Operations","Allow","FullControl","True"
"Y:\ttbntfile1\shared\appsdata\groups\10-Operations\18-DOT\Quarterly Randoms\4th. Quarter DOT Random","TONNANDBLANK\impactadmin","Allow","FullControl","True"
"Y:\ttbntfile1\shared\appsdata\groups\10-Operations\18-DOT\Quarterly Randoms\4th. Quarter DOT Random","CREATOR OWNER","Allow","FullControl","True"
"Y:\ttbntfile1\shared\appsdata\groups\10-Operations\18-DOT\Quarterly Randoms\4th. Quarter DOT Random","BUILTIN\Administrators","Allow","FullControl","True"
"Y:\ttbntfile1\shared\appsdata\groups\10-Operations\18-DOT\Quarterly Randoms\4th. Quarter DOT Random","NT AUTHORITY\SYSTEM","Allow","FullControl","True"
"Y:\ttbntfile1\shared\appsdata\groups\10-Operations\18-DOT\Quarterly Randoms\4th. Quarter DOT Random","TONNANDBLANK\Operations","Allow","FullControl","True"
"Y:\ttbntfile1\shared\appsdata\groups\10-Operations\18-DOT\Quarterly Randoms\1st. Quarter DOT Random\2017","TONNANDBLANK\impactadmin","Allow","FullControl","True"
"Y:\ttbntfile1\shared\appsdata\groups\10-Operations\18-DOT\Quarterly Randoms\1st. Quarter DOT Random\2017","CREATOR OWNER","Allow","FullControl","True"
"Y:\ttbntfile1\shared\appsdata\groups\10-Operations\18-DOT\Quarterly Randoms\1st. Quarter DOT Random\2017","BUILTIN\Administrators","Allow","FullControl","True"
"Y:\ttbntfile1\shared\appsdata\groups\10-Operations\18-DOT\Quarterly Randoms\1st. Quarter DOT Random\2017","NT AUTHORITY\SYSTEM","Allow","FullControl","True"
"Y:\ttbntfile1\shared\appsdata\groups\10-Operations\18-DOT\Quarterly Randoms\1st. Quarter DOT Random\2017","TONNANDBLANK\Operations","Allow","FullControl","True"
"Y:\ttbntfile1\shared\appsdata\groups\10-Operations\18-DOT\Quarterly Randoms\1st. Quarter DOT Random\2018","TONNANDBLANK\impactadmin","Allow","FullControl","True"
"Y:\ttbntfile1\shared\appsdata\groups\10-Operations\18-DOT\Quarterly Randoms\1st. Quarter DOT Random\2018","CREATOR OWNER","Allow","FullControl","True"
"Y:\ttbntfile1\shared\appsdata\groups\10-Operations\18-DOT\Quarterly Randoms\1st. Quarter DOT Random\2018","BUILTIN\Administrators","Allow","FullControl","True"
"Y:\ttbntfile1\shared\appsdata\groups\10-Operations\18-DOT\Quarterly Randoms\1st. Quarter DOT Random\2018","NT AUTHORITY\SYSTEM","Allow","FullControl","True"
"Y:\ttbntfile1\shared\appsdata\groups\10-Operations\18-DOT\Quarterly Randoms\1st. Quarter DOT Random\2018","TONNANDBLANK\Operations","Allow","FullControl","True"
"Y:\ttbntfile1\shared\appsdata\groups\10-Operations\18-DOT\Quarterly Randoms\1st. Quarter DOT Random\2019","TONNANDBLANK\impactadmin","Allow","FullControl","True"
"Y:\ttbntfile1\shared\appsdata\groups\10-Operations\18-DOT\Quarterly Randoms\1st. Quarter DOT Random\2019","CREATOR OWNER","Allow","FullControl","True"
"Y:\ttbntfile1\shared\appsdata\groups\10-Operations\18-DOT\Quarterly Randoms\1st. Quarter DOT Random\2019","BUILTIN\Administrators","Allow","FullControl","True"
"Y:\ttbntfile1\shared\appsdata\groups\10-Operations\18-DOT\Quarterly Randoms\1st. Quarter DOT Random\2019","NT AUTHORITY\SYSTEM","Allow","FullControl","True"
"Y:\ttbntfile1\shared\appsdata\groups\10-Operations\18-DOT\Quarterly Randoms\1st. Quarter DOT Random\2019","TONNANDBLANK\Operations","Allow","FullControl","True"
"Y:\ttbntfile1\shared\appsdata\groups\10-Operations\18-DOT\Quarterly Randoms\1st. Quarter DOT Random\2020","TONNANDBLANK\impactadmin","Allow","FullControl","True"
"Y:\ttbntfile1\shared\appsdata\groups\10-Operations\18-DOT\Quarterly Randoms\1st. Quarter DOT Random\2020","CREATOR OWNER","Allow","FullControl","True"
"Y:\ttbntfile1\shared\appsdata\groups\10-Operations\18-DOT\Quarterly Randoms\1st. Quarter DOT Random\2020","BUILTIN\Administrators","Allow","FullControl","True"
"Y:\ttbntfile1\shared\appsdata\groups\10-Operations\18-DOT\Quarterly Randoms\1st. Quarter DOT Random\2020","NT AUTHORITY\SYSTEM","Allow","FullControl","True"
"Y:\ttbntfile1\shared\appsdata\groups\10-Operations\18-DOT\Quarterly Randoms\1st. Quarter DOT Random\2020","TONNANDBLANK\Operations","Allow","FullControl","True"
"Y:\ttbntfile1\shared\appsdata\groups\10-Operations\18-DOT\Quarterly Randoms\1st. Quarter DOT Random\2021","TONNANDBLANK\impactadmin","Allow","FullControl","True"
"Y:\ttbntfile1\shared\appsdata\groups\10-Operations\18-DOT\Quarterly Randoms\1st. Quarter DOT Random\2021","CREATOR OWNER","Allow","FullControl","True"
"Y:\ttbntfile1\shared\appsdata\groups\10-Operations\18-DOT\Quarterly Randoms\1st. Quarter DOT Random\2021","BUILTIN\Administrators","Allow","FullControl","True"
"Y:\ttbntfile1\shared\appsdata\groups\10-Operations\18-DOT\Quarterly Randoms\1st. Quarter DOT Random\2021","NT AUTHORITY\SYSTEM","Allow","FullControl","True"
"Y:\ttbntfile1\shared\appsdata\groups\10-Operations\18-DOT\Quarterly Randoms\1st. Quarter DOT Random\2021","TONNANDBLANK\Operations","Allow","FullControl","True"
"Y:\ttbntfile1\shared\appsdata\groups\10-Operations\18-DOT\Quarterly Randoms\1st. Quarter DOT Random\2022","TONNANDBLANK\impactadmin","Allow","FullControl","True"
"Y:\ttbntfile1\shared\appsdata\groups\10-Operations\18-DOT\Quarterly Randoms\1st. Quarter DOT Random\2022","CREATOR OWNER","Allow","FullControl","True"
"Y:\ttbntfile1\shared\appsdata\groups\10-Operations\18-DOT\Quarterly Randoms\1st. Quarter DOT Random\2022","BUILTIN\Administrators","Allow","FullControl","True"
"Y:\ttbntfile1\shared\appsdata\groups\10-Operations\18-DOT\Quarterly Randoms\1st. Quarter DOT Random\2022","NT AUTHORITY\SYSTEM","Allow","FullControl","True"
"Y:\ttbntfile1\shared\appsdata\groups\10-Operations\18-DOT\Quarterly Randoms\1st. Quarter DOT Random\2022","TONNANDBLANK\Operations","Allow","FullControl","True"
"Y:\ttbntfile1\shared\appsdata\groups\10-Operations\18-DOT\Quarterly Randoms\1st. Quarter DOT Random\2018\2017","TONNANDBLANK\impactadmin","Allow","FullControl","True"
"Y:\ttbntfile1\shared\appsdata\groups\10-Operations\18-DOT\Quarterly Randoms\1st. Quarter DOT Random\2018\2017","CREATOR OWNER","Allow","FullControl","True"
"Y:\ttbntfile1\shared\appsdata\groups\10-Operations\18-DOT\Quarterly Randoms\1st. Quarter DOT Random\2018\2017","BUILTIN\Administrators","Allow","FullControl","True"
"Y:\ttbntfile1\shared\appsdata\groups\10-Operations\18-DOT\Quarterly Randoms\1st. Quarter DOT Random\2018\2017","NT AUTHORITY\SYSTEM","Allow","FullControl","True"
"Y:\ttbntfile1\shared\appsdata\groups\10-Operations\18-DOT\Quarterly Randoms\1st. Quarter DOT Random\2018\2017","TONNANDBLANK\Operations","Allow","FullControl","True"
"Y:\ttbntfile1\shared\appsdata\groups\10-Operations\18-DOT\Quarterly Randoms\1st. Quarter DOT Random\2018\Employee #1","TONNANDBLANK\impactadmin","Allow","FullControl","True"
"Y:\ttbntfile1\shared\appsdata\groups\10-Operations\18-DOT\Quarterly Randoms\1st. Quarter DOT Random\2018\Employee #1","CREATOR OWNER","Allow","FullControl","True"
"Y:\ttbntfile1\shared\appsdata\groups\10-Operations\18-DOT\Quarterly Randoms\1st. Quarter DOT Random\2018\Employee #1","BUILTIN\Administrators","Allow","FullControl","True"
"Y:\ttbntfile1\shared\appsdata\groups\10-Operations\18-DOT\Quarterly Randoms\1st. Quarter DOT Random\2018\Employee #1","NT AUTHORITY\SYSTEM","Allow","FullControl","True"
"Y:\ttbntfile1\shared\appsdata\groups\10-Operations\18-DOT\Quarterly Randoms\1st. Quarter DOT Random\2018\Employee #1","TONNANDBLANK\Operations","Allow","FullControl","True"
"Y:\ttbntfile1\shared\appsdata\groups\10-Operations\18-DOT\Quarterly Randoms\1st. Quarter DOT Random\2018\Employee #2","TONNANDBLANK\impactadmin","Allow","FullControl","True"
"Y:\ttbntfile1\shared\appsdata\groups\10-Operations\18-DOT\Quarterly Randoms\1st. Quarter DOT Random\2018\Employee #2","CREATOR OWNER","Allow","FullControl","True"
"Y:\ttbntfile1\shared\appsdata\groups\10-Operations\18-DOT\Quarterly Randoms\1st. Quarter DOT Random\2018\Employee #2","BUILTIN\Administrators","Allow","FullControl","True"
"Y:\ttbntfile1\shared\appsdata\groups\10-Operations\18-DOT\Quarterly Randoms\1st. Quarter DOT Random\2018\Employee #2","NT AUTHORITY\SYSTEM","Allow","FullControl","True"
"Y:\ttbntfile1\shared\appsdata\groups\10-Operations\18-DOT\Quarterly Randoms\1st. Quarter DOT Random\2018\Employee #2","TONNANDBLANK\Operations","Allow","FullControl","True"
"Y:\ttbntfile1\shared\appsdata\groups\10-Operations\18-DOT\Quarterly Randoms\1st. Quarter DOT Random\2018\Employee #3","TONNANDBLANK\impactadmin","Allow","FullControl","True"
"Y:\ttbntfile1\shared\appsdata\groups\10-Operations\18-DOT\Quarterly Randoms\1st. Quarter DOT Random\2018\Employee #3","CREATOR OWNER","Allow","FullControl","True"
"Y:\ttbntfile1\shared\appsdata\groups\10-Operations\18-DOT\Quarterly Randoms\1st. Quarter DOT Random\2018\Employee #3","BUILTIN\Administrators","Allow","FullControl","True"
"Y:\ttbntfile1\shared\appsdata\groups\10-Operations\18-DOT\Quarterly Randoms\1st. Quarter DOT Random\2018\Employee #3","NT AUTHORITY\SYSTEM","Allow","FullControl","True"
"Y:\ttbntfile1\shared\appsdata\groups\10-Operations\18-DOT\Quarterly Randoms\1st. Quarter DOT Random\2018\Employee #3","TONNANDBLANK\Operations","Allow","FullControl","True"
"Y:\ttbntfile1\shared\appsdata\groups\10-Operations\18-DOT\Quarterly Randoms\1st. Quarter DOT Random\2018\2017\Employee #1","TONNANDBLANK\impactadmin","Allow","FullControl","True"
"Y:\ttbntfile1\shared\appsdata\groups\10-Operations\18-DOT\Quarterly Randoms\1st. Quarter DOT Random\2018\2017\Employee #1","CREATOR OWNER","Allow","FullControl","True"
"Y:\ttbntfile1\shared\appsdata\groups\10-Operations\18-DOT\Quarterly Randoms\1st. Quarter DOT Random\2018\2017\Employee #1","BUILTIN\Administrators","Allow","FullControl","True"
"Y:\ttbntfile1\shared\appsdata\groups\10-Operations\18-DOT\Quarterly Randoms\1st. Quarter DOT Random\2018\2017\Employee #1","NT AUTHORITY\SYSTEM","Allow","FullControl","True"
"Y:\ttbntfile1\shared\appsdata\groups\10-Operations\18-DOT\Quarterly Randoms\1st. Quarter DOT Random\2018\2017\Employee #1","TONNANDBLANK\Operations","Allow","FullControl","True"
"Y:\ttbntfile1\shared\appsdata\groups\10-Operations\18-DOT\Quarterly Randoms\1st. Quarter DOT Random\2018\2017\Employee #2","TONNANDBLANK\impactadmin","Allow","FullControl","True"
"Y:\ttbntfile1\shared\appsdata\groups\10-Operations\18-DOT\Quarterly Randoms\1st. Quarter DOT Random\2018\2017\Employee #2","CREATOR OWNER","Allow","FullControl","True"
"Y:\ttbntfile1\shared\appsdata\groups\10-Operations\18-DOT\Quarterly Randoms\1st. Quarter DOT Random\2018\2017\Employee #2","BUILTIN\Administrators","Allow","FullControl","True"
"Y:\ttbntfile1\shared\appsdata\groups\10-Operations\18-DOT\Quarterly Randoms\1st. Quarter DOT Random\2018\2017\Employee #2","NT AUTHORITY\SYSTEM","Allow","FullControl","True"
"Y:\ttbntfile1\shared\appsdata\groups\10-Operations\18-DOT\Quarterly Randoms\1st. Quarter DOT Random\2018\2017\Employee #2","TONNANDBLANK\Operations","Allow","FullControl","True"
"Y:\ttbntfile1\shared\appsdata\groups\10-Operations\18-DOT\Quarterly Randoms\1st. Quarter DOT Random\2018\2017\Employee #3","TONNANDBLANK\impactadmin","Allow","FullControl","True"
"Y:\ttbntfile1\shared\appsdata\groups\10-Operations\18-DOT\Quarterly Randoms\1st. Quarter DOT Random\2018\2017\Employee #3","CREATOR OWNER","Allow","FullControl","True"
"Y:\ttbntfile1\shared\appsdata\groups\10-Operations\18-DOT\Quarterly Randoms\1st. Quarter DOT Random\2018\2017\Employee #3","BUILTIN\Administrators","Allow","FullControl","True"
"Y:\ttbntfile1\shared\appsdata\groups\10-Operations\18-DOT\Quarterly Randoms\1st. Quarter DOT Random\2018\2017\Employee #3","NT AUTHORITY\SYSTEM","Allow","FullControl","True"
"Y:\ttbntfile1\shared\appsdata\groups\10-Operations\18-DOT\Quarterly Randoms\1st. Quarter DOT Random\2018\2017\Employee #3","TONNANDBLANK\Operations","Allow","FullControl","True"
"Y:\ttbntfile1\shared\appsdata\groups\10-Operations\18-DOT\Quarterly Randoms\1st. Quarter DOT Random\2019\Audie Borkowski","TONNANDBLANK\impactadmin","Allow","FullControl","True"
"Y:\ttbntfile1\shared\appsdata\groups\10-Operations\18-DOT\Quarterly Randoms\1st. Quarter DOT Random\2019\Audie Borkowski","CREATOR OWNER","Allow","FullControl","True"
"Y:\ttbntfile1\shared\appsdata\groups\10-Operations\18-DOT\Quarterly Randoms\1st. Quarter DOT Random\2019\Audie Borkowski","BUILTIN\Administrators","Allow","FullControl","True"
"Y:\ttbntfile1\shared\appsdata\groups\10-Operations\18-DOT\Quarterly Randoms\1st. Quarter DOT Random\2019\Audie Borkowski","NT AUTHORITY\SYSTEM","Allow","FullControl","True"
"Y:\ttbntfile1\shared\appsdata\groups\10-Operations\18-DOT\Quarterly Randoms\1st. Quarter DOT Random\2019\Audie Borkowski","TONNANDBLANK\Operations","Allow","FullControl","True"
"Y:\ttbntfile1\shared\appsdata\groups\10-Operations\18-DOT\Quarterly Randoms\1st. Quarter DOT Random\2019\Employee #2","TONNANDBLANK\impactadmin","Allow","FullControl","True"
"Y:\ttbntfile1\shared\appsdata\groups\10-Operations\18-DOT\Quarterly Randoms\1st. Quarter DOT Random\2019\Employee #2","CREATOR OWNER","Allow","FullControl","True"
"Y:\ttbntfile1\shared\appsdata\groups\10-Operations\18-DOT\Quarterly Randoms\1st. Quarter DOT Random\2019\Employee #2","BUILTIN\Administrators","Allow","FullControl","True"
"Y:\ttbntfile1\shared\appsdata\groups\10-Operations\18-DOT\Quarterly Randoms\1st. Quarter DOT Random\2019\Employee #2","NT AUTHORITY\SYSTEM","Allow","FullControl","True"
"Y:\ttbntfile1\shared\appsdata\groups\10-Operations\18-DOT\Quarterly Randoms\1st. Quarter DOT Random\2019\Employee #2","TONNANDBLANK\Operations","Allow","FullControl","True"
"Y:\ttbntfile1\shared\appsdata\groups\10-Operations\18-DOT\Quarterly Randoms\1st. Quarter DOT Random\2019\Employee #3","TONNANDBLANK\impactadmin","Allow","FullControl","True"
"Y:\ttbntfile1\shared\appsdata\groups\10-Operations\18-DOT\Quarterly Randoms\1st. Quarter DOT Random\2019\Employee #3","CREATOR OWNER","Allow","FullControl","True"
"Y:\ttbntfile1\shared\appsdata\groups\10-Operations\18-DOT\Quarterly Randoms\1st. Quarter DOT Random\2019\Employee #3","BUILTIN\Administrators","Allow","FullControl","True"
"Y:\ttbntfile1\shared\appsdata\groups\10-Operations\18-DOT\Quarterly Randoms\1st. Quarter DOT Random\2019\Employee #3","NT AUTHORITY\SYSTEM","Allow","FullControl","True"
"Y:\ttbntfile1\shared\appsdata\groups\10-Operations\18-DOT\Quarterly Randoms\1st. Quarter DOT Random\2019\Employee #3","TONNANDBLANK\Operations","Allow","FullControl","True"
"Y:\ttbntfile1\shared\appsdata\groups\10-Operations\18-DOT\Quarterly Randoms\1st. Quarter DOT Random\2020\1st qtr. Random","TONNANDBLANK\impactadmin","Allow","FullControl","True"
"Y:\ttbntfile1\shared\appsdata\groups\10-Operations\18-DOT\Quarterly Randoms\1st. Quarter DOT Random\2020\1st qtr. Random","CREATOR OWNER","Allow","FullControl","True"
"Y:\ttbntfile1\shared\appsdata\groups\10-Operations\18-DOT\Quarterly Randoms\1st. Quarter DOT Random\2020\1st qtr. Random","BUILTIN\Administrators","Allow","FullControl","True"
"Y:\ttbntfile1\shared\appsdata\groups\10-Operations\18-DOT\Quarterly Randoms\1st. Quarter DOT Random\2020\1st qtr. Random","NT AUTHORITY\SYSTEM","Allow","FullControl","True"
"Y:\ttbntfile1\shared\appsdata\groups\10-Operations\18-DOT\Quarterly Randoms\1st. Quarter DOT Random\2020\1st qtr. Random","TONNANDBLANK\Operations","Allow","FullControl","True"
"Y:\ttbntfile1\shared\appsdata\groups\10-Operations\18-DOT\Quarterly Randoms\1st. Quarter DOT Random\2021\1st qtr. Random","TONNANDBLANK\impactadmin","Allow","FullControl","True"
"Y:\ttbntfile1\shared\appsdata\groups\10-Operations\18-DOT\Quarterly Randoms\1st. Quarter DOT Random\2021\1st qtr. Random","CREATOR OWNER","Allow","FullControl","True"
"Y:\ttbntfile1\shared\appsdata\groups\10-Operations\18-DOT\Quarterly Randoms\1st. Quarter DOT Random\2021\1st qtr. Random","BUILTIN\Administrators","Allow","FullControl","True"
"Y:\ttbntfile1\shared\appsdata\groups\10-Operations\18-DOT\Quarterly Randoms\1st. Quarter DOT Random\2021\1st qtr. Random","NT AUTHORITY\SYSTEM","Allow","FullControl","True"
"Y:\ttbntfile1\shared\appsdata\groups\10-Operations\18-DOT\Quarterly Randoms\1st. Quarter DOT Random\2021\1st qtr. Random","TONNANDBLANK\Operations","Allow","FullControl","True"
"Y:\ttbntfile1\shared\appsdata\groups\10-Operations\18-DOT\Quarterly Randoms\1st. Quarter DOT Random\2021\1st qtr. Random\Todd Gearheart","TONNANDBLANK\impactadmin","Allow","FullControl","True"
"Y:\ttbntfile1\shared\appsdata\groups\10-Operations\18-DOT\Quarterly Randoms\1st. Quarter DOT Random\2021\1st qtr. Random\Todd Gearheart","CREATOR OWNER","Allow","FullControl","True"
"Y:\ttbntfile1\shared\appsdata\groups\10-Operations\18-DOT\Quarterly Randoms\1st. Quarter DOT Random\2021\1st qtr. Random\Todd Gearheart","BUILTIN\Administrators","Allow","FullControl","True"
"Y:\ttbntfile1\shared\appsdata\groups\10-Operations\18-DOT\Quarterly Randoms\1st. Quarter DOT Random\2021\1st qtr. Random\Todd Gearheart","NT AUTHORITY\SYSTEM","Allow","FullControl","True"
"Y:\ttbntfile1\shared\appsdata\groups\10-Operations\18-DOT\Quarterly Randoms\1st. Quarter DOT Random\2021\1st qtr. Random\Todd Gearheart","TONNANDBLANK\Operations","Allow","FullControl","True"
"Y:\ttbntfile1\shared\appsdata\groups\10-Operations\18-DOT\Quarterly Randoms\2nd. Quarter DOT Random\2017","TONNANDBLANK\impactadmin","Allow","FullControl","True"
"Y:\ttbntfile1\shared\appsdata\groups\10-Operations\18-DOT\Quarterly Randoms\2nd. Quarter DOT Random\2017","CREATOR OWNER","Allow","FullControl","True"
"Y:\ttbntfile1\shared\appsdata\groups\10-Operations\18-DOT\Quarterly Randoms\2nd. Quarter DOT Random\2017","BUILTIN\Administrators","Allow","FullControl","True"
"Y:\ttbntfile1\shared\appsdata\groups\10-Operations\18-DOT\Quarterly Randoms\2nd. Quarter DOT Random\2017","NT AUTHORITY\SYSTEM","Allow","FullControl","True"
"Y:\ttbntfile1\shared\appsdata\groups\10-Operations\18-DOT\Quarterly Randoms\2nd. Quarter DOT Random\2017","TONNANDBLANK\Operations","Allow","FullControl","True"
"Y:\ttbntfile1\shared\appsdata\groups\10-Operations\18-DOT\Quarterly Randoms\2nd. Quarter DOT Random\2018","TONNANDBLANK\impactadmin","Allow","FullControl","True"
"Y:\ttbntfile1\shared\appsdata\groups\10-Operations\18-DOT\Quarterly Randoms\2nd. Quarter DOT Random\2018","CREATOR OWNER","Allow","FullControl","True"
"Y:\ttbntfile1\shared\appsdata\groups\10-Operations\18-DOT\Quarterly Randoms\2nd. Quarter DOT Random\2018","BUILTIN\Administrators","Allow","FullControl","True"
"Y:\ttbntfile1\shared\appsdata\groups\10-Operations\18-DOT\Quarterly Randoms\2nd. Quarter DOT Random\2018","NT AUTHORITY\SYSTEM","Allow","FullControl","True"
"Y:\ttbntfile1\shared\appsdata\groups\10-Operations\18-DOT\Quarterly Randoms\2nd. Quarter DOT Random\2018","TONNANDBLANK\Operations","Allow","FullControl","True"
"Y:\ttbntfile1\shared\appsdata\groups\10-Operations\18-DOT\Quarterly Randoms\2nd. Quarter DOT Random\2019","TONNANDBLANK\impactadmin","Allow","FullControl","True"
"Y:\ttbntfile1\shared\appsdata\groups\10-Operations\18-DOT\Quarterly Randoms\2nd. Quarter DOT Random\2019","CREATOR OWNER","Allow","FullControl","True"
"Y:\ttbntfile1\shared\appsdata\groups\10-Operations\18-DOT\Quarterly Randoms\2nd. Quarter DOT Random\2019","BUILTIN\Administrators","Allow","FullControl","True"
"Y:\ttbntfile1\shared\appsdata\groups\10-Operations\18-DOT\Quarterly Randoms\2nd. Quarter DOT Random\2019","NT AUTHORITY\SYSTEM","Allow","FullControl","True"
"Y:\ttbntfile1\shared\appsdata\groups\10-Operations\18-DOT\Quarterly Randoms\2nd. Quarter DOT Random\2019","TONNANDBLANK\Operations","Allow","FullControl","True"
"Y:\ttbntfile1\shared\appsdata\groups\10-Operations\18-DOT\Quarterly Randoms\2nd. Quarter DOT Random\2020","TONNANDBLANK\impactadmin","Allow","FullControl","True"
"Y:\ttbntfile1\shared\appsdata\groups\10-Operations\18-DOT\Quarterly Randoms\2nd. Quarter DOT Random\2020","CREATOR OWNER","Allow","FullControl","True"
"Y:\ttbntfile1\shared\appsdata\groups\10-Operations\18-DOT\Quarterly Randoms\2nd. Quarter DOT Random\2020","BUILTIN\Administrators","Allow","FullControl","True"
"Y:\ttbntfile1\shared\appsdata\groups\10-Operations\18-DOT\Quarterly Randoms\2nd. Quarter DOT Random\2020","NT AUTHORITY\SYSTEM","Allow","FullControl","True"
"Y:\ttbntfile1\shared\appsdata\groups\10-Operations\18-DOT\Quarterly Randoms\2nd. Quarter DOT Random\2020","TONNANDBLANK\Operations","Allow","FullControl","True"
"Y:\ttbntfile1\shared\appsdata\groups\10-Operations\18-DOT\Quarterly Randoms\2nd. Quarter DOT Random\2021","TONNANDBLANK\impactadmin","Allow","FullControl","True"
"Y:\ttbntfile1\shared\appsdata\groups\10-Operations\18-DOT\Quarterly Randoms\2nd. Quarter DOT Random\2021","CREATOR OWNER","Allow","FullControl","True"
"Y:\ttbntfile1\shared\appsdata\groups\10-Operations\18-DOT\Quarterly Randoms\2nd. Quarter DOT Random\2021","BUILTIN\Administrators","Allow","FullControl","True"
"Y:\ttbntfile1\shared\appsdata\groups\10-Operations\18-DOT\Quarterly Randoms\2nd. Quarter DOT Random\2021","NT AUTHORITY\SYSTEM","Allow","FullControl","True"
"Y:\ttbntfile1\shared\appsdata\groups\10-Operations\18-DOT\Quarterly Randoms\2nd. Quarter DOT Random\2021","TONNANDBLANK\Operations","Allow","FullControl","True"
"Y:\ttbntfile1\shared\appsdata\groups\10-Operations\18-DOT\Quarterly Randoms\2nd. Quarter DOT Random\2022","TONNANDBLANK\impactadmin","Allow","FullControl","True"
"Y:\ttbntfile1\shared\appsdata\groups\10-Operations\18-DOT\Quarterly Randoms\2nd. Quarter DOT Random\2022","CREATOR OWNER","Allow","FullControl","True"
"Y:\ttbntfile1\shared\appsdata\groups\10-Operations\18-DOT\Quarterly Randoms\2nd. Quarter DOT Random\2022","BUILTIN\Administrators","Allow","FullControl","True"
"Y:\ttbntfile1\shared\appsdata\groups\10-Operations\18-DOT\Quarterly Randoms\2nd. Quarter DOT Random\2022","NT AUTHORITY\SYSTEM","Allow","FullControl","True"
"Y:\ttbntfile1\shared\appsdata\groups\10-Operations\18-DOT\Quarterly Randoms\2nd. Quarter DOT Random\2022","TONNANDBLANK\Operations","Allow","FullControl","True"
"Y:\ttbntfile1\shared\appsdata\groups\10-Operations\18-DOT\Quarterly Randoms\2nd. Quarter DOT Random\2019\Todd Gearheart","TONNANDBLANK\impactadmin","Allow","FullControl","True"
"Y:\ttbntfile1\shared\appsdata\groups\10-Operations\18-DOT\Quarterly Randoms\2nd. Quarter DOT Random\2019\Todd Gearheart","CREATOR OWNER","Allow","FullControl","True"
"Y:\ttbntfile1\shared\appsdata\groups\10-Operations\18-DOT\Quarterly Randoms\2nd. Quarter DOT Random\2019\Todd Gearheart","BUILTIN\Administrators","Allow","FullControl","True"
"Y:\ttbntfile1\shared\appsdata\groups\10-Operations\18-DOT\Quarterly Randoms\2nd. Quarter DOT Random\2019\Todd Gearheart","NT AUTHORITY\SYSTEM","Allow","FullControl","True"
"Y:\ttbntfile1\shared\appsdata\groups\10-Operations\18-DOT\Quarterly Randoms\2nd. Quarter DOT Random\2019\Todd Gearheart","TONNANDBLANK\Operations","Allow","FullControl","True"
"Y:\ttbntfile1\shared\appsdata\groups\10-Operations\18-DOT\Quarterly Randoms\2nd. Quarter DOT Random\2021\2ND QTR Random","TONNANDBLANK\impactadmin","Allow","FullControl","True"
"Y:\ttbntfile1\shared\appsdata\groups\10-Operations\18-DOT\Quarterly Randoms\2nd. Quarter DOT Random\2021\2ND QTR Random","CREATOR OWNER","Allow","FullControl","True"
"Y:\ttbntfile1\shared\appsdata\groups\10-Operations\18-DOT\Quarterly Randoms\2nd. Quarter DOT Random\2021\2ND QTR Random","BUILTIN\Administrators","Allow","FullControl","True"
"Y:\ttbntfile1\shared\appsdata\groups\10-Operations\18-DOT\Quarterly Randoms\2nd. Quarter DOT Random\2021\2ND QTR Random","NT AUTHORITY\SYSTEM","Allow","FullControl","True"
"Y:\ttbntfile1\shared\appsdata\groups\10-Operations\18-DOT\Quarterly Randoms\2nd. Quarter DOT Random\2021\2ND QTR Random","TONNANDBLANK\Operations","Allow","FullControl","True"
"Y:\ttbntfile1\shared\appsdata\groups\10-Operations\18-DOT\Quarterly Randoms\2nd. Quarter DOT Random\2021\2ND QTR Random\Todd Gearheart","TONNANDBLANK\impactadmin","Allow","FullControl","True"
"Y:\ttbntfile1\shared\appsdata\groups\10-Operations\18-DOT\Quarterly Randoms\2nd. Quarter DOT Random\2021\2ND QTR Random\Todd Gearheart","CREATOR OWNER","Allow","FullControl","True"
"Y:\ttbntfile1\shared\appsdata\groups\10-Operations\18-DOT\Quarterly Randoms\2nd. Quarter DOT Random\2021\2ND QTR Random\Todd Gearheart","BUILTIN\Administrators","Allow","FullControl","True"
"Y:\ttbntfile1\shared\appsdata\groups\10-Operations\18-DOT\Quarterly Randoms\2nd. Quarter DOT Random\2021\2ND QTR Random\Todd Gearheart","NT AUTHORITY\SYSTEM","Allow","FullControl","True"
"Y:\ttbntfile1\shared\appsdata\groups\10-Operations\18-DOT\Quarterly Randoms\2nd. Quarter DOT Random\2021\2ND QTR Random\Todd Gearheart","TONNANDBLANK\Operations","Allow","FullControl","True"
"Y:\ttbntfile1\shared\appsdata\groups\10-Operations\18-DOT\Quarterly Randoms\3rd. Quarter DOT Random\2019","TONNANDBLANK\impactadmin","Allow","FullControl","True"
"Y:\ttbntfile1\shared\appsdata\groups\10-Operations\18-DOT\Quarterly Randoms\3rd. Quarter DOT Random\2019","CREATOR OWNER","Allow","FullControl","True"
"Y:\ttbntfile1\shared\appsdata\groups\10-Operations\18-DOT\Quarterly Randoms\3rd. Quarter DOT Random\2019","BUILTIN\Administrators","Allow","FullControl","True"
"Y:\ttbntfile1\shared\appsdata\groups\10-Operations\18-DOT\Quarterly Randoms\3rd. Quarter DOT Random\2019","NT AUTHORITY\SYSTEM","Allow","FullControl","True"
"Y:\ttbntfile1\shared\appsdata\groups\10-Operations\18-DOT\Quarterly Randoms\3rd. Quarter DOT Random\2019","TONNANDBLANK\Operations","Allow","FullControl","True"
"Y:\ttbntfile1\shared\appsdata\groups\10-Operations\18-DOT\Quarterly Randoms\3rd. Quarter DOT Random\2020","TONNANDBLANK\impactadmin","Allow","FullControl","True"
"Y:\ttbntfile1\shared\appsdata\groups\10-Operations\18-DOT\Quarterly Randoms\3rd. Quarter DOT Random\2020","CREATOR OWNER","Allow","FullControl","True"
"Y:\ttbntfile1\shared\appsdata\groups\10-Operations\18-DOT\Quarterly Randoms\3rd. Quarter DOT Random\2020","BUILTIN\Administrators","Allow","FullControl","True"
"Y:\ttbntfile1\shared\appsdata\groups\10-Operations\18-DOT\Quarterly Randoms\3rd. Quarter DOT Random\2020","NT AUTHORITY\SYSTEM","Allow","FullControl","True"
"Y:\ttbntfile1\shared\appsdata\groups\10-Operations\18-DOT\Quarterly Randoms\3rd. Quarter DOT Random\2020","TONNANDBLANK\Operations","Allow","FullControl","True"
"Y:\ttbntfile1\shared\appsdata\groups\10-Operations\18-DOT\Quarterly Randoms\3rd. Quarter DOT Random\2021","TONNANDBLANK\impactadmin","Allow","FullControl","True"
"Y:\ttbntfile1\shared\appsdata\groups\10-Operations\18-DOT\Quarterly Randoms\3rd. Quarter DOT Random\2021","CREATOR OWNER","Allow","FullControl","True"
"Y:\ttbntfile1\shared\appsdata\groups\10-Operations\18-DOT\Quarterly Randoms\3rd. Quarter DOT Random\2021","BUILTIN\Administrators","Allow","FullControl","True"
"Y:\ttbntfile1\shared\appsdata\groups\10-Operations\18-DOT\Quarterly Randoms\3rd. Quarter DOT Random\2021","NT AUTHORITY\SYSTEM","Allow","FullControl","True"
"Y:\ttbntfile1\shared\appsdata\groups\10-Operations\18-DOT\Quarterly Randoms\3rd. Quarter DOT Random\2021","TONNANDBLANK\Operations","Allow","FullControl","True"
"Y:\ttbntfile1\shared\appsdata\groups\10-Operations\18-DOT\Quarterly Randoms\3rd. Quarter DOT Random\2022","TONNANDBLANK\impactadmin","Allow","FullControl","True"
"Y:\ttbntfile1\shared\appsdata\groups\10-Operations\18-DOT\Quarterly Randoms\3rd. Quarter DOT Random\2022","CREATOR OWNER","Allow","FullControl","True"
"Y:\ttbntfile1\shared\appsdata\groups\10-Operations\18-DOT\Quarterly Randoms\3rd. Quarter DOT Random\2022","BUILTIN\Administrators","Allow","FullControl","True"
"Y:\ttbntfile1\shared\appsdata\groups\10-Operations\18-DOT\Quarterly Randoms\3rd. Quarter DOT Random\2022","NT AUTHORITY\SYSTEM","Allow","FullControl","True"
"Y:\ttbntfile1\shared\appsdata\groups\10-Operations\18-DOT\Quarterly Randoms\3rd. Quarter DOT Random\2022","TONNANDBLANK\Operations","Allow","FullControl","True"
"Y:\ttbntfile1\shared\appsdata\groups\10-Operations\18-DOT\Quarterly Randoms\3rd. Quarter DOT Random\2021\Rosebaum Doug","TONNANDBLANK\impactadmin","Allow","FullControl","True"
"Y:\ttbntfile1\shared\appsdata\groups\10-Operations\18-DOT\Quarterly Randoms\3rd. Quarter DOT Random\2021\Rosebaum Doug","CREATOR OWNER","Allow","FullControl","True"
"Y:\ttbntfile1\shared\appsdata\groups\10-Operations\18-DOT\Quarterly Randoms\3rd. Quarter DOT Random\2021\Rosebaum Doug","BUILTIN\Administrators","Allow","FullControl","True"
"Y:\ttbntfile1\shared\appsdata\groups\10-Operations\18-DOT\Quarterly Randoms\3rd. Quarter DOT Random\2021\Rosebaum Doug","NT AUTHORITY\SYSTEM","Allow","FullControl","True"
"Y:\ttbntfile1\shared\appsdata\groups\10-Operations\18-DOT\Quarterly Randoms\3rd. Quarter DOT Random\2021\Rosebaum Doug","TONNANDBLANK\Operations","Allow","FullControl","True"
"Y:\ttbntfile1\shared\appsdata\groups\10-Operations\18-DOT\Quarterly Randoms\4th. Quarter DOT Random\2017","TONNANDBLANK\impactadmin","Allow","FullControl","True"
"Y:\ttbntfile1\shared\appsdata\groups\10-Operations\18-DOT\Quarterly Randoms\4th. Quarter DOT Random\2017","CREATOR OWNER","Allow","FullControl","True"
"Y:\ttbntfile1\shared\appsdata\groups\10-Operations\18-DOT\Quarterly Randoms\4th. Quarter DOT Random\2017","BUILTIN\Administrators","Allow","FullControl","True"
"Y:\ttbntfile1\shared\appsdata\groups\10-Operations\18-DOT\Quarterly Randoms\4th. Quarter DOT Random\2017","NT AUTHORITY\SYSTEM","Allow","FullControl","True"
"Y:\ttbntfile1\shared\appsdata\groups\10-Operations\18-DOT\Quarterly Randoms\4th. Quarter DOT Random\2017","TONNANDBLANK\Operations","Allow","FullControl","True"
"Y:\ttbntfile1\shared\appsdata\groups\10-Operations\18-DOT\Quarterly Randoms\4th. Quarter DOT Random\2018","TONNANDBLANK\impactadmin","Allow","FullControl","True"
"Y:\ttbntfile1\shared\appsdata\groups\10-Operations\18-DOT\Quarterly Randoms\4th. Quarter DOT Random\2018","CREATOR OWNER","Allow","FullControl","True"
"Y:\ttbntfile1\shared\appsdata\groups\10-Operations\18-DOT\Quarterly Randoms\4th. Quarter DOT Random\2018","BUILTIN\Administrators","Allow","FullControl","True"
"Y:\ttbntfile1\shared\appsdata\groups\10-Operations\18-DOT\Quarterly Randoms\4th. Quarter DOT Random\2018","NT AUTHORITY\SYSTEM","Allow","FullControl","True"
"Y:\ttbntfile1\shared\appsdata\groups\10-Operations\18-DOT\Quarterly Randoms\4th. Quarter DOT Random\2018","TONNANDBLANK\Operations","Allow","FullControl","True"
"Y:\ttbntfile1\shared\appsdata\groups\10-Operations\18-DOT\Quarterly Randoms\4th. Quarter DOT Random\2019","TONNANDBLANK\impactadmin","Allow","FullControl","True"
"Y:\ttbntfile1\shared\appsdata\groups\10-Operations\18-DOT\Quarterly Randoms\4th. Quarter DOT Random\2019","CREATOR OWNER","Allow","FullControl","True"
"Y:\ttbntfile1\shared\appsdata\groups\10-Operations\18-DOT\Quarterly Randoms\4th. Quarter DOT Random\2019","BUILTIN\Administrators","Allow","FullControl","True"
"Y:\ttbntfile1\shared\appsdata\groups\10-Operations\18-DOT\Quarterly Randoms\4th. Quarter DOT Random\2019","NT AUTHORITY\SYSTEM","Allow","FullControl","True"
"Y:\ttbntfile1\shared\appsdata\groups\10-Operations\18-DOT\Quarterly Randoms\4th. Quarter DOT Random\2019","TONNANDBLANK\Operations","Allow","FullControl","True"
"Y:\ttbntfile1\shared\appsdata\groups\10-Operations\18-DOT\Quarterly Randoms\4th. Quarter DOT Random\2020","TONNANDBLANK\impactadmin","Allow","FullControl","True"
"Y:\ttbntfile1\shared\appsdata\groups\10-Operations\18-DOT\Quarterly Randoms\4th. Quarter DOT Random\2020","CREATOR OWNER","Allow","FullControl","True"
"Y:\ttbntfile1\shared\appsdata\groups\10-Operations\18-DOT\Quarterly Randoms\4th. Quarter DOT Random\2020","BUILTIN\Administrators","Allow","FullControl","True"
"Y:\ttbntfile1\shared\appsdata\groups\10-Operations\18-DOT\Quarterly Randoms\4th. Quarter DOT Random\2020","NT AUTHORITY\SYSTEM","Allow","FullControl","True"
"Y:\ttbntfile1\shared\appsdata\groups\10-Operations\18-DOT\Quarterly Randoms\4th. Quarter DOT Random\2020","TONNANDBLANK\Operations","Allow","FullControl","True"
"Y:\ttbntfile1\shared\appsdata\groups\10-Operations\18-DOT\Quarterly Randoms\4th. Quarter DOT Random\2021","TONNANDBLANK\impactadmin","Allow","FullControl","True"
"Y:\ttbntfile1\shared\appsdata\groups\10-Operations\18-DOT\Quarterly Randoms\4th. Quarter DOT Random\2021","CREATOR OWNER","Allow","FullControl","True"
"Y:\ttbntfile1\shared\appsdata\groups\10-Operations\18-DOT\Quarterly Randoms\4th. Quarter DOT Random\2021","BUILTIN\Administrators","Allow","FullControl","True"
"Y:\ttbntfile1\shared\appsdata\groups\10-Operations\18-DOT\Quarterly Randoms\4th. Quarter DOT Random\2021","NT AUTHORITY\SYSTEM","Allow","FullControl","True"
"Y:\ttbntfile1\shared\appsdata\groups\10-Operations\18-DOT\Quarterly Randoms\4th. Quarter DOT Random\2021","TONNANDBLANK\Operations","Allow","FullControl","True"
"Y:\ttbntfile1\shared\appsdata\groups\10-Operations\18-DOT\Quarterly Randoms\4th. Quarter DOT Random\2022","TONNANDBLANK\impactadmin","Allow","FullControl","True"
"Y:\ttbntfile1\shared\appsdata\groups\10-Operations\18-DOT\Quarterly Randoms\4th. Quarter DOT Random\2022","CREATOR OWNER","Allow","FullControl","True"
"Y:\ttbntfile1\shared\appsdata\groups\10-Operations\18-DOT\Quarterly Randoms\4th. Quarter DOT Random\2022","BUILTIN\Administrators","Allow","FullControl","True"
"Y:\ttbntfile1\shared\appsdata\groups\10-Operations\18-DOT\Quarterly Randoms\4th. Quarter DOT Random\2022","NT AUTHORITY\SYSTEM","Allow","FullControl","True"
"Y:\ttbntfile1\shared\appsdata\groups\10-Operations\18-DOT\Quarterly Randoms\4th. Quarter DOT Random\2022","TONNANDBLANK\Operations","Allow","FullControl","True"
"Y:\ttbntfile1\shared\appsdata\groups\10-Operations\18-DOT\Quarterly Randoms\4th. Quarter DOT Random\2023","TONNANDBLANK\impactadmin","Allow","FullControl","True"
"Y:\ttbntfile1\shared\appsdata\groups\10-Operations\18-DOT\Quarterly Randoms\4th. Quarter DOT Random\2023","CREATOR OWNER","Allow","FullControl","True"
"Y:\ttbntfile1\shared\appsdata\groups\10-Operations\18-DOT\Quarterly Randoms\4th. Quarter DOT Random\2023","BUILTIN\Administrators","Allow","FullControl","True"
"Y:\ttbntfile1\shared\appsdata\groups\10-Operations\18-DOT\Quarterly Randoms\4th. Quarter DOT Random\2023","NT AUTHORITY\SYSTEM","Allow","FullControl","True"
"Y:\ttbntfile1\shared\appsdata\groups\10-Operations\18-DOT\Quarterly Randoms\4th. Quarter DOT Random\2023","TONNANDBLANK\Operations","Allow","FullControl","True"
"Y:\ttbntfile1\shared\appsdata\groups\10-Operations\18-DOT\Quarterly Randoms\4th. Quarter DOT Random\2018\Kevin Peverelle","TONNANDBLANK\impactadmin","Allow","FullControl","True"
"Y:\ttbntfile1\shared\appsdata\groups\10-Operations\18-DOT\Quarterly Randoms\4th. Quarter DOT Random\2018\Kevin Peverelle","CREATOR OWNER","Allow","FullControl","True"
"Y:\ttbntfile1\shared\appsdata\groups\10-Operations\18-DOT\Quarterly Randoms\4th. Quarter DOT Random\2018\Kevin Peverelle","BUILTIN\Administrators","Allow","FullControl","True"
"Y:\ttbntfile1\shared\appsdata\groups\10-Operations\18-DOT\Quarterly Randoms\4th. Quarter DOT Random\2018\Kevin Peverelle","NT AUTHORITY\SYSTEM","Allow","FullControl","True"
"Y:\ttbntfile1\shared\appsdata\groups\10-Operations\18-DOT\Quarterly Randoms\4th. Quarter DOT Random\2018\Kevin Peverelle","TONNANDBLANK\Operations","Allow","FullControl","True"
"Y:\ttbntfile1\shared\appsdata\groups\10-Operations\18-DOT\Quarterly Randoms\4th. Quarter DOT Random\2020\2020 4th Qtr Random","TONNANDBLANK\impactadmin","Allow","FullControl","True"
"Y:\ttbntfile1\shared\appsdata\groups\10-Operations\18-DOT\Quarterly Randoms\4th. Quarter DOT Random\2020\2020 4th Qtr Random","CREATOR OWNER","Allow","FullControl","True"
"Y:\ttbntfile1\shared\appsdata\groups\10-Operations\18-DOT\Quarterly Randoms\4th. Quarter DOT Random\2020\2020 4th Qtr Random","BUILTIN\Administrators","Allow","FullControl","True"
"Y:\ttbntfile1\shared\appsdata\groups\10-Operations\18-DOT\Quarterly Randoms\4th. Quarter DOT Random\2020\2020 4th Qtr Random","NT AUTHORITY\SYSTEM","Allow","FullControl","True"
"Y:\ttbntfile1\shared\appsdata\groups\10-Operations\18-DOT\Quarterly Randoms\4th. Quarter DOT Random\2020\2020 4th Qtr Random","TONNANDBLANK\Operations","Allow","FullControl","True"
"Y:\ttbntfile1\shared\appsdata\groups\10-Operations\18-DOT\Quarterly Randoms\4th. Quarter DOT Random\2020\2020 4th Qtr Random\Audie & Doug","TONNANDBLANK\impactadmin","Allow","FullControl","True"
"Y:\ttbntfile1\shared\appsdata\groups\10-Operations\18-DOT\Quarterly Randoms\4th. Quarter DOT Random\2020\2020 4th Qtr Random\Audie & Doug","CREATOR OWNER","Allow","FullControl","True"
"Y:\ttbntfile1\shared\appsdata\groups\10-Operations\18-DOT\Quarterly Randoms\4th. Quarter DOT Random\2020\2020 4th Qtr Random\Audie & Doug","BUILTIN\Administrators","Allow","FullControl","True"
"Y:\ttbntfile1\shared\appsdata\groups\10-Operations\18-DOT\Quarterly Randoms\4th. Quarter DOT Random\2020\2020 4th Qtr Random\Audie & Doug","NT AUTHORITY\SYSTEM","Allow","FullControl","True"
"Y:\ttbntfile1\shared\appsdata\groups\10-Operations\18-DOT\Quarterly Randoms\4th. Quarter DOT Random\2020\2020 4th Qtr Random\Audie & Doug","TONNANDBLANK\Operations","Allow","FullControl","True"
"Y:\ttbntfile1\shared\appsdata\groups\10-Operations\18-DOT\Yearly DOT Physicals\2018","TONNANDBLANK\impactadmin","Allow","FullControl","True"
"Y:\ttbntfile1\shared\appsdata\groups\10-Operations\18-DOT\Yearly DOT Physicals\2018","CREATOR OWNER","Allow","FullControl","True"
"Y:\ttbntfile1\shared\appsdata\groups\10-Operations\18-DOT\Yearly DOT Physicals\2018","BUILTIN\Administrators","Allow","FullControl","True"
"Y:\ttbntfile1\shared\appsdata\groups\10-Operations\18-DOT\Yearly DOT Physicals\2018","NT AUTHORITY\SYSTEM","Allow","FullControl","True"
"Y:\ttbntfile1\shared\appsdata\groups\10-Operations\18-DOT\Yearly DOT Physicals\2018","TONNANDBLANK\Operations","Allow","FullControl","True"
"Y:\ttbntfile1\shared\appsdata\groups\10-Operations\18-DOT\Yearly DOT Physicals\2019","TONNANDBLANK\impactadmin","Allow","FullControl","True"
"Y:\ttbntfile1\shared\appsdata\groups\10-Operations\18-DOT\Yearly DOT Physicals\2019","CREATOR OWNER","Allow","FullControl","True"
"Y:\ttbntfile1\shared\appsdata\groups\10-Operations\18-DOT\Yearly DOT Physicals\2019","BUILTIN\Administrators","Allow","FullControl","True"
"Y:\ttbntfile1\shared\appsdata\groups\10-Operations\18-DOT\Yearly DOT Physicals\2019","NT AUTHORITY\SYSTEM","Allow","FullControl","True"
"Y:\ttbntfile1\shared\appsdata\groups\10-Operations\18-DOT\Yearly DOT Physicals\2019","TONNANDBLANK\Operations","Allow","FullControl","True"
"Y:\ttbntfile1\shared\appsdata\groups\10-Operations\18-DOT\Yearly DOT Physicals\2020","TONNANDBLANK\impactadmin","Allow","FullControl","True"
"Y:\ttbntfile1\shared\appsdata\groups\10-Operations\18-DOT\Yearly DOT Physicals\2020","CREATOR OWNER","Allow","FullControl","True"
"Y:\ttbntfile1\shared\appsdata\groups\10-Operations\18-DOT\Yearly DOT Physicals\2020","BUILTIN\Administrators","Allow","FullControl","True"
"Y:\ttbntfile1\shared\appsdata\groups\10-Operations\18-DOT\Yearly DOT Physicals\2020","NT AUTHORITY\SYSTEM","Allow","FullControl","True"
"Y:\ttbntfile1\shared\appsdata\groups\10-Operations\18-DOT\Yearly DOT Physicals\2020","TONNANDBLANK\Operations","Allow","FullControl","True"
"Y:\ttbntfile1\shared\appsdata\groups\10-Operations\18-DOT\Yearly DOT Physicals\2021","TONNANDBLANK\impactadmin","Allow","FullControl","True"
"Y:\ttbntfile1\shared\appsdata\groups\10-Operations\18-DOT\Yearly DOT Physicals\2021","CREATOR OWNER","Allow","FullControl","True"
"Y:\ttbntfile1\shared\appsdata\groups\10-Operations\18-DOT\Yearly DOT Physicals\2021","BUILTIN\Administrators","Allow","FullControl","True"
"Y:\ttbntfile1\shared\appsdata\groups\10-Operations\18-DOT\Yearly DOT Physicals\2021","NT AUTHORITY\SYSTEM","Allow","FullControl","True"
"Y:\ttbntfile1\shared\appsdata\groups\10-Operations\18-DOT\Yearly DOT Physicals\2021","TONNANDBLANK\Operations","Allow","FullControl","True"
"Y:\ttbntfile1\shared\appsdata\groups\10-Operations\18-DOT\Yearly DOT Physicals\2022","TONNANDBLANK\impactadmin","Allow","FullControl","True"
"Y:\ttbntfile1\shared\appsdata\groups\10-Operations\18-DOT\Yearly DOT Physicals\2022","CREATOR OWNER","Allow","FullControl","True"
"Y:\ttbntfile1\shared\appsdata\groups\10-Operations\18-DOT\Yearly DOT Physicals\2022","BUILTIN\Administrators","Allow","FullControl","True"
"Y:\ttbntfile1\shared\appsdata\groups\10-Operations\18-DOT\Yearly DOT Physicals\2022","NT AUTHORITY\SYSTEM","Allow","FullControl","True"
"Y:\ttbntfile1\shared\appsdata\groups\10-Operations\18-DOT\Yearly DOT Physicals\2022","TONNANDBLANK\Operations","Allow","FullControl","True"
"Y:\ttbntfile1\shared\appsdata\groups\10-Operations\18-DOT\Yearly DOT Physicals\2023","TONNANDBLANK\impactadmin","Allow","FullControl","True"
"Y:\ttbntfile1\shared\appsdata\groups\10-Operations\18-DOT\Yearly DOT Physicals\2023","CREATOR OWNER","Allow","FullControl","True"
"Y:\ttbntfile1\shared\appsdata\groups\10-Operations\18-DOT\Yearly DOT Physicals\2023","BUILTIN\Administrators","Allow","FullControl","True"
"Y:\ttbntfile1\shared\appsdata\groups\10-Operations\18-DOT\Yearly DOT Physicals\2023","NT AUTHORITY\SYSTEM","Allow","FullControl","True"
"Y:\ttbntfile1\shared\appsdata\groups\10-Operations\18-DOT\Yearly DOT Physicals\2023","TONNANDBLANK\Operations","Allow","FullControl","True"
"Y:\ttbntfile1\shared\appsdata\groups\10-Operations\18-DOT\Yearly DOT Physicals\2018\Kevin Peverelle","TONNANDBLANK\impactadmin","Allow","FullControl","True"
"Y:\ttbntfile1\shared\appsdata\groups\10-Operations\18-DOT\Yearly DOT Physicals\2018\Kevin Peverelle","CREATOR OWNER","Allow","FullControl","True"
"Y:\ttbntfile1\shared\appsdata\groups\10-Operations\18-DOT\Yearly DOT Physicals\2018\Kevin Peverelle","BUILTIN\Administrators","Allow","FullControl","True"
"Y:\ttbntfile1\shared\appsdata\groups\10-Operations\18-DOT\Yearly DOT Physicals\2018\Kevin Peverelle","NT AUTHORITY\SYSTEM","Allow","FullControl","True"
"Y:\ttbntfile1\shared\appsdata\groups\10-Operations\18-DOT\Yearly DOT Physicals\2018\Kevin Peverelle","TONNANDBLANK\Operations","Allow","FullControl","True"
"Y:\ttbntfile1\shared\appsdata\groups\10-Operations\18-DOT\Yearly DOT Physicals\2018\Todd Gearheart","TONNANDBLANK\impactadmin","Allow","FullControl","True"
"Y:\ttbntfile1\shared\appsdata\groups\10-Operations\18-DOT\Yearly DOT Physicals\2018\Todd Gearheart","CREATOR OWNER","Allow","FullControl","True"
"Y:\ttbntfile1\shared\appsdata\groups\10-Operations\18-DOT\Yearly DOT Physicals\2018\Todd Gearheart","BUILTIN\Administrators","Allow","FullControl","True"
"Y:\ttbntfile1\shared\appsdata\groups\10-Operations\18-DOT\Yearly DOT Physicals\2018\Todd Gearheart","NT AUTHORITY\SYSTEM","Allow","FullControl","True"
"Y:\ttbntfile1\shared\appsdata\groups\10-Operations\18-DOT\Yearly DOT Physicals\2018\Todd Gearheart","TONNANDBLANK\Operations","Allow","FullControl","True"
"Y:\ttbntfile1\shared\appsdata\groups\10-Operations\19-Fuel Master\downloadFiles","TONNANDBLANK\impactadmin","Allow","FullControl","True"
"Y:\ttbntfile1\shared\appsdata\groups\10-Operations\19-Fuel Master\downloadFiles","CREATOR OWNER","Allow","FullControl","True"
"Y:\ttbntfile1\shared\appsdata\groups\10-Operations\19-Fuel Master\downloadFiles","BUILTIN\Administrators","Allow","FullControl","True"
"Y:\ttbntfile1\shared\appsdata\groups\10-Operations\19-Fuel Master\downloadFiles","NT AUTHORITY\SYSTEM","Allow","FullControl","True"
"Y:\ttbntfile1\shared\appsdata\groups\10-Operations\19-Fuel Master\downloadFiles","TONNANDBLANK\Operations","Allow","FullControl","True"
"Y:\ttbntfile1\shared\appsdata\groups\10-Operations\19-Fuel Master\PollReports","TONNANDBLANK\impactadmin","Allow","FullControl","True"
"Y:\ttbntfile1\shared\appsdata\groups\10-Operations\19-Fuel Master\PollReports","CREATOR OWNER","Allow","FullControl","True"
"Y:\ttbntfile1\shared\appsdata\groups\10-Operations\19-Fuel Master\PollReports","BUILTIN\Administrators","Allow","FullControl","True"
"Y:\ttbntfile1\shared\appsdata\groups\10-Operations\19-Fuel Master\PollReports","NT AUTHORITY\SYSTEM","Allow","FullControl","True"
"Y:\ttbntfile1\shared\appsdata\groups\10-Operations\19-Fuel Master\PollReports","TONNANDBLANK\Operations","Allow","FullControl","True"
"Y:\ttbntfile1\shared\appsdata\groups\10-Operations\19-Fuel Master\TMUReports","TONNANDBLANK\impactadmin","Allow","FullControl","True"
"Y:\ttbntfile1\shared\appsdata\groups\10-Operations\19-Fuel Master\TMUReports","CREATOR OWNER","Allow","FullControl","True"
"Y:\ttbntfile1\shared\appsdata\groups\10-Operations\19-Fuel Master\TMUReports","BUILTIN\Administrators","Allow","FullControl","True"
"Y:\ttbntfile1\shared\appsdata\groups\10-Operations\19-Fuel Master\TMUReports","NT AUTHORITY\SYSTEM","Allow","FullControl","True"
"Y:\ttbntfile1\shared\appsdata\groups\10-Operations\19-Fuel Master\TMUReports","TONNANDBLANK\Operations","Allow","FullControl","True"
"Y:\ttbntfile1\shared\appsdata\groups\10-Operations\19-Fuel Master\downloadFiles\FuelMasterPlus","TONNANDBLANK\impactadmin","Allow","FullControl","True"
"Y:\ttbntfile1\shared\appsdata\groups\10-Operations\19-Fuel Master\downloadFiles\FuelMasterPlus","CREATOR OWNER","Allow","FullControl","True"
"Y:\ttbntfile1\shared\appsdata\groups\10-Operations\19-Fuel Master\downloadFiles\FuelMasterPlus","BUILTIN\Administrators","Allow","FullControl","True"
"Y:\ttbntfile1\shared\appsdata\groups\10-Operations\19-Fuel Master\downloadFiles\FuelMasterPlus","NT AUTHORITY\SYSTEM","Allow","FullControl","True"
"Y:\ttbntfile1\shared\appsdata\groups\10-Operations\19-Fuel Master\downloadFiles\FuelMasterPlus","TONNANDBLANK\Operations","Allow","FullControl","True"
"Y:\ttbntfile1\shared\appsdata\groups\10-Operations\19-Fuel Master\downloadFiles\FuelMasterPlust","TONNANDBLANK\impactadmin","Allow","FullControl","True"
"Y:\ttbntfile1\shared\appsdata\groups\10-Operations\19-Fuel Master\downloadFiles\FuelMasterPlust","CREATOR OWNER","Allow","FullControl","True"
"Y:\ttbntfile1\shared\appsdata\groups\10-Operations\19-Fuel Master\downloadFiles\FuelMasterPlust","BUILTIN\Administrators","Allow","FullControl","True"
"Y:\ttbntfile1\shared\appsdata\groups\10-Operations\19-Fuel Master\downloadFiles\FuelMasterPlust","NT AUTHORITY\SYSTEM","Allow","FullControl","True"
"Y:\ttbntfile1\shared\appsdata\groups\10-Operations\19-Fuel Master\downloadFiles\FuelMasterPlust","TONNANDBLANK\Operations","Allow","FullControl","True"
"Y:\ttbntfile1\shared\appsdata\groups\10-Operations\19-Fuel Master\PollReports\FuelMasterPlus","TONNANDBLANK\impactadmin","Allow","FullControl","True"
"Y:\ttbntfile1\shared\appsdata\groups\10-Operations\19-Fuel Master\PollReports\FuelMasterPlus","CREATOR OWNER","Allow","FullControl","True"
"Y:\ttbntfile1\shared\appsdata\groups\10-Operations\19-Fuel Master\PollReports\FuelMasterPlus","BUILTIN\Administrators","Allow","FullControl","True"
"Y:\ttbntfile1\shared\appsdata\groups\10-Operations\19-Fuel Master\PollReports\FuelMasterPlus","NT AUTHORITY\SYSTEM","Allow","FullControl","True"
"Y:\ttbntfile1\shared\appsdata\groups\10-Operations\19-Fuel Master\PollReports\FuelMasterPlus","TONNANDBLANK\Operations","Allow","FullControl","True"
"Y:\ttbntfile1\shared\appsdata\groups\10-Operations\19-Fuel Master\PollReports\FuelMasterPlust","TONNANDBLANK\impactadmin","Allow","FullControl","True"
"Y:\ttbntfile1\shared\appsdata\groups\10-Operations\19-Fuel Master\PollReports\FuelMasterPlust","CREATOR OWNER","Allow","FullControl","True"
"Y:\ttbntfile1\shared\appsdata\groups\10-Operations\19-Fuel Master\PollReports\FuelMasterPlust","BUILTIN\Administrators","Allow","FullControl","True"
"Y:\ttbntfile1\shared\appsdata\groups\10-Operations\19-Fuel Master\PollReports\FuelMasterPlust","NT AUTHORITY\SYSTEM","Allow","FullControl","True"
"Y:\ttbntfile1\shared\appsdata\groups\10-Operations\19-Fuel Master\PollReports\FuelMasterPlust","TONNANDBLANK\Operations","Allow","FullControl","True"
"Y:\ttbntfile1\shared\appsdata\groups\10-Operations\19-Fuel Master\PollReports\FuelMasterPlus\FuelMasterPlust","TONNANDBLANK\impactadmin","Allow","FullControl","True"
"Y:\ttbntfile1\shared\appsdata\groups\10-Operations\19-Fuel Master\PollReports\FuelMasterPlus\FuelMasterPlust","CREATOR OWNER","Allow","FullControl","True"
"Y:\ttbntfile1\shared\appsdata\groups\10-Operations\19-Fuel Master\PollReports\FuelMasterPlus\FuelMasterPlust","BUILTIN\Administrators","Allow","FullControl","True"
"Y:\ttbntfile1\shared\appsdata\groups\10-Operations\19-Fuel Master\PollReports\FuelMasterPlus\FuelMasterPlust","NT AUTHORITY\SYSTEM","Allow","FullControl","True"
"Y:\ttbntfile1\shared\appsdata\groups\10-Operations\19-Fuel Master\PollReports\FuelMasterPlus\FuelMasterPlust","TONNANDBLANK\Operations","Allow","FullControl","True"
"Y:\ttbntfile1\shared\appsdata\groups\10-Operations\19-Fuel Master\TMUReports\FuelMasterPlus","TONNANDBLANK\impactadmin","Allow","FullControl","True"
"Y:\ttbntfile1\shared\appsdata\groups\10-Operations\19-Fuel Master\TMUReports\FuelMasterPlus","CREATOR OWNER","Allow","FullControl","True"
"Y:\ttbntfile1\shared\appsdata\groups\10-Operations\19-Fuel Master\TMUReports\FuelMasterPlus","BUILTIN\Administrators","Allow","FullControl","True"
"Y:\ttbntfile1\shared\appsdata\groups\10-Operations\19-Fuel Master\TMUReports\FuelMasterPlus","NT AUTHORITY\SYSTEM","Allow","FullControl","True"
"Y:\ttbntfile1\shared\appsdata\groups\10-Operations\19-Fuel Master\TMUReports\FuelMasterPlus","TONNANDBLANK\Operations","Allow","FullControl","True"
"Y:\ttbntfile1\shared\appsdata\groups\10-Operations\19-Fuel Master\TMUReports\FuelMasterPlust","TONNANDBLANK\impactadmin","Allow","FullControl","True"
"Y:\ttbntfile1\shared\appsdata\groups\10-Operations\19-Fuel Master\TMUReports\FuelMasterPlust","CREATOR OWNER","Allow","FullControl","True"
"Y:\ttbntfile1\shared\appsdata\groups\10-Operations\19-Fuel Master\TMUReports\FuelMasterPlust","BUILTIN\Administrators","Allow","FullControl","True"
"Y:\ttbntfile1\shared\appsdata\groups\10-Operations\19-Fuel Master\TMUReports\FuelMasterPlust","NT AUTHORITY\SYSTEM","Allow","FullControl","True"
"Y:\ttbntfile1\shared\appsdata\groups\10-Operations\19-Fuel Master\TMUReports\FuelMasterPlust","TONNANDBLANK\Operations","Allow","FullControl","True"
"Y:\ttbntfile1\shared\appsdata\groups\10-Operations\2-Equipment\1-Trucks","TONNANDBLANK\impactadmin","Allow","FullControl","True"
"Y:\ttbntfile1\shared\appsdata\groups\10-Operations\2-Equipment\1-Trucks","CREATOR OWNER","Allow","FullControl","True"
"Y:\ttbntfile1\shared\appsdata\groups\10-Operations\2-Equipment\1-Trucks","BUILTIN\Administrators","Allow","FullControl","True"
"Y:\ttbntfile1\shared\appsdata\groups\10-Operations\2-Equipment\1-Trucks","NT AUTHORITY\SYSTEM","Allow","FullControl","True"
"Y:\ttbntfile1\shared\appsdata\groups\10-Operations\2-Equipment\1-Trucks","TONNANDBLANK\Operations","Allow","FullControl","True"
"Y:\ttbntfile1\shared\appsdata\groups\10-Operations\2-Equipment\2-NonTrucks","TONNANDBLANK\impactadmin","Allow","FullControl","True"
"Y:\ttbntfile1\shared\appsdata\groups\10-Operations\2-Equipment\2-NonTrucks","CREATOR OWNER","Allow","FullControl","True"
"Y:\ttbntfile1\shared\appsdata\groups\10-Operations\2-Equipment\2-NonTrucks","BUILTIN\Administrators","Allow","FullControl","True"
"Y:\ttbntfile1\shared\appsdata\groups\10-Operations\2-Equipment\2-NonTrucks","NT AUTHORITY\SYSTEM","Allow","FullControl","True"
"Y:\ttbntfile1\shared\appsdata\groups\10-Operations\2-Equipment\2-NonTrucks","TONNANDBLANK\Operations","Allow","FullControl","True"
"Y:\ttbntfile1\shared\appsdata\groups\10-Operations\2-Equipment\3-Tollroad","TONNANDBLANK\impactadmin","Allow","FullControl","True"
"Y:\ttbntfile1\shared\appsdata\groups\10-Operations\2-Equipment\3-Tollroad","CREATOR OWNER","Allow","FullControl","True"
"Y:\ttbntfile1\shared\appsdata\groups\10-Operations\2-Equipment\3-Tollroad","BUILTIN\Administrators","Allow","FullControl","True"
"Y:\ttbntfile1\shared\appsdata\groups\10-Operations\2-Equipment\3-Tollroad","NT AUTHORITY\SYSTEM","Allow","FullControl","True"
"Y:\ttbntfile1\shared\appsdata\groups\10-Operations\2-Equipment\3-Tollroad","TONNANDBLANK\Operations","Allow","FullControl","True"
"Y:\ttbntfile1\shared\appsdata\groups\10-Operations\2-Equipment\CopperHead Laser Screed Owners Manual","TONNANDBLANK\impactadmin","Allow","FullControl","True"
"Y:\ttbntfile1\shared\appsdata\groups\10-Operations\2-Equipment\CopperHead Laser Screed Owners Manual","CREATOR OWNER","Allow","FullControl","True"
"Y:\ttbntfile1\shared\appsdata\groups\10-Operations\2-Equipment\CopperHead Laser Screed Owners Manual","BUILTIN\Administrators","Allow","FullControl","True"
"Y:\ttbntfile1\shared\appsdata\groups\10-Operations\2-Equipment\CopperHead Laser Screed Owners Manual","NT AUTHORITY\SYSTEM","Allow","FullControl","True"
"Y:\ttbntfile1\shared\appsdata\groups\10-Operations\2-Equipment\CopperHead Laser Screed Owners Manual","TONNANDBLANK\Operations","Allow","FullControl","True"
"Y:\ttbntfile1\shared\appsdata\groups\10-Operations\2-Equipment\Heavy Equipment Locations","TONNANDBLANK\impactadmin","Allow","FullControl","True"
"Y:\ttbntfile1\shared\appsdata\groups\10-Operations\2-Equipment\Heavy Equipment Locations","CREATOR OWNER","Allow","FullControl","True"
"Y:\ttbntfile1\shared\appsdata\groups\10-Operations\2-Equipment\Heavy Equipment Locations","BUILTIN\Administrators","Allow","FullControl","True"
"Y:\ttbntfile1\shared\appsdata\groups\10-Operations\2-Equipment\Heavy Equipment Locations","NT AUTHORITY\SYSTEM","Allow","FullControl","True"
"Y:\ttbntfile1\shared\appsdata\groups\10-Operations\2-Equipment\Heavy Equipment Locations","TONNANDBLANK\Operations","Allow","FullControl","True"
"Y:\ttbntfile1\shared\appsdata\groups\10-Operations\2-Equipment\1-Trucks\Former truck folder","TONNANDBLANK\impactadmin","Allow","FullControl","True"
"Y:\ttbntfile1\shared\appsdata\groups\10-Operations\2-Equipment\1-Trucks\Former truck folder","CREATOR OWNER","Allow","FullControl","True"
"Y:\ttbntfile1\shared\appsdata\groups\10-Operations\2-Equipment\1-Trucks\Former truck folder","BUILTIN\Administrators","Allow","FullControl","True"
"Y:\ttbntfile1\shared\appsdata\groups\10-Operations\2-Equipment\1-Trucks\Former truck folder","NT AUTHORITY\SYSTEM","Allow","FullControl","True"
"Y:\ttbntfile1\shared\appsdata\groups\10-Operations\2-Equipment\1-Trucks\Former truck folder","TONNANDBLANK\Operations","Allow","FullControl","True"
"Y:\ttbntfile1\shared\appsdata\groups\10-Operations\2-Equipment\2-NonTrucks\Former NonTruck Folder","TONNANDBLANK\impactadmin","Allow","FullControl","True"
"Y:\ttbntfile1\shared\appsdata\groups\10-Operations\2-Equipment\2-NonTrucks\Former NonTruck Folder","CREATOR OWNER","Allow","FullControl","True"
"Y:\ttbntfile1\shared\appsdata\groups\10-Operations\2-Equipment\2-NonTrucks\Former NonTruck Folder","BUILTIN\Administrators","Allow","FullControl","True"
"Y:\ttbntfile1\shared\appsdata\groups\10-Operations\2-Equipment\2-NonTrucks\Former NonTruck Folder","NT AUTHORITY\SYSTEM","Allow","FullControl","True"
"Y:\ttbntfile1\shared\appsdata\groups\10-Operations\2-Equipment\2-NonTrucks\Former NonTruck Folder","TONNANDBLANK\Operations","Allow","FullControl","True"
"Y:\ttbntfile1\shared\appsdata\groups\10-Operations\2-Equipment\3-Tollroad\PassandI-ZoomAssignments","TONNANDBLANK\impactadmin","Allow","FullControl","True"
"Y:\ttbntfile1\shared\appsdata\groups\10-Operations\2-Equipment\3-Tollroad\PassandI-ZoomAssignments","CREATOR OWNER","Allow","FullControl","True"
"Y:\ttbntfile1\shared\appsdata\groups\10-Operations\2-Equipment\3-Tollroad\PassandI-ZoomAssignments","BUILTIN\Administrators","Allow","FullControl","True"
"Y:\ttbntfile1\shared\appsdata\groups\10-Operations\2-Equipment\3-Tollroad\PassandI-ZoomAssignments","NT AUTHORITY\SYSTEM","Allow","FullControl","True"
"Y:\ttbntfile1\shared\appsdata\groups\10-Operations\2-Equipment\3-Tollroad\PassandI-ZoomAssignments","TONNANDBLANK\Operations","Allow","FullControl","True"
"Y:\ttbntfile1\shared\appsdata\groups\10-Operations\2-Equipment\Heavy Equipment Locations\Former Location Files","TONNANDBLANK\impactadmin","Allow","FullControl","True"
"Y:\ttbntfile1\shared\appsdata\groups\10-Operations\2-Equipment\Heavy Equipment Locations\Former Location Files","CREATOR OWNER","Allow","FullControl","True"
"Y:\ttbntfile1\shared\appsdata\groups\10-Operations\2-Equipment\Heavy Equipment Locations\Former Location Files","BUILTIN\Administrators","Allow","FullControl","True"
"Y:\ttbntfile1\shared\appsdata\groups\10-Operations\2-Equipment\Heavy Equipment Locations\Former Location Files","NT AUTHORITY\SYSTEM","Allow","FullControl","True"
"Y:\ttbntfile1\shared\appsdata\groups\10-Operations\2-Equipment\Heavy Equipment Locations\Former Location Files","TONNANDBLANK\Operations","Allow","FullControl","True"
"Y:\ttbntfile1\shared\appsdata\groups\10-Operations\3-EquipmentBilling\3-Monthly_Recap","TONNANDBLANK\impactadmin","Allow","FullControl","True"
"Y:\ttbntfile1\shared\appsdata\groups\10-Operations\3-EquipmentBilling\3-Monthly_Recap","CREATOR OWNER","Allow","FullControl","True"
"Y:\ttbntfile1\shared\appsdata\groups\10-Operations\3-EquipmentBilling\3-Monthly_Recap","BUILTIN\Administrators","Allow","FullControl","True"
"Y:\ttbntfile1\shared\appsdata\groups\10-Operations\3-EquipmentBilling\3-Monthly_Recap","NT AUTHORITY\SYSTEM","Allow","FullControl","True"
"Y:\ttbntfile1\shared\appsdata\groups\10-Operations\3-EquipmentBilling\3-Monthly_Recap","TONNANDBLANK\Operations","Allow","FullControl","True"
"Y:\ttbntfile1\shared\appsdata\groups\10-Operations\3-EquipmentBilling\EQUIPMENT PRICING","TONNANDBLANK\impactadmin","Allow","FullControl","True"
"Y:\ttbntfile1\shared\appsdata\groups\10-Operations\3-EquipmentBilling\EQUIPMENT PRICING","CREATOR OWNER","Allow","FullControl","True"
"Y:\ttbntfile1\shared\appsdata\groups\10-Operations\3-EquipmentBilling\EQUIPMENT PRICING","BUILTIN\Administrators","Allow","FullControl","True"
"Y:\ttbntfile1\shared\appsdata\groups\10-Operations\3-EquipmentBilling\EQUIPMENT PRICING","NT AUTHORITY\SYSTEM","Allow","FullControl","True"
"Y:\ttbntfile1\shared\appsdata\groups\10-Operations\3-EquipmentBilling\EQUIPMENT PRICING","TONNANDBLANK\Operations","Allow","FullControl","True"
"Y:\ttbntfile1\shared\appsdata\groups\10-Operations\3-EquipmentBilling\Equipment Time Forms","TONNANDBLANK\impactadmin","Allow","FullControl","True"
"Y:\ttbntfile1\shared\appsdata\groups\10-Operations\3-EquipmentBilling\Equipment Time Forms","CREATOR OWNER","Allow","FullControl","True"
"Y:\ttbntfile1\shared\appsdata\groups\10-Operations\3-EquipmentBilling\Equipment Time Forms","BUILTIN\Administrators","Allow","FullControl","True"
"Y:\ttbntfile1\shared\appsdata\groups\10-Operations\3-EquipmentBilling\Equipment Time Forms","NT AUTHORITY\SYSTEM","Allow","FullControl","True"
"Y:\ttbntfile1\shared\appsdata\groups\10-Operations\3-EquipmentBilling\Equipment Time Forms","TONNANDBLANK\Operations","Allow","FullControl","True"
"Y:\ttbntfile1\shared\appsdata\groups\10-Operations\3-EquipmentBilling\New EQ Rental 16Q001-Mileage","TONNANDBLANK\impactadmin","Allow","FullControl","True"
"Y:\ttbntfile1\shared\appsdata\groups\10-Operations\3-EquipmentBilling\New EQ Rental 16Q001-Mileage","CREATOR OWNER","Allow","FullControl","True"
"Y:\ttbntfile1\shared\appsdata\groups\10-Operations\3-EquipmentBilling\New EQ Rental 16Q001-Mileage","BUILTIN\Administrators","Allow","FullControl","True"
"Y:\ttbntfile1\shared\appsdata\groups\10-Operations\3-EquipmentBilling\New EQ Rental 16Q001-Mileage","NT AUTHORITY\SYSTEM","Allow","FullControl","True"
"Y:\ttbntfile1\shared\appsdata\groups\10-Operations\3-EquipmentBilling\New EQ Rental 16Q001-Mileage","TONNANDBLANK\Operations","Allow","FullControl","True"
"Y:\ttbntfile1\shared\appsdata\groups\10-Operations\3-EquipmentBilling\3-Monthly_Recap\2014","TONNANDBLANK\impactadmin","Allow","FullControl","True"
"Y:\ttbntfile1\shared\appsdata\groups\10-Operations\3-EquipmentBilling\3-Monthly_Recap\2014","CREATOR OWNER","Allow","FullControl","True"
"Y:\ttbntfile1\shared\appsdata\groups\10-Operations\3-EquipmentBilling\3-Monthly_Recap\2014","BUILTIN\Administrators","Allow","FullControl","True"
"Y:\ttbntfile1\shared\appsdata\groups\10-Operations\3-EquipmentBilling\3-Monthly_Recap\2014","NT AUTHORITY\SYSTEM","Allow","FullControl","True"
"Y:\ttbntfile1\shared\appsdata\groups\10-Operations\3-EquipmentBilling\3-Monthly_Recap\2014","TONNANDBLANK\Operations","Allow","FullControl","True"
"Y:\ttbntfile1\shared\appsdata\groups\10-Operations\3-EquipmentBilling\3-Monthly_Recap\2015","TONNANDBLANK\impactadmin","Allow","FullControl","True"
"Y:\ttbntfile1\shared\appsdata\groups\10-Operations\3-EquipmentBilling\3-Monthly_Recap\2015","CREATOR OWNER","Allow","FullControl","True"
"Y:\ttbntfile1\shared\appsdata\groups\10-Operations\3-EquipmentBilling\3-Monthly_Recap\2015","BUILTIN\Administrators","Allow","FullControl","True"
"Y:\ttbntfile1\shared\appsdata\groups\10-Operations\3-EquipmentBilling\3-Monthly_Recap\2015","NT AUTHORITY\SYSTEM","Allow","FullControl","True"
"Y:\ttbntfile1\shared\appsdata\groups\10-Operations\3-EquipmentBilling\3-Monthly_Recap\2015","TONNANDBLANK\Operations","Allow","FullControl","True"
"Y:\ttbntfile1\shared\appsdata\groups\10-Operations\3-EquipmentBilling\3-Monthly_Recap\2017","TONNANDBLANK\impactadmin","Allow","FullControl","True"
"Y:\ttbntfile1\shared\appsdata\groups\10-Operations\3-EquipmentBilling\3-Monthly_Recap\2017","CREATOR OWNER","Allow","FullControl","True"
"Y:\ttbntfile1\shared\appsdata\groups\10-Operations\3-EquipmentBilling\3-Monthly_Recap\2017","BUILTIN\Administrators","Allow","FullControl","True"
"Y:\ttbntfile1\shared\appsdata\groups\10-Operations\3-EquipmentBilling\3-Monthly_Recap\2017","NT AUTHORITY\SYSTEM","Allow","FullControl","True"
"Y:\ttbntfile1\shared\appsdata\groups\10-Operations\3-EquipmentBilling\3-Monthly_Recap\2017","TONNANDBLANK\Operations","Allow","FullControl","True"
"Y:\ttbntfile1\shared\appsdata\groups\10-Operations\3-EquipmentBilling\3-Monthly_Recap\2018","TONNANDBLANK\impactadmin","Allow","FullControl","True"
"Y:\ttbntfile1\shared\appsdata\groups\10-Operations\3-EquipmentBilling\3-Monthly_Recap\2018","CREATOR OWNER","Allow","FullControl","True"
"Y:\ttbntfile1\shared\appsdata\groups\10-Operations\3-EquipmentBilling\3-Monthly_Recap\2018","BUILTIN\Administrators","Allow","FullControl","True"
"Y:\ttbntfile1\shared\appsdata\groups\10-Operations\3-EquipmentBilling\3-Monthly_Recap\2018","NT AUTHORITY\SYSTEM","Allow","FullControl","True"
"Y:\ttbntfile1\shared\appsdata\groups\10-Operations\3-EquipmentBilling\3-Monthly_Recap\2018","TONNANDBLANK\Operations","Allow","FullControl","True"
"Y:\ttbntfile1\shared\appsdata\groups\10-Operations\3-EquipmentBilling\EQUIPMENT PRICING\Archived Pricing","TONNANDBLANK\impactadmin","Allow","FullControl","True"
"Y:\ttbntfile1\shared\appsdata\groups\10-Operations\3-EquipmentBilling\EQUIPMENT PRICING\Archived Pricing","CREATOR OWNER","Allow","FullControl","True"
"Y:\ttbntfile1\shared\appsdata\groups\10-Operations\3-EquipmentBilling\EQUIPMENT PRICING\Archived Pricing","BUILTIN\Administrators","Allow","FullControl","True"
"Y:\ttbntfile1\shared\appsdata\groups\10-Operations\3-EquipmentBilling\EQUIPMENT PRICING\Archived Pricing","NT AUTHORITY\SYSTEM","Allow","FullControl","True"
"Y:\ttbntfile1\shared\appsdata\groups\10-Operations\3-EquipmentBilling\EQUIPMENT PRICING\Archived Pricing","TONNANDBLANK\Operations","Allow","FullControl","True"
"Y:\ttbntfile1\shared\appsdata\groups\10-Operations\4-Tools\Tool Watch Field Instructions","TONNANDBLANK\impactadmin","Allow","FullControl","True"
"Y:\ttbntfile1\shared\appsdata\groups\10-Operations\4-Tools\Tool Watch Field Instructions","CREATOR OWNER","Allow","FullControl","True"
"Y:\ttbntfile1\shared\appsdata\groups\10-Operations\4-Tools\Tool Watch Field Instructions","BUILTIN\Administrators","Allow","FullControl","True"
"Y:\ttbntfile1\shared\appsdata\groups\10-Operations\4-Tools\Tool Watch Field Instructions","NT AUTHORITY\SYSTEM","Allow","FullControl","True"
"Y:\ttbntfile1\shared\appsdata\groups\10-Operations\4-Tools\Tool Watch Field Instructions","TONNANDBLANK\Operations","Allow","FullControl","True"
"Y:\ttbntfile1\shared\appsdata\groups\10-Operations\4-Tools\Tool Watch Warehouse User Instructions","TONNANDBLANK\impactadmin","Allow","FullControl","True"
"Y:\ttbntfile1\shared\appsdata\groups\10-Operations\4-Tools\Tool Watch Warehouse User Instructions","CREATOR OWNER","Allow","FullControl","True"
"Y:\ttbntfile1\shared\appsdata\groups\10-Operations\4-Tools\Tool Watch Warehouse User Instructions","BUILTIN\Administrators","Allow","FullControl","True"
"Y:\ttbntfile1\shared\appsdata\groups\10-Operations\4-Tools\Tool Watch Warehouse User Instructions","NT AUTHORITY\SYSTEM","Allow","FullControl","True"
"Y:\ttbntfile1\shared\appsdata\groups\10-Operations\4-Tools\Tool Watch Warehouse User Instructions","TONNANDBLANK\Operations","Allow","FullControl","True"
"Y:\ttbntfile1\shared\appsdata\groups\10-Operations\5-StockMaterial\1-Timberline","TONNANDBLANK\impactadmin","Allow","FullControl","True"
"Y:\ttbntfile1\shared\appsdata\groups\10-Operations\5-StockMaterial\1-Timberline","CREATOR OWNER","Allow","FullControl","True"
"Y:\ttbntfile1\shared\appsdata\groups\10-Operations\5-StockMaterial\1-Timberline","BUILTIN\Administrators","Allow","FullControl","True"
"Y:\ttbntfile1\shared\appsdata\groups\10-Operations\5-StockMaterial\1-Timberline","NT AUTHORITY\SYSTEM","Allow","FullControl","True"
"Y:\ttbntfile1\shared\appsdata\groups\10-Operations\5-StockMaterial\1-Timberline","TONNANDBLANK\Operations","Allow","FullControl","True"
"Y:\ttbntfile1\shared\appsdata\groups\10-Operations\5-StockMaterial\2-Inventory","TONNANDBLANK\impactadmin","Allow","FullControl","True"
"Y:\ttbntfile1\shared\appsdata\groups\10-Operations\5-StockMaterial\2-Inventory","CREATOR OWNER","Allow","FullControl","True"
"Y:\ttbntfile1\shared\appsdata\groups\10-Operations\5-StockMaterial\2-Inventory","BUILTIN\Administrators","Allow","FullControl","True"
"Y:\ttbntfile1\shared\appsdata\groups\10-Operations\5-StockMaterial\2-Inventory","NT AUTHORITY\SYSTEM","Allow","FullControl","True"
"Y:\ttbntfile1\shared\appsdata\groups\10-Operations\5-StockMaterial\2-Inventory","TONNANDBLANK\Operations","Allow","FullControl","True"
"Y:\ttbntfile1\shared\appsdata\groups\10-Operations\6-TimeAllocation\1-CurrentYear","TONNANDBLANK\impactadmin","Allow","FullControl","True"
"Y:\ttbntfile1\shared\appsdata\groups\10-Operations\6-TimeAllocation\1-CurrentYear","CREATOR OWNER","Allow","FullControl","True"
"Y:\ttbntfile1\shared\appsdata\groups\10-Operations\6-TimeAllocation\1-CurrentYear","BUILTIN\Administrators","Allow","FullControl","True"
"Y:\ttbntfile1\shared\appsdata\groups\10-Operations\6-TimeAllocation\1-CurrentYear","NT AUTHORITY\SYSTEM","Allow","FullControl","True"
"Y:\ttbntfile1\shared\appsdata\groups\10-Operations\6-TimeAllocation\1-CurrentYear","TONNANDBLANK\Operations","Allow","FullControl","True"
"Y:\ttbntfile1\shared\appsdata\groups\10-Operations\6-TimeAllocation\2-PriorYears","TONNANDBLANK\impactadmin","Allow","FullControl","True"
"Y:\ttbntfile1\shared\appsdata\groups\10-Operations\6-TimeAllocation\2-PriorYears","CREATOR OWNER","Allow","FullControl","True"
"Y:\ttbntfile1\shared\appsdata\groups\10-Operations\6-TimeAllocation\2-PriorYears","BUILTIN\Administrators","Allow","FullControl","True"
"Y:\ttbntfile1\shared\appsdata\groups\10-Operations\6-TimeAllocation\2-PriorYears","NT AUTHORITY\SYSTEM","Allow","FullControl","True"
"Y:\ttbntfile1\shared\appsdata\groups\10-Operations\6-TimeAllocation\2-PriorYears","TONNANDBLANK\Operations","Allow","FullControl","True"
"Y:\ttbntfile1\shared\appsdata\groups\10-Operations\6-TimeAllocation\1-CurrentYear\2020","TONNANDBLANK\impactadmin","Allow","FullControl","True"
"Y:\ttbntfile1\shared\appsdata\groups\10-Operations\6-TimeAllocation\1-CurrentYear\2020","CREATOR OWNER","Allow","FullControl","True"
"Y:\ttbntfile1\shared\appsdata\groups\10-Operations\6-TimeAllocation\1-CurrentYear\2020","BUILTIN\Administrators","Allow","FullControl","True"
"Y:\ttbntfile1\shared\appsdata\groups\10-Operations\6-TimeAllocation\1-CurrentYear\2020","NT AUTHORITY\SYSTEM","Allow","FullControl","True"
"Y:\ttbntfile1\shared\appsdata\groups\10-Operations\6-TimeAllocation\1-CurrentYear\2020","TONNANDBLANK\Operations","Allow","FullControl","True"
"Y:\ttbntfile1\shared\appsdata\groups\10-Operations\6-TimeAllocation\1-CurrentYear\2021","TONNANDBLANK\impactadmin","Allow","FullControl","True"
"Y:\ttbntfile1\shared\appsdata\groups\10-Operations\6-TimeAllocation\1-CurrentYear\2021","CREATOR OWNER","Allow","FullControl","True"
"Y:\ttbntfile1\shared\appsdata\groups\10-Operations\6-TimeAllocation\1-CurrentYear\2021","BUILTIN\Administrators","Allow","FullControl","True"
"Y:\ttbntfile1\shared\appsdata\groups\10-Operations\6-TimeAllocation\1-CurrentYear\2021","NT AUTHORITY\SYSTEM","Allow","FullControl","True"
"Y:\ttbntfile1\shared\appsdata\groups\10-Operations\6-TimeAllocation\1-CurrentYear\2021","TONNANDBLANK\Operations","Allow","FullControl","True"
"Y:\ttbntfile1\shared\appsdata\groups\10-Operations\6-TimeAllocation\1-CurrentYear\2022","TONNANDBLANK\impactadmin","Allow","FullControl","True"
"Y:\ttbntfile1\shared\appsdata\groups\10-Operations\6-TimeAllocation\1-CurrentYear\2022","CREATOR OWNER","Allow","FullControl","True"
"Y:\ttbntfile1\shared\appsdata\groups\10-Operations\6-TimeAllocation\1-CurrentYear\2022","BUILTIN\Administrators","Allow","FullControl","True"
"Y:\ttbntfile1\shared\appsdata\groups\10-Operations\6-TimeAllocation\1-CurrentYear\2022","NT AUTHORITY\SYSTEM","Allow","FullControl","True"
"Y:\ttbntfile1\shared\appsdata\groups\10-Operations\6-TimeAllocation\1-CurrentYear\2022","TONNANDBLANK\Operations","Allow","FullControl","True"
"Y:\ttbntfile1\shared\appsdata\groups\10-Operations\6-TimeAllocation\1-CurrentYear\2023","TONNANDBLANK\impactadmin","Allow","FullControl","True"
"Y:\ttbntfile1\shared\appsdata\groups\10-Operations\6-TimeAllocation\1-CurrentYear\2023","CREATOR OWNER","Allow","FullControl","True"
"Y:\ttbntfile1\shared\appsdata\groups\10-Operations\6-TimeAllocation\1-CurrentYear\2023","BUILTIN\Administrators","Allow","FullControl","True"
"Y:\ttbntfile1\shared\appsdata\groups\10-Operations\6-TimeAllocation\1-CurrentYear\2023","NT AUTHORITY\SYSTEM","Allow","FullControl","True"
"Y:\ttbntfile1\shared\appsdata\groups\10-Operations\6-TimeAllocation\1-CurrentYear\2023","TONNANDBLANK\Operations","Allow","FullControl","True"
"Y:\ttbntfile1\shared\appsdata\groups\10-Operations\6-TimeAllocation\2-PriorYears\2014","TONNANDBLANK\impactadmin","Allow","FullControl","True"
"Y:\ttbntfile1\shared\appsdata\groups\10-Operations\6-TimeAllocation\2-PriorYears\2014","CREATOR OWNER","Allow","FullControl","True"
"Y:\ttbntfile1\shared\appsdata\groups\10-Operations\6-TimeAllocation\2-PriorYears\2014","BUILTIN\Administrators","Allow","FullControl","True"
"Y:\ttbntfile1\shared\appsdata\groups\10-Operations\6-TimeAllocation\2-PriorYears\2014","NT AUTHORITY\SYSTEM","Allow","FullControl","True"
"Y:\ttbntfile1\shared\appsdata\groups\10-Operations\6-TimeAllocation\2-PriorYears\2014","TONNANDBLANK\Operations","Allow","FullControl","True"
"Y:\ttbntfile1\shared\appsdata\groups\10-Operations\6-TimeAllocation\2-PriorYears\2015","TONNANDBLANK\impactadmin","Allow","FullControl","True"
"Y:\ttbntfile1\shared\appsdata\groups\10-Operations\6-TimeAllocation\2-PriorYears\2015","CREATOR OWNER","Allow","FullControl","True"
"Y:\ttbntfile1\shared\appsdata\groups\10-Operations\6-TimeAllocation\2-PriorYears\2015","BUILTIN\Administrators","Allow","FullControl","True"
"Y:\ttbntfile1\shared\appsdata\groups\10-Operations\6-TimeAllocation\2-PriorYears\2015","NT AUTHORITY\SYSTEM","Allow","FullControl","True"
"Y:\ttbntfile1\shared\appsdata\groups\10-Operations\6-TimeAllocation\2-PriorYears\2015","TONNANDBLANK\Operations","Allow","FullControl","True"
"Y:\ttbntfile1\shared\appsdata\groups\10-Operations\6-TimeAllocation\2-PriorYears\2016","TONNANDBLANK\impactadmin","Allow","FullControl","True"
"Y:\ttbntfile1\shared\appsdata\groups\10-Operations\6-TimeAllocation\2-PriorYears\2016","CREATOR OWNER","Allow","FullControl","True"
"Y:\ttbntfile1\shared\appsdata\groups\10-Operations\6-TimeAllocation\2-PriorYears\2016","BUILTIN\Administrators","Allow","FullControl","True"
"Y:\ttbntfile1\shared\appsdata\groups\10-Operations\6-TimeAllocation\2-PriorYears\2016","NT AUTHORITY\SYSTEM","Allow","FullControl","True"
"Y:\ttbntfile1\shared\appsdata\groups\10-Operations\6-TimeAllocation\2-PriorYears\2016","TONNANDBLANK\Operations","Allow","FullControl","True"
"Y:\ttbntfile1\shared\appsdata\groups\10-Operations\6-TimeAllocation\2-PriorYears\2017","TONNANDBLANK\impactadmin","Allow","FullControl","True"
"Y:\ttbntfile1\shared\appsdata\groups\10-Operations\6-TimeAllocation\2-PriorYears\2017","CREATOR OWNER","Allow","FullControl","True"
"Y:\ttbntfile1\shared\appsdata\groups\10-Operations\6-TimeAllocation\2-PriorYears\2017","BUILTIN\Administrators","Allow","FullControl","True"
"Y:\ttbntfile1\shared\appsdata\groups\10-Operations\6-TimeAllocation\2-PriorYears\2017","NT AUTHORITY\SYSTEM","Allow","FullControl","True"
"Y:\ttbntfile1\shared\appsdata\groups\10-Operations\6-TimeAllocation\2-PriorYears\2017","TONNANDBLANK\Operations","Allow","FullControl","True"
"Y:\ttbntfile1\shared\appsdata\groups\10-Operations\6-TimeAllocation\2-PriorYears\2018","TONNANDBLANK\impactadmin","Allow","FullControl","True"
"Y:\ttbntfile1\shared\appsdata\groups\10-Operations\6-TimeAllocation\2-PriorYears\2018","CREATOR OWNER","Allow","FullControl","True"
"Y:\ttbntfile1\shared\appsdata\groups\10-Operations\6-TimeAllocation\2-PriorYears\2018","BUILTIN\Administrators","Allow","FullControl","True"
"Y:\ttbntfile1\shared\appsdata\groups\10-Operations\6-TimeAllocation\2-PriorYears\2018","NT AUTHORITY\SYSTEM","Allow","FullControl","True"
"Y:\ttbntfile1\shared\appsdata\groups\10-Operations\6-TimeAllocation\2-PriorYears\2018","TONNANDBLANK\Operations","Allow","FullControl","True"
"Y:\ttbntfile1\shared\appsdata\groups\10-Operations\6-TimeAllocation\2-PriorYears\2019","TONNANDBLANK\impactadmin","Allow","FullControl","True"
"Y:\ttbntfile1\shared\appsdata\groups\10-Operations\6-TimeAllocation\2-PriorYears\2019","CREATOR OWNER","Allow","FullControl","True"
"Y:\ttbntfile1\shared\appsdata\groups\10-Operations\6-TimeAllocation\2-PriorYears\2019","BUILTIN\Administrators","Allow","FullControl","True"
"Y:\ttbntfile1\shared\appsdata\groups\10-Operations\6-TimeAllocation\2-PriorYears\2019","NT AUTHORITY\SYSTEM","Allow","FullControl","True"
"Y:\ttbntfile1\shared\appsdata\groups\10-Operations\6-TimeAllocation\2-PriorYears\2019","TONNANDBLANK\Operations","Allow","FullControl","True"
"Y:\ttbntfile1\shared\appsdata\groups\10-Operations\7-WirelessService\1-Phones","TONNANDBLANK\impactadmin","Allow","FullControl","True"
"Y:\ttbntfile1\shared\appsdata\groups\10-Operations\7-WirelessService\1-Phones","CREATOR OWNER","Allow","FullControl","True"
"Y:\ttbntfile1\shared\appsdata\groups\10-Operations\7-WirelessService\1-Phones","BUILTIN\Administrators","Allow","FullControl","True"
"Y:\ttbntfile1\shared\appsdata\groups\10-Operations\7-WirelessService\1-Phones","NT AUTHORITY\SYSTEM","Allow","FullControl","True"
"Y:\ttbntfile1\shared\appsdata\groups\10-Operations\7-WirelessService\1-Phones","TONNANDBLANK\Operations","Allow","FullControl","True"
"Y:\ttbntfile1\shared\appsdata\groups\10-Operations\7-WirelessService\2-AirCards","TONNANDBLANK\impactadmin","Allow","FullControl","True"
"Y:\ttbntfile1\shared\appsdata\groups\10-Operations\7-WirelessService\2-AirCards","CREATOR OWNER","Allow","FullControl","True"
"Y:\ttbntfile1\shared\appsdata\groups\10-Operations\7-WirelessService\2-AirCards","BUILTIN\Administrators","Allow","FullControl","True"
"Y:\ttbntfile1\shared\appsdata\groups\10-Operations\7-WirelessService\2-AirCards","NT AUTHORITY\SYSTEM","Allow","FullControl","True"
"Y:\ttbntfile1\shared\appsdata\groups\10-Operations\7-WirelessService\2-AirCards","TONNANDBLANK\Operations","Allow","FullControl","True"
"Y:\ttbntfile1\shared\appsdata\groups\10-Operations\7-WirelessService\1-Phones\Suspended Lines","TONNANDBLANK\impactadmin","Allow","FullControl","True"
"Y:\ttbntfile1\shared\appsdata\groups\10-Operations\7-WirelessService\1-Phones\Suspended Lines","CREATOR OWNER","Allow","FullControl","True"
"Y:\ttbntfile1\shared\appsdata\groups\10-Operations\7-WirelessService\1-Phones\Suspended Lines","BUILTIN\Administrators","Allow","FullControl","True"
"Y:\ttbntfile1\shared\appsdata\groups\10-Operations\7-WirelessService\1-Phones\Suspended Lines","NT AUTHORITY\SYSTEM","Allow","FullControl","True"
"Y:\ttbntfile1\shared\appsdata\groups\10-Operations\7-WirelessService\1-Phones\Suspended Lines","TONNANDBLANK\Operations","Allow","FullControl","True"
"Y:\ttbntfile1\shared\appsdata\groups\10-Operations\7-WirelessService\1-Phones\Suspended Lines Instructions 2016","TONNANDBLANK\impactadmin","Allow","FullControl","True"
"Y:\ttbntfile1\shared\appsdata\groups\10-Operations\7-WirelessService\1-Phones\Suspended Lines Instructions 2016","CREATOR OWNER","Allow","FullControl","True"
"Y:\ttbntfile1\shared\appsdata\groups\10-Operations\7-WirelessService\1-Phones\Suspended Lines Instructions 2016","BUILTIN\Administrators","Allow","FullControl","True"
"Y:\ttbntfile1\shared\appsdata\groups\10-Operations\7-WirelessService\1-Phones\Suspended Lines Instructions 2016","NT AUTHORITY\SYSTEM","Allow","FullControl","True"
"Y:\ttbntfile1\shared\appsdata\groups\10-Operations\7-WirelessService\1-Phones\Suspended Lines Instructions 2016","TONNANDBLANK\Operations","Allow","FullControl","True"
"Y:\ttbntfile1\shared\appsdata\groups\10-Operations\7-WirelessService\2-AirCards\1-Verizon","TONNANDBLANK\impactadmin","Allow","FullControl","True"
"Y:\ttbntfile1\shared\appsdata\groups\10-Operations\7-WirelessService\2-AirCards\1-Verizon","CREATOR OWNER","Allow","FullControl","True"
"Y:\ttbntfile1\shared\appsdata\groups\10-Operations\7-WirelessService\2-AirCards\1-Verizon","BUILTIN\Administrators","Allow","FullControl","True"
"Y:\ttbntfile1\shared\appsdata\groups\10-Operations\7-WirelessService\2-AirCards\1-Verizon","NT AUTHORITY\SYSTEM","Allow","FullControl","True"
"Y:\ttbntfile1\shared\appsdata\groups\10-Operations\7-WirelessService\2-AirCards\1-Verizon","TONNANDBLANK\Operations","Allow","FullControl","True"
"Y:\ttbntfile1\shared\appsdata\groups\10-Operations\7-WirelessService\2-AirCards\2-Sprint","TONNANDBLANK\impactadmin","Allow","FullControl","True"
"Y:\ttbntfile1\shared\appsdata\groups\10-Operations\7-WirelessService\2-AirCards\2-Sprint","CREATOR OWNER","Allow","FullControl","True"
"Y:\ttbntfile1\shared\appsdata\groups\10-Operations\7-WirelessService\2-AirCards\2-Sprint","BUILTIN\Administrators","Allow","FullControl","True"
"Y:\ttbntfile1\shared\appsdata\groups\10-Operations\7-WirelessService\2-AirCards\2-Sprint","NT AUTHORITY\SYSTEM","Allow","FullControl","True"
"Y:\ttbntfile1\shared\appsdata\groups\10-Operations\7-WirelessService\2-AirCards\2-Sprint","TONNANDBLANK\Operations","Allow","FullControl","True"
"Y:\ttbntfile1\shared\appsdata\groups\10-Operations\7-WirelessService\2-AirCards\3-Other","TONNANDBLANK\impactadmin","Allow","FullControl","True"
"Y:\ttbntfile1\shared\appsdata\groups\10-Operations\7-WirelessService\2-AirCards\3-Other","CREATOR OWNER","Allow","FullControl","True"
"Y:\ttbntfile1\shared\appsdata\groups\10-Operations\7-WirelessService\2-AirCards\3-Other","BUILTIN\Administrators","Allow","FullControl","True"
"Y:\ttbntfile1\shared\appsdata\groups\10-Operations\7-WirelessService\2-AirCards\3-Other","NT AUTHORITY\SYSTEM","Allow","FullControl","True"
"Y:\ttbntfile1\shared\appsdata\groups\10-Operations\7-WirelessService\2-AirCards\3-Other","TONNANDBLANK\Operations","Allow","FullControl","True"
"Y:\ttbntfile1\shared\appsdata\groups\10-Operations\7-WirelessService\2-AirCards\4-Pagers","TONNANDBLANK\impactadmin","Allow","FullControl","True"
"Y:\ttbntfile1\shared\appsdata\groups\10-Operations\7-WirelessService\2-AirCards\4-Pagers","CREATOR OWNER","Allow","FullControl","True"
"Y:\ttbntfile1\shared\appsdata\groups\10-Operations\7-WirelessService\2-AirCards\4-Pagers","BUILTIN\Administrators","Allow","FullControl","True"
"Y:\ttbntfile1\shared\appsdata\groups\10-Operations\7-WirelessService\2-AirCards\4-Pagers","NT AUTHORITY\SYSTEM","Allow","FullControl","True"
"Y:\ttbntfile1\shared\appsdata\groups\10-Operations\7-WirelessService\2-AirCards\4-Pagers","TONNANDBLANK\Operations","Allow","FullControl","True"
"Y:\ttbntfile1\shared\appsdata\groups\10-Operations\9-Other\1-PettyCash","TONNANDBLANK\impactadmin","Allow","FullControl","True"
"Y:\ttbntfile1\shared\appsdata\groups\10-Operations\9-Other\1-PettyCash","CREATOR OWNER","Allow","FullControl","True"
"Y:\ttbntfile1\shared\appsdata\groups\10-Operations\9-Other\1-PettyCash","BUILTIN\Administrators","Allow","FullControl","True"
"Y:\ttbntfile1\shared\appsdata\groups\10-Operations\9-Other\1-PettyCash","NT AUTHORITY\SYSTEM","Allow","FullControl","True"
"Y:\ttbntfile1\shared\appsdata\groups\10-Operations\9-Other\1-PettyCash","TONNANDBLANK\Operations","Allow","FullControl","True"
"Y:\ttbntfile1\shared\appsdata\groups\10-Operations\9-Other\Chris","TONNANDBLANK\impactadmin","Allow","FullControl","True"
"Y:\ttbntfile1\shared\appsdata\groups\10-Operations\9-Other\Chris","CREATOR OWNER","Allow","FullControl","True"
"Y:\ttbntfile1\shared\appsdata\groups\10-Operations\9-Other\Chris","BUILTIN\Administrators","Allow","FullControl","True"
"Y:\ttbntfile1\shared\appsdata\groups\10-Operations\9-Other\Chris","NT AUTHORITY\SYSTEM","Allow","FullControl","True"
"Y:\ttbntfile1\shared\appsdata\groups\10-Operations\9-Other\Chris","TONNANDBLANK\Operations","Allow","FullControl","True"
"Y:\ttbntfile1\shared\appsdata\groups\10-Operations\9-Other\DOT","TONNANDBLANK\impactadmin","Allow","FullControl","True"
"Y:\ttbntfile1\shared\appsdata\groups\10-Operations\9-Other\DOT","CREATOR OWNER","Allow","FullControl","True"
"Y:\ttbntfile1\shared\appsdata\groups\10-Operations\9-Other\DOT","BUILTIN\Administrators","Allow","FullControl","True"
"Y:\ttbntfile1\shared\appsdata\groups\10-Operations\9-Other\DOT","NT AUTHORITY\SYSTEM","Allow","FullControl","True"
"Y:\ttbntfile1\shared\appsdata\groups\10-Operations\9-Other\DOT","TONNANDBLANK\Operations","Allow","FullControl","True"
"Y:\ttbntfile1\shared\appsdata\groups\10-Operations\9-Other\Chris\Dumpsters","TONNANDBLANK\impactadmin","Allow","FullControl","True"
"Y:\ttbntfile1\shared\appsdata\groups\10-Operations\9-Other\Chris\Dumpsters","CREATOR OWNER","Allow","FullControl","True"
"Y:\ttbntfile1\shared\appsdata\groups\10-Operations\9-Other\Chris\Dumpsters","BUILTIN\Administrators","Allow","FullControl","True"
"Y:\ttbntfile1\shared\appsdata\groups\10-Operations\9-Other\Chris\Dumpsters","NT AUTHORITY\SYSTEM","Allow","FullControl","True"
"Y:\ttbntfile1\shared\appsdata\groups\10-Operations\9-Other\Chris\Dumpsters","TONNANDBLANK\Operations","Allow","FullControl","True"
"Y:\ttbntfile1\shared\appsdata\groups\10-Operations\9-Other\Chris\Fire Extinguishers","TONNANDBLANK\impactadmin","Allow","FullControl","True"
"Y:\ttbntfile1\shared\appsdata\groups\10-Operations\9-Other\Chris\Fire Extinguishers","CREATOR OWNER","Allow","FullControl","True"
"Y:\ttbntfile1\shared\appsdata\groups\10-Operations\9-Other\Chris\Fire Extinguishers","BUILTIN\Administrators","Allow","FullControl","True"
"Y:\ttbntfile1\shared\appsdata\groups\10-Operations\9-Other\Chris\Fire Extinguishers","NT AUTHORITY\SYSTEM","Allow","FullControl","True"
"Y:\ttbntfile1\shared\appsdata\groups\10-Operations\9-Other\Chris\Fire Extinguishers","TONNANDBLANK\Operations","Allow","FullControl","True"
"Y:\ttbntfile1\shared\appsdata\groups\10-Operations\9-Other\Chris\Fuel","TONNANDBLANK\impactadmin","Allow","FullControl","True"
"Y:\ttbntfile1\shared\appsdata\groups\10-Operations\9-Other\Chris\Fuel","CREATOR OWNER","Allow","FullControl","True"
"Y:\ttbntfile1\shared\appsdata\groups\10-Operations\9-Other\Chris\Fuel","BUILTIN\Administrators","Allow","FullControl","True"
"Y:\ttbntfile1\shared\appsdata\groups\10-Operations\9-Other\Chris\Fuel","NT AUTHORITY\SYSTEM","Allow","FullControl","True"
"Y:\ttbntfile1\shared\appsdata\groups\10-Operations\9-Other\Chris\Fuel","TONNANDBLANK\Operations","Allow","FullControl","True"
"Y:\ttbntfile1\shared\appsdata\groups\10-Operations\9-Other\Chris\Fuel Tanks","TONNANDBLANK\impactadmin","Allow","FullControl","True"
"Y:\ttbntfile1\shared\appsdata\groups\10-Operations\9-Other\Chris\Fuel Tanks","CREATOR OWNER","Allow","FullControl","True"
"Y:\ttbntfile1\shared\appsdata\groups\10-Operations\9-Other\Chris\Fuel Tanks","BUILTIN\Administrators","Allow","FullControl","True"
"Y:\ttbntfile1\shared\appsdata\groups\10-Operations\9-Other\Chris\Fuel Tanks","NT AUTHORITY\SYSTEM","Allow","FullControl","True"
"Y:\ttbntfile1\shared\appsdata\groups\10-Operations\9-Other\Chris\Fuel Tanks","TONNANDBLANK\Operations","Allow","FullControl","True"
"Y:\ttbntfile1\shared\appsdata\groups\10-Operations\9-Other\Chris\Porta Jons","TONNANDBLANK\impactadmin","Allow","FullControl","True"
"Y:\ttbntfile1\shared\appsdata\groups\10-Operations\9-Other\Chris\Porta Jons","CREATOR OWNER","Allow","FullControl","True"
"Y:\ttbntfile1\shared\appsdata\groups\10-Operations\9-Other\Chris\Porta Jons","BUILTIN\Administrators","Allow","FullControl","True"
"Y:\ttbntfile1\shared\appsdata\groups\10-Operations\9-Other\Chris\Porta Jons","NT AUTHORITY\SYSTEM","Allow","FullControl","True"
"Y:\ttbntfile1\shared\appsdata\groups\10-Operations\9-Other\Chris\Porta Jons","TONNANDBLANK\Operations","Allow","FullControl","True"
"Y:\ttbntfile1\shared\appsdata\groups\10-Operations\9-Other\Chris\Signs and Banners","TONNANDBLANK\impactadmin","Allow","FullControl","True"
"Y:\ttbntfile1\shared\appsdata\groups\10-Operations\9-Other\Chris\Signs and Banners","CREATOR OWNER","Allow","FullControl","True"
"Y:\ttbntfile1\shared\appsdata\groups\10-Operations\9-Other\Chris\Signs and Banners","BUILTIN\Administrators","Allow","FullControl","True"
"Y:\ttbntfile1\shared\appsdata\groups\10-Operations\9-Other\Chris\Signs and Banners","NT AUTHORITY\SYSTEM","Allow","FullControl","True"
"Y:\ttbntfile1\shared\appsdata\groups\10-Operations\9-Other\Chris\Signs and Banners","TONNANDBLANK\Operations","Allow","FullControl","True"
"Y:\ttbntfile1\shared\appsdata\groups\10-Operations\9-Other\Chris\Utilty Locates","TONNANDBLANK\impactadmin","Allow","FullControl","True"
"Y:\ttbntfile1\shared\appsdata\groups\10-Operations\9-Other\Chris\Utilty Locates","CREATOR OWNER","Allow","FullControl","True"
"Y:\ttbntfile1\shared\appsdata\groups\10-Operations\9-Other\Chris\Utilty Locates","BUILTIN\Administrators","Allow","FullControl","True"
"Y:\ttbntfile1\shared\appsdata\groups\10-Operations\9-Other\Chris\Utilty Locates","NT AUTHORITY\SYSTEM","Allow","FullControl","True"
"Y:\ttbntfile1\shared\appsdata\groups\10-Operations\9-Other\Chris\Utilty Locates","TONNANDBLANK\Operations","Allow","FullControl","True"
"Y:\ttbntfile1\shared\appsdata\groups\10-Operations\Roof Assesments\Convent A BLD","TONNANDBLANK\impactadmin","Allow","FullControl","True"
"Y:\ttbntfile1\shared\appsdata\groups\10-Operations\Roof Assesments\Convent A BLD","CREATOR OWNER","Allow","FullControl","True"
"Y:\ttbntfile1\shared\appsdata\groups\10-Operations\Roof Assesments\Convent A BLD","BUILTIN\Administrators","Allow","FullControl","True"
"Y:\ttbntfile1\shared\appsdata\groups\10-Operations\Roof Assesments\Convent A BLD","NT AUTHORITY\SYSTEM","Allow","FullControl","True"
"Y:\ttbntfile1\shared\appsdata\groups\10-Operations\Roof Assesments\Convent A BLD","TONNANDBLANK\Operations","Allow","FullControl","True"
"Y:\ttbntfile1\shared\appsdata\groups\10-Operations\Roof Assesments\Convent B BLD","TONNANDBLANK\impactadmin","Allow","FullControl","True"
"Y:\ttbntfile1\shared\appsdata\groups\10-Operations\Roof Assesments\Convent B BLD","CREATOR OWNER","Allow","FullControl","True"
"Y:\ttbntfile1\shared\appsdata\groups\10-Operations\Roof Assesments\Convent B BLD","BUILTIN\Administrators","Allow","FullControl","True"
"Y:\ttbntfile1\shared\appsdata\groups\10-Operations\Roof Assesments\Convent B BLD","NT AUTHORITY\SYSTEM","Allow","FullControl","True"
"Y:\ttbntfile1\shared\appsdata\groups\10-Operations\Roof Assesments\Convent B BLD","TONNANDBLANK\Operations","Allow","FullControl","True"
"Y:\ttbntfile1\shared\appsdata\groups\10-Operations\Roof Assesments\Convent Boiler House","TONNANDBLANK\impactadmin","Allow","FullControl","True"
"Y:\ttbntfile1\shared\appsdata\groups\10-Operations\Roof Assesments\Convent Boiler House","CREATOR OWNER","Allow","FullControl","True"
"Y:\ttbntfile1\shared\appsdata\groups\10-Operations\Roof Assesments\Convent Boiler House","BUILTIN\Administrators","Allow","FullControl","True"
"Y:\ttbntfile1\shared\appsdata\groups\10-Operations\Roof Assesments\Convent Boiler House","NT AUTHORITY\SYSTEM","Allow","FullControl","True"
"Y:\ttbntfile1\shared\appsdata\groups\10-Operations\Roof Assesments\Convent Boiler House","TONNANDBLANK\Operations","Allow","FullControl","True"
"Y:\ttbntfile1\shared\appsdata\groups\10-Operations\Roof Assesments\Convent Chapel Connecting Hallway","TONNANDBLANK\impactadmin","Allow","FullControl","True"
"Y:\ttbntfile1\shared\appsdata\groups\10-Operations\Roof Assesments\Convent Chapel Connecting Hallway","CREATOR OWNER","Allow","FullControl","True"
"Y:\ttbntfile1\shared\appsdata\groups\10-Operations\Roof Assesments\Convent Chapel Connecting Hallway","BUILTIN\Administrators","Allow","FullControl","True"
"Y:\ttbntfile1\shared\appsdata\groups\10-Operations\Roof Assesments\Convent Chapel Connecting Hallway","NT AUTHORITY\SYSTEM","Allow","FullControl","True"
"Y:\ttbntfile1\shared\appsdata\groups\10-Operations\Roof Assesments\Convent Chapel Connecting Hallway","TONNANDBLANK\Operations","Allow","FullControl","True"
"Y:\ttbntfile1\shared\appsdata\groups\10-Operations\Roof Assesments\Convent Connecting Hallway A-B","TONNANDBLANK\impactadmin","Allow","FullControl","True"
"Y:\ttbntfile1\shared\appsdata\groups\10-Operations\Roof Assesments\Convent Connecting Hallway A-B","CREATOR OWNER","Allow","FullControl","True"
"Y:\ttbntfile1\shared\appsdata\groups\10-Operations\Roof Assesments\Convent Connecting Hallway A-B","BUILTIN\Administrators","Allow","FullControl","True"
"Y:\ttbntfile1\shared\appsdata\groups\10-Operations\Roof Assesments\Convent Connecting Hallway A-B","NT AUTHORITY\SYSTEM","Allow","FullControl","True"
"Y:\ttbntfile1\shared\appsdata\groups\10-Operations\Roof Assesments\Convent Connecting Hallway A-B","TONNANDBLANK\Operations","Allow","FullControl","True"
"Y:\ttbntfile1\shared\appsdata\groups\10-Operations\Roof Assesments\Convent Corporate","TONNANDBLANK\impactadmin","Allow","FullControl","True"
"Y:\ttbntfile1\shared\appsdata\groups\10-Operations\Roof Assesments\Convent Corporate","CREATOR OWNER","Allow","FullControl","True"
"Y:\ttbntfile1\shared\appsdata\groups\10-Operations\Roof Assesments\Convent Corporate","BUILTIN\Administrators","Allow","FullControl","True"
"Y:\ttbntfile1\shared\appsdata\groups\10-Operations\Roof Assesments\Convent Corporate","NT AUTHORITY\SYSTEM","Allow","FullControl","True"
"Y:\ttbntfile1\shared\appsdata\groups\10-Operations\Roof Assesments\Convent Corporate","TONNANDBLANK\Operations","Allow","FullControl","True"
"Y:\ttbntfile1\shared\appsdata\groups\10-Operations\Roof Assesments\Convent House Rood 1","TONNANDBLANK\impactadmin","Allow","FullControl","True"
"Y:\ttbntfile1\shared\appsdata\groups\10-Operations\Roof Assesments\Convent House Rood 1","CREATOR OWNER","Allow","FullControl","True"
"Y:\ttbntfile1\shared\appsdata\groups\10-Operations\Roof Assesments\Convent House Rood 1","BUILTIN\Administrators","Allow","FullControl","True"
"Y:\ttbntfile1\shared\appsdata\groups\10-Operations\Roof Assesments\Convent House Rood 1","NT AUTHORITY\SYSTEM","Allow","FullControl","True"
"Y:\ttbntfile1\shared\appsdata\groups\10-Operations\Roof Assesments\Convent House Rood 1","TONNANDBLANK\Operations","Allow","FullControl","True"
"Y:\ttbntfile1\shared\appsdata\groups\10-Operations\Roof Assesments\Convent Pump House","TONNANDBLANK\impactadmin","Allow","FullControl","True"
"Y:\ttbntfile1\shared\appsdata\groups\10-Operations\Roof Assesments\Convent Pump House","CREATOR OWNER","Allow","FullControl","True"
"Y:\ttbntfile1\shared\appsdata\groups\10-Operations\Roof Assesments\Convent Pump House","BUILTIN\Administrators","Allow","FullControl","True"
"Y:\ttbntfile1\shared\appsdata\groups\10-Operations\Roof Assesments\Convent Pump House","NT AUTHORITY\SYSTEM","Allow","FullControl","True"
"Y:\ttbntfile1\shared\appsdata\groups\10-Operations\Roof Assesments\Convent Pump House","TONNANDBLANK\Operations","Allow","FullControl","True"
"Y:\ttbntfile1\shared\appsdata\groups\10-Operations\Roof Assesments\Francican  Health #16","TONNANDBLANK\impactadmin","Allow","FullControl","True"
"Y:\ttbntfile1\shared\appsdata\groups\10-Operations\Roof Assesments\Francican  Health #16","CREATOR OWNER","Allow","FullControl","True"
"Y:\ttbntfile1\shared\appsdata\groups\10-Operations\Roof Assesments\Francican  Health #16","BUILTIN\Administrators","Allow","FullControl","True"
"Y:\ttbntfile1\shared\appsdata\groups\10-Operations\Roof Assesments\Francican  Health #16","NT AUTHORITY\SYSTEM","Allow","FullControl","True"
"Y:\ttbntfile1\shared\appsdata\groups\10-Operations\Roof Assesments\Francican  Health #16","TONNANDBLANK\Operations","Allow","FullControl","True"
"Y:\ttbntfile1\shared\appsdata\groups\10-Operations\Roof Assesments\Franciscan  Health # 6 & 7","TONNANDBLANK\impactadmin","Allow","FullControl","True"
"Y:\ttbntfile1\shared\appsdata\groups\10-Operations\Roof Assesments\Franciscan  Health # 6 & 7","CREATOR OWNER","Allow","FullControl","True"
"Y:\ttbntfile1\shared\appsdata\groups\10-Operations\Roof Assesments\Franciscan  Health # 6 & 7","BUILTIN\Administrators","Allow","FullControl","True"
"Y:\ttbntfile1\shared\appsdata\groups\10-Operations\Roof Assesments\Franciscan  Health # 6 & 7","NT AUTHORITY\SYSTEM","Allow","FullControl","True"
"Y:\ttbntfile1\shared\appsdata\groups\10-Operations\Roof Assesments\Franciscan  Health # 6 & 7","TONNANDBLANK\Operations","Allow","FullControl","True"
"Y:\ttbntfile1\shared\appsdata\groups\10-Operations\Roof Assesments\Franciscan  Health #22 OB","TONNANDBLANK\impactadmin","Allow","FullControl","True"
"Y:\ttbntfile1\shared\appsdata\groups\10-Operations\Roof Assesments\Franciscan  Health #22 OB","CREATOR OWNER","Allow","FullControl","True"
"Y:\ttbntfile1\shared\appsdata\groups\10-Operations\Roof Assesments\Franciscan  Health #22 OB","BUILTIN\Administrators","Allow","FullControl","True"
"Y:\ttbntfile1\shared\appsdata\groups\10-Operations\Roof Assesments\Franciscan  Health #22 OB","NT AUTHORITY\SYSTEM","Allow","FullControl","True"
"Y:\ttbntfile1\shared\appsdata\groups\10-Operations\Roof Assesments\Franciscan  Health #22 OB","TONNANDBLANK\Operations","Allow","FullControl","True"
"Y:\ttbntfile1\shared\appsdata\groups\10-Operations\Roof Assesments\Franciscan Alliance Scherville #41","TONNANDBLANK\impactadmin","Allow","FullControl","True"
"Y:\ttbntfile1\shared\appsdata\groups\10-Operations\Roof Assesments\Franciscan Alliance Scherville #41","CREATOR OWNER","Allow","FullControl","True"
"Y:\ttbntfile1\shared\appsdata\groups\10-Operations\Roof Assesments\Franciscan Alliance Scherville #41","BUILTIN\Administrators","Allow","FullControl","True"
"Y:\ttbntfile1\shared\appsdata\groups\10-Operations\Roof Assesments\Franciscan Alliance Scherville #41","NT AUTHORITY\SYSTEM","Allow","FullControl","True"
"Y:\ttbntfile1\shared\appsdata\groups\10-Operations\Roof Assesments\Franciscan Alliance Scherville #41","TONNANDBLANK\Operations","Allow","FullControl","True"
"Y:\ttbntfile1\shared\appsdata\groups\10-Operations\Roof Assesments\Franciscan Health  Dyer  #9","TONNANDBLANK\impactadmin","Allow","FullControl","True"
"Y:\ttbntfile1\shared\appsdata\groups\10-Operations\Roof Assesments\Franciscan Health  Dyer  #9","CREATOR OWNER","Allow","FullControl","True"
"Y:\ttbntfile1\shared\appsdata\groups\10-Operations\Roof Assesments\Franciscan Health  Dyer  #9","BUILTIN\Administrators","Allow","FullControl","True"
"Y:\ttbntfile1\shared\appsdata\groups\10-Operations\Roof Assesments\Franciscan Health  Dyer  #9","NT AUTHORITY\SYSTEM","Allow","FullControl","True"
"Y:\ttbntfile1\shared\appsdata\groups\10-Operations\Roof Assesments\Franciscan Health  Dyer  #9","TONNANDBLANK\Operations","Allow","FullControl","True"
"Y:\ttbntfile1\shared\appsdata\groups\10-Operations\Roof Assesments\Franciscan Health  Hammond #16","TONNANDBLANK\impactadmin","Allow","FullControl","True"
"Y:\ttbntfile1\shared\appsdata\groups\10-Operations\Roof Assesments\Franciscan Health  Hammond #16","CREATOR OWNER","Allow","FullControl","True"
"Y:\ttbntfile1\shared\appsdata\groups\10-Operations\Roof Assesments\Franciscan Health  Hammond #16","BUILTIN\Administrators","Allow","FullControl","True"
"Y:\ttbntfile1\shared\appsdata\groups\10-Operations\Roof Assesments\Franciscan Health  Hammond #16","NT AUTHORITY\SYSTEM","Allow","FullControl","True"
"Y:\ttbntfile1\shared\appsdata\groups\10-Operations\Roof Assesments\Franciscan Health  Hammond #16","TONNANDBLANK\Operations","Allow","FullControl","True"
"Y:\ttbntfile1\shared\appsdata\groups\10-Operations\Roof Assesments\Franciscan Health  Hammond #42","TONNANDBLANK\impactadmin","Allow","FullControl","True"
"Y:\ttbntfile1\shared\appsdata\groups\10-Operations\Roof Assesments\Franciscan Health  Hammond #42","CREATOR OWNER","Allow","FullControl","True"
"Y:\ttbntfile1\shared\appsdata\groups\10-Operations\Roof Assesments\Franciscan Health  Hammond #42","BUILTIN\Administrators","Allow","FullControl","True"
"Y:\ttbntfile1\shared\appsdata\groups\10-Operations\Roof Assesments\Franciscan Health  Hammond #42","NT AUTHORITY\SYSTEM","Allow","FullControl","True"
"Y:\ttbntfile1\shared\appsdata\groups\10-Operations\Roof Assesments\Franciscan Health  Hammond #42","TONNANDBLANK\Operations","Allow","FullControl","True"
"Y:\ttbntfile1\shared\appsdata\groups\10-Operations\Roof Assesments\Franciscan Health  Hammond#18","TONNANDBLANK\impactadmin","Allow","FullControl","True"
"Y:\ttbntfile1\shared\appsdata\groups\10-Operations\Roof Assesments\Franciscan Health  Hammond#18","CREATOR OWNER","Allow","FullControl","True"
"Y:\ttbntfile1\shared\appsdata\groups\10-Operations\Roof Assesments\Franciscan Health  Hammond#18","BUILTIN\Administrators","Allow","FullControl","True"
"Y:\ttbntfile1\shared\appsdata\groups\10-Operations\Roof Assesments\Franciscan Health  Hammond#18","NT AUTHORITY\SYSTEM","Allow","FullControl","True"
"Y:\ttbntfile1\shared\appsdata\groups\10-Operations\Roof Assesments\Franciscan Health  Hammond#18","TONNANDBLANK\Operations","Allow","FullControl","True"
"Y:\ttbntfile1\shared\appsdata\groups\10-Operations\Roof Assesments\Franciscan Health  Hammond#26","TONNANDBLANK\impactadmin","Allow","FullControl","True"
"Y:\ttbntfile1\shared\appsdata\groups\10-Operations\Roof Assesments\Franciscan Health  Hammond#26","CREATOR OWNER","Allow","FullControl","True"
"Y:\ttbntfile1\shared\appsdata\groups\10-Operations\Roof Assesments\Franciscan Health  Hammond#26","BUILTIN\Administrators","Allow","FullControl","True"
"Y:\ttbntfile1\shared\appsdata\groups\10-Operations\Roof Assesments\Franciscan Health  Hammond#26","NT AUTHORITY\SYSTEM","Allow","FullControl","True"
"Y:\ttbntfile1\shared\appsdata\groups\10-Operations\Roof Assesments\Franciscan Health  Hammond#26","TONNANDBLANK\Operations","Allow","FullControl","True"
"Y:\ttbntfile1\shared\appsdata\groups\10-Operations\Roof Assesments\Franciscan Health  Hammond#35","TONNANDBLANK\impactadmin","Allow","FullControl","True"
"Y:\ttbntfile1\shared\appsdata\groups\10-Operations\Roof Assesments\Franciscan Health  Hammond#35","CREATOR OWNER","Allow","FullControl","True"
"Y:\ttbntfile1\shared\appsdata\groups\10-Operations\Roof Assesments\Franciscan Health  Hammond#35","BUILTIN\Administrators","Allow","FullControl","True"
"Y:\ttbntfile1\shared\appsdata\groups\10-Operations\Roof Assesments\Franciscan Health  Hammond#35","NT AUTHORITY\SYSTEM","Allow","FullControl","True"
"Y:\ttbntfile1\shared\appsdata\groups\10-Operations\Roof Assesments\Franciscan Health  Hammond#35","TONNANDBLANK\Operations","Allow","FullControl","True"
"Y:\ttbntfile1\shared\appsdata\groups\10-Operations\Roof Assesments\Franciscan Health  Hammond#36","TONNANDBLANK\impactadmin","Allow","FullControl","True"
"Y:\ttbntfile1\shared\appsdata\groups\10-Operations\Roof Assesments\Franciscan Health  Hammond#36","CREATOR OWNER","Allow","FullControl","True"
"Y:\ttbntfile1\shared\appsdata\groups\10-Operations\Roof Assesments\Franciscan Health  Hammond#36","BUILTIN\Administrators","Allow","FullControl","True"
"Y:\ttbntfile1\shared\appsdata\groups\10-Operations\Roof Assesments\Franciscan Health  Hammond#36","NT AUTHORITY\SYSTEM","Allow","FullControl","True"
"Y:\ttbntfile1\shared\appsdata\groups\10-Operations\Roof Assesments\Franciscan Health  Hammond#36","TONNANDBLANK\Operations","Allow","FullControl","True"
"Y:\ttbntfile1\shared\appsdata\groups\10-Operations\Roof Assesments\Franciscan Health #30","TONNANDBLANK\impactadmin","Allow","FullControl","True"
"Y:\ttbntfile1\shared\appsdata\groups\10-Operations\Roof Assesments\Franciscan Health #30","CREATOR OWNER","Allow","FullControl","True"
"Y:\ttbntfile1\shared\appsdata\groups\10-Operations\Roof Assesments\Franciscan Health #30","BUILTIN\Administrators","Allow","FullControl","True"
"Y:\ttbntfile1\shared\appsdata\groups\10-Operations\Roof Assesments\Franciscan Health #30","NT AUTHORITY\SYSTEM","Allow","FullControl","True"
"Y:\ttbntfile1\shared\appsdata\groups\10-Operations\Roof Assesments\Franciscan Health #30","TONNANDBLANK\Operations","Allow","FullControl","True"
"Y:\ttbntfile1\shared\appsdata\groups\10-Operations\Roof Assesments\Franciscan Health #8","TONNANDBLANK\impactadmin","Allow","FullControl","True"
"Y:\ttbntfile1\shared\appsdata\groups\10-Operations\Roof Assesments\Franciscan Health #8","CREATOR OWNER","Allow","FullControl","True"
"Y:\ttbntfile1\shared\appsdata\groups\10-Operations\Roof Assesments\Franciscan Health #8","BUILTIN\Administrators","Allow","FullControl","True"
"Y:\ttbntfile1\shared\appsdata\groups\10-Operations\Roof Assesments\Franciscan Health #8","NT AUTHORITY\SYSTEM","Allow","FullControl","True"
"Y:\ttbntfile1\shared\appsdata\groups\10-Operations\Roof Assesments\Franciscan Health #8","TONNANDBLANK\Operations","Allow","FullControl","True"
"Y:\ttbntfile1\shared\appsdata\groups\10-Operations\Roof Assesments\Franciscan Health Dyer #23","TONNANDBLANK\impactadmin","Allow","FullControl","True"
"Y:\ttbntfile1\shared\appsdata\groups\10-Operations\Roof Assesments\Franciscan Health Dyer #23","CREATOR OWNER","Allow","FullControl","True"
"Y:\ttbntfile1\shared\appsdata\groups\10-Operations\Roof Assesments\Franciscan Health Dyer #23","BUILTIN\Administrators","Allow","FullControl","True"
"Y:\ttbntfile1\shared\appsdata\groups\10-Operations\Roof Assesments\Franciscan Health Dyer #23","NT AUTHORITY\SYSTEM","Allow","FullControl","True"
"Y:\ttbntfile1\shared\appsdata\groups\10-Operations\Roof Assesments\Franciscan Health Dyer #23","TONNANDBLANK\Operations","Allow","FullControl","True"
"Y:\ttbntfile1\shared\appsdata\groups\10-Operations\Roof Assesments\Franciscan Health Dyer #3","TONNANDBLANK\impactadmin","Allow","FullControl","True"
"Y:\ttbntfile1\shared\appsdata\groups\10-Operations\Roof Assesments\Franciscan Health Dyer #3","CREATOR OWNER","Allow","FullControl","True"
"Y:\ttbntfile1\shared\appsdata\groups\10-Operations\Roof Assesments\Franciscan Health Dyer #3","BUILTIN\Administrators","Allow","FullControl","True"
"Y:\ttbntfile1\shared\appsdata\groups\10-Operations\Roof Assesments\Franciscan Health Dyer #3","NT AUTHORITY\SYSTEM","Allow","FullControl","True"
"Y:\ttbntfile1\shared\appsdata\groups\10-Operations\Roof Assesments\Franciscan Health Dyer #3","TONNANDBLANK\Operations","Allow","FullControl","True"
"Y:\ttbntfile1\shared\appsdata\groups\10-Operations\Roof Assesments\Franciscan Health Dyer Map","TONNANDBLANK\impactadmin","Allow","FullControl","True"
"Y:\ttbntfile1\shared\appsdata\groups\10-Operations\Roof Assesments\Franciscan Health Dyer Map","CREATOR OWNER","Allow","FullControl","True"
"Y:\ttbntfile1\shared\appsdata\groups\10-Operations\Roof Assesments\Franciscan Health Dyer Map","BUILTIN\Administrators","Allow","FullControl","True"
"Y:\ttbntfile1\shared\appsdata\groups\10-Operations\Roof Assesments\Franciscan Health Dyer Map","NT AUTHORITY\SYSTEM","Allow","FullControl","True"
"Y:\ttbntfile1\shared\appsdata\groups\10-Operations\Roof Assesments\Franciscan Health Dyer Map","TONNANDBLANK\Operations","Allow","FullControl","True"
"Y:\ttbntfile1\shared\appsdata\groups\10-Operations\Roof Assesments\Franciscan Health Hammond  #20","TONNANDBLANK\impactadmin","Allow","FullControl","True"
"Y:\ttbntfile1\shared\appsdata\groups\10-Operations\Roof Assesments\Franciscan Health Hammond  #20","CREATOR OWNER","Allow","FullControl","True"
"Y:\ttbntfile1\shared\appsdata\groups\10-Operations\Roof Assesments\Franciscan Health Hammond  #20","BUILTIN\Administrators","Allow","FullControl","True"
"Y:\ttbntfile1\shared\appsdata\groups\10-Operations\Roof Assesments\Franciscan Health Hammond  #20","NT AUTHORITY\SYSTEM","Allow","FullControl","True"
"Y:\ttbntfile1\shared\appsdata\groups\10-Operations\Roof Assesments\Franciscan Health Hammond  #20","TONNANDBLANK\Operations","Allow","FullControl","True"
"Y:\ttbntfile1\shared\appsdata\groups\10-Operations\Roof Assesments\Franciscan Health Hammond  #6","TONNANDBLANK\impactadmin","Allow","FullControl","True"
"Y:\ttbntfile1\shared\appsdata\groups\10-Operations\Roof Assesments\Franciscan Health Hammond  #6","CREATOR OWNER","Allow","FullControl","True"
"Y:\ttbntfile1\shared\appsdata\groups\10-Operations\Roof Assesments\Franciscan Health Hammond  #6","BUILTIN\Administrators","Allow","FullControl","True"
"Y:\ttbntfile1\shared\appsdata\groups\10-Operations\Roof Assesments\Franciscan Health Hammond  #6","NT AUTHORITY\SYSTEM","Allow","FullControl","True"
"Y:\ttbntfile1\shared\appsdata\groups\10-Operations\Roof Assesments\Franciscan Health Hammond  #6","TONNANDBLANK\Operations","Allow","FullControl","True"
"Y:\ttbntfile1\shared\appsdata\groups\10-Operations\Roof Assesments\Franciscan Health Hammond # 19","TONNANDBLANK\impactadmin","Allow","FullControl","True"
"Y:\ttbntfile1\shared\appsdata\groups\10-Operations\Roof Assesments\Franciscan Health Hammond # 19","CREATOR OWNER","Allow","FullControl","True"
"Y:\ttbntfile1\shared\appsdata\groups\10-Operations\Roof Assesments\Franciscan Health Hammond # 19","BUILTIN\Administrators","Allow","FullControl","True"
"Y:\ttbntfile1\shared\appsdata\groups\10-Operations\Roof Assesments\Franciscan Health Hammond # 19","NT AUTHORITY\SYSTEM","Allow","FullControl","True"
"Y:\ttbntfile1\shared\appsdata\groups\10-Operations\Roof Assesments\Franciscan Health Hammond # 19","TONNANDBLANK\Operations","Allow","FullControl","True"
"Y:\ttbntfile1\shared\appsdata\groups\10-Operations\Roof Assesments\Franciscan Health Hammond # 47,27,25","TONNANDBLANK\impactadmin","Allow","FullControl","True"
"Y:\ttbntfile1\shared\appsdata\groups\10-Operations\Roof Assesments\Franciscan Health Hammond # 47,27,25","CREATOR OWNER","Allow","FullControl","True"
"Y:\ttbntfile1\shared\appsdata\groups\10-Operations\Roof Assesments\Franciscan Health Hammond # 47,27,25","BUILTIN\Administrators","Allow","FullControl","True"
"Y:\ttbntfile1\shared\appsdata\groups\10-Operations\Roof Assesments\Franciscan Health Hammond # 47,27,25","NT AUTHORITY\SYSTEM","Allow","FullControl","True"
"Y:\ttbntfile1\shared\appsdata\groups\10-Operations\Roof Assesments\Franciscan Health Hammond # 47,27,25","TONNANDBLANK\Operations","Allow","FullControl","True"
"Y:\ttbntfile1\shared\appsdata\groups\10-Operations\Roof Assesments\Franciscan Health Hammond #1","TONNANDBLANK\impactadmin","Allow","FullControl","True"
"Y:\ttbntfile1\shared\appsdata\groups\10-Operations\Roof Assesments\Franciscan Health Hammond #1","CREATOR OWNER","Allow","FullControl","True"
"Y:\ttbntfile1\shared\appsdata\groups\10-Operations\Roof Assesments\Franciscan Health Hammond #1","BUILTIN\Administrators","Allow","FullControl","True"
"Y:\ttbntfile1\shared\appsdata\groups\10-Operations\Roof Assesments\Franciscan Health Hammond #1","NT AUTHORITY\SYSTEM","Allow","FullControl","True"
"Y:\ttbntfile1\shared\appsdata\groups\10-Operations\Roof Assesments\Franciscan Health Hammond #1","TONNANDBLANK\Operations","Allow","FullControl","True"
"Y:\ttbntfile1\shared\appsdata\groups\10-Operations\Roof Assesments\Franciscan Health Hammond #1,2,3","TONNANDBLANK\impactadmin","Allow","FullControl","True"
"Y:\ttbntfile1\shared\appsdata\groups\10-Operations\Roof Assesments\Franciscan Health Hammond #1,2,3","CREATOR OWNER","Allow","FullControl","True"
"Y:\ttbntfile1\shared\appsdata\groups\10-Operations\Roof Assesments\Franciscan Health Hammond #1,2,3","BUILTIN\Administrators","Allow","FullControl","True"
"Y:\ttbntfile1\shared\appsdata\groups\10-Operations\Roof Assesments\Franciscan Health Hammond #1,2,3","NT AUTHORITY\SYSTEM","Allow","FullControl","True"
"Y:\ttbntfile1\shared\appsdata\groups\10-Operations\Roof Assesments\Franciscan Health Hammond #1,2,3","TONNANDBLANK\Operations","Allow","FullControl","True"
"Y:\ttbntfile1\shared\appsdata\groups\10-Operations\Roof Assesments\Franciscan Health Hammond #10","TONNANDBLANK\impactadmin","Allow","FullControl","True"
"Y:\ttbntfile1\shared\appsdata\groups\10-Operations\Roof Assesments\Franciscan Health Hammond #10","CREATOR OWNER","Allow","FullControl","True"
"Y:\ttbntfile1\shared\appsdata\groups\10-Operations\Roof Assesments\Franciscan Health Hammond #10","BUILTIN\Administrators","Allow","FullControl","True"
"Y:\ttbntfile1\shared\appsdata\groups\10-Operations\Roof Assesments\Franciscan Health Hammond #10","NT AUTHORITY\SYSTEM","Allow","FullControl","True"
"Y:\ttbntfile1\shared\appsdata\groups\10-Operations\Roof Assesments\Franciscan Health Hammond #10","TONNANDBLANK\Operations","Allow","FullControl","True"
"Y:\ttbntfile1\shared\appsdata\groups\10-Operations\Roof Assesments\Franciscan Health Hammond #11","TONNANDBLANK\impactadmin","Allow","FullControl","True"
"Y:\ttbntfile1\shared\appsdata\groups\10-Operations\Roof Assesments\Franciscan Health Hammond #11","CREATOR OWNER","Allow","FullControl","True"
"Y:\ttbntfile1\shared\appsdata\groups\10-Operations\Roof Assesments\Franciscan Health Hammond #11","BUILTIN\Administrators","Allow","FullControl","True"
"Y:\ttbntfile1\shared\appsdata\groups\10-Operations\Roof Assesments\Franciscan Health Hammond #11","NT AUTHORITY\SYSTEM","Allow","FullControl","True"
"Y:\ttbntfile1\shared\appsdata\groups\10-Operations\Roof Assesments\Franciscan Health Hammond #11","TONNANDBLANK\Operations","Allow","FullControl","True"
"Y:\ttbntfile1\shared\appsdata\groups\10-Operations\Roof Assesments\Franciscan Health Hammond #12","TONNANDBLANK\impactadmin","Allow","FullControl","True"
"Y:\ttbntfile1\shared\appsdata\groups\10-Operations\Roof Assesments\Franciscan Health Hammond #12","CREATOR OWNER","Allow","FullControl","True"
"Y:\ttbntfile1\shared\appsdata\groups\10-Operations\Roof Assesments\Franciscan Health Hammond #12","BUILTIN\Administrators","Allow","FullControl","True"
"Y:\ttbntfile1\shared\appsdata\groups\10-Operations\Roof Assesments\Franciscan Health Hammond #12","NT AUTHORITY\SYSTEM","Allow","FullControl","True"
"Y:\ttbntfile1\shared\appsdata\groups\10-Operations\Roof Assesments\Franciscan Health Hammond #12","TONNANDBLANK\Operations","Allow","FullControl","True"
"Y:\ttbntfile1\shared\appsdata\groups\10-Operations\Roof Assesments\Franciscan Health Hammond #13","TONNANDBLANK\impactadmin","Allow","FullControl","True"
"Y:\ttbntfile1\shared\appsdata\groups\10-Operations\Roof Assesments\Franciscan Health Hammond #13","CREATOR OWNER","Allow","FullControl","True"
"Y:\ttbntfile1\shared\appsdata\groups\10-Operations\Roof Assesments\Franciscan Health Hammond #13","BUILTIN\Administrators","Allow","FullControl","True"
"Y:\ttbntfile1\shared\appsdata\groups\10-Operations\Roof Assesments\Franciscan Health Hammond #13","NT AUTHORITY\SYSTEM","Allow","FullControl","True"
"Y:\ttbntfile1\shared\appsdata\groups\10-Operations\Roof Assesments\Franciscan Health Hammond #13","TONNANDBLANK\Operations","Allow","FullControl","True"
"Y:\ttbntfile1\shared\appsdata\groups\10-Operations\Roof Assesments\Franciscan Health Hammond #14","TONNANDBLANK\impactadmin","Allow","FullControl","True"
"Y:\ttbntfile1\shared\appsdata\groups\10-Operations\Roof Assesments\Franciscan Health Hammond #14","CREATOR OWNER","Allow","FullControl","True"
"Y:\ttbntfile1\shared\appsdata\groups\10-Operations\Roof Assesments\Franciscan Health Hammond #14","BUILTIN\Administrators","Allow","FullControl","True"
"Y:\ttbntfile1\shared\appsdata\groups\10-Operations\Roof Assesments\Franciscan Health Hammond #14","NT AUTHORITY\SYSTEM","Allow","FullControl","True"
"Y:\ttbntfile1\shared\appsdata\groups\10-Operations\Roof Assesments\Franciscan Health Hammond #14","TONNANDBLANK\Operations","Allow","FullControl","True"
"Y:\ttbntfile1\shared\appsdata\groups\10-Operations\Roof Assesments\Franciscan Health Hammond #15","TONNANDBLANK\impactadmin","Allow","FullControl","True"
"Y:\ttbntfile1\shared\appsdata\groups\10-Operations\Roof Assesments\Franciscan Health Hammond #15","CREATOR OWNER","Allow","FullControl","True"
"Y:\ttbntfile1\shared\appsdata\groups\10-Operations\Roof Assesments\Franciscan Health Hammond #15","BUILTIN\Administrators","Allow","FullControl","True"
"Y:\ttbntfile1\shared\appsdata\groups\10-Operations\Roof Assesments\Franciscan Health Hammond #15","NT AUTHORITY\SYSTEM","Allow","FullControl","True"
"Y:\ttbntfile1\shared\appsdata\groups\10-Operations\Roof Assesments\Franciscan Health Hammond #15","TONNANDBLANK\Operations","Allow","FullControl","True"
"Y:\ttbntfile1\shared\appsdata\groups\10-Operations\Roof Assesments\Franciscan Health Hammond #15,16","TONNANDBLANK\impactadmin","Allow","FullControl","True"
"Y:\ttbntfile1\shared\appsdata\groups\10-Operations\Roof Assesments\Franciscan Health Hammond #15,16","CREATOR OWNER","Allow","FullControl","True"
"Y:\ttbntfile1\shared\appsdata\groups\10-Operations\Roof Assesments\Franciscan Health Hammond #15,16","BUILTIN\Administrators","Allow","FullControl","True"
"Y:\ttbntfile1\shared\appsdata\groups\10-Operations\Roof Assesments\Franciscan Health Hammond #15,16","NT AUTHORITY\SYSTEM","Allow","FullControl","True"
"Y:\ttbntfile1\shared\appsdata\groups\10-Operations\Roof Assesments\Franciscan Health Hammond #15,16","TONNANDBLANK\Operations","Allow","FullControl","True"
"Y:\ttbntfile1\shared\appsdata\groups\10-Operations\Roof Assesments\Franciscan Health Hammond #17","TONNANDBLANK\impactadmin","Allow","FullControl","True"
"Y:\ttbntfile1\shared\appsdata\groups\10-Operations\Roof Assesments\Franciscan Health Hammond #17","CREATOR OWNER","Allow","FullControl","True"
"Y:\ttbntfile1\shared\appsdata\groups\10-Operations\Roof Assesments\Franciscan Health Hammond #17","BUILTIN\Administrators","Allow","FullControl","True"
"Y:\ttbntfile1\shared\appsdata\groups\10-Operations\Roof Assesments\Franciscan Health Hammond #17","NT AUTHORITY\SYSTEM","Allow","FullControl","True"
"Y:\ttbntfile1\shared\appsdata\groups\10-Operations\Roof Assesments\Franciscan Health Hammond #17","TONNANDBLANK\Operations","Allow","FullControl","True"
"Y:\ttbntfile1\shared\appsdata\groups\10-Operations\Roof Assesments\Franciscan Health Hammond #18,19,20,21,22","TONNANDBLANK\impactadmin","Allow","FullControl","True"
"Y:\ttbntfile1\shared\appsdata\groups\10-Operations\Roof Assesments\Franciscan Health Hammond #18,19,20,21,22","CREATOR OWNER","Allow","FullControl","True"
"Y:\ttbntfile1\shared\appsdata\groups\10-Operations\Roof Assesments\Franciscan Health Hammond #18,19,20,21,22","BUILTIN\Administrators","Allow","FullControl","True"
"Y:\ttbntfile1\shared\appsdata\groups\10-Operations\Roof Assesments\Franciscan Health Hammond #18,19,20,21,22","NT AUTHORITY\SYSTEM","Allow","FullControl","True"
"Y:\ttbntfile1\shared\appsdata\groups\10-Operations\Roof Assesments\Franciscan Health Hammond #18,19,20,21,22","TONNANDBLANK\Operations","Allow","FullControl","True"
"Y:\ttbntfile1\shared\appsdata\groups\10-Operations\Roof Assesments\Franciscan Health Hammond #2","TONNANDBLANK\impactadmin","Allow","FullControl","True"
"Y:\ttbntfile1\shared\appsdata\groups\10-Operations\Roof Assesments\Franciscan Health Hammond #2","CREATOR OWNER","Allow","FullControl","True"
"Y:\ttbntfile1\shared\appsdata\groups\10-Operations\Roof Assesments\Franciscan Health Hammond #2","BUILTIN\Administrators","Allow","FullControl","True"
"Y:\ttbntfile1\shared\appsdata\groups\10-Operations\Roof Assesments\Franciscan Health Hammond #2","NT AUTHORITY\SYSTEM","Allow","FullControl","True"
"Y:\ttbntfile1\shared\appsdata\groups\10-Operations\Roof Assesments\Franciscan Health Hammond #2","TONNANDBLANK\Operations","Allow","FullControl","True"
"Y:\ttbntfile1\shared\appsdata\groups\10-Operations\Roof Assesments\Franciscan Health Hammond #21","TONNANDBLANK\impactadmin","Allow","FullControl","True"
"Y:\ttbntfile1\shared\appsdata\groups\10-Operations\Roof Assesments\Franciscan Health Hammond #21","CREATOR OWNER","Allow","FullControl","True"
"Y:\ttbntfile1\shared\appsdata\groups\10-Operations\Roof Assesments\Franciscan Health Hammond #21","BUILTIN\Administrators","Allow","FullControl","True"
"Y:\ttbntfile1\shared\appsdata\groups\10-Operations\Roof Assesments\Franciscan Health Hammond #21","NT AUTHORITY\SYSTEM","Allow","FullControl","True"
"Y:\ttbntfile1\shared\appsdata\groups\10-Operations\Roof Assesments\Franciscan Health Hammond #21","TONNANDBLANK\Operations","Allow","FullControl","True"
"Y:\ttbntfile1\shared\appsdata\groups\10-Operations\Roof Assesments\Franciscan Health Hammond #22","TONNANDBLANK\impactadmin","Allow","FullControl","True"
"Y:\ttbntfile1\shared\appsdata\groups\10-Operations\Roof Assesments\Franciscan Health Hammond #22","CREATOR OWNER","Allow","FullControl","True"
"Y:\ttbntfile1\shared\appsdata\groups\10-Operations\Roof Assesments\Franciscan Health Hammond #22","BUILTIN\Administrators","Allow","FullControl","True"
"Y:\ttbntfile1\shared\appsdata\groups\10-Operations\Roof Assesments\Franciscan Health Hammond #22","NT AUTHORITY\SYSTEM","Allow","FullControl","True"
"Y:\ttbntfile1\shared\appsdata\groups\10-Operations\Roof Assesments\Franciscan Health Hammond #22","TONNANDBLANK\Operations","Allow","FullControl","True"
"Y:\ttbntfile1\shared\appsdata\groups\10-Operations\Roof Assesments\Franciscan Health Hammond #23","TONNANDBLANK\impactadmin","Allow","FullControl","True"
"Y:\ttbntfile1\shared\appsdata\groups\10-Operations\Roof Assesments\Franciscan Health Hammond #23","CREATOR OWNER","Allow","FullControl","True"
"Y:\ttbntfile1\shared\appsdata\groups\10-Operations\Roof Assesments\Franciscan Health Hammond #23","BUILTIN\Administrators","Allow","FullControl","True"
"Y:\ttbntfile1\shared\appsdata\groups\10-Operations\Roof Assesments\Franciscan Health Hammond #23","NT AUTHORITY\SYSTEM","Allow","FullControl","True"
"Y:\ttbntfile1\shared\appsdata\groups\10-Operations\Roof Assesments\Franciscan Health Hammond #23","TONNANDBLANK\Operations","Allow","FullControl","True"
"Y:\ttbntfile1\shared\appsdata\groups\10-Operations\Roof Assesments\Franciscan Health Hammond #24,23","TONNANDBLANK\impactadmin","Allow","FullControl","True"
"Y:\ttbntfile1\shared\appsdata\groups\10-Operations\Roof Assesments\Franciscan Health Hammond #24,23","CREATOR OWNER","Allow","FullControl","True"
"Y:\ttbntfile1\shared\appsdata\groups\10-Operations\Roof Assesments\Franciscan Health Hammond #24,23","BUILTIN\Administrators","Allow","FullControl","True"
"Y:\ttbntfile1\shared\appsdata\groups\10-Operations\Roof Assesments\Franciscan Health Hammond #24,23","NT AUTHORITY\SYSTEM","Allow","FullControl","True"
"Y:\ttbntfile1\shared\appsdata\groups\10-Operations\Roof Assesments\Franciscan Health Hammond #24,23","TONNANDBLANK\Operations","Allow","FullControl","True"
"Y:\ttbntfile1\shared\appsdata\groups\10-Operations\Roof Assesments\Franciscan Health Hammond #25","TONNANDBLANK\impactadmin","Allow","FullControl","True"
"Y:\ttbntfile1\shared\appsdata\groups\10-Operations\Roof Assesments\Franciscan Health Hammond #25","CREATOR OWNER","Allow","FullControl","True"
"Y:\ttbntfile1\shared\appsdata\groups\10-Operations\Roof Assesments\Franciscan Health Hammond #25","BUILTIN\Administrators","Allow","FullControl","True"
"Y:\ttbntfile1\shared\appsdata\groups\10-Operations\Roof Assesments\Franciscan Health Hammond #25","NT AUTHORITY\SYSTEM","Allow","FullControl","True"
"Y:\ttbntfile1\shared\appsdata\groups\10-Operations\Roof Assesments\Franciscan Health Hammond #25","TONNANDBLANK\Operations","Allow","FullControl","True"
"Y:\ttbntfile1\shared\appsdata\groups\10-Operations\Roof Assesments\Franciscan Health Hammond #27","TONNANDBLANK\impactadmin","Allow","FullControl","True"
"Y:\ttbntfile1\shared\appsdata\groups\10-Operations\Roof Assesments\Franciscan Health Hammond #27","CREATOR OWNER","Allow","FullControl","True"
"Y:\ttbntfile1\shared\appsdata\groups\10-Operations\Roof Assesments\Franciscan Health Hammond #27","BUILTIN\Administrators","Allow","FullControl","True"
"Y:\ttbntfile1\shared\appsdata\groups\10-Operations\Roof Assesments\Franciscan Health Hammond #27","NT AUTHORITY\SYSTEM","Allow","FullControl","True"
"Y:\ttbntfile1\shared\appsdata\groups\10-Operations\Roof Assesments\Franciscan Health Hammond #27","TONNANDBLANK\Operations","Allow","FullControl","True"
"Y:\ttbntfile1\shared\appsdata\groups\10-Operations\Roof Assesments\Franciscan Health Hammond #28","TONNANDBLANK\impactadmin","Allow","FullControl","True"
"Y:\ttbntfile1\shared\appsdata\groups\10-Operations\Roof Assesments\Franciscan Health Hammond #28","CREATOR OWNER","Allow","FullControl","True"
"Y:\ttbntfile1\shared\appsdata\groups\10-Operations\Roof Assesments\Franciscan Health Hammond #28","BUILTIN\Administrators","Allow","FullControl","True"
"Y:\ttbntfile1\shared\appsdata\groups\10-Operations\Roof Assesments\Franciscan Health Hammond #28","NT AUTHORITY\SYSTEM","Allow","FullControl","True"
"Y:\ttbntfile1\shared\appsdata\groups\10-Operations\Roof Assesments\Franciscan Health Hammond #28","TONNANDBLANK\Operations","Allow","FullControl","True"
"Y:\ttbntfile1\shared\appsdata\groups\10-Operations\Roof Assesments\Franciscan Health Hammond #3&4","TONNANDBLANK\impactadmin","Allow","FullControl","True"
"Y:\ttbntfile1\shared\appsdata\groups\10-Operations\Roof Assesments\Franciscan Health Hammond #3&4","CREATOR OWNER","Allow","FullControl","True"
"Y:\ttbntfile1\shared\appsdata\groups\10-Operations\Roof Assesments\Franciscan Health Hammond #3&4","BUILTIN\Administrators","Allow","FullControl","True"
"Y:\ttbntfile1\shared\appsdata\groups\10-Operations\Roof Assesments\Franciscan Health Hammond #3&4","NT AUTHORITY\SYSTEM","Allow","FullControl","True"
"Y:\ttbntfile1\shared\appsdata\groups\10-Operations\Roof Assesments\Franciscan Health Hammond #3&4","TONNANDBLANK\Operations","Allow","FullControl","True"
"Y:\ttbntfile1\shared\appsdata\groups\10-Operations\Roof Assesments\Franciscan Health Hammond #30","TONNANDBLANK\impactadmin","Allow","FullControl","True"
"Y:\ttbntfile1\shared\appsdata\groups\10-Operations\Roof Assesments\Franciscan Health Hammond #30","CREATOR OWNER","Allow","FullControl","True"
"Y:\ttbntfile1\shared\appsdata\groups\10-Operations\Roof Assesments\Franciscan Health Hammond #30","BUILTIN\Administrators","Allow","FullControl","True"
"Y:\ttbntfile1\shared\appsdata\groups\10-Operations\Roof Assesments\Franciscan Health Hammond #30","NT AUTHORITY\SYSTEM","Allow","FullControl","True"
"Y:\ttbntfile1\shared\appsdata\groups\10-Operations\Roof Assesments\Franciscan Health Hammond #30","TONNANDBLANK\Operations","Allow","FullControl","True"
"Y:\ttbntfile1\shared\appsdata\groups\10-Operations\Roof Assesments\Franciscan Health Hammond #30,31","TONNANDBLANK\impactadmin","Allow","FullControl","True"
"Y:\ttbntfile1\shared\appsdata\groups\10-Operations\Roof Assesments\Franciscan Health Hammond #30,31","CREATOR OWNER","Allow","FullControl","True"
"Y:\ttbntfile1\shared\appsdata\groups\10-Operations\Roof Assesments\Franciscan Health Hammond #30,31","BUILTIN\Administrators","Allow","FullControl","True"
"Y:\ttbntfile1\shared\appsdata\groups\10-Operations\Roof Assesments\Franciscan Health Hammond #30,31","NT AUTHORITY\SYSTEM","Allow","FullControl","True"
"Y:\ttbntfile1\shared\appsdata\groups\10-Operations\Roof Assesments\Franciscan Health Hammond #30,31","TONNANDBLANK\Operations","Allow","FullControl","True"
"Y:\ttbntfile1\shared\appsdata\groups\10-Operations\Roof Assesments\Franciscan Health Hammond #31","TONNANDBLANK\impactadmin","Allow","FullControl","True"
"Y:\ttbntfile1\shared\appsdata\groups\10-Operations\Roof Assesments\Franciscan Health Hammond #31","CREATOR OWNER","Allow","FullControl","True"
"Y:\ttbntfile1\shared\appsdata\groups\10-Operations\Roof Assesments\Franciscan Health Hammond #31","BUILTIN\Administrators","Allow","FullControl","True"
"Y:\ttbntfile1\shared\appsdata\groups\10-Operations\Roof Assesments\Franciscan Health Hammond #31","NT AUTHORITY\SYSTEM","Allow","FullControl","True"
"Y:\ttbntfile1\shared\appsdata\groups\10-Operations\Roof Assesments\Franciscan Health Hammond #31","TONNANDBLANK\Operations","Allow","FullControl","True"
"Y:\ttbntfile1\shared\appsdata\groups\10-Operations\Roof Assesments\Franciscan Health Hammond #32","TONNANDBLANK\impactadmin","Allow","FullControl","True"
"Y:\ttbntfile1\shared\appsdata\groups\10-Operations\Roof Assesments\Franciscan Health Hammond #32","CREATOR OWNER","Allow","FullControl","True"
"Y:\ttbntfile1\shared\appsdata\groups\10-Operations\Roof Assesments\Franciscan Health Hammond #32","BUILTIN\Administrators","Allow","FullControl","True"
"Y:\ttbntfile1\shared\appsdata\groups\10-Operations\Roof Assesments\Franciscan Health Hammond #32","NT AUTHORITY\SYSTEM","Allow","FullControl","True"
"Y:\ttbntfile1\shared\appsdata\groups\10-Operations\Roof Assesments\Franciscan Health Hammond #32","TONNANDBLANK\Operations","Allow","FullControl","True"
"Y:\ttbntfile1\shared\appsdata\groups\10-Operations\Roof Assesments\Franciscan Health Hammond #33","TONNANDBLANK\impactadmin","Allow","FullControl","True"
"Y:\ttbntfile1\shared\appsdata\groups\10-Operations\Roof Assesments\Franciscan Health Hammond #33","CREATOR OWNER","Allow","FullControl","True"
"Y:\ttbntfile1\shared\appsdata\groups\10-Operations\Roof Assesments\Franciscan Health Hammond #33","BUILTIN\Administrators","Allow","FullControl","True"
"Y:\ttbntfile1\shared\appsdata\groups\10-Operations\Roof Assesments\Franciscan Health Hammond #33","NT AUTHORITY\SYSTEM","Allow","FullControl","True"
"Y:\ttbntfile1\shared\appsdata\groups\10-Operations\Roof Assesments\Franciscan Health Hammond #33","TONNANDBLANK\Operations","Allow","FullControl","True"
"Y:\ttbntfile1\shared\appsdata\groups\10-Operations\Roof Assesments\Franciscan Health Hammond #34","TONNANDBLANK\impactadmin","Allow","FullControl","True"
"Y:\ttbntfile1\shared\appsdata\groups\10-Operations\Roof Assesments\Franciscan Health Hammond #34","CREATOR OWNER","Allow","FullControl","True"
"Y:\ttbntfile1\shared\appsdata\groups\10-Operations\Roof Assesments\Franciscan Health Hammond #34","BUILTIN\Administrators","Allow","FullControl","True"
"Y:\ttbntfile1\shared\appsdata\groups\10-Operations\Roof Assesments\Franciscan Health Hammond #34","NT AUTHORITY\SYSTEM","Allow","FullControl","True"
"Y:\ttbntfile1\shared\appsdata\groups\10-Operations\Roof Assesments\Franciscan Health Hammond #34","TONNANDBLANK\Operations","Allow","FullControl","True"
"Y:\ttbntfile1\shared\appsdata\groups\10-Operations\Roof Assesments\Franciscan Health Hammond #35,36,29","TONNANDBLANK\impactadmin","Allow","FullControl","True"
"Y:\ttbntfile1\shared\appsdata\groups\10-Operations\Roof Assesments\Franciscan Health Hammond #35,36,29","CREATOR OWNER","Allow","FullControl","True"
"Y:\ttbntfile1\shared\appsdata\groups\10-Operations\Roof Assesments\Franciscan Health Hammond #35,36,29","BUILTIN\Administrators","Allow","FullControl","True"
"Y:\ttbntfile1\shared\appsdata\groups\10-Operations\Roof Assesments\Franciscan Health Hammond #35,36,29","NT AUTHORITY\SYSTEM","Allow","FullControl","True"
"Y:\ttbntfile1\shared\appsdata\groups\10-Operations\Roof Assesments\Franciscan Health Hammond #35,36,29","TONNANDBLANK\Operations","Allow","FullControl","True"
"Y:\ttbntfile1\shared\appsdata\groups\10-Operations\Roof Assesments\Franciscan Health Hammond #38","TONNANDBLANK\impactadmin","Allow","FullControl","True"
"Y:\ttbntfile1\shared\appsdata\groups\10-Operations\Roof Assesments\Franciscan Health Hammond #38","CREATOR OWNER","Allow","FullControl","True"
"Y:\ttbntfile1\shared\appsdata\groups\10-Operations\Roof Assesments\Franciscan Health Hammond #38","BUILTIN\Administrators","Allow","FullControl","True"
"Y:\ttbntfile1\shared\appsdata\groups\10-Operations\Roof Assesments\Franciscan Health Hammond #38","NT AUTHORITY\SYSTEM","Allow","FullControl","True"
"Y:\ttbntfile1\shared\appsdata\groups\10-Operations\Roof Assesments\Franciscan Health Hammond #38","TONNANDBLANK\Operations","Allow","FullControl","True"
"Y:\ttbntfile1\shared\appsdata\groups\10-Operations\Roof Assesments\Franciscan Health Hammond #39","TONNANDBLANK\impactadmin","Allow","FullControl","True"
"Y:\ttbntfile1\shared\appsdata\groups\10-Operations\Roof Assesments\Franciscan Health Hammond #39","CREATOR OWNER","Allow","FullControl","True"
"Y:\ttbntfile1\shared\appsdata\groups\10-Operations\Roof Assesments\Franciscan Health Hammond #39","BUILTIN\Administrators","Allow","FullControl","True"
"Y:\ttbntfile1\shared\appsdata\groups\10-Operations\Roof Assesments\Franciscan Health Hammond #39","NT AUTHORITY\SYSTEM","Allow","FullControl","True"
"Y:\ttbntfile1\shared\appsdata\groups\10-Operations\Roof Assesments\Franciscan Health Hammond #39","TONNANDBLANK\Operations","Allow","FullControl","True"
"Y:\ttbntfile1\shared\appsdata\groups\10-Operations\Roof Assesments\Franciscan Health Hammond #39,38,37,34,32","TONNANDBLANK\impactadmin","Allow","FullControl","True"
"Y:\ttbntfile1\shared\appsdata\groups\10-Operations\Roof Assesments\Franciscan Health Hammond #39,38,37,34,32","CREATOR OWNER","Allow","FullControl","True"
"Y:\ttbntfile1\shared\appsdata\groups\10-Operations\Roof Assesments\Franciscan Health Hammond #39,38,37,34,32","BUILTIN\Administrators","Allow","FullControl","True"
"Y:\ttbntfile1\shared\appsdata\groups\10-Operations\Roof Assesments\Franciscan Health Hammond #39,38,37,34,32","NT AUTHORITY\SYSTEM","Allow","FullControl","True"
"Y:\ttbntfile1\shared\appsdata\groups\10-Operations\Roof Assesments\Franciscan Health Hammond #39,38,37,34,32","TONNANDBLANK\Operations","Allow","FullControl","True"
"Y:\ttbntfile1\shared\appsdata\groups\10-Operations\Roof Assesments\Franciscan Health Hammond #4","TONNANDBLANK\impactadmin","Allow","FullControl","True"
"Y:\ttbntfile1\shared\appsdata\groups\10-Operations\Roof Assesments\Franciscan Health Hammond #4","CREATOR OWNER","Allow","FullControl","True"
"Y:\ttbntfile1\shared\appsdata\groups\10-Operations\Roof Assesments\Franciscan Health Hammond #4","BUILTIN\Administrators","Allow","FullControl","True"
"Y:\ttbntfile1\shared\appsdata\groups\10-Operations\Roof Assesments\Franciscan Health Hammond #4","NT AUTHORITY\SYSTEM","Allow","FullControl","True"
"Y:\ttbntfile1\shared\appsdata\groups\10-Operations\Roof Assesments\Franciscan Health Hammond #4","TONNANDBLANK\Operations","Allow","FullControl","True"
"Y:\ttbntfile1\shared\appsdata\groups\10-Operations\Roof Assesments\Franciscan Health Hammond #40","TONNANDBLANK\impactadmin","Allow","FullControl","True"
"Y:\ttbntfile1\shared\appsdata\groups\10-Operations\Roof Assesments\Franciscan Health Hammond #40","CREATOR OWNER","Allow","FullControl","True"
"Y:\ttbntfile1\shared\appsdata\groups\10-Operations\Roof Assesments\Franciscan Health Hammond #40","BUILTIN\Administrators","Allow","FullControl","True"
"Y:\ttbntfile1\shared\appsdata\groups\10-Operations\Roof Assesments\Franciscan Health Hammond #40","NT AUTHORITY\SYSTEM","Allow","FullControl","True"
"Y:\ttbntfile1\shared\appsdata\groups\10-Operations\Roof Assesments\Franciscan Health Hammond #40","TONNANDBLANK\Operations","Allow","FullControl","True"
"Y:\ttbntfile1\shared\appsdata\groups\10-Operations\Roof Assesments\Franciscan Health Hammond #41","TONNANDBLANK\impactadmin","Allow","FullControl","True"
"Y:\ttbntfile1\shared\appsdata\groups\10-Operations\Roof Assesments\Franciscan Health Hammond #41","CREATOR OWNER","Allow","FullControl","True"
"Y:\ttbntfile1\shared\appsdata\groups\10-Operations\Roof Assesments\Franciscan Health Hammond #41","BUILTIN\Administrators","Allow","FullControl","True"
"Y:\ttbntfile1\shared\appsdata\groups\10-Operations\Roof Assesments\Franciscan Health Hammond #41","NT AUTHORITY\SYSTEM","Allow","FullControl","True"
"Y:\ttbntfile1\shared\appsdata\groups\10-Operations\Roof Assesments\Franciscan Health Hammond #41","TONNANDBLANK\Operations","Allow","FullControl","True"
"Y:\ttbntfile1\shared\appsdata\groups\10-Operations\Roof Assesments\Franciscan Health Hammond #41 & 43","TONNANDBLANK\impactadmin","Allow","FullControl","True"
"Y:\ttbntfile1\shared\appsdata\groups\10-Operations\Roof Assesments\Franciscan Health Hammond #41 & 43","CREATOR OWNER","Allow","FullControl","True"
"Y:\ttbntfile1\shared\appsdata\groups\10-Operations\Roof Assesments\Franciscan Health Hammond #41 & 43","BUILTIN\Administrators","Allow","FullControl","True"
"Y:\ttbntfile1\shared\appsdata\groups\10-Operations\Roof Assesments\Franciscan Health Hammond #41 & 43","NT AUTHORITY\SYSTEM","Allow","FullControl","True"
"Y:\ttbntfile1\shared\appsdata\groups\10-Operations\Roof Assesments\Franciscan Health Hammond #41 & 43","TONNANDBLANK\Operations","Allow","FullControl","True"
"Y:\ttbntfile1\shared\appsdata\groups\10-Operations\Roof Assesments\Franciscan Health Hammond #42","TONNANDBLANK\impactadmin","Allow","FullControl","True"
"Y:\ttbntfile1\shared\appsdata\groups\10-Operations\Roof Assesments\Franciscan Health Hammond #42","CREATOR OWNER","Allow","FullControl","True"
"Y:\ttbntfile1\shared\appsdata\groups\10-Operations\Roof Assesments\Franciscan Health Hammond #42","BUILTIN\Administrators","Allow","FullControl","True"
"Y:\ttbntfile1\shared\appsdata\groups\10-Operations\Roof Assesments\Franciscan Health Hammond #42","NT AUTHORITY\SYSTEM","Allow","FullControl","True"
"Y:\ttbntfile1\shared\appsdata\groups\10-Operations\Roof Assesments\Franciscan Health Hammond #42","TONNANDBLANK\Operations","Allow","FullControl","True"
"Y:\ttbntfile1\shared\appsdata\groups\10-Operations\Roof Assesments\Franciscan Health Hammond #43","TONNANDBLANK\impactadmin","Allow","FullControl","True"
"Y:\ttbntfile1\shared\appsdata\groups\10-Operations\Roof Assesments\Franciscan Health Hammond #43","CREATOR OWNER","Allow","FullControl","True"
"Y:\ttbntfile1\shared\appsdata\groups\10-Operations\Roof Assesments\Franciscan Health Hammond #43","BUILTIN\Administrators","Allow","FullControl","True"
"Y:\ttbntfile1\shared\appsdata\groups\10-Operations\Roof Assesments\Franciscan Health Hammond #43","NT AUTHORITY\SYSTEM","Allow","FullControl","True"
"Y:\ttbntfile1\shared\appsdata\groups\10-Operations\Roof Assesments\Franciscan Health Hammond #43","TONNANDBLANK\Operations","Allow","FullControl","True"
"Y:\ttbntfile1\shared\appsdata\groups\10-Operations\Roof Assesments\Franciscan Health Hammond #44","TONNANDBLANK\impactadmin","Allow","FullControl","True"
"Y:\ttbntfile1\shared\appsdata\groups\10-Operations\Roof Assesments\Franciscan Health Hammond #44","CREATOR OWNER","Allow","FullControl","True"
"Y:\ttbntfile1\shared\appsdata\groups\10-Operations\Roof Assesments\Franciscan Health Hammond #44","BUILTIN\Administrators","Allow","FullControl","True"
"Y:\ttbntfile1\shared\appsdata\groups\10-Operations\Roof Assesments\Franciscan Health Hammond #44","NT AUTHORITY\SYSTEM","Allow","FullControl","True"
"Y:\ttbntfile1\shared\appsdata\groups\10-Operations\Roof Assesments\Franciscan Health Hammond #44","TONNANDBLANK\Operations","Allow","FullControl","True"
"Y:\ttbntfile1\shared\appsdata\groups\10-Operations\Roof Assesments\Franciscan Health Hammond #46","TONNANDBLANK\impactadmin","Allow","FullControl","True"
"Y:\ttbntfile1\shared\appsdata\groups\10-Operations\Roof Assesments\Franciscan Health Hammond #46","CREATOR OWNER","Allow","FullControl","True"
"Y:\ttbntfile1\shared\appsdata\groups\10-Operations\Roof Assesments\Franciscan Health Hammond #46","BUILTIN\Administrators","Allow","FullControl","True"
"Y:\ttbntfile1\shared\appsdata\groups\10-Operations\Roof Assesments\Franciscan Health Hammond #46","NT AUTHORITY\SYSTEM","Allow","FullControl","True"
"Y:\ttbntfile1\shared\appsdata\groups\10-Operations\Roof Assesments\Franciscan Health Hammond #46","TONNANDBLANK\Operations","Allow","FullControl","True"
"Y:\ttbntfile1\shared\appsdata\groups\10-Operations\Roof Assesments\Franciscan Health Hammond #5","TONNANDBLANK\impactadmin","Allow","FullControl","True"
"Y:\ttbntfile1\shared\appsdata\groups\10-Operations\Roof Assesments\Franciscan Health Hammond #5","CREATOR OWNER","Allow","FullControl","True"
"Y:\ttbntfile1\shared\appsdata\groups\10-Operations\Roof Assesments\Franciscan Health Hammond #5","BUILTIN\Administrators","Allow","FullControl","True"
"Y:\ttbntfile1\shared\appsdata\groups\10-Operations\Roof Assesments\Franciscan Health Hammond #5","NT AUTHORITY\SYSTEM","Allow","FullControl","True"
"Y:\ttbntfile1\shared\appsdata\groups\10-Operations\Roof Assesments\Franciscan Health Hammond #5","TONNANDBLANK\Operations","Allow","FullControl","True"
"Y:\ttbntfile1\shared\appsdata\groups\10-Operations\Roof Assesments\Franciscan Health Hammond #50,49,48","TONNANDBLANK\impactadmin","Allow","FullControl","True"
"Y:\ttbntfile1\shared\appsdata\groups\10-Operations\Roof Assesments\Franciscan Health Hammond #50,49,48","CREATOR OWNER","Allow","FullControl","True"
"Y:\ttbntfile1\shared\appsdata\groups\10-Operations\Roof Assesments\Franciscan Health Hammond #50,49,48","BUILTIN\Administrators","Allow","FullControl","True"
"Y:\ttbntfile1\shared\appsdata\groups\10-Operations\Roof Assesments\Franciscan Health Hammond #50,49,48","NT AUTHORITY\SYSTEM","Allow","FullControl","True"
"Y:\ttbntfile1\shared\appsdata\groups\10-Operations\Roof Assesments\Franciscan Health Hammond #50,49,48","TONNANDBLANK\Operations","Allow","FullControl","True"
"Y:\ttbntfile1\shared\appsdata\groups\10-Operations\Roof Assesments\Franciscan Health Hammond #6,7","TONNANDBLANK\impactadmin","Allow","FullControl","True"
"Y:\ttbntfile1\shared\appsdata\groups\10-Operations\Roof Assesments\Franciscan Health Hammond #6,7","CREATOR OWNER","Allow","FullControl","True"
"Y:\ttbntfile1\shared\appsdata\groups\10-Operations\Roof Assesments\Franciscan Health Hammond #6,7","BUILTIN\Administrators","Allow","FullControl","True"
"Y:\ttbntfile1\shared\appsdata\groups\10-Operations\Roof Assesments\Franciscan Health Hammond #6,7","NT AUTHORITY\SYSTEM","Allow","FullControl","True"
"Y:\ttbntfile1\shared\appsdata\groups\10-Operations\Roof Assesments\Franciscan Health Hammond #6,7","TONNANDBLANK\Operations","Allow","FullControl","True"
"Y:\ttbntfile1\shared\appsdata\groups\10-Operations\Roof Assesments\Franciscan Health Hammond #7","TONNANDBLANK\impactadmin","Allow","FullControl","True"
"Y:\ttbntfile1\shared\appsdata\groups\10-Operations\Roof Assesments\Franciscan Health Hammond #7","CREATOR OWNER","Allow","FullControl","True"
"Y:\ttbntfile1\shared\appsdata\groups\10-Operations\Roof Assesments\Franciscan Health Hammond #7","BUILTIN\Administrators","Allow","FullControl","True"
"Y:\ttbntfile1\shared\appsdata\groups\10-Operations\Roof Assesments\Franciscan Health Hammond #7","NT AUTHORITY\SYSTEM","Allow","FullControl","True"
"Y:\ttbntfile1\shared\appsdata\groups\10-Operations\Roof Assesments\Franciscan Health Hammond #7","TONNANDBLANK\Operations","Allow","FullControl","True"
"Y:\ttbntfile1\shared\appsdata\groups\10-Operations\Roof Assesments\Franciscan Health Hammond #8","TONNANDBLANK\impactadmin","Allow","FullControl","True"
"Y:\ttbntfile1\shared\appsdata\groups\10-Operations\Roof Assesments\Franciscan Health Hammond #8","CREATOR OWNER","Allow","FullControl","True"
"Y:\ttbntfile1\shared\appsdata\groups\10-Operations\Roof Assesments\Franciscan Health Hammond #8","BUILTIN\Administrators","Allow","FullControl","True"
"Y:\ttbntfile1\shared\appsdata\groups\10-Operations\Roof Assesments\Franciscan Health Hammond #8","NT AUTHORITY\SYSTEM","Allow","FullControl","True"
"Y:\ttbntfile1\shared\appsdata\groups\10-Operations\Roof Assesments\Franciscan Health Hammond #8","TONNANDBLANK\Operations","Allow","FullControl","True"
"Y:\ttbntfile1\shared\appsdata\groups\10-Operations\Roof Assesments\Franciscan Health Hammond #9","TONNANDBLANK\impactadmin","Allow","FullControl","True"
"Y:\ttbntfile1\shared\appsdata\groups\10-Operations\Roof Assesments\Franciscan Health Hammond #9","CREATOR OWNER","Allow","FullControl","True"
"Y:\ttbntfile1\shared\appsdata\groups\10-Operations\Roof Assesments\Franciscan Health Hammond #9","BUILTIN\Administrators","Allow","FullControl","True"
"Y:\ttbntfile1\shared\appsdata\groups\10-Operations\Roof Assesments\Franciscan Health Hammond #9","NT AUTHORITY\SYSTEM","Allow","FullControl","True"
"Y:\ttbntfile1\shared\appsdata\groups\10-Operations\Roof Assesments\Franciscan Health Hammond #9","TONNANDBLANK\Operations","Allow","FullControl","True"
"Y:\ttbntfile1\shared\appsdata\groups\10-Operations\Roof Assesments\Franciscan Health Hammond#13","TONNANDBLANK\impactadmin","Allow","FullControl","True"
"Y:\ttbntfile1\shared\appsdata\groups\10-Operations\Roof Assesments\Franciscan Health Hammond#13","CREATOR OWNER","Allow","FullControl","True"
"Y:\ttbntfile1\shared\appsdata\groups\10-Operations\Roof Assesments\Franciscan Health Hammond#13","BUILTIN\Administrators","Allow","FullControl","True"
"Y:\ttbntfile1\shared\appsdata\groups\10-Operations\Roof Assesments\Franciscan Health Hammond#13","NT AUTHORITY\SYSTEM","Allow","FullControl","True"
"Y:\ttbntfile1\shared\appsdata\groups\10-Operations\Roof Assesments\Franciscan Health Hammond#13","TONNANDBLANK\Operations","Allow","FullControl","True"
"Y:\ttbntfile1\shared\appsdata\groups\10-Operations\Roof Assesments\Franciscan Health Hammond#24","TONNANDBLANK\impactadmin","Allow","FullControl","True"
"Y:\ttbntfile1\shared\appsdata\groups\10-Operations\Roof Assesments\Franciscan Health Hammond#24","CREATOR OWNER","Allow","FullControl","True"
"Y:\ttbntfile1\shared\appsdata\groups\10-Operations\Roof Assesments\Franciscan Health Hammond#24","BUILTIN\Administrators","Allow","FullControl","True"
"Y:\ttbntfile1\shared\appsdata\groups\10-Operations\Roof Assesments\Franciscan Health Hammond#24","NT AUTHORITY\SYSTEM","Allow","FullControl","True"
"Y:\ttbntfile1\shared\appsdata\groups\10-Operations\Roof Assesments\Franciscan Health Hammond#24","TONNANDBLANK\Operations","Allow","FullControl","True"
"Y:\ttbntfile1\shared\appsdata\groups\10-Operations\Roof Assesments\Franciscan Health Hammond#29","TONNANDBLANK\impactadmin","Allow","FullControl","True"
"Y:\ttbntfile1\shared\appsdata\groups\10-Operations\Roof Assesments\Franciscan Health Hammond#29","CREATOR OWNER","Allow","FullControl","True"
"Y:\ttbntfile1\shared\appsdata\groups\10-Operations\Roof Assesments\Franciscan Health Hammond#29","BUILTIN\Administrators","Allow","FullControl","True"
"Y:\ttbntfile1\shared\appsdata\groups\10-Operations\Roof Assesments\Franciscan Health Hammond#29","NT AUTHORITY\SYSTEM","Allow","FullControl","True"
"Y:\ttbntfile1\shared\appsdata\groups\10-Operations\Roof Assesments\Franciscan Health Hammond#29","TONNANDBLANK\Operations","Allow","FullControl","True"
"Y:\ttbntfile1\shared\appsdata\groups\10-Operations\Roof Assesments\Franciscan Health Hammond#33","TONNANDBLANK\impactadmin","Allow","FullControl","True"
"Y:\ttbntfile1\shared\appsdata\groups\10-Operations\Roof Assesments\Franciscan Health Hammond#33","CREATOR OWNER","Allow","FullControl","True"
"Y:\ttbntfile1\shared\appsdata\groups\10-Operations\Roof Assesments\Franciscan Health Hammond#33","BUILTIN\Administrators","Allow","FullControl","True"
"Y:\ttbntfile1\shared\appsdata\groups\10-Operations\Roof Assesments\Franciscan Health Hammond#33","NT AUTHORITY\SYSTEM","Allow","FullControl","True"
"Y:\ttbntfile1\shared\appsdata\groups\10-Operations\Roof Assesments\Franciscan Health Hammond#33","TONNANDBLANK\Operations","Allow","FullControl","True"
"Y:\ttbntfile1\shared\appsdata\groups\10-Operations\Roof Assesments\Franciscan Health Hammond#37","TONNANDBLANK\impactadmin","Allow","FullControl","True"
"Y:\ttbntfile1\shared\appsdata\groups\10-Operations\Roof Assesments\Franciscan Health Hammond#37","CREATOR OWNER","Allow","FullControl","True"
"Y:\ttbntfile1\shared\appsdata\groups\10-Operations\Roof Assesments\Franciscan Health Hammond#37","BUILTIN\Administrators","Allow","FullControl","True"
"Y:\ttbntfile1\shared\appsdata\groups\10-Operations\Roof Assesments\Franciscan Health Hammond#37","NT AUTHORITY\SYSTEM","Allow","FullControl","True"
"Y:\ttbntfile1\shared\appsdata\groups\10-Operations\Roof Assesments\Franciscan Health Hammond#37","TONNANDBLANK\Operations","Allow","FullControl","True"
"Y:\ttbntfile1\shared\appsdata\groups\10-Operations\Roof Assesments\FranciscanHealth Hammond #15,16","TONNANDBLANK\impactadmin","Allow","FullControl","True"
"Y:\ttbntfile1\shared\appsdata\groups\10-Operations\Roof Assesments\FranciscanHealth Hammond #15,16","CREATOR OWNER","Allow","FullControl","True"
"Y:\ttbntfile1\shared\appsdata\groups\10-Operations\Roof Assesments\FranciscanHealth Hammond #15,16","BUILTIN\Administrators","Allow","FullControl","True"
"Y:\ttbntfile1\shared\appsdata\groups\10-Operations\Roof Assesments\FranciscanHealth Hammond #15,16","NT AUTHORITY\SYSTEM","Allow","FullControl","True"
"Y:\ttbntfile1\shared\appsdata\groups\10-Operations\Roof Assesments\FranciscanHealth Hammond #15,16","TONNANDBLANK\Operations","Allow","FullControl","True"
"Y:\ttbntfile1\shared\appsdata\groups\10-Operations\Roof Assesments\Fransican Health Hammond  #8","TONNANDBLANK\impactadmin","Allow","FullControl","True"
"Y:\ttbntfile1\shared\appsdata\groups\10-Operations\Roof Assesments\Fransican Health Hammond  #8","CREATOR OWNER","Allow","FullControl","True"
"Y:\ttbntfile1\shared\appsdata\groups\10-Operations\Roof Assesments\Fransican Health Hammond  #8","BUILTIN\Administrators","Allow","FullControl","True"
"Y:\ttbntfile1\shared\appsdata\groups\10-Operations\Roof Assesments\Fransican Health Hammond  #8","NT AUTHORITY\SYSTEM","Allow","FullControl","True"
"Y:\ttbntfile1\shared\appsdata\groups\10-Operations\Roof Assesments\Fransican Health Hammond  #8","TONNANDBLANK\Operations","Allow","FullControl","True"
"Y:\ttbntfile1\shared\appsdata\groups\10-Operations\Roof Assesments\Fransiscan Health Hammond Map","TONNANDBLANK\impactadmin","Allow","FullControl","True"
"Y:\ttbntfile1\shared\appsdata\groups\10-Operations\Roof Assesments\Fransiscan Health Hammond Map","CREATOR OWNER","Allow","FullControl","True"
"Y:\ttbntfile1\shared\appsdata\groups\10-Operations\Roof Assesments\Fransiscan Health Hammond Map","BUILTIN\Administrators","Allow","FullControl","True"
"Y:\ttbntfile1\shared\appsdata\groups\10-Operations\Roof Assesments\Fransiscan Health Hammond Map","NT AUTHORITY\SYSTEM","Allow","FullControl","True"
"Y:\ttbntfile1\shared\appsdata\groups\10-Operations\Roof Assesments\Fransiscan Health Hammond Map","TONNANDBLANK\Operations","Allow","FullControl","True"
"Y:\ttbntfile1\shared\appsdata\groups\10-Operations\Roof Assesments\Kwik Mart & Santinis Pizza","TONNANDBLANK\impactadmin","Allow","FullControl","True"
"Y:\ttbntfile1\shared\appsdata\groups\10-Operations\Roof Assesments\Kwik Mart & Santinis Pizza","CREATOR OWNER","Allow","FullControl","True"
"Y:\ttbntfile1\shared\appsdata\groups\10-Operations\Roof Assesments\Kwik Mart & Santinis Pizza","BUILTIN\Administrators","Allow","FullControl","True"
"Y:\ttbntfile1\shared\appsdata\groups\10-Operations\Roof Assesments\Kwik Mart & Santinis Pizza","NT AUTHORITY\SYSTEM","Allow","FullControl","True"
"Y:\ttbntfile1\shared\appsdata\groups\10-Operations\Roof Assesments\Kwik Mart & Santinis Pizza","TONNANDBLANK\Operations","Allow","FullControl","True"
"Y:\ttbntfile1\shared\appsdata\groups\10-Operations\Roof Assesments\T&B Indy #1 over office Canopy","TONNANDBLANK\impactadmin","Allow","FullControl","True"
"Y:\ttbntfile1\shared\appsdata\groups\10-Operations\Roof Assesments\T&B Indy #1 over office Canopy","CREATOR OWNER","Allow","FullControl","True"
"Y:\ttbntfile1\shared\appsdata\groups\10-Operations\Roof Assesments\T&B Indy #1 over office Canopy","BUILTIN\Administrators","Allow","FullControl","True"
"Y:\ttbntfile1\shared\appsdata\groups\10-Operations\Roof Assesments\T&B Indy #1 over office Canopy","NT AUTHORITY\SYSTEM","Allow","FullControl","True"
"Y:\ttbntfile1\shared\appsdata\groups\10-Operations\Roof Assesments\T&B Indy #1 over office Canopy","TONNANDBLANK\Operations","Allow","FullControl","True"
"Y:\ttbntfile1\shared\appsdata\groups\10-Operations\Roof Assesments\T&B Indy Office","TONNANDBLANK\impactadmin","Allow","FullControl","True"
"Y:\ttbntfile1\shared\appsdata\groups\10-Operations\Roof Assesments\T&B Indy Office","CREATOR OWNER","Allow","FullControl","True"
"Y:\ttbntfile1\shared\appsdata\groups\10-Operations\Roof Assesments\T&B Indy Office","BUILTIN\Administrators","Allow","FullControl","True"
"Y:\ttbntfile1\shared\appsdata\groups\10-Operations\Roof Assesments\T&B Indy Office","NT AUTHORITY\SYSTEM","Allow","FullControl","True"
"Y:\ttbntfile1\shared\appsdata\groups\10-Operations\Roof Assesments\T&B Indy Office","TONNANDBLANK\Operations","Allow","FullControl","True"
"Y:\ttbntfile1\shared\appsdata\groups\10-Operations\Roofing Quotes\2016 2017 3rd FL Conference RM","TONNANDBLANK\impactadmin","Allow","FullControl","True"
"Y:\ttbntfile1\shared\appsdata\groups\10-Operations\Roofing Quotes\2016 2017 3rd FL Conference RM","CREATOR OWNER","Allow","FullControl","True"
"Y:\ttbntfile1\shared\appsdata\groups\10-Operations\Roofing Quotes\2016 2017 3rd FL Conference RM","BUILTIN\Administrators","Allow","FullControl","True"
"Y:\ttbntfile1\shared\appsdata\groups\10-Operations\Roofing Quotes\2016 2017 3rd FL Conference RM","NT AUTHORITY\SYSTEM","Allow","FullControl","True"
"Y:\ttbntfile1\shared\appsdata\groups\10-Operations\Roofing Quotes\2016 2017 3rd FL Conference RM","TONNANDBLANK\Operations","Allow","FullControl","True"
"Y:\ttbntfile1\shared\appsdata\groups\10-Operations\Roofing Quotes\2016 2017 Budget","TONNANDBLANK\impactadmin","Allow","FullControl","True"
"Y:\ttbntfile1\shared\appsdata\groups\10-Operations\Roofing Quotes\2016 2017 Budget","CREATOR OWNER","Allow","FullControl","True"
"Y:\ttbntfile1\shared\appsdata\groups\10-Operations\Roofing Quotes\2016 2017 Budget","BUILTIN\Administrators","Allow","FullControl","True"
"Y:\ttbntfile1\shared\appsdata\groups\10-Operations\Roofing Quotes\2016 2017 Budget","NT AUTHORITY\SYSTEM","Allow","FullControl","True"
"Y:\ttbntfile1\shared\appsdata\groups\10-Operations\Roofing Quotes\2016 2017 Budget","TONNANDBLANK\Operations","Allow","FullControl","True"
"Y:\ttbntfile1\shared\appsdata\groups\10-Operations\Roofing Quotes\2016 2017 Budget 8th FL Pt Tower","TONNANDBLANK\impactadmin","Allow","FullControl","True"
"Y:\ttbntfile1\shared\appsdata\groups\10-Operations\Roofing Quotes\2016 2017 Budget 8th FL Pt Tower","CREATOR OWNER","Allow","FullControl","True"
"Y:\ttbntfile1\shared\appsdata\groups\10-Operations\Roofing Quotes\2016 2017 Budget 8th FL Pt Tower","BUILTIN\Administrators","Allow","FullControl","True"
"Y:\ttbntfile1\shared\appsdata\groups\10-Operations\Roofing Quotes\2016 2017 Budget 8th FL Pt Tower","NT AUTHORITY\SYSTEM","Allow","FullControl","True"
"Y:\ttbntfile1\shared\appsdata\groups\10-Operations\Roofing Quotes\2016 2017 Budget 8th FL Pt Tower","TONNANDBLANK\Operations","Allow","FullControl","True"
"Y:\ttbntfile1\shared\appsdata\groups\10-Operations\Roofing Quotes\2016 2017 Lower Chapel Roof","TONNANDBLANK\impactadmin","Allow","FullControl","True"
"Y:\ttbntfile1\shared\appsdata\groups\10-Operations\Roofing Quotes\2016 2017 Lower Chapel Roof","CREATOR OWNER","Allow","FullControl","True"
"Y:\ttbntfile1\shared\appsdata\groups\10-Operations\Roofing Quotes\2016 2017 Lower Chapel Roof","BUILTIN\Administrators","Allow","FullControl","True"
"Y:\ttbntfile1\shared\appsdata\groups\10-Operations\Roofing Quotes\2016 2017 Lower Chapel Roof","NT AUTHORITY\SYSTEM","Allow","FullControl","True"
"Y:\ttbntfile1\shared\appsdata\groups\10-Operations\Roofing Quotes\2016 2017 Lower Chapel Roof","TONNANDBLANK\Operations","Allow","FullControl","True"
"Y:\ttbntfile1\shared\appsdata\groups\10-Operations\Roofing Quotes\2016 Budget 2nd Floor","TONNANDBLANK\impactadmin","Allow","FullControl","True"
"Y:\ttbntfile1\shared\appsdata\groups\10-Operations\Roofing Quotes\2016 Budget 2nd Floor","CREATOR OWNER","Allow","FullControl","True"
"Y:\ttbntfile1\shared\appsdata\groups\10-Operations\Roofing Quotes\2016 Budget 2nd Floor","BUILTIN\Administrators","Allow","FullControl","True"
"Y:\ttbntfile1\shared\appsdata\groups\10-Operations\Roofing Quotes\2016 Budget 2nd Floor","NT AUTHORITY\SYSTEM","Allow","FullControl","True"
"Y:\ttbntfile1\shared\appsdata\groups\10-Operations\Roofing Quotes\2016 Budget 2nd Floor","TONNANDBLANK\Operations","Allow","FullControl","True"
"Y:\ttbntfile1\shared\appsdata\groups\10-Operations\Roofing Quotes\2016 Budget-ER Waiting","TONNANDBLANK\impactadmin","Allow","FullControl","True"
"Y:\ttbntfile1\shared\appsdata\groups\10-Operations\Roofing Quotes\2016 Budget-ER Waiting","CREATOR OWNER","Allow","FullControl","True"
"Y:\ttbntfile1\shared\appsdata\groups\10-Operations\Roofing Quotes\2016 Budget-ER Waiting","BUILTIN\Administrators","Allow","FullControl","True"
"Y:\ttbntfile1\shared\appsdata\groups\10-Operations\Roofing Quotes\2016 Budget-ER Waiting","NT AUTHORITY\SYSTEM","Allow","FullControl","True"
"Y:\ttbntfile1\shared\appsdata\groups\10-Operations\Roofing Quotes\2016 Budget-ER Waiting","TONNANDBLANK\Operations","Allow","FullControl","True"
"Y:\ttbntfile1\shared\appsdata\groups\10-Operations\Roofing Quotes\Franciscan Health Dyer #12","TONNANDBLANK\impactadmin","Allow","FullControl","True"
"Y:\ttbntfile1\shared\appsdata\groups\10-Operations\Roofing Quotes\Franciscan Health Dyer #12","CREATOR OWNER","Allow","FullControl","True"
"Y:\ttbntfile1\shared\appsdata\groups\10-Operations\Roofing Quotes\Franciscan Health Dyer #12","BUILTIN\Administrators","Allow","FullControl","True"
"Y:\ttbntfile1\shared\appsdata\groups\10-Operations\Roofing Quotes\Franciscan Health Dyer #12","NT AUTHORITY\SYSTEM","Allow","FullControl","True"
"Y:\ttbntfile1\shared\appsdata\groups\10-Operations\Roofing Quotes\Franciscan Health Dyer #12","TONNANDBLANK\Operations","Allow","FullControl","True"
"Y:\ttbntfile1\shared\appsdata\groups\10-Operations\Roofing Quotes\Franciscan Health Dyer #1A","TONNANDBLANK\impactadmin","Allow","FullControl","True"
"Y:\ttbntfile1\shared\appsdata\groups\10-Operations\Roofing Quotes\Franciscan Health Dyer #1A","CREATOR OWNER","Allow","FullControl","True"
"Y:\ttbntfile1\shared\appsdata\groups\10-Operations\Roofing Quotes\Franciscan Health Dyer #1A","BUILTIN\Administrators","Allow","FullControl","True"
"Y:\ttbntfile1\shared\appsdata\groups\10-Operations\Roofing Quotes\Franciscan Health Dyer #1A","NT AUTHORITY\SYSTEM","Allow","FullControl","True"
"Y:\ttbntfile1\shared\appsdata\groups\10-Operations\Roofing Quotes\Franciscan Health Dyer #1A","TONNANDBLANK\Operations","Allow","FullControl","True"
"Y:\ttbntfile1\shared\appsdata\groups\10-Operations\Roofing Quotes\Franciscan Health Dyer #25","TONNANDBLANK\impactadmin","Allow","FullControl","True"
"Y:\ttbntfile1\shared\appsdata\groups\10-Operations\Roofing Quotes\Franciscan Health Dyer #25","CREATOR OWNER","Allow","FullControl","True"
"Y:\ttbntfile1\shared\appsdata\groups\10-Operations\Roofing Quotes\Franciscan Health Dyer #25","BUILTIN\Administrators","Allow","FullControl","True"
"Y:\ttbntfile1\shared\appsdata\groups\10-Operations\Roofing Quotes\Franciscan Health Dyer #25","NT AUTHORITY\SYSTEM","Allow","FullControl","True"
"Y:\ttbntfile1\shared\appsdata\groups\10-Operations\Roofing Quotes\Franciscan Health Dyer #25","TONNANDBLANK\Operations","Allow","FullControl","True"
"Y:\ttbntfile1\shared\appsdata\groups\10-Operations\Roofing Quotes\Franciscan Health Dyer #6","TONNANDBLANK\impactadmin","Allow","FullControl","True"
"Y:\ttbntfile1\shared\appsdata\groups\10-Operations\Roofing Quotes\Franciscan Health Dyer #6","CREATOR OWNER","Allow","FullControl","True"
"Y:\ttbntfile1\shared\appsdata\groups\10-Operations\Roofing Quotes\Franciscan Health Dyer #6","BUILTIN\Administrators","Allow","FullControl","True"
"Y:\ttbntfile1\shared\appsdata\groups\10-Operations\Roofing Quotes\Franciscan Health Dyer #6","NT AUTHORITY\SYSTEM","Allow","FullControl","True"
"Y:\ttbntfile1\shared\appsdata\groups\10-Operations\Roofing Quotes\Franciscan Health Dyer #6","TONNANDBLANK\Operations","Allow","FullControl","True"
"Y:\ttbntfile1\shared\appsdata\groups\10-Operations\Roofing Quotes\Franciscan Health Dyer Budget BreakDown","TONNANDBLANK\impactadmin","Allow","FullControl","True"
"Y:\ttbntfile1\shared\appsdata\groups\10-Operations\Roofing Quotes\Franciscan Health Dyer Budget BreakDown","CREATOR OWNER","Allow","FullControl","True"
"Y:\ttbntfile1\shared\appsdata\groups\10-Operations\Roofing Quotes\Franciscan Health Dyer Budget BreakDown","BUILTIN\Administrators","Allow","FullControl","True"
"Y:\ttbntfile1\shared\appsdata\groups\10-Operations\Roofing Quotes\Franciscan Health Dyer Budget BreakDown","NT AUTHORITY\SYSTEM","Allow","FullControl","True"
"Y:\ttbntfile1\shared\appsdata\groups\10-Operations\Roofing Quotes\Franciscan Health Dyer Budget BreakDown","TONNANDBLANK\Operations","Allow","FullControl","True"
"Y:\ttbntfile1\shared\appsdata\groups\10-Operations\Roofing Quotes\Franciscan Health Hammond","TONNANDBLANK\impactadmin","Allow","FullControl","True"
"Y:\ttbntfile1\shared\appsdata\groups\10-Operations\Roofing Quotes\Franciscan Health Hammond","CREATOR OWNER","Allow","FullControl","True"
"Y:\ttbntfile1\shared\appsdata\groups\10-Operations\Roofing Quotes\Franciscan Health Hammond","BUILTIN\Administrators","Allow","FullControl","True"
"Y:\ttbntfile1\shared\appsdata\groups\10-Operations\Roofing Quotes\Franciscan Health Hammond","NT AUTHORITY\SYSTEM","Allow","FullControl","True"
"Y:\ttbntfile1\shared\appsdata\groups\10-Operations\Roofing Quotes\Franciscan Health Hammond","TONNANDBLANK\Operations","Allow","FullControl","True"
"Y:\ttbntfile1\shared\appsdata\groups\10-Operations\Roofing Quotes\Franciscan Health Lafayette 12 13 2016","TONNANDBLANK\impactadmin","Allow","FullControl","True"
"Y:\ttbntfile1\shared\appsdata\groups\10-Operations\Roofing Quotes\Franciscan Health Lafayette 12 13 2016","CREATOR OWNER","Allow","FullControl","True"
"Y:\ttbntfile1\shared\appsdata\groups\10-Operations\Roofing Quotes\Franciscan Health Lafayette 12 13 2016","BUILTIN\Administrators","Allow","FullControl","True"
"Y:\ttbntfile1\shared\appsdata\groups\10-Operations\Roofing Quotes\Franciscan Health Lafayette 12 13 2016","NT AUTHORITY\SYSTEM","Allow","FullControl","True"
"Y:\ttbntfile1\shared\appsdata\groups\10-Operations\Roofing Quotes\Franciscan Health Lafayette 12 13 2016","TONNANDBLANK\Operations","Allow","FullControl","True"
"Y:\ttbntfile1\shared\appsdata\groups\10-Operations\Roofing Quotes\Working Well Portage 05 08 2017","TONNANDBLANK\impactadmin","Allow","FullControl","True"
"Y:\ttbntfile1\shared\appsdata\groups\10-Operations\Roofing Quotes\Working Well Portage 05 08 2017","CREATOR OWNER","Allow","FullControl","True"
"Y:\ttbntfile1\shared\appsdata\groups\10-Operations\Roofing Quotes\Working Well Portage 05 08 2017","BUILTIN\Administrators","Allow","FullControl","True"
"Y:\ttbntfile1\shared\appsdata\groups\10-Operations\Roofing Quotes\Working Well Portage 05 08 2017","NT AUTHORITY\SYSTEM","Allow","FullControl","True"
"Y:\ttbntfile1\shared\appsdata\groups\10-Operations\Roofing Quotes\Working Well Portage 05 08 2017","TONNANDBLANK\Operations","Allow","FullControl","True"
