"Path","Identity","AccessType","Rights","Inheritance"
"Y:\ttbntfile1\shared\appsdata\groups\15-Finance\1-Reporting","TONNANDBLANK\impactadmin","Allow","FullControl","True"
"Y:\ttbntfile1\shared\appsdata\groups\15-Finance\1-Reporting","CREATOR OWNER","Allow","FullControl","True"
"Y:\ttbntfile1\shared\appsdata\groups\15-Finance\1-Reporting","BUILTIN\Administrators","Allow","FullControl","True"
"Y:\ttbntfile1\shared\appsdata\groups\15-Finance\1-Reporting","NT AUTHORITY\SYSTEM","Allow","FullControl","True"
"Y:\ttbntfile1\shared\appsdata\groups\15-Finance\1-Reporting","TONNANDBLANK\Finance","Allow","FullControl","True"
"Y:\ttbntfile1\shared\appsdata\groups\15-Finance\10-PayrollSubmissions","TONNANDBLANK\impactadmin","Allow","FullControl","True"
"Y:\ttbntfile1\shared\appsdata\groups\15-Finance\10-PayrollSubmissions","CREATOR OWNER","Allow","FullControl","True"
"Y:\ttbntfile1\shared\appsdata\groups\15-Finance\10-PayrollSubmissions","BUILTIN\Administrators","Allow","FullControl","True"
"Y:\ttbntfile1\shared\appsdata\groups\15-Finance\10-PayrollSubmissions","NT AUTHORITY\SYSTEM","Allow","FullControl","True"
"Y:\ttbntfile1\shared\appsdata\groups\15-Finance\10-PayrollSubmissions","TONNANDBLANK\Finance","Allow","FullControl","True"
"Y:\ttbntfile1\shared\appsdata\groups\15-Finance\11-PoliciesandProcedures","TONNANDBLANK\impactadmin","Allow","FullControl","True"
"Y:\ttbntfile1\shared\appsdata\groups\15-Finance\11-PoliciesandProcedures","CREATOR OWNER","Allow","FullControl","True"
"Y:\ttbntfile1\shared\appsdata\groups\15-Finance\11-PoliciesandProcedures","BUILTIN\Administrators","Allow","FullControl","True"
"Y:\ttbntfile1\shared\appsdata\groups\15-Finance\11-PoliciesandProcedures","NT AUTHORITY\SYSTEM","Allow","FullControl","True"
"Y:\ttbntfile1\shared\appsdata\groups\15-Finance\11-PoliciesandProcedures","TONNANDBLANK\Finance","Allow","FullControl","True"
"Y:\ttbntfile1\shared\appsdata\groups\15-Finance\12-Projects","TONNANDBLANK\impactadmin","Allow","FullControl","True"
"Y:\ttbntfile1\shared\appsdata\groups\15-Finance\12-Projects","CREATOR OWNER","Allow","FullControl","True"
"Y:\ttbntfile1\shared\appsdata\groups\15-Finance\12-Projects","BUILTIN\Administrators","Allow","FullControl","True"
"Y:\ttbntfile1\shared\appsdata\groups\15-Finance\12-Projects","NT AUTHORITY\SYSTEM","Allow","FullControl","True"
"Y:\ttbntfile1\shared\appsdata\groups\15-Finance\12-Projects","TONNANDBLANK\Finance","Allow","FullControl","True"
"Y:\ttbntfile1\shared\appsdata\groups\15-Finance\13-PVData","TONNANDBLANK\impactadmin","Allow","FullControl","True"
"Y:\ttbntfile1\shared\appsdata\groups\15-Finance\13-PVData","CREATOR OWNER","Allow","FullControl","True"
"Y:\ttbntfile1\shared\appsdata\groups\15-Finance\13-PVData","BUILTIN\Administrators","Allow","FullControl","True"
"Y:\ttbntfile1\shared\appsdata\groups\15-Finance\13-PVData","NT AUTHORITY\SYSTEM","Allow","FullControl","True"
"Y:\ttbntfile1\shared\appsdata\groups\15-Finance\13-PVData","TONNANDBLANK\Finance","Allow","FullControl","True"
"Y:\ttbntfile1\shared\appsdata\groups\15-Finance\14-Reconciliations","TONNANDBLANK\impactadmin","Allow","FullControl","True"
"Y:\ttbntfile1\shared\appsdata\groups\15-Finance\14-Reconciliations","CREATOR OWNER","Allow","FullControl","True"
"Y:\ttbntfile1\shared\appsdata\groups\15-Finance\14-Reconciliations","BUILTIN\Administrators","Allow","FullControl","True"
"Y:\ttbntfile1\shared\appsdata\groups\15-Finance\14-Reconciliations","NT AUTHORITY\SYSTEM","Allow","FullControl","True"
"Y:\ttbntfile1\shared\appsdata\groups\15-Finance\14-Reconciliations","TONNANDBLANK\Finance","Allow","FullControl","True"
"Y:\ttbntfile1\shared\appsdata\groups\15-Finance\15-Templates","TONNANDBLANK\impactadmin","Allow","FullControl","True"
"Y:\ttbntfile1\shared\appsdata\groups\15-Finance\15-Templates","CREATOR OWNER","Allow","FullControl","True"
"Y:\ttbntfile1\shared\appsdata\groups\15-Finance\15-Templates","BUILTIN\Administrators","Allow","FullControl","True"
"Y:\ttbntfile1\shared\appsdata\groups\15-Finance\15-Templates","NT AUTHORITY\SYSTEM","Allow","FullControl","True"
"Y:\ttbntfile1\shared\appsdata\groups\15-Finance\15-Templates","TONNANDBLANK\Finance","Allow","FullControl","True"
"Y:\ttbntfile1\shared\appsdata\groups\15-Finance\16-Toolwatch","TONNANDBLANK\impactadmin","Allow","FullControl","True"
"Y:\ttbntfile1\shared\appsdata\groups\15-Finance\16-Toolwatch","CREATOR OWNER","Allow","FullControl","True"
"Y:\ttbntfile1\shared\appsdata\groups\15-Finance\16-Toolwatch","BUILTIN\Administrators","Allow","FullControl","True"
"Y:\ttbntfile1\shared\appsdata\groups\15-Finance\16-Toolwatch","NT AUTHORITY\SYSTEM","Allow","FullControl","True"
"Y:\ttbntfile1\shared\appsdata\groups\15-Finance\16-Toolwatch","TONNANDBLANK\Finance","Allow","FullControl","True"
"Y:\ttbntfile1\shared\appsdata\groups\15-Finance\2-Accruals","TONNANDBLANK\impactadmin","Allow","FullControl","True"
"Y:\ttbntfile1\shared\appsdata\groups\15-Finance\2-Accruals","CREATOR OWNER","Allow","FullControl","True"
"Y:\ttbntfile1\shared\appsdata\groups\15-Finance\2-Accruals","BUILTIN\Administrators","Allow","FullControl","True"
"Y:\ttbntfile1\shared\appsdata\groups\15-Finance\2-Accruals","NT AUTHORITY\SYSTEM","Allow","FullControl","True"
"Y:\ttbntfile1\shared\appsdata\groups\15-Finance\2-Accruals","TONNANDBLANK\Finance","Allow","FullControl","True"
"Y:\ttbntfile1\shared\appsdata\groups\15-Finance\3-CostAnalysis","TONNANDBLANK\impactadmin","Allow","FullControl","True"
"Y:\ttbntfile1\shared\appsdata\groups\15-Finance\3-CostAnalysis","CREATOR OWNER","Allow","FullControl","True"
"Y:\ttbntfile1\shared\appsdata\groups\15-Finance\3-CostAnalysis","BUILTIN\Administrators","Allow","FullControl","True"
"Y:\ttbntfile1\shared\appsdata\groups\15-Finance\3-CostAnalysis","NT AUTHORITY\SYSTEM","Allow","FullControl","True"
"Y:\ttbntfile1\shared\appsdata\groups\15-Finance\3-CostAnalysis","TONNANDBLANK\Finance","Allow","FullControl","True"
"Y:\ttbntfile1\shared\appsdata\groups\15-Finance\4-EquipmentUtilization","TONNANDBLANK\impactadmin","Allow","FullControl","True"
"Y:\ttbntfile1\shared\appsdata\groups\15-Finance\4-EquipmentUtilization","CREATOR OWNER","Allow","FullControl","True"
"Y:\ttbntfile1\shared\appsdata\groups\15-Finance\4-EquipmentUtilization","BUILTIN\Administrators","Allow","FullControl","True"
"Y:\ttbntfile1\shared\appsdata\groups\15-Finance\4-EquipmentUtilization","NT AUTHORITY\SYSTEM","Allow","FullControl","True"
"Y:\ttbntfile1\shared\appsdata\groups\15-Finance\4-EquipmentUtilization","TONNANDBLANK\Finance","Allow","FullControl","True"
"Y:\ttbntfile1\shared\appsdata\groups\15-Finance\5-Financials","TONNANDBLANK\impactadmin","Allow","FullControl","True"
"Y:\ttbntfile1\shared\appsdata\groups\15-Finance\5-Financials","CREATOR OWNER","Allow","FullControl","True"
"Y:\ttbntfile1\shared\appsdata\groups\15-Finance\5-Financials","BUILTIN\Administrators","Allow","FullControl","True"
"Y:\ttbntfile1\shared\appsdata\groups\15-Finance\5-Financials","NT AUTHORITY\SYSTEM","Allow","FullControl","True"
"Y:\ttbntfile1\shared\appsdata\groups\15-Finance\5-Financials","TONNANDBLANK\Finance","Allow","FullControl","True"
"Y:\ttbntfile1\shared\appsdata\groups\15-Finance\6-Investments","TONNANDBLANK\impactadmin","Allow","FullControl","True"
"Y:\ttbntfile1\shared\appsdata\groups\15-Finance\6-Investments","CREATOR OWNER","Allow","FullControl","True"
"Y:\ttbntfile1\shared\appsdata\groups\15-Finance\6-Investments","BUILTIN\Administrators","Allow","FullControl","True"
"Y:\ttbntfile1\shared\appsdata\groups\15-Finance\6-Investments","NT AUTHORITY\SYSTEM","Allow","FullControl","True"
"Y:\ttbntfile1\shared\appsdata\groups\15-Finance\6-Investments","TONNANDBLANK\Finance","Allow","FullControl","True"
"Y:\ttbntfile1\shared\appsdata\groups\15-Finance\7-JobAnalysisProfit","TONNANDBLANK\impactadmin","Allow","FullControl","True"
"Y:\ttbntfile1\shared\appsdata\groups\15-Finance\7-JobAnalysisProfit","CREATOR OWNER","Allow","FullControl","True"
"Y:\ttbntfile1\shared\appsdata\groups\15-Finance\7-JobAnalysisProfit","BUILTIN\Administrators","Allow","FullControl","True"
"Y:\ttbntfile1\shared\appsdata\groups\15-Finance\7-JobAnalysisProfit","NT AUTHORITY\SYSTEM","Allow","FullControl","True"
"Y:\ttbntfile1\shared\appsdata\groups\15-Finance\7-JobAnalysisProfit","TONNANDBLANK\Finance","Allow","FullControl","True"
"Y:\ttbntfile1\shared\appsdata\groups\15-Finance\8-JournalEntries","TONNANDBLANK\impactadmin","Allow","FullControl","True"
"Y:\ttbntfile1\shared\appsdata\groups\15-Finance\8-JournalEntries","CREATOR OWNER","Allow","FullControl","True"
"Y:\ttbntfile1\shared\appsdata\groups\15-Finance\8-JournalEntries","BUILTIN\Administrators","Allow","FullControl","True"
"Y:\ttbntfile1\shared\appsdata\groups\15-Finance\8-JournalEntries","NT AUTHORITY\SYSTEM","Allow","FullControl","True"
"Y:\ttbntfile1\shared\appsdata\groups\15-Finance\8-JournalEntries","TONNANDBLANK\Finance","Allow","FullControl","True"
"Y:\ttbntfile1\shared\appsdata\groups\15-Finance\9-MonthEndOperations","TONNANDBLANK\impactadmin","Allow","FullControl","True"
"Y:\ttbntfile1\shared\appsdata\groups\15-Finance\9-MonthEndOperations","CREATOR OWNER","Allow","FullControl","True"
"Y:\ttbntfile1\shared\appsdata\groups\15-Finance\9-MonthEndOperations","BUILTIN\Administrators","Allow","FullControl","True"
"Y:\ttbntfile1\shared\appsdata\groups\15-Finance\9-MonthEndOperations","NT AUTHORITY\SYSTEM","Allow","FullControl","True"
"Y:\ttbntfile1\shared\appsdata\groups\15-Finance\9-MonthEndOperations","TONNANDBLANK\Finance","Allow","FullControl","True"
"Y:\ttbntfile1\shared\appsdata\groups\15-Finance\1-Reporting\2011","TONNANDBLANK\impactadmin","Allow","FullControl","True"
"Y:\ttbntfile1\shared\appsdata\groups\15-Finance\1-Reporting\2011","CREATOR OWNER","Allow","FullControl","True"
"Y:\ttbntfile1\shared\appsdata\groups\15-Finance\1-Reporting\2011","BUILTIN\Administrators","Allow","FullControl","True"
"Y:\ttbntfile1\shared\appsdata\groups\15-Finance\1-Reporting\2011","NT AUTHORITY\SYSTEM","Allow","FullControl","True"
"Y:\ttbntfile1\shared\appsdata\groups\15-Finance\1-Reporting\2011","TONNANDBLANK\Finance","Allow","FullControl","True"
"Y:\ttbntfile1\shared\appsdata\groups\15-Finance\1-Reporting\2012","TONNANDBLANK\impactadmin","Allow","FullControl","True"
"Y:\ttbntfile1\shared\appsdata\groups\15-Finance\1-Reporting\2012","CREATOR OWNER","Allow","FullControl","True"
"Y:\ttbntfile1\shared\appsdata\groups\15-Finance\1-Reporting\2012","BUILTIN\Administrators","Allow","FullControl","True"
"Y:\ttbntfile1\shared\appsdata\groups\15-Finance\1-Reporting\2012","NT AUTHORITY\SYSTEM","Allow","FullControl","True"
"Y:\ttbntfile1\shared\appsdata\groups\15-Finance\1-Reporting\2012","TONNANDBLANK\Finance","Allow","FullControl","True"
"Y:\ttbntfile1\shared\appsdata\groups\15-Finance\1-Reporting\2013","TONNANDBLANK\impactadmin","Allow","FullControl","True"
"Y:\ttbntfile1\shared\appsdata\groups\15-Finance\1-Reporting\2013","CREATOR OWNER","Allow","FullControl","True"
"Y:\ttbntfile1\shared\appsdata\groups\15-Finance\1-Reporting\2013","BUILTIN\Administrators","Allow","FullControl","True"
"Y:\ttbntfile1\shared\appsdata\groups\15-Finance\1-Reporting\2013","NT AUTHORITY\SYSTEM","Allow","FullControl","True"
"Y:\ttbntfile1\shared\appsdata\groups\15-Finance\1-Reporting\2013","TONNANDBLANK\Finance","Allow","FullControl","True"
"Y:\ttbntfile1\shared\appsdata\groups\15-Finance\1-Reporting\2014","TONNANDBLANK\impactadmin","Allow","FullControl","True"
"Y:\ttbntfile1\shared\appsdata\groups\15-Finance\1-Reporting\2014","CREATOR OWNER","Allow","FullControl","True"
"Y:\ttbntfile1\shared\appsdata\groups\15-Finance\1-Reporting\2014","BUILTIN\Administrators","Allow","FullControl","True"
"Y:\ttbntfile1\shared\appsdata\groups\15-Finance\1-Reporting\2014","NT AUTHORITY\SYSTEM","Allow","FullControl","True"
"Y:\ttbntfile1\shared\appsdata\groups\15-Finance\1-Reporting\2014","TONNANDBLANK\Finance","Allow","FullControl","True"
"Y:\ttbntfile1\shared\appsdata\groups\15-Finance\1-Reporting\2015","TONNANDBLANK\impactadmin","Allow","FullControl","True"
"Y:\ttbntfile1\shared\appsdata\groups\15-Finance\1-Reporting\2015","CREATOR OWNER","Allow","FullControl","True"
"Y:\ttbntfile1\shared\appsdata\groups\15-Finance\1-Reporting\2015","BUILTIN\Administrators","Allow","FullControl","True"
"Y:\ttbntfile1\shared\appsdata\groups\15-Finance\1-Reporting\2015","NT AUTHORITY\SYSTEM","Allow","FullControl","True"
"Y:\ttbntfile1\shared\appsdata\groups\15-Finance\1-Reporting\2015","TONNANDBLANK\Finance","Allow","FullControl","True"
"Y:\ttbntfile1\shared\appsdata\groups\15-Finance\1-Reporting\2016","TONNANDBLANK\impactadmin","Allow","FullControl","True"
"Y:\ttbntfile1\shared\appsdata\groups\15-Finance\1-Reporting\2016","CREATOR OWNER","Allow","FullControl","True"
"Y:\ttbntfile1\shared\appsdata\groups\15-Finance\1-Reporting\2016","BUILTIN\Administrators","Allow","FullControl","True"
"Y:\ttbntfile1\shared\appsdata\groups\15-Finance\1-Reporting\2016","NT AUTHORITY\SYSTEM","Allow","FullControl","True"
"Y:\ttbntfile1\shared\appsdata\groups\15-Finance\1-Reporting\2016","TONNANDBLANK\Finance","Allow","FullControl","True"
"Y:\ttbntfile1\shared\appsdata\groups\15-Finance\1-Reporting\AP_Challenges","TONNANDBLANK\impactadmin","Allow","FullControl","True"
"Y:\ttbntfile1\shared\appsdata\groups\15-Finance\1-Reporting\AP_Challenges","CREATOR OWNER","Allow","FullControl","True"
"Y:\ttbntfile1\shared\appsdata\groups\15-Finance\1-Reporting\AP_Challenges","BUILTIN\Administrators","Allow","FullControl","True"
"Y:\ttbntfile1\shared\appsdata\groups\15-Finance\1-Reporting\AP_Challenges","NT AUTHORITY\SYSTEM","Allow","FullControl","True"
"Y:\ttbntfile1\shared\appsdata\groups\15-Finance\1-Reporting\AP_Challenges","TONNANDBLANK\Finance","Allow","FullControl","True"
"Y:\ttbntfile1\shared\appsdata\groups\15-Finance\1-Reporting\AR_Challenges","TONNANDBLANK\impactadmin","Allow","FullControl","True"
"Y:\ttbntfile1\shared\appsdata\groups\15-Finance\1-Reporting\AR_Challenges","CREATOR OWNER","Allow","FullControl","True"
"Y:\ttbntfile1\shared\appsdata\groups\15-Finance\1-Reporting\AR_Challenges","BUILTIN\Administrators","Allow","FullControl","True"
"Y:\ttbntfile1\shared\appsdata\groups\15-Finance\1-Reporting\AR_Challenges","NT AUTHORITY\SYSTEM","Allow","FullControl","True"
"Y:\ttbntfile1\shared\appsdata\groups\15-Finance\1-Reporting\AR_Challenges","TONNANDBLANK\Finance","Allow","FullControl","True"
"Y:\ttbntfile1\shared\appsdata\groups\15-Finance\1-Reporting\Compensation","TONNANDBLANK\impactadmin","Allow","FullControl","True"
"Y:\ttbntfile1\shared\appsdata\groups\15-Finance\1-Reporting\Compensation","CREATOR OWNER","Allow","FullControl","True"
"Y:\ttbntfile1\shared\appsdata\groups\15-Finance\1-Reporting\Compensation","BUILTIN\Administrators","Allow","FullControl","True"
"Y:\ttbntfile1\shared\appsdata\groups\15-Finance\1-Reporting\Compensation","NT AUTHORITY\SYSTEM","Allow","FullControl","True"
"Y:\ttbntfile1\shared\appsdata\groups\15-Finance\1-Reporting\Compensation","TONNANDBLANK\Finance","Allow","FullControl","True"
"Y:\ttbntfile1\shared\appsdata\groups\15-Finance\1-Reporting\2011\Closed_Job_Report","TONNANDBLANK\impactadmin","Allow","FullControl","True"
"Y:\ttbntfile1\shared\appsdata\groups\15-Finance\1-Reporting\2011\Closed_Job_Report","CREATOR OWNER","Allow","FullControl","True"
"Y:\ttbntfile1\shared\appsdata\groups\15-Finance\1-Reporting\2011\Closed_Job_Report","BUILTIN\Administrators","Allow","FullControl","True"
"Y:\ttbntfile1\shared\appsdata\groups\15-Finance\1-Reporting\2011\Closed_Job_Report","NT AUTHORITY\SYSTEM","Allow","FullControl","True"
"Y:\ttbntfile1\shared\appsdata\groups\15-Finance\1-Reporting\2011\Closed_Job_Report","TONNANDBLANK\Finance","Allow","FullControl","True"
"Y:\ttbntfile1\shared\appsdata\groups\15-Finance\1-Reporting\2011\Financials","TONNANDBLANK\impactadmin","Allow","FullControl","True"
"Y:\ttbntfile1\shared\appsdata\groups\15-Finance\1-Reporting\2011\Financials","CREATOR OWNER","Allow","FullControl","True"
"Y:\ttbntfile1\shared\appsdata\groups\15-Finance\1-Reporting\2011\Financials","BUILTIN\Administrators","Allow","FullControl","True"
"Y:\ttbntfile1\shared\appsdata\groups\15-Finance\1-Reporting\2011\Financials","NT AUTHORITY\SYSTEM","Allow","FullControl","True"
"Y:\ttbntfile1\shared\appsdata\groups\15-Finance\1-Reporting\2011\Financials","TONNANDBLANK\Finance","Allow","FullControl","True"
"Y:\ttbntfile1\shared\appsdata\groups\15-Finance\1-Reporting\2011\Financials\12-Dec_PreSerpEntry","TONNANDBLANK\impactadmin","Allow","FullControl","True"
"Y:\ttbntfile1\shared\appsdata\groups\15-Finance\1-Reporting\2011\Financials\12-Dec_PreSerpEntry","CREATOR OWNER","Allow","FullControl","True"
"Y:\ttbntfile1\shared\appsdata\groups\15-Finance\1-Reporting\2011\Financials\12-Dec_PreSerpEntry","BUILTIN\Administrators","Allow","FullControl","True"
"Y:\ttbntfile1\shared\appsdata\groups\15-Finance\1-Reporting\2011\Financials\12-Dec_PreSerpEntry","NT AUTHORITY\SYSTEM","Allow","FullControl","True"
"Y:\ttbntfile1\shared\appsdata\groups\15-Finance\1-Reporting\2011\Financials\12-Dec_PreSerpEntry","TONNANDBLANK\Finance","Allow","FullControl","True"
"Y:\ttbntfile1\shared\appsdata\groups\15-Finance\1-Reporting\2012\Billable_Hours","TONNANDBLANK\impactadmin","Allow","FullControl","True"
"Y:\ttbntfile1\shared\appsdata\groups\15-Finance\1-Reporting\2012\Billable_Hours","CREATOR OWNER","Allow","FullControl","True"
"Y:\ttbntfile1\shared\appsdata\groups\15-Finance\1-Reporting\2012\Billable_Hours","BUILTIN\Administrators","Allow","FullControl","True"
"Y:\ttbntfile1\shared\appsdata\groups\15-Finance\1-Reporting\2012\Billable_Hours","NT AUTHORITY\SYSTEM","Allow","FullControl","True"
"Y:\ttbntfile1\shared\appsdata\groups\15-Finance\1-Reporting\2012\Billable_Hours","TONNANDBLANK\Finance","Allow","FullControl","True"
"Y:\ttbntfile1\shared\appsdata\groups\15-Finance\1-Reporting\2012\Closed_Job_Reports_by_Month","TONNANDBLANK\impactadmin","Allow","FullControl","True"
"Y:\ttbntfile1\shared\appsdata\groups\15-Finance\1-Reporting\2012\Closed_Job_Reports_by_Month","CREATOR OWNER","Allow","FullControl","True"
"Y:\ttbntfile1\shared\appsdata\groups\15-Finance\1-Reporting\2012\Closed_Job_Reports_by_Month","BUILTIN\Administrators","Allow","FullControl","True"
"Y:\ttbntfile1\shared\appsdata\groups\15-Finance\1-Reporting\2012\Closed_Job_Reports_by_Month","NT AUTHORITY\SYSTEM","Allow","FullControl","True"
"Y:\ttbntfile1\shared\appsdata\groups\15-Finance\1-Reporting\2012\Closed_Job_Reports_by_Month","TONNANDBLANK\Finance","Allow","FullControl","True"
"Y:\ttbntfile1\shared\appsdata\groups\15-Finance\1-Reporting\2012\Financials","TONNANDBLANK\impactadmin","Allow","FullControl","True"
"Y:\ttbntfile1\shared\appsdata\groups\15-Finance\1-Reporting\2012\Financials","CREATOR OWNER","Allow","FullControl","True"
"Y:\ttbntfile1\shared\appsdata\groups\15-Finance\1-Reporting\2012\Financials","BUILTIN\Administrators","Allow","FullControl","True"
"Y:\ttbntfile1\shared\appsdata\groups\15-Finance\1-Reporting\2012\Financials","NT AUTHORITY\SYSTEM","Allow","FullControl","True"
"Y:\ttbntfile1\shared\appsdata\groups\15-Finance\1-Reporting\2012\Financials","TONNANDBLANK\Finance","Allow","FullControl","True"
"Y:\ttbntfile1\shared\appsdata\groups\15-Finance\1-Reporting\2012\PM_Revenue","TONNANDBLANK\impactadmin","Allow","FullControl","True"
"Y:\ttbntfile1\shared\appsdata\groups\15-Finance\1-Reporting\2012\PM_Revenue","CREATOR OWNER","Allow","FullControl","True"
"Y:\ttbntfile1\shared\appsdata\groups\15-Finance\1-Reporting\2012\PM_Revenue","BUILTIN\Administrators","Allow","FullControl","True"
"Y:\ttbntfile1\shared\appsdata\groups\15-Finance\1-Reporting\2012\PM_Revenue","NT AUTHORITY\SYSTEM","Allow","FullControl","True"
"Y:\ttbntfile1\shared\appsdata\groups\15-Finance\1-Reporting\2012\PM_Revenue","TONNANDBLANK\Finance","Allow","FullControl","True"
"Y:\ttbntfile1\shared\appsdata\groups\15-Finance\1-Reporting\2012\Closed_Job_Reports_by_Month\2012","TONNANDBLANK\impactadmin","Allow","FullControl","True"
"Y:\ttbntfile1\shared\appsdata\groups\15-Finance\1-Reporting\2012\Closed_Job_Reports_by_Month\2012","CREATOR OWNER","Allow","FullControl","True"
"Y:\ttbntfile1\shared\appsdata\groups\15-Finance\1-Reporting\2012\Closed_Job_Reports_by_Month\2012","BUILTIN\Administrators","Allow","FullControl","True"
"Y:\ttbntfile1\shared\appsdata\groups\15-Finance\1-Reporting\2012\Closed_Job_Reports_by_Month\2012","NT AUTHORITY\SYSTEM","Allow","FullControl","True"
"Y:\ttbntfile1\shared\appsdata\groups\15-Finance\1-Reporting\2012\Closed_Job_Reports_by_Month\2012","TONNANDBLANK\Finance","Allow","FullControl","True"
"Y:\ttbntfile1\shared\appsdata\groups\15-Finance\1-Reporting\2012\Financials\01-2012","TONNANDBLANK\impactadmin","Allow","FullControl","True"
"Y:\ttbntfile1\shared\appsdata\groups\15-Finance\1-Reporting\2012\Financials\01-2012","CREATOR OWNER","Allow","FullControl","True"
"Y:\ttbntfile1\shared\appsdata\groups\15-Finance\1-Reporting\2012\Financials\01-2012","BUILTIN\Administrators","Allow","FullControl","True"
"Y:\ttbntfile1\shared\appsdata\groups\15-Finance\1-Reporting\2012\Financials\01-2012","NT AUTHORITY\SYSTEM","Allow","FullControl","True"
"Y:\ttbntfile1\shared\appsdata\groups\15-Finance\1-Reporting\2012\Financials\01-2012","TONNANDBLANK\Finance","Allow","FullControl","True"
"Y:\ttbntfile1\shared\appsdata\groups\15-Finance\1-Reporting\2012\Financials\02-2012","TONNANDBLANK\impactadmin","Allow","FullControl","True"
"Y:\ttbntfile1\shared\appsdata\groups\15-Finance\1-Reporting\2012\Financials\02-2012","CREATOR OWNER","Allow","FullControl","True"
"Y:\ttbntfile1\shared\appsdata\groups\15-Finance\1-Reporting\2012\Financials\02-2012","BUILTIN\Administrators","Allow","FullControl","True"
"Y:\ttbntfile1\shared\appsdata\groups\15-Finance\1-Reporting\2012\Financials\02-2012","NT AUTHORITY\SYSTEM","Allow","FullControl","True"
"Y:\ttbntfile1\shared\appsdata\groups\15-Finance\1-Reporting\2012\Financials\02-2012","TONNANDBLANK\Finance","Allow","FullControl","True"
"Y:\ttbntfile1\shared\appsdata\groups\15-Finance\1-Reporting\2012\Financials\03-2012","TONNANDBLANK\impactadmin","Allow","FullControl","True"
"Y:\ttbntfile1\shared\appsdata\groups\15-Finance\1-Reporting\2012\Financials\03-2012","CREATOR OWNER","Allow","FullControl","True"
"Y:\ttbntfile1\shared\appsdata\groups\15-Finance\1-Reporting\2012\Financials\03-2012","BUILTIN\Administrators","Allow","FullControl","True"
"Y:\ttbntfile1\shared\appsdata\groups\15-Finance\1-Reporting\2012\Financials\03-2012","NT AUTHORITY\SYSTEM","Allow","FullControl","True"
"Y:\ttbntfile1\shared\appsdata\groups\15-Finance\1-Reporting\2012\Financials\03-2012","TONNANDBLANK\Finance","Allow","FullControl","True"
"Y:\ttbntfile1\shared\appsdata\groups\15-Finance\1-Reporting\2012\Financials\04-2012","TONNANDBLANK\impactadmin","Allow","FullControl","True"
"Y:\ttbntfile1\shared\appsdata\groups\15-Finance\1-Reporting\2012\Financials\04-2012","CREATOR OWNER","Allow","FullControl","True"
"Y:\ttbntfile1\shared\appsdata\groups\15-Finance\1-Reporting\2012\Financials\04-2012","BUILTIN\Administrators","Allow","FullControl","True"
"Y:\ttbntfile1\shared\appsdata\groups\15-Finance\1-Reporting\2012\Financials\04-2012","NT AUTHORITY\SYSTEM","Allow","FullControl","True"
"Y:\ttbntfile1\shared\appsdata\groups\15-Finance\1-Reporting\2012\Financials\04-2012","TONNANDBLANK\Finance","Allow","FullControl","True"
"Y:\ttbntfile1\shared\appsdata\groups\15-Finance\1-Reporting\2012\Financials\05-2012","TONNANDBLANK\impactadmin","Allow","FullControl","True"
"Y:\ttbntfile1\shared\appsdata\groups\15-Finance\1-Reporting\2012\Financials\05-2012","CREATOR OWNER","Allow","FullControl","True"
"Y:\ttbntfile1\shared\appsdata\groups\15-Finance\1-Reporting\2012\Financials\05-2012","BUILTIN\Administrators","Allow","FullControl","True"
"Y:\ttbntfile1\shared\appsdata\groups\15-Finance\1-Reporting\2012\Financials\05-2012","NT AUTHORITY\SYSTEM","Allow","FullControl","True"
"Y:\ttbntfile1\shared\appsdata\groups\15-Finance\1-Reporting\2012\Financials\05-2012","TONNANDBLANK\Finance","Allow","FullControl","True"
"Y:\ttbntfile1\shared\appsdata\groups\15-Finance\1-Reporting\2012\Financials\06-2012","TONNANDBLANK\impactadmin","Allow","FullControl","True"
"Y:\ttbntfile1\shared\appsdata\groups\15-Finance\1-Reporting\2012\Financials\06-2012","CREATOR OWNER","Allow","FullControl","True"
"Y:\ttbntfile1\shared\appsdata\groups\15-Finance\1-Reporting\2012\Financials\06-2012","BUILTIN\Administrators","Allow","FullControl","True"
"Y:\ttbntfile1\shared\appsdata\groups\15-Finance\1-Reporting\2012\Financials\06-2012","NT AUTHORITY\SYSTEM","Allow","FullControl","True"
"Y:\ttbntfile1\shared\appsdata\groups\15-Finance\1-Reporting\2012\Financials\06-2012","TONNANDBLANK\Finance","Allow","FullControl","True"
"Y:\ttbntfile1\shared\appsdata\groups\15-Finance\1-Reporting\2012\Financials\07-2012","TONNANDBLANK\impactadmin","Allow","FullControl","True"
"Y:\ttbntfile1\shared\appsdata\groups\15-Finance\1-Reporting\2012\Financials\07-2012","CREATOR OWNER","Allow","FullControl","True"
"Y:\ttbntfile1\shared\appsdata\groups\15-Finance\1-Reporting\2012\Financials\07-2012","BUILTIN\Administrators","Allow","FullControl","True"
"Y:\ttbntfile1\shared\appsdata\groups\15-Finance\1-Reporting\2012\Financials\07-2012","NT AUTHORITY\SYSTEM","Allow","FullControl","True"
"Y:\ttbntfile1\shared\appsdata\groups\15-Finance\1-Reporting\2012\Financials\07-2012","TONNANDBLANK\Finance","Allow","FullControl","True"
"Y:\ttbntfile1\shared\appsdata\groups\15-Finance\1-Reporting\2012\Financials\08-2012","TONNANDBLANK\impactadmin","Allow","FullControl","True"
"Y:\ttbntfile1\shared\appsdata\groups\15-Finance\1-Reporting\2012\Financials\08-2012","CREATOR OWNER","Allow","FullControl","True"
"Y:\ttbntfile1\shared\appsdata\groups\15-Finance\1-Reporting\2012\Financials\08-2012","BUILTIN\Administrators","Allow","FullControl","True"
"Y:\ttbntfile1\shared\appsdata\groups\15-Finance\1-Reporting\2012\Financials\08-2012","NT AUTHORITY\SYSTEM","Allow","FullControl","True"
"Y:\ttbntfile1\shared\appsdata\groups\15-Finance\1-Reporting\2012\Financials\08-2012","TONNANDBLANK\Finance","Allow","FullControl","True"
"Y:\ttbntfile1\shared\appsdata\groups\15-Finance\1-Reporting\2012\Financials\09-2012","TONNANDBLANK\impactadmin","Allow","FullControl","True"
"Y:\ttbntfile1\shared\appsdata\groups\15-Finance\1-Reporting\2012\Financials\09-2012","CREATOR OWNER","Allow","FullControl","True"
"Y:\ttbntfile1\shared\appsdata\groups\15-Finance\1-Reporting\2012\Financials\09-2012","BUILTIN\Administrators","Allow","FullControl","True"
"Y:\ttbntfile1\shared\appsdata\groups\15-Finance\1-Reporting\2012\Financials\09-2012","NT AUTHORITY\SYSTEM","Allow","FullControl","True"
"Y:\ttbntfile1\shared\appsdata\groups\15-Finance\1-Reporting\2012\Financials\09-2012","TONNANDBLANK\Finance","Allow","FullControl","True"
"Y:\ttbntfile1\shared\appsdata\groups\15-Finance\1-Reporting\2012\Financials\10-2012","TONNANDBLANK\impactadmin","Allow","FullControl","True"
"Y:\ttbntfile1\shared\appsdata\groups\15-Finance\1-Reporting\2012\Financials\10-2012","CREATOR OWNER","Allow","FullControl","True"
"Y:\ttbntfile1\shared\appsdata\groups\15-Finance\1-Reporting\2012\Financials\10-2012","BUILTIN\Administrators","Allow","FullControl","True"
"Y:\ttbntfile1\shared\appsdata\groups\15-Finance\1-Reporting\2012\Financials\10-2012","NT AUTHORITY\SYSTEM","Allow","FullControl","True"
"Y:\ttbntfile1\shared\appsdata\groups\15-Finance\1-Reporting\2012\Financials\10-2012","TONNANDBLANK\Finance","Allow","FullControl","True"
"Y:\ttbntfile1\shared\appsdata\groups\15-Finance\1-Reporting\2012\Financials\11-2012","TONNANDBLANK\impactadmin","Allow","FullControl","True"
"Y:\ttbntfile1\shared\appsdata\groups\15-Finance\1-Reporting\2012\Financials\11-2012","CREATOR OWNER","Allow","FullControl","True"
"Y:\ttbntfile1\shared\appsdata\groups\15-Finance\1-Reporting\2012\Financials\11-2012","BUILTIN\Administrators","Allow","FullControl","True"
"Y:\ttbntfile1\shared\appsdata\groups\15-Finance\1-Reporting\2012\Financials\11-2012","NT AUTHORITY\SYSTEM","Allow","FullControl","True"
"Y:\ttbntfile1\shared\appsdata\groups\15-Finance\1-Reporting\2012\Financials\11-2012","TONNANDBLANK\Finance","Allow","FullControl","True"
"Y:\ttbntfile1\shared\appsdata\groups\15-Finance\1-Reporting\2012\Financials\12-2012 (Hard)","TONNANDBLANK\impactadmin","Allow","FullControl","True"
"Y:\ttbntfile1\shared\appsdata\groups\15-Finance\1-Reporting\2012\Financials\12-2012 (Hard)","CREATOR OWNER","Allow","FullControl","True"
"Y:\ttbntfile1\shared\appsdata\groups\15-Finance\1-Reporting\2012\Financials\12-2012 (Hard)","BUILTIN\Administrators","Allow","FullControl","True"
"Y:\ttbntfile1\shared\appsdata\groups\15-Finance\1-Reporting\2012\Financials\12-2012 (Hard)","NT AUTHORITY\SYSTEM","Allow","FullControl","True"
"Y:\ttbntfile1\shared\appsdata\groups\15-Finance\1-Reporting\2012\Financials\12-2012 (Hard)","TONNANDBLANK\Finance","Allow","FullControl","True"
"Y:\ttbntfile1\shared\appsdata\groups\15-Finance\1-Reporting\2012\Financials\12-2012 (Soft)","TONNANDBLANK\impactadmin","Allow","FullControl","True"
"Y:\ttbntfile1\shared\appsdata\groups\15-Finance\1-Reporting\2012\Financials\12-2012 (Soft)","CREATOR OWNER","Allow","FullControl","True"
"Y:\ttbntfile1\shared\appsdata\groups\15-Finance\1-Reporting\2012\Financials\12-2012 (Soft)","BUILTIN\Administrators","Allow","FullControl","True"
"Y:\ttbntfile1\shared\appsdata\groups\15-Finance\1-Reporting\2012\Financials\12-2012 (Soft)","NT AUTHORITY\SYSTEM","Allow","FullControl","True"
"Y:\ttbntfile1\shared\appsdata\groups\15-Finance\1-Reporting\2012\Financials\12-2012 (Soft)","TONNANDBLANK\Finance","Allow","FullControl","True"
"Y:\ttbntfile1\shared\appsdata\groups\15-Finance\1-Reporting\2012\PM_Revenue\01-Jan","TONNANDBLANK\impactadmin","Allow","FullControl","True"
"Y:\ttbntfile1\shared\appsdata\groups\15-Finance\1-Reporting\2012\PM_Revenue\01-Jan","CREATOR OWNER","Allow","FullControl","True"
"Y:\ttbntfile1\shared\appsdata\groups\15-Finance\1-Reporting\2012\PM_Revenue\01-Jan","BUILTIN\Administrators","Allow","FullControl","True"
"Y:\ttbntfile1\shared\appsdata\groups\15-Finance\1-Reporting\2012\PM_Revenue\01-Jan","NT AUTHORITY\SYSTEM","Allow","FullControl","True"
"Y:\ttbntfile1\shared\appsdata\groups\15-Finance\1-Reporting\2012\PM_Revenue\01-Jan","TONNANDBLANK\Finance","Allow","FullControl","True"
"Y:\ttbntfile1\shared\appsdata\groups\15-Finance\1-Reporting\2012\PM_Revenue\02-Feb","TONNANDBLANK\impactadmin","Allow","FullControl","True"
"Y:\ttbntfile1\shared\appsdata\groups\15-Finance\1-Reporting\2012\PM_Revenue\02-Feb","CREATOR OWNER","Allow","FullControl","True"
"Y:\ttbntfile1\shared\appsdata\groups\15-Finance\1-Reporting\2012\PM_Revenue\02-Feb","BUILTIN\Administrators","Allow","FullControl","True"
"Y:\ttbntfile1\shared\appsdata\groups\15-Finance\1-Reporting\2012\PM_Revenue\02-Feb","NT AUTHORITY\SYSTEM","Allow","FullControl","True"
"Y:\ttbntfile1\shared\appsdata\groups\15-Finance\1-Reporting\2012\PM_Revenue\02-Feb","TONNANDBLANK\Finance","Allow","FullControl","True"
"Y:\ttbntfile1\shared\appsdata\groups\15-Finance\1-Reporting\2012\PM_Revenue\03-Mar","TONNANDBLANK\impactadmin","Allow","FullControl","True"
"Y:\ttbntfile1\shared\appsdata\groups\15-Finance\1-Reporting\2012\PM_Revenue\03-Mar","CREATOR OWNER","Allow","FullControl","True"
"Y:\ttbntfile1\shared\appsdata\groups\15-Finance\1-Reporting\2012\PM_Revenue\03-Mar","BUILTIN\Administrators","Allow","FullControl","True"
"Y:\ttbntfile1\shared\appsdata\groups\15-Finance\1-Reporting\2012\PM_Revenue\03-Mar","NT AUTHORITY\SYSTEM","Allow","FullControl","True"
"Y:\ttbntfile1\shared\appsdata\groups\15-Finance\1-Reporting\2012\PM_Revenue\03-Mar","TONNANDBLANK\Finance","Allow","FullControl","True"
"Y:\ttbntfile1\shared\appsdata\groups\15-Finance\1-Reporting\2012\PM_Revenue\04-Apr","TONNANDBLANK\impactadmin","Allow","FullControl","True"
"Y:\ttbntfile1\shared\appsdata\groups\15-Finance\1-Reporting\2012\PM_Revenue\04-Apr","CREATOR OWNER","Allow","FullControl","True"
"Y:\ttbntfile1\shared\appsdata\groups\15-Finance\1-Reporting\2012\PM_Revenue\04-Apr","BUILTIN\Administrators","Allow","FullControl","True"
"Y:\ttbntfile1\shared\appsdata\groups\15-Finance\1-Reporting\2012\PM_Revenue\04-Apr","NT AUTHORITY\SYSTEM","Allow","FullControl","True"
"Y:\ttbntfile1\shared\appsdata\groups\15-Finance\1-Reporting\2012\PM_Revenue\04-Apr","TONNANDBLANK\Finance","Allow","FullControl","True"
"Y:\ttbntfile1\shared\appsdata\groups\15-Finance\1-Reporting\2012\PM_Revenue\05-May","TONNANDBLANK\impactadmin","Allow","FullControl","True"
"Y:\ttbntfile1\shared\appsdata\groups\15-Finance\1-Reporting\2012\PM_Revenue\05-May","CREATOR OWNER","Allow","FullControl","True"
"Y:\ttbntfile1\shared\appsdata\groups\15-Finance\1-Reporting\2012\PM_Revenue\05-May","BUILTIN\Administrators","Allow","FullControl","True"
"Y:\ttbntfile1\shared\appsdata\groups\15-Finance\1-Reporting\2012\PM_Revenue\05-May","NT AUTHORITY\SYSTEM","Allow","FullControl","True"
"Y:\ttbntfile1\shared\appsdata\groups\15-Finance\1-Reporting\2012\PM_Revenue\05-May","TONNANDBLANK\Finance","Allow","FullControl","True"
"Y:\ttbntfile1\shared\appsdata\groups\15-Finance\1-Reporting\2012\PM_Revenue\06-Jun","TONNANDBLANK\impactadmin","Allow","FullControl","True"
"Y:\ttbntfile1\shared\appsdata\groups\15-Finance\1-Reporting\2012\PM_Revenue\06-Jun","CREATOR OWNER","Allow","FullControl","True"
"Y:\ttbntfile1\shared\appsdata\groups\15-Finance\1-Reporting\2012\PM_Revenue\06-Jun","BUILTIN\Administrators","Allow","FullControl","True"
"Y:\ttbntfile1\shared\appsdata\groups\15-Finance\1-Reporting\2012\PM_Revenue\06-Jun","NT AUTHORITY\SYSTEM","Allow","FullControl","True"
"Y:\ttbntfile1\shared\appsdata\groups\15-Finance\1-Reporting\2012\PM_Revenue\06-Jun","TONNANDBLANK\Finance","Allow","FullControl","True"
"Y:\ttbntfile1\shared\appsdata\groups\15-Finance\1-Reporting\2012\PM_Revenue\07-Jul","TONNANDBLANK\impactadmin","Allow","FullControl","True"
"Y:\ttbntfile1\shared\appsdata\groups\15-Finance\1-Reporting\2012\PM_Revenue\07-Jul","CREATOR OWNER","Allow","FullControl","True"
"Y:\ttbntfile1\shared\appsdata\groups\15-Finance\1-Reporting\2012\PM_Revenue\07-Jul","BUILTIN\Administrators","Allow","FullControl","True"
"Y:\ttbntfile1\shared\appsdata\groups\15-Finance\1-Reporting\2012\PM_Revenue\07-Jul","NT AUTHORITY\SYSTEM","Allow","FullControl","True"
"Y:\ttbntfile1\shared\appsdata\groups\15-Finance\1-Reporting\2012\PM_Revenue\07-Jul","TONNANDBLANK\Finance","Allow","FullControl","True"
"Y:\ttbntfile1\shared\appsdata\groups\15-Finance\1-Reporting\2012\PM_Revenue\08-Aug","TONNANDBLANK\impactadmin","Allow","FullControl","True"
"Y:\ttbntfile1\shared\appsdata\groups\15-Finance\1-Reporting\2012\PM_Revenue\08-Aug","CREATOR OWNER","Allow","FullControl","True"
"Y:\ttbntfile1\shared\appsdata\groups\15-Finance\1-Reporting\2012\PM_Revenue\08-Aug","BUILTIN\Administrators","Allow","FullControl","True"
"Y:\ttbntfile1\shared\appsdata\groups\15-Finance\1-Reporting\2012\PM_Revenue\08-Aug","NT AUTHORITY\SYSTEM","Allow","FullControl","True"
"Y:\ttbntfile1\shared\appsdata\groups\15-Finance\1-Reporting\2012\PM_Revenue\08-Aug","TONNANDBLANK\Finance","Allow","FullControl","True"
"Y:\ttbntfile1\shared\appsdata\groups\15-Finance\1-Reporting\2012\PM_Revenue\09-Sept","TONNANDBLANK\impactadmin","Allow","FullControl","True"
"Y:\ttbntfile1\shared\appsdata\groups\15-Finance\1-Reporting\2012\PM_Revenue\09-Sept","CREATOR OWNER","Allow","FullControl","True"
"Y:\ttbntfile1\shared\appsdata\groups\15-Finance\1-Reporting\2012\PM_Revenue\09-Sept","BUILTIN\Administrators","Allow","FullControl","True"
"Y:\ttbntfile1\shared\appsdata\groups\15-Finance\1-Reporting\2012\PM_Revenue\09-Sept","NT AUTHORITY\SYSTEM","Allow","FullControl","True"
"Y:\ttbntfile1\shared\appsdata\groups\15-Finance\1-Reporting\2012\PM_Revenue\09-Sept","TONNANDBLANK\Finance","Allow","FullControl","True"
"Y:\ttbntfile1\shared\appsdata\groups\15-Finance\1-Reporting\2012\PM_Revenue\10-Oct","TONNANDBLANK\impactadmin","Allow","FullControl","True"
"Y:\ttbntfile1\shared\appsdata\groups\15-Finance\1-Reporting\2012\PM_Revenue\10-Oct","CREATOR OWNER","Allow","FullControl","True"
"Y:\ttbntfile1\shared\appsdata\groups\15-Finance\1-Reporting\2012\PM_Revenue\10-Oct","BUILTIN\Administrators","Allow","FullControl","True"
"Y:\ttbntfile1\shared\appsdata\groups\15-Finance\1-Reporting\2012\PM_Revenue\10-Oct","NT AUTHORITY\SYSTEM","Allow","FullControl","True"
"Y:\ttbntfile1\shared\appsdata\groups\15-Finance\1-Reporting\2012\PM_Revenue\10-Oct","TONNANDBLANK\Finance","Allow","FullControl","True"
"Y:\ttbntfile1\shared\appsdata\groups\15-Finance\1-Reporting\2012\PM_Revenue\11-Nov","TONNANDBLANK\impactadmin","Allow","FullControl","True"
"Y:\ttbntfile1\shared\appsdata\groups\15-Finance\1-Reporting\2012\PM_Revenue\11-Nov","CREATOR OWNER","Allow","FullControl","True"
"Y:\ttbntfile1\shared\appsdata\groups\15-Finance\1-Reporting\2012\PM_Revenue\11-Nov","BUILTIN\Administrators","Allow","FullControl","True"
"Y:\ttbntfile1\shared\appsdata\groups\15-Finance\1-Reporting\2012\PM_Revenue\11-Nov","NT AUTHORITY\SYSTEM","Allow","FullControl","True"
"Y:\ttbntfile1\shared\appsdata\groups\15-Finance\1-Reporting\2012\PM_Revenue\11-Nov","TONNANDBLANK\Finance","Allow","FullControl","True"
"Y:\ttbntfile1\shared\appsdata\groups\15-Finance\1-Reporting\2012\PM_Revenue\12-Dec","TONNANDBLANK\impactadmin","Allow","FullControl","True"
"Y:\ttbntfile1\shared\appsdata\groups\15-Finance\1-Reporting\2012\PM_Revenue\12-Dec","CREATOR OWNER","Allow","FullControl","True"
"Y:\ttbntfile1\shared\appsdata\groups\15-Finance\1-Reporting\2012\PM_Revenue\12-Dec","BUILTIN\Administrators","Allow","FullControl","True"
"Y:\ttbntfile1\shared\appsdata\groups\15-Finance\1-Reporting\2012\PM_Revenue\12-Dec","NT AUTHORITY\SYSTEM","Allow","FullControl","True"
"Y:\ttbntfile1\shared\appsdata\groups\15-Finance\1-Reporting\2012\PM_Revenue\12-Dec","TONNANDBLANK\Finance","Allow","FullControl","True"
"Y:\ttbntfile1\shared\appsdata\groups\15-Finance\1-Reporting\2012\PM_Revenue\12-Dec\12-Dec (Soft)","TONNANDBLANK\impactadmin","Allow","FullControl","True"
"Y:\ttbntfile1\shared\appsdata\groups\15-Finance\1-Reporting\2012\PM_Revenue\12-Dec\12-Dec (Soft)","CREATOR OWNER","Allow","FullControl","True"
"Y:\ttbntfile1\shared\appsdata\groups\15-Finance\1-Reporting\2012\PM_Revenue\12-Dec\12-Dec (Soft)","BUILTIN\Administrators","Allow","FullControl","True"
"Y:\ttbntfile1\shared\appsdata\groups\15-Finance\1-Reporting\2012\PM_Revenue\12-Dec\12-Dec (Soft)","NT AUTHORITY\SYSTEM","Allow","FullControl","True"
"Y:\ttbntfile1\shared\appsdata\groups\15-Finance\1-Reporting\2012\PM_Revenue\12-Dec\12-Dec (Soft)","TONNANDBLANK\Finance","Allow","FullControl","True"
"Y:\ttbntfile1\shared\appsdata\groups\15-Finance\1-Reporting\2013\Billable_Hours","TONNANDBLANK\impactadmin","Allow","FullControl","True"
"Y:\ttbntfile1\shared\appsdata\groups\15-Finance\1-Reporting\2013\Billable_Hours","CREATOR OWNER","Allow","FullControl","True"
"Y:\ttbntfile1\shared\appsdata\groups\15-Finance\1-Reporting\2013\Billable_Hours","BUILTIN\Administrators","Allow","FullControl","True"
"Y:\ttbntfile1\shared\appsdata\groups\15-Finance\1-Reporting\2013\Billable_Hours","NT AUTHORITY\SYSTEM","Allow","FullControl","True"
"Y:\ttbntfile1\shared\appsdata\groups\15-Finance\1-Reporting\2013\Billable_Hours","TONNANDBLANK\Finance","Allow","FullControl","True"
"Y:\ttbntfile1\shared\appsdata\groups\15-Finance\1-Reporting\2013\Closed_Job_Reports_by_Month","TONNANDBLANK\impactadmin","Allow","FullControl","True"
"Y:\ttbntfile1\shared\appsdata\groups\15-Finance\1-Reporting\2013\Closed_Job_Reports_by_Month","CREATOR OWNER","Allow","FullControl","True"
"Y:\ttbntfile1\shared\appsdata\groups\15-Finance\1-Reporting\2013\Closed_Job_Reports_by_Month","BUILTIN\Administrators","Allow","FullControl","True"
"Y:\ttbntfile1\shared\appsdata\groups\15-Finance\1-Reporting\2013\Closed_Job_Reports_by_Month","NT AUTHORITY\SYSTEM","Allow","FullControl","True"
"Y:\ttbntfile1\shared\appsdata\groups\15-Finance\1-Reporting\2013\Closed_Job_Reports_by_Month","TONNANDBLANK\Finance","Allow","FullControl","True"
"Y:\ttbntfile1\shared\appsdata\groups\15-Finance\1-Reporting\2013\Financials","TONNANDBLANK\impactadmin","Allow","FullControl","True"
"Y:\ttbntfile1\shared\appsdata\groups\15-Finance\1-Reporting\2013\Financials","CREATOR OWNER","Allow","FullControl","True"
"Y:\ttbntfile1\shared\appsdata\groups\15-Finance\1-Reporting\2013\Financials","BUILTIN\Administrators","Allow","FullControl","True"
"Y:\ttbntfile1\shared\appsdata\groups\15-Finance\1-Reporting\2013\Financials","NT AUTHORITY\SYSTEM","Allow","FullControl","True"
"Y:\ttbntfile1\shared\appsdata\groups\15-Finance\1-Reporting\2013\Financials","TONNANDBLANK\Finance","Allow","FullControl","True"
"Y:\ttbntfile1\shared\appsdata\groups\15-Finance\1-Reporting\2013\PM_Revenue","TONNANDBLANK\impactadmin","Allow","FullControl","True"
"Y:\ttbntfile1\shared\appsdata\groups\15-Finance\1-Reporting\2013\PM_Revenue","CREATOR OWNER","Allow","FullControl","True"
"Y:\ttbntfile1\shared\appsdata\groups\15-Finance\1-Reporting\2013\PM_Revenue","BUILTIN\Administrators","Allow","FullControl","True"
"Y:\ttbntfile1\shared\appsdata\groups\15-Finance\1-Reporting\2013\PM_Revenue","NT AUTHORITY\SYSTEM","Allow","FullControl","True"
"Y:\ttbntfile1\shared\appsdata\groups\15-Finance\1-Reporting\2013\PM_Revenue","TONNANDBLANK\Finance","Allow","FullControl","True"
"Y:\ttbntfile1\shared\appsdata\groups\15-Finance\1-Reporting\2013\Projections-Corp","TONNANDBLANK\impactadmin","Allow","FullControl","True"
"Y:\ttbntfile1\shared\appsdata\groups\15-Finance\1-Reporting\2013\Projections-Corp","CREATOR OWNER","Allow","FullControl","True"
"Y:\ttbntfile1\shared\appsdata\groups\15-Finance\1-Reporting\2013\Projections-Corp","BUILTIN\Administrators","Allow","FullControl","True"
"Y:\ttbntfile1\shared\appsdata\groups\15-Finance\1-Reporting\2013\Projections-Corp","NT AUTHORITY\SYSTEM","Allow","FullControl","True"
"Y:\ttbntfile1\shared\appsdata\groups\15-Finance\1-Reporting\2013\Projections-Corp","TONNANDBLANK\Finance","Allow","FullControl","True"
"Y:\ttbntfile1\shared\appsdata\groups\15-Finance\1-Reporting\2013\Billable_Hours\Eng","TONNANDBLANK\impactadmin","Allow","FullControl","True"
"Y:\ttbntfile1\shared\appsdata\groups\15-Finance\1-Reporting\2013\Billable_Hours\Eng","CREATOR OWNER","Allow","FullControl","True"
"Y:\ttbntfile1\shared\appsdata\groups\15-Finance\1-Reporting\2013\Billable_Hours\Eng","BUILTIN\Administrators","Allow","FullControl","True"
"Y:\ttbntfile1\shared\appsdata\groups\15-Finance\1-Reporting\2013\Billable_Hours\Eng","NT AUTHORITY\SYSTEM","Allow","FullControl","True"
"Y:\ttbntfile1\shared\appsdata\groups\15-Finance\1-Reporting\2013\Billable_Hours\Eng","TONNANDBLANK\Finance","Allow","FullControl","True"
"Y:\ttbntfile1\shared\appsdata\groups\15-Finance\1-Reporting\2013\Billable_Hours\PM","TONNANDBLANK\impactadmin","Allow","FullControl","True"
"Y:\ttbntfile1\shared\appsdata\groups\15-Finance\1-Reporting\2013\Billable_Hours\PM","CREATOR OWNER","Allow","FullControl","True"
"Y:\ttbntfile1\shared\appsdata\groups\15-Finance\1-Reporting\2013\Billable_Hours\PM","BUILTIN\Administrators","Allow","FullControl","True"
"Y:\ttbntfile1\shared\appsdata\groups\15-Finance\1-Reporting\2013\Billable_Hours\PM","NT AUTHORITY\SYSTEM","Allow","FullControl","True"
"Y:\ttbntfile1\shared\appsdata\groups\15-Finance\1-Reporting\2013\Billable_Hours\PM","TONNANDBLANK\Finance","Allow","FullControl","True"
"Y:\ttbntfile1\shared\appsdata\groups\15-Finance\1-Reporting\2013\Billable_Hours\Safety, Oper","TONNANDBLANK\impactadmin","Allow","FullControl","True"
"Y:\ttbntfile1\shared\appsdata\groups\15-Finance\1-Reporting\2013\Billable_Hours\Safety, Oper","CREATOR OWNER","Allow","FullControl","True"
"Y:\ttbntfile1\shared\appsdata\groups\15-Finance\1-Reporting\2013\Billable_Hours\Safety, Oper","BUILTIN\Administrators","Allow","FullControl","True"
"Y:\ttbntfile1\shared\appsdata\groups\15-Finance\1-Reporting\2013\Billable_Hours\Safety, Oper","NT AUTHORITY\SYSTEM","Allow","FullControl","True"
"Y:\ttbntfile1\shared\appsdata\groups\15-Finance\1-Reporting\2013\Billable_Hours\Safety, Oper","TONNANDBLANK\Finance","Allow","FullControl","True"
"Y:\ttbntfile1\shared\appsdata\groups\15-Finance\1-Reporting\2013\Financials\01-2013","TONNANDBLANK\impactadmin","Allow","FullControl","True"
"Y:\ttbntfile1\shared\appsdata\groups\15-Finance\1-Reporting\2013\Financials\01-2013","CREATOR OWNER","Allow","FullControl","True"
"Y:\ttbntfile1\shared\appsdata\groups\15-Finance\1-Reporting\2013\Financials\01-2013","BUILTIN\Administrators","Allow","FullControl","True"
"Y:\ttbntfile1\shared\appsdata\groups\15-Finance\1-Reporting\2013\Financials\01-2013","NT AUTHORITY\SYSTEM","Allow","FullControl","True"
"Y:\ttbntfile1\shared\appsdata\groups\15-Finance\1-Reporting\2013\Financials\01-2013","TONNANDBLANK\Finance","Allow","FullControl","True"
"Y:\ttbntfile1\shared\appsdata\groups\15-Finance\1-Reporting\2013\Financials\02-2013","TONNANDBLANK\impactadmin","Allow","FullControl","True"
"Y:\ttbntfile1\shared\appsdata\groups\15-Finance\1-Reporting\2013\Financials\02-2013","CREATOR OWNER","Allow","FullControl","True"
"Y:\ttbntfile1\shared\appsdata\groups\15-Finance\1-Reporting\2013\Financials\02-2013","BUILTIN\Administrators","Allow","FullControl","True"
"Y:\ttbntfile1\shared\appsdata\groups\15-Finance\1-Reporting\2013\Financials\02-2013","NT AUTHORITY\SYSTEM","Allow","FullControl","True"
"Y:\ttbntfile1\shared\appsdata\groups\15-Finance\1-Reporting\2013\Financials\02-2013","TONNANDBLANK\Finance","Allow","FullControl","True"
"Y:\ttbntfile1\shared\appsdata\groups\15-Finance\1-Reporting\2013\Financials\03-2013","TONNANDBLANK\impactadmin","Allow","FullControl","True"
"Y:\ttbntfile1\shared\appsdata\groups\15-Finance\1-Reporting\2013\Financials\03-2013","CREATOR OWNER","Allow","FullControl","True"
"Y:\ttbntfile1\shared\appsdata\groups\15-Finance\1-Reporting\2013\Financials\03-2013","BUILTIN\Administrators","Allow","FullControl","True"
"Y:\ttbntfile1\shared\appsdata\groups\15-Finance\1-Reporting\2013\Financials\03-2013","NT AUTHORITY\SYSTEM","Allow","FullControl","True"
"Y:\ttbntfile1\shared\appsdata\groups\15-Finance\1-Reporting\2013\Financials\03-2013","TONNANDBLANK\Finance","Allow","FullControl","True"
"Y:\ttbntfile1\shared\appsdata\groups\15-Finance\1-Reporting\2013\Financials\04-2013","TONNANDBLANK\impactadmin","Allow","FullControl","True"
"Y:\ttbntfile1\shared\appsdata\groups\15-Finance\1-Reporting\2013\Financials\04-2013","CREATOR OWNER","Allow","FullControl","True"
"Y:\ttbntfile1\shared\appsdata\groups\15-Finance\1-Reporting\2013\Financials\04-2013","BUILTIN\Administrators","Allow","FullControl","True"
"Y:\ttbntfile1\shared\appsdata\groups\15-Finance\1-Reporting\2013\Financials\04-2013","NT AUTHORITY\SYSTEM","Allow","FullControl","True"
"Y:\ttbntfile1\shared\appsdata\groups\15-Finance\1-Reporting\2013\Financials\04-2013","TONNANDBLANK\Finance","Allow","FullControl","True"
"Y:\ttbntfile1\shared\appsdata\groups\15-Finance\1-Reporting\2013\Financials\05-2013","TONNANDBLANK\impactadmin","Allow","FullControl","True"
"Y:\ttbntfile1\shared\appsdata\groups\15-Finance\1-Reporting\2013\Financials\05-2013","CREATOR OWNER","Allow","FullControl","True"
"Y:\ttbntfile1\shared\appsdata\groups\15-Finance\1-Reporting\2013\Financials\05-2013","BUILTIN\Administrators","Allow","FullControl","True"
"Y:\ttbntfile1\shared\appsdata\groups\15-Finance\1-Reporting\2013\Financials\05-2013","NT AUTHORITY\SYSTEM","Allow","FullControl","True"
"Y:\ttbntfile1\shared\appsdata\groups\15-Finance\1-Reporting\2013\Financials\05-2013","TONNANDBLANK\Finance","Allow","FullControl","True"
"Y:\ttbntfile1\shared\appsdata\groups\15-Finance\1-Reporting\2013\Financials\06-2013","TONNANDBLANK\impactadmin","Allow","FullControl","True"
"Y:\ttbntfile1\shared\appsdata\groups\15-Finance\1-Reporting\2013\Financials\06-2013","CREATOR OWNER","Allow","FullControl","True"
"Y:\ttbntfile1\shared\appsdata\groups\15-Finance\1-Reporting\2013\Financials\06-2013","BUILTIN\Administrators","Allow","FullControl","True"
"Y:\ttbntfile1\shared\appsdata\groups\15-Finance\1-Reporting\2013\Financials\06-2013","NT AUTHORITY\SYSTEM","Allow","FullControl","True"
"Y:\ttbntfile1\shared\appsdata\groups\15-Finance\1-Reporting\2013\Financials\06-2013","TONNANDBLANK\Finance","Allow","FullControl","True"
"Y:\ttbntfile1\shared\appsdata\groups\15-Finance\1-Reporting\2013\Financials\07-2013","TONNANDBLANK\impactadmin","Allow","FullControl","True"
"Y:\ttbntfile1\shared\appsdata\groups\15-Finance\1-Reporting\2013\Financials\07-2013","CREATOR OWNER","Allow","FullControl","True"
"Y:\ttbntfile1\shared\appsdata\groups\15-Finance\1-Reporting\2013\Financials\07-2013","BUILTIN\Administrators","Allow","FullControl","True"
"Y:\ttbntfile1\shared\appsdata\groups\15-Finance\1-Reporting\2013\Financials\07-2013","NT AUTHORITY\SYSTEM","Allow","FullControl","True"
"Y:\ttbntfile1\shared\appsdata\groups\15-Finance\1-Reporting\2013\Financials\07-2013","TONNANDBLANK\Finance","Allow","FullControl","True"
"Y:\ttbntfile1\shared\appsdata\groups\15-Finance\1-Reporting\2013\Financials\08-2013","TONNANDBLANK\impactadmin","Allow","FullControl","True"
"Y:\ttbntfile1\shared\appsdata\groups\15-Finance\1-Reporting\2013\Financials\08-2013","CREATOR OWNER","Allow","FullControl","True"
"Y:\ttbntfile1\shared\appsdata\groups\15-Finance\1-Reporting\2013\Financials\08-2013","BUILTIN\Administrators","Allow","FullControl","True"
"Y:\ttbntfile1\shared\appsdata\groups\15-Finance\1-Reporting\2013\Financials\08-2013","NT AUTHORITY\SYSTEM","Allow","FullControl","True"
"Y:\ttbntfile1\shared\appsdata\groups\15-Finance\1-Reporting\2013\Financials\08-2013","TONNANDBLANK\Finance","Allow","FullControl","True"
"Y:\ttbntfile1\shared\appsdata\groups\15-Finance\1-Reporting\2013\Financials\09-2013","TONNANDBLANK\impactadmin","Allow","FullControl","True"
"Y:\ttbntfile1\shared\appsdata\groups\15-Finance\1-Reporting\2013\Financials\09-2013","CREATOR OWNER","Allow","FullControl","True"
"Y:\ttbntfile1\shared\appsdata\groups\15-Finance\1-Reporting\2013\Financials\09-2013","BUILTIN\Administrators","Allow","FullControl","True"
"Y:\ttbntfile1\shared\appsdata\groups\15-Finance\1-Reporting\2013\Financials\09-2013","NT AUTHORITY\SYSTEM","Allow","FullControl","True"
"Y:\ttbntfile1\shared\appsdata\groups\15-Finance\1-Reporting\2013\Financials\09-2013","TONNANDBLANK\Finance","Allow","FullControl","True"
"Y:\ttbntfile1\shared\appsdata\groups\15-Finance\1-Reporting\2013\Financials\10-2013","TONNANDBLANK\impactadmin","Allow","FullControl","True"
"Y:\ttbntfile1\shared\appsdata\groups\15-Finance\1-Reporting\2013\Financials\10-2013","CREATOR OWNER","Allow","FullControl","True"
"Y:\ttbntfile1\shared\appsdata\groups\15-Finance\1-Reporting\2013\Financials\10-2013","BUILTIN\Administrators","Allow","FullControl","True"
"Y:\ttbntfile1\shared\appsdata\groups\15-Finance\1-Reporting\2013\Financials\10-2013","NT AUTHORITY\SYSTEM","Allow","FullControl","True"
"Y:\ttbntfile1\shared\appsdata\groups\15-Finance\1-Reporting\2013\Financials\10-2013","TONNANDBLANK\Finance","Allow","FullControl","True"
"Y:\ttbntfile1\shared\appsdata\groups\15-Finance\1-Reporting\2013\Financials\11-2013","TONNANDBLANK\impactadmin","Allow","FullControl","True"
"Y:\ttbntfile1\shared\appsdata\groups\15-Finance\1-Reporting\2013\Financials\11-2013","CREATOR OWNER","Allow","FullControl","True"
"Y:\ttbntfile1\shared\appsdata\groups\15-Finance\1-Reporting\2013\Financials\11-2013","BUILTIN\Administrators","Allow","FullControl","True"
"Y:\ttbntfile1\shared\appsdata\groups\15-Finance\1-Reporting\2013\Financials\11-2013","NT AUTHORITY\SYSTEM","Allow","FullControl","True"
"Y:\ttbntfile1\shared\appsdata\groups\15-Finance\1-Reporting\2013\Financials\11-2013","TONNANDBLANK\Finance","Allow","FullControl","True"
"Y:\ttbntfile1\shared\appsdata\groups\15-Finance\1-Reporting\2013\Financials\12 - 2013 - Hard","TONNANDBLANK\impactadmin","Allow","FullControl","True"
"Y:\ttbntfile1\shared\appsdata\groups\15-Finance\1-Reporting\2013\Financials\12 - 2013 - Hard","CREATOR OWNER","Allow","FullControl","True"
"Y:\ttbntfile1\shared\appsdata\groups\15-Finance\1-Reporting\2013\Financials\12 - 2013 - Hard","BUILTIN\Administrators","Allow","FullControl","True"
"Y:\ttbntfile1\shared\appsdata\groups\15-Finance\1-Reporting\2013\Financials\12 - 2013 - Hard","NT AUTHORITY\SYSTEM","Allow","FullControl","True"
"Y:\ttbntfile1\shared\appsdata\groups\15-Finance\1-Reporting\2013\Financials\12 - 2013 - Hard","TONNANDBLANK\Finance","Allow","FullControl","True"
"Y:\ttbntfile1\shared\appsdata\groups\15-Finance\1-Reporting\2013\Financials\12-2013 -Soft","TONNANDBLANK\impactadmin","Allow","FullControl","True"
"Y:\ttbntfile1\shared\appsdata\groups\15-Finance\1-Reporting\2013\Financials\12-2013 -Soft","CREATOR OWNER","Allow","FullControl","True"
"Y:\ttbntfile1\shared\appsdata\groups\15-Finance\1-Reporting\2013\Financials\12-2013 -Soft","BUILTIN\Administrators","Allow","FullControl","True"
"Y:\ttbntfile1\shared\appsdata\groups\15-Finance\1-Reporting\2013\Financials\12-2013 -Soft","NT AUTHORITY\SYSTEM","Allow","FullControl","True"
"Y:\ttbntfile1\shared\appsdata\groups\15-Finance\1-Reporting\2013\Financials\12-2013 -Soft","TONNANDBLANK\Finance","Allow","FullControl","True"
"Y:\ttbntfile1\shared\appsdata\groups\15-Finance\1-Reporting\2013\PM_Revenue\01-Jan","TONNANDBLANK\impactadmin","Allow","FullControl","True"
"Y:\ttbntfile1\shared\appsdata\groups\15-Finance\1-Reporting\2013\PM_Revenue\01-Jan","CREATOR OWNER","Allow","FullControl","True"
"Y:\ttbntfile1\shared\appsdata\groups\15-Finance\1-Reporting\2013\PM_Revenue\01-Jan","BUILTIN\Administrators","Allow","FullControl","True"
"Y:\ttbntfile1\shared\appsdata\groups\15-Finance\1-Reporting\2013\PM_Revenue\01-Jan","NT AUTHORITY\SYSTEM","Allow","FullControl","True"
"Y:\ttbntfile1\shared\appsdata\groups\15-Finance\1-Reporting\2013\PM_Revenue\01-Jan","TONNANDBLANK\Finance","Allow","FullControl","True"
"Y:\ttbntfile1\shared\appsdata\groups\15-Finance\1-Reporting\2013\PM_Revenue\02-Feb","TONNANDBLANK\impactadmin","Allow","FullControl","True"
"Y:\ttbntfile1\shared\appsdata\groups\15-Finance\1-Reporting\2013\PM_Revenue\02-Feb","CREATOR OWNER","Allow","FullControl","True"
"Y:\ttbntfile1\shared\appsdata\groups\15-Finance\1-Reporting\2013\PM_Revenue\02-Feb","BUILTIN\Administrators","Allow","FullControl","True"
"Y:\ttbntfile1\shared\appsdata\groups\15-Finance\1-Reporting\2013\PM_Revenue\02-Feb","NT AUTHORITY\SYSTEM","Allow","FullControl","True"
"Y:\ttbntfile1\shared\appsdata\groups\15-Finance\1-Reporting\2013\PM_Revenue\02-Feb","TONNANDBLANK\Finance","Allow","FullControl","True"
"Y:\ttbntfile1\shared\appsdata\groups\15-Finance\1-Reporting\2013\PM_Revenue\03-Mar","TONNANDBLANK\impactadmin","Allow","FullControl","True"
"Y:\ttbntfile1\shared\appsdata\groups\15-Finance\1-Reporting\2013\PM_Revenue\03-Mar","CREATOR OWNER","Allow","FullControl","True"
"Y:\ttbntfile1\shared\appsdata\groups\15-Finance\1-Reporting\2013\PM_Revenue\03-Mar","BUILTIN\Administrators","Allow","FullControl","True"
"Y:\ttbntfile1\shared\appsdata\groups\15-Finance\1-Reporting\2013\PM_Revenue\03-Mar","NT AUTHORITY\SYSTEM","Allow","FullControl","True"
"Y:\ttbntfile1\shared\appsdata\groups\15-Finance\1-Reporting\2013\PM_Revenue\03-Mar","TONNANDBLANK\Finance","Allow","FullControl","True"
"Y:\ttbntfile1\shared\appsdata\groups\15-Finance\1-Reporting\2013\PM_Revenue\04-Apr","TONNANDBLANK\impactadmin","Allow","FullControl","True"
"Y:\ttbntfile1\shared\appsdata\groups\15-Finance\1-Reporting\2013\PM_Revenue\04-Apr","CREATOR OWNER","Allow","FullControl","True"
"Y:\ttbntfile1\shared\appsdata\groups\15-Finance\1-Reporting\2013\PM_Revenue\04-Apr","BUILTIN\Administrators","Allow","FullControl","True"
"Y:\ttbntfile1\shared\appsdata\groups\15-Finance\1-Reporting\2013\PM_Revenue\04-Apr","NT AUTHORITY\SYSTEM","Allow","FullControl","True"
"Y:\ttbntfile1\shared\appsdata\groups\15-Finance\1-Reporting\2013\PM_Revenue\04-Apr","TONNANDBLANK\Finance","Allow","FullControl","True"
"Y:\ttbntfile1\shared\appsdata\groups\15-Finance\1-Reporting\2013\PM_Revenue\05-May","TONNANDBLANK\impactadmin","Allow","FullControl","True"
"Y:\ttbntfile1\shared\appsdata\groups\15-Finance\1-Reporting\2013\PM_Revenue\05-May","CREATOR OWNER","Allow","FullControl","True"
"Y:\ttbntfile1\shared\appsdata\groups\15-Finance\1-Reporting\2013\PM_Revenue\05-May","BUILTIN\Administrators","Allow","FullControl","True"
"Y:\ttbntfile1\shared\appsdata\groups\15-Finance\1-Reporting\2013\PM_Revenue\05-May","NT AUTHORITY\SYSTEM","Allow","FullControl","True"
"Y:\ttbntfile1\shared\appsdata\groups\15-Finance\1-Reporting\2013\PM_Revenue\05-May","TONNANDBLANK\Finance","Allow","FullControl","True"
"Y:\ttbntfile1\shared\appsdata\groups\15-Finance\1-Reporting\2013\PM_Revenue\06-Jun","TONNANDBLANK\impactadmin","Allow","FullControl","True"
"Y:\ttbntfile1\shared\appsdata\groups\15-Finance\1-Reporting\2013\PM_Revenue\06-Jun","CREATOR OWNER","Allow","FullControl","True"
"Y:\ttbntfile1\shared\appsdata\groups\15-Finance\1-Reporting\2013\PM_Revenue\06-Jun","BUILTIN\Administrators","Allow","FullControl","True"
"Y:\ttbntfile1\shared\appsdata\groups\15-Finance\1-Reporting\2013\PM_Revenue\06-Jun","NT AUTHORITY\SYSTEM","Allow","FullControl","True"
"Y:\ttbntfile1\shared\appsdata\groups\15-Finance\1-Reporting\2013\PM_Revenue\06-Jun","TONNANDBLANK\Finance","Allow","FullControl","True"
"Y:\ttbntfile1\shared\appsdata\groups\15-Finance\1-Reporting\2013\PM_Revenue\07-Jul","TONNANDBLANK\impactadmin","Allow","FullControl","True"
"Y:\ttbntfile1\shared\appsdata\groups\15-Finance\1-Reporting\2013\PM_Revenue\07-Jul","CREATOR OWNER","Allow","FullControl","True"
"Y:\ttbntfile1\shared\appsdata\groups\15-Finance\1-Reporting\2013\PM_Revenue\07-Jul","BUILTIN\Administrators","Allow","FullControl","True"
"Y:\ttbntfile1\shared\appsdata\groups\15-Finance\1-Reporting\2013\PM_Revenue\07-Jul","NT AUTHORITY\SYSTEM","Allow","FullControl","True"
"Y:\ttbntfile1\shared\appsdata\groups\15-Finance\1-Reporting\2013\PM_Revenue\07-Jul","TONNANDBLANK\Finance","Allow","FullControl","True"
"Y:\ttbntfile1\shared\appsdata\groups\15-Finance\1-Reporting\2013\PM_Revenue\08-Aug","TONNANDBLANK\impactadmin","Allow","FullControl","True"
"Y:\ttbntfile1\shared\appsdata\groups\15-Finance\1-Reporting\2013\PM_Revenue\08-Aug","CREATOR OWNER","Allow","FullControl","True"
"Y:\ttbntfile1\shared\appsdata\groups\15-Finance\1-Reporting\2013\PM_Revenue\08-Aug","BUILTIN\Administrators","Allow","FullControl","True"
"Y:\ttbntfile1\shared\appsdata\groups\15-Finance\1-Reporting\2013\PM_Revenue\08-Aug","NT AUTHORITY\SYSTEM","Allow","FullControl","True"
"Y:\ttbntfile1\shared\appsdata\groups\15-Finance\1-Reporting\2013\PM_Revenue\08-Aug","TONNANDBLANK\Finance","Allow","FullControl","True"
"Y:\ttbntfile1\shared\appsdata\groups\15-Finance\1-Reporting\2013\PM_Revenue\09-Sept","TONNANDBLANK\impactadmin","Allow","FullControl","True"
"Y:\ttbntfile1\shared\appsdata\groups\15-Finance\1-Reporting\2013\PM_Revenue\09-Sept","CREATOR OWNER","Allow","FullControl","True"
"Y:\ttbntfile1\shared\appsdata\groups\15-Finance\1-Reporting\2013\PM_Revenue\09-Sept","BUILTIN\Administrators","Allow","FullControl","True"
"Y:\ttbntfile1\shared\appsdata\groups\15-Finance\1-Reporting\2013\PM_Revenue\09-Sept","NT AUTHORITY\SYSTEM","Allow","FullControl","True"
"Y:\ttbntfile1\shared\appsdata\groups\15-Finance\1-Reporting\2013\PM_Revenue\09-Sept","TONNANDBLANK\Finance","Allow","FullControl","True"
"Y:\ttbntfile1\shared\appsdata\groups\15-Finance\1-Reporting\2013\PM_Revenue\10-Oct","TONNANDBLANK\impactadmin","Allow","FullControl","True"
"Y:\ttbntfile1\shared\appsdata\groups\15-Finance\1-Reporting\2013\PM_Revenue\10-Oct","CREATOR OWNER","Allow","FullControl","True"
"Y:\ttbntfile1\shared\appsdata\groups\15-Finance\1-Reporting\2013\PM_Revenue\10-Oct","BUILTIN\Administrators","Allow","FullControl","True"
"Y:\ttbntfile1\shared\appsdata\groups\15-Finance\1-Reporting\2013\PM_Revenue\10-Oct","NT AUTHORITY\SYSTEM","Allow","FullControl","True"
"Y:\ttbntfile1\shared\appsdata\groups\15-Finance\1-Reporting\2013\PM_Revenue\10-Oct","TONNANDBLANK\Finance","Allow","FullControl","True"
"Y:\ttbntfile1\shared\appsdata\groups\15-Finance\1-Reporting\2013\PM_Revenue\11-Nov","TONNANDBLANK\impactadmin","Allow","FullControl","True"
"Y:\ttbntfile1\shared\appsdata\groups\15-Finance\1-Reporting\2013\PM_Revenue\11-Nov","CREATOR OWNER","Allow","FullControl","True"
"Y:\ttbntfile1\shared\appsdata\groups\15-Finance\1-Reporting\2013\PM_Revenue\11-Nov","BUILTIN\Administrators","Allow","FullControl","True"
"Y:\ttbntfile1\shared\appsdata\groups\15-Finance\1-Reporting\2013\PM_Revenue\11-Nov","NT AUTHORITY\SYSTEM","Allow","FullControl","True"
"Y:\ttbntfile1\shared\appsdata\groups\15-Finance\1-Reporting\2013\PM_Revenue\11-Nov","TONNANDBLANK\Finance","Allow","FullControl","True"
"Y:\ttbntfile1\shared\appsdata\groups\15-Finance\1-Reporting\2013\PM_Revenue\12-Dec - Hard","TONNANDBLANK\impactadmin","Allow","FullControl","True"
"Y:\ttbntfile1\shared\appsdata\groups\15-Finance\1-Reporting\2013\PM_Revenue\12-Dec - Hard","CREATOR OWNER","Allow","FullControl","True"
"Y:\ttbntfile1\shared\appsdata\groups\15-Finance\1-Reporting\2013\PM_Revenue\12-Dec - Hard","BUILTIN\Administrators","Allow","FullControl","True"
"Y:\ttbntfile1\shared\appsdata\groups\15-Finance\1-Reporting\2013\PM_Revenue\12-Dec - Hard","NT AUTHORITY\SYSTEM","Allow","FullControl","True"
"Y:\ttbntfile1\shared\appsdata\groups\15-Finance\1-Reporting\2013\PM_Revenue\12-Dec - Hard","TONNANDBLANK\Finance","Allow","FullControl","True"
"Y:\ttbntfile1\shared\appsdata\groups\15-Finance\1-Reporting\2014\Billable_Hours","TONNANDBLANK\impactadmin","Allow","FullControl","True"
"Y:\ttbntfile1\shared\appsdata\groups\15-Finance\1-Reporting\2014\Billable_Hours","CREATOR OWNER","Allow","FullControl","True"
"Y:\ttbntfile1\shared\appsdata\groups\15-Finance\1-Reporting\2014\Billable_Hours","BUILTIN\Administrators","Allow","FullControl","True"
"Y:\ttbntfile1\shared\appsdata\groups\15-Finance\1-Reporting\2014\Billable_Hours","NT AUTHORITY\SYSTEM","Allow","FullControl","True"
"Y:\ttbntfile1\shared\appsdata\groups\15-Finance\1-Reporting\2014\Billable_Hours","TONNANDBLANK\Finance","Allow","FullControl","True"
"Y:\ttbntfile1\shared\appsdata\groups\15-Finance\1-Reporting\2014\Budgets & Forecast Submissions","TONNANDBLANK\impactadmin","Allow","FullControl","True"
"Y:\ttbntfile1\shared\appsdata\groups\15-Finance\1-Reporting\2014\Budgets & Forecast Submissions","CREATOR OWNER","Allow","FullControl","True"
"Y:\ttbntfile1\shared\appsdata\groups\15-Finance\1-Reporting\2014\Budgets & Forecast Submissions","BUILTIN\Administrators","Allow","FullControl","True"
"Y:\ttbntfile1\shared\appsdata\groups\15-Finance\1-Reporting\2014\Budgets & Forecast Submissions","NT AUTHORITY\SYSTEM","Allow","FullControl","True"
"Y:\ttbntfile1\shared\appsdata\groups\15-Finance\1-Reporting\2014\Budgets & Forecast Submissions","TONNANDBLANK\Finance","Allow","FullControl","True"
"Y:\ttbntfile1\shared\appsdata\groups\15-Finance\1-Reporting\2014\Closed_Job_Reports_by_Month","TONNANDBLANK\impactadmin","Allow","FullControl","True"
"Y:\ttbntfile1\shared\appsdata\groups\15-Finance\1-Reporting\2014\Closed_Job_Reports_by_Month","CREATOR OWNER","Allow","FullControl","True"
"Y:\ttbntfile1\shared\appsdata\groups\15-Finance\1-Reporting\2014\Closed_Job_Reports_by_Month","BUILTIN\Administrators","Allow","FullControl","True"
"Y:\ttbntfile1\shared\appsdata\groups\15-Finance\1-Reporting\2014\Closed_Job_Reports_by_Month","NT AUTHORITY\SYSTEM","Allow","FullControl","True"
"Y:\ttbntfile1\shared\appsdata\groups\15-Finance\1-Reporting\2014\Closed_Job_Reports_by_Month","TONNANDBLANK\Finance","Allow","FullControl","True"
"Y:\ttbntfile1\shared\appsdata\groups\15-Finance\1-Reporting\2014\Financials","TONNANDBLANK\impactadmin","Allow","FullControl","True"
"Y:\ttbntfile1\shared\appsdata\groups\15-Finance\1-Reporting\2014\Financials","CREATOR OWNER","Allow","FullControl","True"
"Y:\ttbntfile1\shared\appsdata\groups\15-Finance\1-Reporting\2014\Financials","BUILTIN\Administrators","Allow","FullControl","True"
"Y:\ttbntfile1\shared\appsdata\groups\15-Finance\1-Reporting\2014\Financials","NT AUTHORITY\SYSTEM","Allow","FullControl","True"
"Y:\ttbntfile1\shared\appsdata\groups\15-Finance\1-Reporting\2014\Financials","TONNANDBLANK\Finance","Allow","FullControl","True"
"Y:\ttbntfile1\shared\appsdata\groups\15-Finance\1-Reporting\2014\PM_Revenue","TONNANDBLANK\impactadmin","Allow","FullControl","True"
"Y:\ttbntfile1\shared\appsdata\groups\15-Finance\1-Reporting\2014\PM_Revenue","CREATOR OWNER","Allow","FullControl","True"
"Y:\ttbntfile1\shared\appsdata\groups\15-Finance\1-Reporting\2014\PM_Revenue","BUILTIN\Administrators","Allow","FullControl","True"
"Y:\ttbntfile1\shared\appsdata\groups\15-Finance\1-Reporting\2014\PM_Revenue","NT AUTHORITY\SYSTEM","Allow","FullControl","True"
"Y:\ttbntfile1\shared\appsdata\groups\15-Finance\1-Reporting\2014\PM_Revenue","TONNANDBLANK\Finance","Allow","FullControl","True"
"Y:\ttbntfile1\shared\appsdata\groups\15-Finance\1-Reporting\2014\Billable_Hours\Engineering","TONNANDBLANK\impactadmin","Allow","FullControl","True"
"Y:\ttbntfile1\shared\appsdata\groups\15-Finance\1-Reporting\2014\Billable_Hours\Engineering","CREATOR OWNER","Allow","FullControl","True"
"Y:\ttbntfile1\shared\appsdata\groups\15-Finance\1-Reporting\2014\Billable_Hours\Engineering","BUILTIN\Administrators","Allow","FullControl","True"
"Y:\ttbntfile1\shared\appsdata\groups\15-Finance\1-Reporting\2014\Billable_Hours\Engineering","NT AUTHORITY\SYSTEM","Allow","FullControl","True"
"Y:\ttbntfile1\shared\appsdata\groups\15-Finance\1-Reporting\2014\Billable_Hours\Engineering","TONNANDBLANK\Finance","Allow","FullControl","True"
"Y:\ttbntfile1\shared\appsdata\groups\15-Finance\1-Reporting\2014\Billable_Hours\PM","TONNANDBLANK\impactadmin","Allow","FullControl","True"
"Y:\ttbntfile1\shared\appsdata\groups\15-Finance\1-Reporting\2014\Billable_Hours\PM","CREATOR OWNER","Allow","FullControl","True"
"Y:\ttbntfile1\shared\appsdata\groups\15-Finance\1-Reporting\2014\Billable_Hours\PM","BUILTIN\Administrators","Allow","FullControl","True"
"Y:\ttbntfile1\shared\appsdata\groups\15-Finance\1-Reporting\2014\Billable_Hours\PM","NT AUTHORITY\SYSTEM","Allow","FullControl","True"
"Y:\ttbntfile1\shared\appsdata\groups\15-Finance\1-Reporting\2014\Billable_Hours\PM","TONNANDBLANK\Finance","Allow","FullControl","True"
"Y:\ttbntfile1\shared\appsdata\groups\15-Finance\1-Reporting\2014\Billable_Hours\Safety","TONNANDBLANK\impactadmin","Allow","FullControl","True"
"Y:\ttbntfile1\shared\appsdata\groups\15-Finance\1-Reporting\2014\Billable_Hours\Safety","CREATOR OWNER","Allow","FullControl","True"
"Y:\ttbntfile1\shared\appsdata\groups\15-Finance\1-Reporting\2014\Billable_Hours\Safety","BUILTIN\Administrators","Allow","FullControl","True"
"Y:\ttbntfile1\shared\appsdata\groups\15-Finance\1-Reporting\2014\Billable_Hours\Safety","NT AUTHORITY\SYSTEM","Allow","FullControl","True"
"Y:\ttbntfile1\shared\appsdata\groups\15-Finance\1-Reporting\2014\Billable_Hours\Safety","TONNANDBLANK\Finance","Allow","FullControl","True"
"Y:\ttbntfile1\shared\appsdata\groups\15-Finance\1-Reporting\2014\Financials\01-2014","TONNANDBLANK\impactadmin","Allow","FullControl","True"
"Y:\ttbntfile1\shared\appsdata\groups\15-Finance\1-Reporting\2014\Financials\01-2014","CREATOR OWNER","Allow","FullControl","True"
"Y:\ttbntfile1\shared\appsdata\groups\15-Finance\1-Reporting\2014\Financials\01-2014","BUILTIN\Administrators","Allow","FullControl","True"
"Y:\ttbntfile1\shared\appsdata\groups\15-Finance\1-Reporting\2014\Financials\01-2014","NT AUTHORITY\SYSTEM","Allow","FullControl","True"
"Y:\ttbntfile1\shared\appsdata\groups\15-Finance\1-Reporting\2014\Financials\01-2014","TONNANDBLANK\Finance","Allow","FullControl","True"
"Y:\ttbntfile1\shared\appsdata\groups\15-Finance\1-Reporting\2014\Financials\02-2014","TONNANDBLANK\impactadmin","Allow","FullControl","True"
"Y:\ttbntfile1\shared\appsdata\groups\15-Finance\1-Reporting\2014\Financials\02-2014","CREATOR OWNER","Allow","FullControl","True"
"Y:\ttbntfile1\shared\appsdata\groups\15-Finance\1-Reporting\2014\Financials\02-2014","BUILTIN\Administrators","Allow","FullControl","True"
"Y:\ttbntfile1\shared\appsdata\groups\15-Finance\1-Reporting\2014\Financials\02-2014","NT AUTHORITY\SYSTEM","Allow","FullControl","True"
"Y:\ttbntfile1\shared\appsdata\groups\15-Finance\1-Reporting\2014\Financials\02-2014","TONNANDBLANK\Finance","Allow","FullControl","True"
"Y:\ttbntfile1\shared\appsdata\groups\15-Finance\1-Reporting\2014\Financials\03-2014","TONNANDBLANK\impactadmin","Allow","FullControl","True"
"Y:\ttbntfile1\shared\appsdata\groups\15-Finance\1-Reporting\2014\Financials\03-2014","CREATOR OWNER","Allow","FullControl","True"
"Y:\ttbntfile1\shared\appsdata\groups\15-Finance\1-Reporting\2014\Financials\03-2014","BUILTIN\Administrators","Allow","FullControl","True"
"Y:\ttbntfile1\shared\appsdata\groups\15-Finance\1-Reporting\2014\Financials\03-2014","NT AUTHORITY\SYSTEM","Allow","FullControl","True"
"Y:\ttbntfile1\shared\appsdata\groups\15-Finance\1-Reporting\2014\Financials\03-2014","TONNANDBLANK\Finance","Allow","FullControl","True"
"Y:\ttbntfile1\shared\appsdata\groups\15-Finance\1-Reporting\2014\Financials\04-2014","TONNANDBLANK\impactadmin","Allow","FullControl","True"
"Y:\ttbntfile1\shared\appsdata\groups\15-Finance\1-Reporting\2014\Financials\04-2014","CREATOR OWNER","Allow","FullControl","True"
"Y:\ttbntfile1\shared\appsdata\groups\15-Finance\1-Reporting\2014\Financials\04-2014","BUILTIN\Administrators","Allow","FullControl","True"
"Y:\ttbntfile1\shared\appsdata\groups\15-Finance\1-Reporting\2014\Financials\04-2014","NT AUTHORITY\SYSTEM","Allow","FullControl","True"
"Y:\ttbntfile1\shared\appsdata\groups\15-Finance\1-Reporting\2014\Financials\04-2014","TONNANDBLANK\Finance","Allow","FullControl","True"
"Y:\ttbntfile1\shared\appsdata\groups\15-Finance\1-Reporting\2014\Financials\05-2014","TONNANDBLANK\impactadmin","Allow","FullControl","True"
"Y:\ttbntfile1\shared\appsdata\groups\15-Finance\1-Reporting\2014\Financials\05-2014","CREATOR OWNER","Allow","FullControl","True"
"Y:\ttbntfile1\shared\appsdata\groups\15-Finance\1-Reporting\2014\Financials\05-2014","BUILTIN\Administrators","Allow","FullControl","True"
"Y:\ttbntfile1\shared\appsdata\groups\15-Finance\1-Reporting\2014\Financials\05-2014","NT AUTHORITY\SYSTEM","Allow","FullControl","True"
"Y:\ttbntfile1\shared\appsdata\groups\15-Finance\1-Reporting\2014\Financials\05-2014","TONNANDBLANK\Finance","Allow","FullControl","True"
"Y:\ttbntfile1\shared\appsdata\groups\15-Finance\1-Reporting\2014\Financials\06-2014","TONNANDBLANK\impactadmin","Allow","FullControl","True"
"Y:\ttbntfile1\shared\appsdata\groups\15-Finance\1-Reporting\2014\Financials\06-2014","CREATOR OWNER","Allow","FullControl","True"
"Y:\ttbntfile1\shared\appsdata\groups\15-Finance\1-Reporting\2014\Financials\06-2014","BUILTIN\Administrators","Allow","FullControl","True"
"Y:\ttbntfile1\shared\appsdata\groups\15-Finance\1-Reporting\2014\Financials\06-2014","NT AUTHORITY\SYSTEM","Allow","FullControl","True"
"Y:\ttbntfile1\shared\appsdata\groups\15-Finance\1-Reporting\2014\Financials\06-2014","TONNANDBLANK\Finance","Allow","FullControl","True"
"Y:\ttbntfile1\shared\appsdata\groups\15-Finance\1-Reporting\2014\Financials\07-2014","TONNANDBLANK\impactadmin","Allow","FullControl","True"
"Y:\ttbntfile1\shared\appsdata\groups\15-Finance\1-Reporting\2014\Financials\07-2014","CREATOR OWNER","Allow","FullControl","True"
"Y:\ttbntfile1\shared\appsdata\groups\15-Finance\1-Reporting\2014\Financials\07-2014","BUILTIN\Administrators","Allow","FullControl","True"
"Y:\ttbntfile1\shared\appsdata\groups\15-Finance\1-Reporting\2014\Financials\07-2014","NT AUTHORITY\SYSTEM","Allow","FullControl","True"
"Y:\ttbntfile1\shared\appsdata\groups\15-Finance\1-Reporting\2014\Financials\07-2014","TONNANDBLANK\Finance","Allow","FullControl","True"
"Y:\ttbntfile1\shared\appsdata\groups\15-Finance\1-Reporting\2014\Financials\08-2014","TONNANDBLANK\impactadmin","Allow","FullControl","True"
"Y:\ttbntfile1\shared\appsdata\groups\15-Finance\1-Reporting\2014\Financials\08-2014","CREATOR OWNER","Allow","FullControl","True"
"Y:\ttbntfile1\shared\appsdata\groups\15-Finance\1-Reporting\2014\Financials\08-2014","BUILTIN\Administrators","Allow","FullControl","True"
"Y:\ttbntfile1\shared\appsdata\groups\15-Finance\1-Reporting\2014\Financials\08-2014","NT AUTHORITY\SYSTEM","Allow","FullControl","True"
"Y:\ttbntfile1\shared\appsdata\groups\15-Finance\1-Reporting\2014\Financials\08-2014","TONNANDBLANK\Finance","Allow","FullControl","True"
"Y:\ttbntfile1\shared\appsdata\groups\15-Finance\1-Reporting\2014\Financials\09-2014","TONNANDBLANK\impactadmin","Allow","FullControl","True"
"Y:\ttbntfile1\shared\appsdata\groups\15-Finance\1-Reporting\2014\Financials\09-2014","CREATOR OWNER","Allow","FullControl","True"
"Y:\ttbntfile1\shared\appsdata\groups\15-Finance\1-Reporting\2014\Financials\09-2014","BUILTIN\Administrators","Allow","FullControl","True"
"Y:\ttbntfile1\shared\appsdata\groups\15-Finance\1-Reporting\2014\Financials\09-2014","NT AUTHORITY\SYSTEM","Allow","FullControl","True"
"Y:\ttbntfile1\shared\appsdata\groups\15-Finance\1-Reporting\2014\Financials\09-2014","TONNANDBLANK\Finance","Allow","FullControl","True"
"Y:\ttbntfile1\shared\appsdata\groups\15-Finance\1-Reporting\2014\Financials\10-2014","TONNANDBLANK\impactadmin","Allow","FullControl","True"
"Y:\ttbntfile1\shared\appsdata\groups\15-Finance\1-Reporting\2014\Financials\10-2014","CREATOR OWNER","Allow","FullControl","True"
"Y:\ttbntfile1\shared\appsdata\groups\15-Finance\1-Reporting\2014\Financials\10-2014","BUILTIN\Administrators","Allow","FullControl","True"
"Y:\ttbntfile1\shared\appsdata\groups\15-Finance\1-Reporting\2014\Financials\10-2014","NT AUTHORITY\SYSTEM","Allow","FullControl","True"
"Y:\ttbntfile1\shared\appsdata\groups\15-Finance\1-Reporting\2014\Financials\10-2014","TONNANDBLANK\Finance","Allow","FullControl","True"
"Y:\ttbntfile1\shared\appsdata\groups\15-Finance\1-Reporting\2014\Financials\11-2014","TONNANDBLANK\impactadmin","Allow","FullControl","True"
"Y:\ttbntfile1\shared\appsdata\groups\15-Finance\1-Reporting\2014\Financials\11-2014","CREATOR OWNER","Allow","FullControl","True"
"Y:\ttbntfile1\shared\appsdata\groups\15-Finance\1-Reporting\2014\Financials\11-2014","BUILTIN\Administrators","Allow","FullControl","True"
"Y:\ttbntfile1\shared\appsdata\groups\15-Finance\1-Reporting\2014\Financials\11-2014","NT AUTHORITY\SYSTEM","Allow","FullControl","True"
"Y:\ttbntfile1\shared\appsdata\groups\15-Finance\1-Reporting\2014\Financials\11-2014","TONNANDBLANK\Finance","Allow","FullControl","True"
"Y:\ttbntfile1\shared\appsdata\groups\15-Finance\1-Reporting\2014\Financials\12-2014 - Soft","TONNANDBLANK\impactadmin","Allow","FullControl","True"
"Y:\ttbntfile1\shared\appsdata\groups\15-Finance\1-Reporting\2014\Financials\12-2014 - Soft","CREATOR OWNER","Allow","FullControl","True"
"Y:\ttbntfile1\shared\appsdata\groups\15-Finance\1-Reporting\2014\Financials\12-2014 - Soft","BUILTIN\Administrators","Allow","FullControl","True"
"Y:\ttbntfile1\shared\appsdata\groups\15-Finance\1-Reporting\2014\Financials\12-2014 - Soft","NT AUTHORITY\SYSTEM","Allow","FullControl","True"
"Y:\ttbntfile1\shared\appsdata\groups\15-Finance\1-Reporting\2014\Financials\12-2014 - Soft","TONNANDBLANK\Finance","Allow","FullControl","True"
"Y:\ttbntfile1\shared\appsdata\groups\15-Finance\1-Reporting\2014\Financials\12-2014 Hard","TONNANDBLANK\impactadmin","Allow","FullControl","True"
"Y:\ttbntfile1\shared\appsdata\groups\15-Finance\1-Reporting\2014\Financials\12-2014 Hard","CREATOR OWNER","Allow","FullControl","True"
"Y:\ttbntfile1\shared\appsdata\groups\15-Finance\1-Reporting\2014\Financials\12-2014 Hard","BUILTIN\Administrators","Allow","FullControl","True"
"Y:\ttbntfile1\shared\appsdata\groups\15-Finance\1-Reporting\2014\Financials\12-2014 Hard","NT AUTHORITY\SYSTEM","Allow","FullControl","True"
"Y:\ttbntfile1\shared\appsdata\groups\15-Finance\1-Reporting\2014\Financials\12-2014 Hard","TONNANDBLANK\Finance","Allow","FullControl","True"
"Y:\ttbntfile1\shared\appsdata\groups\15-Finance\1-Reporting\2014\Financials\01-2014\CC Financials","TONNANDBLANK\impactadmin","Allow","FullControl","True"
"Y:\ttbntfile1\shared\appsdata\groups\15-Finance\1-Reporting\2014\Financials\01-2014\CC Financials","CREATOR OWNER","Allow","FullControl","True"
"Y:\ttbntfile1\shared\appsdata\groups\15-Finance\1-Reporting\2014\Financials\01-2014\CC Financials","BUILTIN\Administrators","Allow","FullControl","True"
"Y:\ttbntfile1\shared\appsdata\groups\15-Finance\1-Reporting\2014\Financials\01-2014\CC Financials","NT AUTHORITY\SYSTEM","Allow","FullControl","True"
"Y:\ttbntfile1\shared\appsdata\groups\15-Finance\1-Reporting\2014\Financials\01-2014\CC Financials","TONNANDBLANK\Finance","Allow","FullControl","True"
"Y:\ttbntfile1\shared\appsdata\groups\15-Finance\1-Reporting\2014\Financials\02-2014\CC Financials","TONNANDBLANK\impactadmin","Allow","FullControl","True"
"Y:\ttbntfile1\shared\appsdata\groups\15-Finance\1-Reporting\2014\Financials\02-2014\CC Financials","CREATOR OWNER","Allow","FullControl","True"
"Y:\ttbntfile1\shared\appsdata\groups\15-Finance\1-Reporting\2014\Financials\02-2014\CC Financials","BUILTIN\Administrators","Allow","FullControl","True"
"Y:\ttbntfile1\shared\appsdata\groups\15-Finance\1-Reporting\2014\Financials\02-2014\CC Financials","NT AUTHORITY\SYSTEM","Allow","FullControl","True"
"Y:\ttbntfile1\shared\appsdata\groups\15-Finance\1-Reporting\2014\Financials\02-2014\CC Financials","TONNANDBLANK\Finance","Allow","FullControl","True"
"Y:\ttbntfile1\shared\appsdata\groups\15-Finance\1-Reporting\2014\Financials\03-2014\Cost Ctr Financials","TONNANDBLANK\impactadmin","Allow","FullControl","True"
"Y:\ttbntfile1\shared\appsdata\groups\15-Finance\1-Reporting\2014\Financials\03-2014\Cost Ctr Financials","CREATOR OWNER","Allow","FullControl","True"
"Y:\ttbntfile1\shared\appsdata\groups\15-Finance\1-Reporting\2014\Financials\03-2014\Cost Ctr Financials","BUILTIN\Administrators","Allow","FullControl","True"
"Y:\ttbntfile1\shared\appsdata\groups\15-Finance\1-Reporting\2014\Financials\03-2014\Cost Ctr Financials","NT AUTHORITY\SYSTEM","Allow","FullControl","True"
"Y:\ttbntfile1\shared\appsdata\groups\15-Finance\1-Reporting\2014\Financials\03-2014\Cost Ctr Financials","TONNANDBLANK\Finance","Allow","FullControl","True"
"Y:\ttbntfile1\shared\appsdata\groups\15-Finance\1-Reporting\2014\Financials\04-2014\Cost Ctr Financials","TONNANDBLANK\impactadmin","Allow","FullControl","True"
"Y:\ttbntfile1\shared\appsdata\groups\15-Finance\1-Reporting\2014\Financials\04-2014\Cost Ctr Financials","CREATOR OWNER","Allow","FullControl","True"
"Y:\ttbntfile1\shared\appsdata\groups\15-Finance\1-Reporting\2014\Financials\04-2014\Cost Ctr Financials","BUILTIN\Administrators","Allow","FullControl","True"
"Y:\ttbntfile1\shared\appsdata\groups\15-Finance\1-Reporting\2014\Financials\04-2014\Cost Ctr Financials","NT AUTHORITY\SYSTEM","Allow","FullControl","True"
"Y:\ttbntfile1\shared\appsdata\groups\15-Finance\1-Reporting\2014\Financials\04-2014\Cost Ctr Financials","TONNANDBLANK\Finance","Allow","FullControl","True"
"Y:\ttbntfile1\shared\appsdata\groups\15-Finance\1-Reporting\2014\Financials\04-2014\Field Labor","TONNANDBLANK\impactadmin","Allow","FullControl","True"
"Y:\ttbntfile1\shared\appsdata\groups\15-Finance\1-Reporting\2014\Financials\04-2014\Field Labor","CREATOR OWNER","Allow","FullControl","True"
"Y:\ttbntfile1\shared\appsdata\groups\15-Finance\1-Reporting\2014\Financials\04-2014\Field Labor","BUILTIN\Administrators","Allow","FullControl","True"
"Y:\ttbntfile1\shared\appsdata\groups\15-Finance\1-Reporting\2014\Financials\04-2014\Field Labor","NT AUTHORITY\SYSTEM","Allow","FullControl","True"
"Y:\ttbntfile1\shared\appsdata\groups\15-Finance\1-Reporting\2014\Financials\04-2014\Field Labor","TONNANDBLANK\Finance","Allow","FullControl","True"
"Y:\ttbntfile1\shared\appsdata\groups\15-Finance\1-Reporting\2014\Financials\05-2014\Cost Ctr Financials","TONNANDBLANK\impactadmin","Allow","FullControl","True"
"Y:\ttbntfile1\shared\appsdata\groups\15-Finance\1-Reporting\2014\Financials\05-2014\Cost Ctr Financials","CREATOR OWNER","Allow","FullControl","True"
"Y:\ttbntfile1\shared\appsdata\groups\15-Finance\1-Reporting\2014\Financials\05-2014\Cost Ctr Financials","BUILTIN\Administrators","Allow","FullControl","True"
"Y:\ttbntfile1\shared\appsdata\groups\15-Finance\1-Reporting\2014\Financials\05-2014\Cost Ctr Financials","NT AUTHORITY\SYSTEM","Allow","FullControl","True"
"Y:\ttbntfile1\shared\appsdata\groups\15-Finance\1-Reporting\2014\Financials\05-2014\Cost Ctr Financials","TONNANDBLANK\Finance","Allow","FullControl","True"
"Y:\ttbntfile1\shared\appsdata\groups\15-Finance\1-Reporting\2014\Financials\05-2014\Field Labor","TONNANDBLANK\impactadmin","Allow","FullControl","True"
"Y:\ttbntfile1\shared\appsdata\groups\15-Finance\1-Reporting\2014\Financials\05-2014\Field Labor","CREATOR OWNER","Allow","FullControl","True"
"Y:\ttbntfile1\shared\appsdata\groups\15-Finance\1-Reporting\2014\Financials\05-2014\Field Labor","BUILTIN\Administrators","Allow","FullControl","True"
"Y:\ttbntfile1\shared\appsdata\groups\15-Finance\1-Reporting\2014\Financials\05-2014\Field Labor","NT AUTHORITY\SYSTEM","Allow","FullControl","True"
"Y:\ttbntfile1\shared\appsdata\groups\15-Finance\1-Reporting\2014\Financials\05-2014\Field Labor","TONNANDBLANK\Finance","Allow","FullControl","True"
"Y:\ttbntfile1\shared\appsdata\groups\15-Finance\1-Reporting\2014\Financials\06-2014\Cost Center PnLs","TONNANDBLANK\impactadmin","Allow","FullControl","True"
"Y:\ttbntfile1\shared\appsdata\groups\15-Finance\1-Reporting\2014\Financials\06-2014\Cost Center PnLs","CREATOR OWNER","Allow","FullControl","True"
"Y:\ttbntfile1\shared\appsdata\groups\15-Finance\1-Reporting\2014\Financials\06-2014\Cost Center PnLs","BUILTIN\Administrators","Allow","FullControl","True"
"Y:\ttbntfile1\shared\appsdata\groups\15-Finance\1-Reporting\2014\Financials\06-2014\Cost Center PnLs","NT AUTHORITY\SYSTEM","Allow","FullControl","True"
"Y:\ttbntfile1\shared\appsdata\groups\15-Finance\1-Reporting\2014\Financials\06-2014\Cost Center PnLs","TONNANDBLANK\Finance","Allow","FullControl","True"
"Y:\ttbntfile1\shared\appsdata\groups\15-Finance\1-Reporting\2014\Financials\06-2014\Field Labor","TONNANDBLANK\impactadmin","Allow","FullControl","True"
"Y:\ttbntfile1\shared\appsdata\groups\15-Finance\1-Reporting\2014\Financials\06-2014\Field Labor","CREATOR OWNER","Allow","FullControl","True"
"Y:\ttbntfile1\shared\appsdata\groups\15-Finance\1-Reporting\2014\Financials\06-2014\Field Labor","BUILTIN\Administrators","Allow","FullControl","True"
"Y:\ttbntfile1\shared\appsdata\groups\15-Finance\1-Reporting\2014\Financials\06-2014\Field Labor","NT AUTHORITY\SYSTEM","Allow","FullControl","True"
"Y:\ttbntfile1\shared\appsdata\groups\15-Finance\1-Reporting\2014\Financials\06-2014\Field Labor","TONNANDBLANK\Finance","Allow","FullControl","True"
"Y:\ttbntfile1\shared\appsdata\groups\15-Finance\1-Reporting\2014\Financials\07-2014\Cost Ctr PnLs","TONNANDBLANK\impactadmin","Allow","FullControl","True"
"Y:\ttbntfile1\shared\appsdata\groups\15-Finance\1-Reporting\2014\Financials\07-2014\Cost Ctr PnLs","CREATOR OWNER","Allow","FullControl","True"
"Y:\ttbntfile1\shared\appsdata\groups\15-Finance\1-Reporting\2014\Financials\07-2014\Cost Ctr PnLs","BUILTIN\Administrators","Allow","FullControl","True"
"Y:\ttbntfile1\shared\appsdata\groups\15-Finance\1-Reporting\2014\Financials\07-2014\Cost Ctr PnLs","NT AUTHORITY\SYSTEM","Allow","FullControl","True"
"Y:\ttbntfile1\shared\appsdata\groups\15-Finance\1-Reporting\2014\Financials\07-2014\Cost Ctr PnLs","TONNANDBLANK\Finance","Allow","FullControl","True"
"Y:\ttbntfile1\shared\appsdata\groups\15-Finance\1-Reporting\2014\Financials\07-2014\Field Labor","TONNANDBLANK\impactadmin","Allow","FullControl","True"
"Y:\ttbntfile1\shared\appsdata\groups\15-Finance\1-Reporting\2014\Financials\07-2014\Field Labor","CREATOR OWNER","Allow","FullControl","True"
"Y:\ttbntfile1\shared\appsdata\groups\15-Finance\1-Reporting\2014\Financials\07-2014\Field Labor","BUILTIN\Administrators","Allow","FullControl","True"
"Y:\ttbntfile1\shared\appsdata\groups\15-Finance\1-Reporting\2014\Financials\07-2014\Field Labor","NT AUTHORITY\SYSTEM","Allow","FullControl","True"
"Y:\ttbntfile1\shared\appsdata\groups\15-Finance\1-Reporting\2014\Financials\07-2014\Field Labor","TONNANDBLANK\Finance","Allow","FullControl","True"
"Y:\ttbntfile1\shared\appsdata\groups\15-Finance\1-Reporting\2014\Financials\08-2014\Cost Center PnLs","TONNANDBLANK\impactadmin","Allow","FullControl","True"
"Y:\ttbntfile1\shared\appsdata\groups\15-Finance\1-Reporting\2014\Financials\08-2014\Cost Center PnLs","CREATOR OWNER","Allow","FullControl","True"
"Y:\ttbntfile1\shared\appsdata\groups\15-Finance\1-Reporting\2014\Financials\08-2014\Cost Center PnLs","BUILTIN\Administrators","Allow","FullControl","True"
"Y:\ttbntfile1\shared\appsdata\groups\15-Finance\1-Reporting\2014\Financials\08-2014\Cost Center PnLs","NT AUTHORITY\SYSTEM","Allow","FullControl","True"
"Y:\ttbntfile1\shared\appsdata\groups\15-Finance\1-Reporting\2014\Financials\08-2014\Cost Center PnLs","TONNANDBLANK\Finance","Allow","FullControl","True"
"Y:\ttbntfile1\shared\appsdata\groups\15-Finance\1-Reporting\2014\Financials\08-2014\Field Labor","TONNANDBLANK\impactadmin","Allow","FullControl","True"
"Y:\ttbntfile1\shared\appsdata\groups\15-Finance\1-Reporting\2014\Financials\08-2014\Field Labor","CREATOR OWNER","Allow","FullControl","True"
"Y:\ttbntfile1\shared\appsdata\groups\15-Finance\1-Reporting\2014\Financials\08-2014\Field Labor","BUILTIN\Administrators","Allow","FullControl","True"
"Y:\ttbntfile1\shared\appsdata\groups\15-Finance\1-Reporting\2014\Financials\08-2014\Field Labor","NT AUTHORITY\SYSTEM","Allow","FullControl","True"
"Y:\ttbntfile1\shared\appsdata\groups\15-Finance\1-Reporting\2014\Financials\08-2014\Field Labor","TONNANDBLANK\Finance","Allow","FullControl","True"
"Y:\ttbntfile1\shared\appsdata\groups\15-Finance\1-Reporting\2014\Financials\09-2014\Cost Center PnLs","TONNANDBLANK\impactadmin","Allow","FullControl","True"
"Y:\ttbntfile1\shared\appsdata\groups\15-Finance\1-Reporting\2014\Financials\09-2014\Cost Center PnLs","CREATOR OWNER","Allow","FullControl","True"
"Y:\ttbntfile1\shared\appsdata\groups\15-Finance\1-Reporting\2014\Financials\09-2014\Cost Center PnLs","BUILTIN\Administrators","Allow","FullControl","True"
"Y:\ttbntfile1\shared\appsdata\groups\15-Finance\1-Reporting\2014\Financials\09-2014\Cost Center PnLs","NT AUTHORITY\SYSTEM","Allow","FullControl","True"
"Y:\ttbntfile1\shared\appsdata\groups\15-Finance\1-Reporting\2014\Financials\09-2014\Cost Center PnLs","TONNANDBLANK\Finance","Allow","FullControl","True"
"Y:\ttbntfile1\shared\appsdata\groups\15-Finance\1-Reporting\2014\Financials\09-2014\Field Labor","TONNANDBLANK\impactadmin","Allow","FullControl","True"
"Y:\ttbntfile1\shared\appsdata\groups\15-Finance\1-Reporting\2014\Financials\09-2014\Field Labor","CREATOR OWNER","Allow","FullControl","True"
"Y:\ttbntfile1\shared\appsdata\groups\15-Finance\1-Reporting\2014\Financials\09-2014\Field Labor","BUILTIN\Administrators","Allow","FullControl","True"
"Y:\ttbntfile1\shared\appsdata\groups\15-Finance\1-Reporting\2014\Financials\09-2014\Field Labor","NT AUTHORITY\SYSTEM","Allow","FullControl","True"
"Y:\ttbntfile1\shared\appsdata\groups\15-Finance\1-Reporting\2014\Financials\09-2014\Field Labor","TONNANDBLANK\Finance","Allow","FullControl","True"
"Y:\ttbntfile1\shared\appsdata\groups\15-Finance\1-Reporting\2014\Financials\10-2014\Cost Center PnLs","TONNANDBLANK\impactadmin","Allow","FullControl","True"
"Y:\ttbntfile1\shared\appsdata\groups\15-Finance\1-Reporting\2014\Financials\10-2014\Cost Center PnLs","CREATOR OWNER","Allow","FullControl","True"
"Y:\ttbntfile1\shared\appsdata\groups\15-Finance\1-Reporting\2014\Financials\10-2014\Cost Center PnLs","BUILTIN\Administrators","Allow","FullControl","True"
"Y:\ttbntfile1\shared\appsdata\groups\15-Finance\1-Reporting\2014\Financials\10-2014\Cost Center PnLs","NT AUTHORITY\SYSTEM","Allow","FullControl","True"
"Y:\ttbntfile1\shared\appsdata\groups\15-Finance\1-Reporting\2014\Financials\10-2014\Cost Center PnLs","TONNANDBLANK\Finance","Allow","FullControl","True"
"Y:\ttbntfile1\shared\appsdata\groups\15-Finance\1-Reporting\2014\Financials\10-2014\Field Labor","TONNANDBLANK\impactadmin","Allow","FullControl","True"
"Y:\ttbntfile1\shared\appsdata\groups\15-Finance\1-Reporting\2014\Financials\10-2014\Field Labor","CREATOR OWNER","Allow","FullControl","True"
"Y:\ttbntfile1\shared\appsdata\groups\15-Finance\1-Reporting\2014\Financials\10-2014\Field Labor","BUILTIN\Administrators","Allow","FullControl","True"
"Y:\ttbntfile1\shared\appsdata\groups\15-Finance\1-Reporting\2014\Financials\10-2014\Field Labor","NT AUTHORITY\SYSTEM","Allow","FullControl","True"
"Y:\ttbntfile1\shared\appsdata\groups\15-Finance\1-Reporting\2014\Financials\10-2014\Field Labor","TONNANDBLANK\Finance","Allow","FullControl","True"
"Y:\ttbntfile1\shared\appsdata\groups\15-Finance\1-Reporting\2014\Financials\11-2014\Cost Ctr PnLs","TONNANDBLANK\impactadmin","Allow","FullControl","True"
"Y:\ttbntfile1\shared\appsdata\groups\15-Finance\1-Reporting\2014\Financials\11-2014\Cost Ctr PnLs","CREATOR OWNER","Allow","FullControl","True"
"Y:\ttbntfile1\shared\appsdata\groups\15-Finance\1-Reporting\2014\Financials\11-2014\Cost Ctr PnLs","BUILTIN\Administrators","Allow","FullControl","True"
"Y:\ttbntfile1\shared\appsdata\groups\15-Finance\1-Reporting\2014\Financials\11-2014\Cost Ctr PnLs","NT AUTHORITY\SYSTEM","Allow","FullControl","True"
"Y:\ttbntfile1\shared\appsdata\groups\15-Finance\1-Reporting\2014\Financials\11-2014\Cost Ctr PnLs","TONNANDBLANK\Finance","Allow","FullControl","True"
"Y:\ttbntfile1\shared\appsdata\groups\15-Finance\1-Reporting\2014\Financials\11-2014\Field Labor","TONNANDBLANK\impactadmin","Allow","FullControl","True"
"Y:\ttbntfile1\shared\appsdata\groups\15-Finance\1-Reporting\2014\Financials\11-2014\Field Labor","CREATOR OWNER","Allow","FullControl","True"
"Y:\ttbntfile1\shared\appsdata\groups\15-Finance\1-Reporting\2014\Financials\11-2014\Field Labor","BUILTIN\Administrators","Allow","FullControl","True"
"Y:\ttbntfile1\shared\appsdata\groups\15-Finance\1-Reporting\2014\Financials\11-2014\Field Labor","NT AUTHORITY\SYSTEM","Allow","FullControl","True"
"Y:\ttbntfile1\shared\appsdata\groups\15-Finance\1-Reporting\2014\Financials\11-2014\Field Labor","TONNANDBLANK\Finance","Allow","FullControl","True"
"Y:\ttbntfile1\shared\appsdata\groups\15-Finance\1-Reporting\2014\Financials\12-2014 - Soft\Cost Ctr PnLs","TONNANDBLANK\impactadmin","Allow","FullControl","True"
"Y:\ttbntfile1\shared\appsdata\groups\15-Finance\1-Reporting\2014\Financials\12-2014 - Soft\Cost Ctr PnLs","CREATOR OWNER","Allow","FullControl","True"
"Y:\ttbntfile1\shared\appsdata\groups\15-Finance\1-Reporting\2014\Financials\12-2014 - Soft\Cost Ctr PnLs","BUILTIN\Administrators","Allow","FullControl","True"
"Y:\ttbntfile1\shared\appsdata\groups\15-Finance\1-Reporting\2014\Financials\12-2014 - Soft\Cost Ctr PnLs","NT AUTHORITY\SYSTEM","Allow","FullControl","True"
"Y:\ttbntfile1\shared\appsdata\groups\15-Finance\1-Reporting\2014\Financials\12-2014 - Soft\Cost Ctr PnLs","TONNANDBLANK\Finance","Allow","FullControl","True"
"Y:\ttbntfile1\shared\appsdata\groups\15-Finance\1-Reporting\2014\Financials\12-2014 - Soft\Field Labor","TONNANDBLANK\impactadmin","Allow","FullControl","True"
"Y:\ttbntfile1\shared\appsdata\groups\15-Finance\1-Reporting\2014\Financials\12-2014 - Soft\Field Labor","CREATOR OWNER","Allow","FullControl","True"
"Y:\ttbntfile1\shared\appsdata\groups\15-Finance\1-Reporting\2014\Financials\12-2014 - Soft\Field Labor","BUILTIN\Administrators","Allow","FullControl","True"
"Y:\ttbntfile1\shared\appsdata\groups\15-Finance\1-Reporting\2014\Financials\12-2014 - Soft\Field Labor","NT AUTHORITY\SYSTEM","Allow","FullControl","True"
"Y:\ttbntfile1\shared\appsdata\groups\15-Finance\1-Reporting\2014\Financials\12-2014 - Soft\Field Labor","TONNANDBLANK\Finance","Allow","FullControl","True"
"Y:\ttbntfile1\shared\appsdata\groups\15-Finance\1-Reporting\2014\Financials\12-2014 Hard\Corporate","TONNANDBLANK\impactadmin","Allow","FullControl","True"
"Y:\ttbntfile1\shared\appsdata\groups\15-Finance\1-Reporting\2014\Financials\12-2014 Hard\Corporate","CREATOR OWNER","Allow","FullControl","True"
"Y:\ttbntfile1\shared\appsdata\groups\15-Finance\1-Reporting\2014\Financials\12-2014 Hard\Corporate","BUILTIN\Administrators","Allow","FullControl","True"
"Y:\ttbntfile1\shared\appsdata\groups\15-Finance\1-Reporting\2014\Financials\12-2014 Hard\Corporate","NT AUTHORITY\SYSTEM","Allow","FullControl","True"
"Y:\ttbntfile1\shared\appsdata\groups\15-Finance\1-Reporting\2014\Financials\12-2014 Hard\Corporate","TONNANDBLANK\Finance","Allow","FullControl","True"
"Y:\ttbntfile1\shared\appsdata\groups\15-Finance\1-Reporting\2014\Financials\12-2014 Hard\Financials - Cost Ctr Reporting","TONNANDBLANK\impactadmin","Allow","FullControl","True"
"Y:\ttbntfile1\shared\appsdata\groups\15-Finance\1-Reporting\2014\Financials\12-2014 Hard\Financials - Cost Ctr Reporting","CREATOR OWNER","Allow","FullControl","True"
"Y:\ttbntfile1\shared\appsdata\groups\15-Finance\1-Reporting\2014\Financials\12-2014 Hard\Financials - Cost Ctr Reporting","BUILTIN\Administrators","Allow","FullControl","True"
"Y:\ttbntfile1\shared\appsdata\groups\15-Finance\1-Reporting\2014\Financials\12-2014 Hard\Financials - Cost Ctr Reporting","NT AUTHORITY\SYSTEM","Allow","FullControl","True"
"Y:\ttbntfile1\shared\appsdata\groups\15-Finance\1-Reporting\2014\Financials\12-2014 Hard\Financials - Cost Ctr Reporting","TONNANDBLANK\Finance","Allow","FullControl","True"
"Y:\ttbntfile1\shared\appsdata\groups\15-Finance\1-Reporting\2015\Billable_Hours","TONNANDBLANK\impactadmin","Allow","FullControl","True"
"Y:\ttbntfile1\shared\appsdata\groups\15-Finance\1-Reporting\2015\Billable_Hours","CREATOR OWNER","Allow","FullControl","True"
"Y:\ttbntfile1\shared\appsdata\groups\15-Finance\1-Reporting\2015\Billable_Hours","BUILTIN\Administrators","Allow","FullControl","True"
"Y:\ttbntfile1\shared\appsdata\groups\15-Finance\1-Reporting\2015\Billable_Hours","NT AUTHORITY\SYSTEM","Allow","FullControl","True"
"Y:\ttbntfile1\shared\appsdata\groups\15-Finance\1-Reporting\2015\Billable_Hours","TONNANDBLANK\Finance","Allow","FullControl","True"
"Y:\ttbntfile1\shared\appsdata\groups\15-Finance\1-Reporting\2015\Budgets & Forecasts","TONNANDBLANK\impactadmin","Allow","FullControl","True"
"Y:\ttbntfile1\shared\appsdata\groups\15-Finance\1-Reporting\2015\Budgets & Forecasts","CREATOR OWNER","Allow","FullControl","True"
"Y:\ttbntfile1\shared\appsdata\groups\15-Finance\1-Reporting\2015\Budgets & Forecasts","BUILTIN\Administrators","Allow","FullControl","True"
"Y:\ttbntfile1\shared\appsdata\groups\15-Finance\1-Reporting\2015\Budgets & Forecasts","NT AUTHORITY\SYSTEM","Allow","FullControl","True"
"Y:\ttbntfile1\shared\appsdata\groups\15-Finance\1-Reporting\2015\Budgets & Forecasts","TONNANDBLANK\Finance","Allow","FullControl","True"
"Y:\ttbntfile1\shared\appsdata\groups\15-Finance\1-Reporting\2015\Closed Jobs","TONNANDBLANK\impactadmin","Allow","FullControl","True"
"Y:\ttbntfile1\shared\appsdata\groups\15-Finance\1-Reporting\2015\Closed Jobs","CREATOR OWNER","Allow","FullControl","True"
"Y:\ttbntfile1\shared\appsdata\groups\15-Finance\1-Reporting\2015\Closed Jobs","BUILTIN\Administrators","Allow","FullControl","True"
"Y:\ttbntfile1\shared\appsdata\groups\15-Finance\1-Reporting\2015\Closed Jobs","NT AUTHORITY\SYSTEM","Allow","FullControl","True"
"Y:\ttbntfile1\shared\appsdata\groups\15-Finance\1-Reporting\2015\Closed Jobs","TONNANDBLANK\Finance","Allow","FullControl","True"
"Y:\ttbntfile1\shared\appsdata\groups\15-Finance\1-Reporting\2015\Financials","TONNANDBLANK\impactadmin","Allow","FullControl","True"
"Y:\ttbntfile1\shared\appsdata\groups\15-Finance\1-Reporting\2015\Financials","CREATOR OWNER","Allow","FullControl","True"
"Y:\ttbntfile1\shared\appsdata\groups\15-Finance\1-Reporting\2015\Financials","BUILTIN\Administrators","Allow","FullControl","True"
"Y:\ttbntfile1\shared\appsdata\groups\15-Finance\1-Reporting\2015\Financials","NT AUTHORITY\SYSTEM","Allow","FullControl","True"
"Y:\ttbntfile1\shared\appsdata\groups\15-Finance\1-Reporting\2015\Financials","TONNANDBLANK\Finance","Allow","FullControl","True"
"Y:\ttbntfile1\shared\appsdata\groups\15-Finance\1-Reporting\2015\PM_Revenue","TONNANDBLANK\impactadmin","Allow","FullControl","True"
"Y:\ttbntfile1\shared\appsdata\groups\15-Finance\1-Reporting\2015\PM_Revenue","CREATOR OWNER","Allow","FullControl","True"
"Y:\ttbntfile1\shared\appsdata\groups\15-Finance\1-Reporting\2015\PM_Revenue","BUILTIN\Administrators","Allow","FullControl","True"
"Y:\ttbntfile1\shared\appsdata\groups\15-Finance\1-Reporting\2015\PM_Revenue","NT AUTHORITY\SYSTEM","Allow","FullControl","True"
"Y:\ttbntfile1\shared\appsdata\groups\15-Finance\1-Reporting\2015\PM_Revenue","TONNANDBLANK\Finance","Allow","FullControl","True"
"Y:\ttbntfile1\shared\appsdata\groups\15-Finance\1-Reporting\2015\Billable_Hours\Engineering","TONNANDBLANK\impactadmin","Allow","FullControl","True"
"Y:\ttbntfile1\shared\appsdata\groups\15-Finance\1-Reporting\2015\Billable_Hours\Engineering","CREATOR OWNER","Allow","FullControl","True"
"Y:\ttbntfile1\shared\appsdata\groups\15-Finance\1-Reporting\2015\Billable_Hours\Engineering","BUILTIN\Administrators","Allow","FullControl","True"
"Y:\ttbntfile1\shared\appsdata\groups\15-Finance\1-Reporting\2015\Billable_Hours\Engineering","NT AUTHORITY\SYSTEM","Allow","FullControl","True"
"Y:\ttbntfile1\shared\appsdata\groups\15-Finance\1-Reporting\2015\Billable_Hours\Engineering","TONNANDBLANK\Finance","Allow","FullControl","True"
"Y:\ttbntfile1\shared\appsdata\groups\15-Finance\1-Reporting\2015\Billable_Hours\PM","TONNANDBLANK\impactadmin","Allow","FullControl","True"
"Y:\ttbntfile1\shared\appsdata\groups\15-Finance\1-Reporting\2015\Billable_Hours\PM","CREATOR OWNER","Allow","FullControl","True"
"Y:\ttbntfile1\shared\appsdata\groups\15-Finance\1-Reporting\2015\Billable_Hours\PM","BUILTIN\Administrators","Allow","FullControl","True"
"Y:\ttbntfile1\shared\appsdata\groups\15-Finance\1-Reporting\2015\Billable_Hours\PM","NT AUTHORITY\SYSTEM","Allow","FullControl","True"
"Y:\ttbntfile1\shared\appsdata\groups\15-Finance\1-Reporting\2015\Billable_Hours\PM","TONNANDBLANK\Finance","Allow","FullControl","True"
"Y:\ttbntfile1\shared\appsdata\groups\15-Finance\1-Reporting\2015\Billable_Hours\Safety","TONNANDBLANK\impactadmin","Allow","FullControl","True"
"Y:\ttbntfile1\shared\appsdata\groups\15-Finance\1-Reporting\2015\Billable_Hours\Safety","CREATOR OWNER","Allow","FullControl","True"
"Y:\ttbntfile1\shared\appsdata\groups\15-Finance\1-Reporting\2015\Billable_Hours\Safety","BUILTIN\Administrators","Allow","FullControl","True"
"Y:\ttbntfile1\shared\appsdata\groups\15-Finance\1-Reporting\2015\Billable_Hours\Safety","NT AUTHORITY\SYSTEM","Allow","FullControl","True"
"Y:\ttbntfile1\shared\appsdata\groups\15-Finance\1-Reporting\2015\Billable_Hours\Safety","TONNANDBLANK\Finance","Allow","FullControl","True"
"Y:\ttbntfile1\shared\appsdata\groups\15-Finance\1-Reporting\2015\Financials\2015-01","TONNANDBLANK\impactadmin","Allow","FullControl","True"
"Y:\ttbntfile1\shared\appsdata\groups\15-Finance\1-Reporting\2015\Financials\2015-01","CREATOR OWNER","Allow","FullControl","True"
"Y:\ttbntfile1\shared\appsdata\groups\15-Finance\1-Reporting\2015\Financials\2015-01","BUILTIN\Administrators","Allow","FullControl","True"
"Y:\ttbntfile1\shared\appsdata\groups\15-Finance\1-Reporting\2015\Financials\2015-01","NT AUTHORITY\SYSTEM","Allow","FullControl","True"
"Y:\ttbntfile1\shared\appsdata\groups\15-Finance\1-Reporting\2015\Financials\2015-01","TONNANDBLANK\Finance","Allow","FullControl","True"
"Y:\ttbntfile1\shared\appsdata\groups\15-Finance\1-Reporting\2015\Financials\2015-02","TONNANDBLANK\impactadmin","Allow","FullControl","True"
"Y:\ttbntfile1\shared\appsdata\groups\15-Finance\1-Reporting\2015\Financials\2015-02","CREATOR OWNER","Allow","FullControl","True"
"Y:\ttbntfile1\shared\appsdata\groups\15-Finance\1-Reporting\2015\Financials\2015-02","BUILTIN\Administrators","Allow","FullControl","True"
"Y:\ttbntfile1\shared\appsdata\groups\15-Finance\1-Reporting\2015\Financials\2015-02","NT AUTHORITY\SYSTEM","Allow","FullControl","True"
"Y:\ttbntfile1\shared\appsdata\groups\15-Finance\1-Reporting\2015\Financials\2015-02","TONNANDBLANK\Finance","Allow","FullControl","True"
"Y:\ttbntfile1\shared\appsdata\groups\15-Finance\1-Reporting\2015\Financials\2015-03","TONNANDBLANK\impactadmin","Allow","FullControl","True"
"Y:\ttbntfile1\shared\appsdata\groups\15-Finance\1-Reporting\2015\Financials\2015-03","CREATOR OWNER","Allow","FullControl","True"
"Y:\ttbntfile1\shared\appsdata\groups\15-Finance\1-Reporting\2015\Financials\2015-03","BUILTIN\Administrators","Allow","FullControl","True"
"Y:\ttbntfile1\shared\appsdata\groups\15-Finance\1-Reporting\2015\Financials\2015-03","NT AUTHORITY\SYSTEM","Allow","FullControl","True"
"Y:\ttbntfile1\shared\appsdata\groups\15-Finance\1-Reporting\2015\Financials\2015-03","TONNANDBLANK\Finance","Allow","FullControl","True"
"Y:\ttbntfile1\shared\appsdata\groups\15-Finance\1-Reporting\2015\Financials\2015-04","TONNANDBLANK\impactadmin","Allow","FullControl","True"
"Y:\ttbntfile1\shared\appsdata\groups\15-Finance\1-Reporting\2015\Financials\2015-04","CREATOR OWNER","Allow","FullControl","True"
"Y:\ttbntfile1\shared\appsdata\groups\15-Finance\1-Reporting\2015\Financials\2015-04","BUILTIN\Administrators","Allow","FullControl","True"
"Y:\ttbntfile1\shared\appsdata\groups\15-Finance\1-Reporting\2015\Financials\2015-04","NT AUTHORITY\SYSTEM","Allow","FullControl","True"
"Y:\ttbntfile1\shared\appsdata\groups\15-Finance\1-Reporting\2015\Financials\2015-04","TONNANDBLANK\Finance","Allow","FullControl","True"
"Y:\ttbntfile1\shared\appsdata\groups\15-Finance\1-Reporting\2015\Financials\2015-05","TONNANDBLANK\impactadmin","Allow","FullControl","True"
"Y:\ttbntfile1\shared\appsdata\groups\15-Finance\1-Reporting\2015\Financials\2015-05","CREATOR OWNER","Allow","FullControl","True"
"Y:\ttbntfile1\shared\appsdata\groups\15-Finance\1-Reporting\2015\Financials\2015-05","BUILTIN\Administrators","Allow","FullControl","True"
"Y:\ttbntfile1\shared\appsdata\groups\15-Finance\1-Reporting\2015\Financials\2015-05","NT AUTHORITY\SYSTEM","Allow","FullControl","True"
"Y:\ttbntfile1\shared\appsdata\groups\15-Finance\1-Reporting\2015\Financials\2015-05","TONNANDBLANK\Finance","Allow","FullControl","True"
"Y:\ttbntfile1\shared\appsdata\groups\15-Finance\1-Reporting\2015\Financials\2015-06","TONNANDBLANK\impactadmin","Allow","FullControl","True"
"Y:\ttbntfile1\shared\appsdata\groups\15-Finance\1-Reporting\2015\Financials\2015-06","CREATOR OWNER","Allow","FullControl","True"
"Y:\ttbntfile1\shared\appsdata\groups\15-Finance\1-Reporting\2015\Financials\2015-06","BUILTIN\Administrators","Allow","FullControl","True"
"Y:\ttbntfile1\shared\appsdata\groups\15-Finance\1-Reporting\2015\Financials\2015-06","NT AUTHORITY\SYSTEM","Allow","FullControl","True"
"Y:\ttbntfile1\shared\appsdata\groups\15-Finance\1-Reporting\2015\Financials\2015-06","TONNANDBLANK\Finance","Allow","FullControl","True"
"Y:\ttbntfile1\shared\appsdata\groups\15-Finance\1-Reporting\2015\Financials\2015-07","TONNANDBLANK\impactadmin","Allow","FullControl","True"
"Y:\ttbntfile1\shared\appsdata\groups\15-Finance\1-Reporting\2015\Financials\2015-07","CREATOR OWNER","Allow","FullControl","True"
"Y:\ttbntfile1\shared\appsdata\groups\15-Finance\1-Reporting\2015\Financials\2015-07","BUILTIN\Administrators","Allow","FullControl","True"
"Y:\ttbntfile1\shared\appsdata\groups\15-Finance\1-Reporting\2015\Financials\2015-07","NT AUTHORITY\SYSTEM","Allow","FullControl","True"
"Y:\ttbntfile1\shared\appsdata\groups\15-Finance\1-Reporting\2015\Financials\2015-07","TONNANDBLANK\Finance","Allow","FullControl","True"
"Y:\ttbntfile1\shared\appsdata\groups\15-Finance\1-Reporting\2015\Financials\2015-08","TONNANDBLANK\impactadmin","Allow","FullControl","True"
"Y:\ttbntfile1\shared\appsdata\groups\15-Finance\1-Reporting\2015\Financials\2015-08","CREATOR OWNER","Allow","FullControl","True"
"Y:\ttbntfile1\shared\appsdata\groups\15-Finance\1-Reporting\2015\Financials\2015-08","BUILTIN\Administrators","Allow","FullControl","True"
"Y:\ttbntfile1\shared\appsdata\groups\15-Finance\1-Reporting\2015\Financials\2015-08","NT AUTHORITY\SYSTEM","Allow","FullControl","True"
"Y:\ttbntfile1\shared\appsdata\groups\15-Finance\1-Reporting\2015\Financials\2015-08","TONNANDBLANK\Finance","Allow","FullControl","True"
"Y:\ttbntfile1\shared\appsdata\groups\15-Finance\1-Reporting\2015\Financials\2015-09","TONNANDBLANK\impactadmin","Allow","FullControl","True"
"Y:\ttbntfile1\shared\appsdata\groups\15-Finance\1-Reporting\2015\Financials\2015-09","CREATOR OWNER","Allow","FullControl","True"
"Y:\ttbntfile1\shared\appsdata\groups\15-Finance\1-Reporting\2015\Financials\2015-09","BUILTIN\Administrators","Allow","FullControl","True"
"Y:\ttbntfile1\shared\appsdata\groups\15-Finance\1-Reporting\2015\Financials\2015-09","NT AUTHORITY\SYSTEM","Allow","FullControl","True"
"Y:\ttbntfile1\shared\appsdata\groups\15-Finance\1-Reporting\2015\Financials\2015-09","TONNANDBLANK\Finance","Allow","FullControl","True"
"Y:\ttbntfile1\shared\appsdata\groups\15-Finance\1-Reporting\2015\Financials\2015-10","TONNANDBLANK\impactadmin","Allow","FullControl","True"
"Y:\ttbntfile1\shared\appsdata\groups\15-Finance\1-Reporting\2015\Financials\2015-10","CREATOR OWNER","Allow","FullControl","True"
"Y:\ttbntfile1\shared\appsdata\groups\15-Finance\1-Reporting\2015\Financials\2015-10","BUILTIN\Administrators","Allow","FullControl","True"
"Y:\ttbntfile1\shared\appsdata\groups\15-Finance\1-Reporting\2015\Financials\2015-10","NT AUTHORITY\SYSTEM","Allow","FullControl","True"
"Y:\ttbntfile1\shared\appsdata\groups\15-Finance\1-Reporting\2015\Financials\2015-10","TONNANDBLANK\Finance","Allow","FullControl","True"
"Y:\ttbntfile1\shared\appsdata\groups\15-Finance\1-Reporting\2015\Financials\2015-11","TONNANDBLANK\impactadmin","Allow","FullControl","True"
"Y:\ttbntfile1\shared\appsdata\groups\15-Finance\1-Reporting\2015\Financials\2015-11","CREATOR OWNER","Allow","FullControl","True"
"Y:\ttbntfile1\shared\appsdata\groups\15-Finance\1-Reporting\2015\Financials\2015-11","BUILTIN\Administrators","Allow","FullControl","True"
"Y:\ttbntfile1\shared\appsdata\groups\15-Finance\1-Reporting\2015\Financials\2015-11","NT AUTHORITY\SYSTEM","Allow","FullControl","True"
"Y:\ttbntfile1\shared\appsdata\groups\15-Finance\1-Reporting\2015\Financials\2015-11","TONNANDBLANK\Finance","Allow","FullControl","True"
"Y:\ttbntfile1\shared\appsdata\groups\15-Finance\1-Reporting\2015\Financials\2015-01\2015-01 Cost Ctr Pnls","TONNANDBLANK\impactadmin","Allow","FullControl","True"
"Y:\ttbntfile1\shared\appsdata\groups\15-Finance\1-Reporting\2015\Financials\2015-01\2015-01 Cost Ctr Pnls","CREATOR OWNER","Allow","FullControl","True"
"Y:\ttbntfile1\shared\appsdata\groups\15-Finance\1-Reporting\2015\Financials\2015-01\2015-01 Cost Ctr Pnls","BUILTIN\Administrators","Allow","FullControl","True"
"Y:\ttbntfile1\shared\appsdata\groups\15-Finance\1-Reporting\2015\Financials\2015-01\2015-01 Cost Ctr Pnls","NT AUTHORITY\SYSTEM","Allow","FullControl","True"
"Y:\ttbntfile1\shared\appsdata\groups\15-Finance\1-Reporting\2015\Financials\2015-01\2015-01 Cost Ctr Pnls","TONNANDBLANK\Finance","Allow","FullControl","True"
"Y:\ttbntfile1\shared\appsdata\groups\15-Finance\1-Reporting\2015\Financials\2015-01\Field Labor","TONNANDBLANK\impactadmin","Allow","FullControl","True"
"Y:\ttbntfile1\shared\appsdata\groups\15-Finance\1-Reporting\2015\Financials\2015-01\Field Labor","CREATOR OWNER","Allow","FullControl","True"
"Y:\ttbntfile1\shared\appsdata\groups\15-Finance\1-Reporting\2015\Financials\2015-01\Field Labor","BUILTIN\Administrators","Allow","FullControl","True"
"Y:\ttbntfile1\shared\appsdata\groups\15-Finance\1-Reporting\2015\Financials\2015-01\Field Labor","NT AUTHORITY\SYSTEM","Allow","FullControl","True"
"Y:\ttbntfile1\shared\appsdata\groups\15-Finance\1-Reporting\2015\Financials\2015-01\Field Labor","TONNANDBLANK\Finance","Allow","FullControl","True"
"Y:\ttbntfile1\shared\appsdata\groups\15-Finance\1-Reporting\2015\Financials\2015-02\2015-02 Cost Ctr PnLs","TONNANDBLANK\impactadmin","Allow","FullControl","True"
"Y:\ttbntfile1\shared\appsdata\groups\15-Finance\1-Reporting\2015\Financials\2015-02\2015-02 Cost Ctr PnLs","CREATOR OWNER","Allow","FullControl","True"
"Y:\ttbntfile1\shared\appsdata\groups\15-Finance\1-Reporting\2015\Financials\2015-02\2015-02 Cost Ctr PnLs","BUILTIN\Administrators","Allow","FullControl","True"
"Y:\ttbntfile1\shared\appsdata\groups\15-Finance\1-Reporting\2015\Financials\2015-02\2015-02 Cost Ctr PnLs","NT AUTHORITY\SYSTEM","Allow","FullControl","True"
"Y:\ttbntfile1\shared\appsdata\groups\15-Finance\1-Reporting\2015\Financials\2015-02\2015-02 Cost Ctr PnLs","TONNANDBLANK\Finance","Allow","FullControl","True"
"Y:\ttbntfile1\shared\appsdata\groups\15-Finance\1-Reporting\2015\Financials\2015-02\Field Labor","TONNANDBLANK\impactadmin","Allow","FullControl","True"
"Y:\ttbntfile1\shared\appsdata\groups\15-Finance\1-Reporting\2015\Financials\2015-02\Field Labor","CREATOR OWNER","Allow","FullControl","True"
"Y:\ttbntfile1\shared\appsdata\groups\15-Finance\1-Reporting\2015\Financials\2015-02\Field Labor","BUILTIN\Administrators","Allow","FullControl","True"
"Y:\ttbntfile1\shared\appsdata\groups\15-Finance\1-Reporting\2015\Financials\2015-02\Field Labor","NT AUTHORITY\SYSTEM","Allow","FullControl","True"
"Y:\ttbntfile1\shared\appsdata\groups\15-Finance\1-Reporting\2015\Financials\2015-02\Field Labor","TONNANDBLANK\Finance","Allow","FullControl","True"
"Y:\ttbntfile1\shared\appsdata\groups\15-Finance\1-Reporting\2015\Financials\2015-03\2015-03 Cost Ctr PnLs","TONNANDBLANK\impactadmin","Allow","FullControl","True"
"Y:\ttbntfile1\shared\appsdata\groups\15-Finance\1-Reporting\2015\Financials\2015-03\2015-03 Cost Ctr PnLs","CREATOR OWNER","Allow","FullControl","True"
"Y:\ttbntfile1\shared\appsdata\groups\15-Finance\1-Reporting\2015\Financials\2015-03\2015-03 Cost Ctr PnLs","BUILTIN\Administrators","Allow","FullControl","True"
"Y:\ttbntfile1\shared\appsdata\groups\15-Finance\1-Reporting\2015\Financials\2015-03\2015-03 Cost Ctr PnLs","NT AUTHORITY\SYSTEM","Allow","FullControl","True"
"Y:\ttbntfile1\shared\appsdata\groups\15-Finance\1-Reporting\2015\Financials\2015-03\2015-03 Cost Ctr PnLs","TONNANDBLANK\Finance","Allow","FullControl","True"
"Y:\ttbntfile1\shared\appsdata\groups\15-Finance\1-Reporting\2015\Financials\2015-03\Field Labor","TONNANDBLANK\impactadmin","Allow","FullControl","True"
"Y:\ttbntfile1\shared\appsdata\groups\15-Finance\1-Reporting\2015\Financials\2015-03\Field Labor","CREATOR OWNER","Allow","FullControl","True"
"Y:\ttbntfile1\shared\appsdata\groups\15-Finance\1-Reporting\2015\Financials\2015-03\Field Labor","BUILTIN\Administrators","Allow","FullControl","True"
"Y:\ttbntfile1\shared\appsdata\groups\15-Finance\1-Reporting\2015\Financials\2015-03\Field Labor","NT AUTHORITY\SYSTEM","Allow","FullControl","True"
"Y:\ttbntfile1\shared\appsdata\groups\15-Finance\1-Reporting\2015\Financials\2015-03\Field Labor","TONNANDBLANK\Finance","Allow","FullControl","True"
"Y:\ttbntfile1\shared\appsdata\groups\15-Finance\1-Reporting\2015\Financials\2015-04\2015-04 Cost Ctr PnLs","TONNANDBLANK\impactadmin","Allow","FullControl","True"
"Y:\ttbntfile1\shared\appsdata\groups\15-Finance\1-Reporting\2015\Financials\2015-04\2015-04 Cost Ctr PnLs","CREATOR OWNER","Allow","FullControl","True"
"Y:\ttbntfile1\shared\appsdata\groups\15-Finance\1-Reporting\2015\Financials\2015-04\2015-04 Cost Ctr PnLs","BUILTIN\Administrators","Allow","FullControl","True"
"Y:\ttbntfile1\shared\appsdata\groups\15-Finance\1-Reporting\2015\Financials\2015-04\2015-04 Cost Ctr PnLs","NT AUTHORITY\SYSTEM","Allow","FullControl","True"
"Y:\ttbntfile1\shared\appsdata\groups\15-Finance\1-Reporting\2015\Financials\2015-04\2015-04 Cost Ctr PnLs","TONNANDBLANK\Finance","Allow","FullControl","True"
"Y:\ttbntfile1\shared\appsdata\groups\15-Finance\1-Reporting\2015\Financials\2015-04\Field Labor","TONNANDBLANK\impactadmin","Allow","FullControl","True"
"Y:\ttbntfile1\shared\appsdata\groups\15-Finance\1-Reporting\2015\Financials\2015-04\Field Labor","CREATOR OWNER","Allow","FullControl","True"
"Y:\ttbntfile1\shared\appsdata\groups\15-Finance\1-Reporting\2015\Financials\2015-04\Field Labor","BUILTIN\Administrators","Allow","FullControl","True"
"Y:\ttbntfile1\shared\appsdata\groups\15-Finance\1-Reporting\2015\Financials\2015-04\Field Labor","NT AUTHORITY\SYSTEM","Allow","FullControl","True"
"Y:\ttbntfile1\shared\appsdata\groups\15-Finance\1-Reporting\2015\Financials\2015-04\Field Labor","TONNANDBLANK\Finance","Allow","FullControl","True"
"Y:\ttbntfile1\shared\appsdata\groups\15-Finance\1-Reporting\2015\Financials\2015-05\2015-05 Cost Ctr PnLs","TONNANDBLANK\impactadmin","Allow","FullControl","True"
"Y:\ttbntfile1\shared\appsdata\groups\15-Finance\1-Reporting\2015\Financials\2015-05\2015-05 Cost Ctr PnLs","CREATOR OWNER","Allow","FullControl","True"
"Y:\ttbntfile1\shared\appsdata\groups\15-Finance\1-Reporting\2015\Financials\2015-05\2015-05 Cost Ctr PnLs","BUILTIN\Administrators","Allow","FullControl","True"
"Y:\ttbntfile1\shared\appsdata\groups\15-Finance\1-Reporting\2015\Financials\2015-05\2015-05 Cost Ctr PnLs","NT AUTHORITY\SYSTEM","Allow","FullControl","True"
"Y:\ttbntfile1\shared\appsdata\groups\15-Finance\1-Reporting\2015\Financials\2015-05\2015-05 Cost Ctr PnLs","TONNANDBLANK\Finance","Allow","FullControl","True"
"Y:\ttbntfile1\shared\appsdata\groups\15-Finance\1-Reporting\2015\Financials\2015-05\Field Labor","TONNANDBLANK\impactadmin","Allow","FullControl","True"
"Y:\ttbntfile1\shared\appsdata\groups\15-Finance\1-Reporting\2015\Financials\2015-05\Field Labor","CREATOR OWNER","Allow","FullControl","True"
"Y:\ttbntfile1\shared\appsdata\groups\15-Finance\1-Reporting\2015\Financials\2015-05\Field Labor","BUILTIN\Administrators","Allow","FullControl","True"
"Y:\ttbntfile1\shared\appsdata\groups\15-Finance\1-Reporting\2015\Financials\2015-05\Field Labor","NT AUTHORITY\SYSTEM","Allow","FullControl","True"
"Y:\ttbntfile1\shared\appsdata\groups\15-Finance\1-Reporting\2015\Financials\2015-05\Field Labor","TONNANDBLANK\Finance","Allow","FullControl","True"
"Y:\ttbntfile1\shared\appsdata\groups\15-Finance\1-Reporting\2015\Financials\2015-06\2015-06 Cost Ctr PnLs","TONNANDBLANK\impactadmin","Allow","FullControl","True"
"Y:\ttbntfile1\shared\appsdata\groups\15-Finance\1-Reporting\2015\Financials\2015-06\2015-06 Cost Ctr PnLs","CREATOR OWNER","Allow","FullControl","True"
"Y:\ttbntfile1\shared\appsdata\groups\15-Finance\1-Reporting\2015\Financials\2015-06\2015-06 Cost Ctr PnLs","BUILTIN\Administrators","Allow","FullControl","True"
"Y:\ttbntfile1\shared\appsdata\groups\15-Finance\1-Reporting\2015\Financials\2015-06\2015-06 Cost Ctr PnLs","NT AUTHORITY\SYSTEM","Allow","FullControl","True"
"Y:\ttbntfile1\shared\appsdata\groups\15-Finance\1-Reporting\2015\Financials\2015-06\2015-06 Cost Ctr PnLs","TONNANDBLANK\Finance","Allow","FullControl","True"
"Y:\ttbntfile1\shared\appsdata\groups\15-Finance\1-Reporting\2015\Financials\2015-06\Field Labor","TONNANDBLANK\impactadmin","Allow","FullControl","True"
"Y:\ttbntfile1\shared\appsdata\groups\15-Finance\1-Reporting\2015\Financials\2015-06\Field Labor","CREATOR OWNER","Allow","FullControl","True"
"Y:\ttbntfile1\shared\appsdata\groups\15-Finance\1-Reporting\2015\Financials\2015-06\Field Labor","BUILTIN\Administrators","Allow","FullControl","True"
"Y:\ttbntfile1\shared\appsdata\groups\15-Finance\1-Reporting\2015\Financials\2015-06\Field Labor","NT AUTHORITY\SYSTEM","Allow","FullControl","True"
"Y:\ttbntfile1\shared\appsdata\groups\15-Finance\1-Reporting\2015\Financials\2015-06\Field Labor","TONNANDBLANK\Finance","Allow","FullControl","True"
"Y:\ttbntfile1\shared\appsdata\groups\15-Finance\1-Reporting\2015\Financials\2015-07\2015-07 Cost Ctr PnLs","TONNANDBLANK\impactadmin","Allow","FullControl","True"
"Y:\ttbntfile1\shared\appsdata\groups\15-Finance\1-Reporting\2015\Financials\2015-07\2015-07 Cost Ctr PnLs","CREATOR OWNER","Allow","FullControl","True"
"Y:\ttbntfile1\shared\appsdata\groups\15-Finance\1-Reporting\2015\Financials\2015-07\2015-07 Cost Ctr PnLs","BUILTIN\Administrators","Allow","FullControl","True"
"Y:\ttbntfile1\shared\appsdata\groups\15-Finance\1-Reporting\2015\Financials\2015-07\2015-07 Cost Ctr PnLs","NT AUTHORITY\SYSTEM","Allow","FullControl","True"
"Y:\ttbntfile1\shared\appsdata\groups\15-Finance\1-Reporting\2015\Financials\2015-07\2015-07 Cost Ctr PnLs","TONNANDBLANK\Finance","Allow","FullControl","True"
"Y:\ttbntfile1\shared\appsdata\groups\15-Finance\1-Reporting\2015\Financials\2015-07\Field Labor","TONNANDBLANK\impactadmin","Allow","FullControl","True"
"Y:\ttbntfile1\shared\appsdata\groups\15-Finance\1-Reporting\2015\Financials\2015-07\Field Labor","CREATOR OWNER","Allow","FullControl","True"
"Y:\ttbntfile1\shared\appsdata\groups\15-Finance\1-Reporting\2015\Financials\2015-07\Field Labor","BUILTIN\Administrators","Allow","FullControl","True"
"Y:\ttbntfile1\shared\appsdata\groups\15-Finance\1-Reporting\2015\Financials\2015-07\Field Labor","NT AUTHORITY\SYSTEM","Allow","FullControl","True"
"Y:\ttbntfile1\shared\appsdata\groups\15-Finance\1-Reporting\2015\Financials\2015-07\Field Labor","TONNANDBLANK\Finance","Allow","FullControl","True"
"Y:\ttbntfile1\shared\appsdata\groups\15-Finance\1-Reporting\2015\Financials\2015-08\Cost Ctr PnLs","TONNANDBLANK\impactadmin","Allow","FullControl","True"
"Y:\ttbntfile1\shared\appsdata\groups\15-Finance\1-Reporting\2015\Financials\2015-08\Cost Ctr PnLs","CREATOR OWNER","Allow","FullControl","True"
"Y:\ttbntfile1\shared\appsdata\groups\15-Finance\1-Reporting\2015\Financials\2015-08\Cost Ctr PnLs","BUILTIN\Administrators","Allow","FullControl","True"
"Y:\ttbntfile1\shared\appsdata\groups\15-Finance\1-Reporting\2015\Financials\2015-08\Cost Ctr PnLs","NT AUTHORITY\SYSTEM","Allow","FullControl","True"
"Y:\ttbntfile1\shared\appsdata\groups\15-Finance\1-Reporting\2015\Financials\2015-08\Cost Ctr PnLs","TONNANDBLANK\Finance","Allow","FullControl","True"
"Y:\ttbntfile1\shared\appsdata\groups\15-Finance\1-Reporting\2015\Financials\2015-08\Field Labor","TONNANDBLANK\impactadmin","Allow","FullControl","True"
"Y:\ttbntfile1\shared\appsdata\groups\15-Finance\1-Reporting\2015\Financials\2015-08\Field Labor","CREATOR OWNER","Allow","FullControl","True"
"Y:\ttbntfile1\shared\appsdata\groups\15-Finance\1-Reporting\2015\Financials\2015-08\Field Labor","BUILTIN\Administrators","Allow","FullControl","True"
"Y:\ttbntfile1\shared\appsdata\groups\15-Finance\1-Reporting\2015\Financials\2015-08\Field Labor","NT AUTHORITY\SYSTEM","Allow","FullControl","True"
"Y:\ttbntfile1\shared\appsdata\groups\15-Finance\1-Reporting\2015\Financials\2015-08\Field Labor","TONNANDBLANK\Finance","Allow","FullControl","True"
"Y:\ttbntfile1\shared\appsdata\groups\15-Finance\1-Reporting\2015\Financials\2015-09\Cost Ctr PnL","TONNANDBLANK\impactadmin","Allow","FullControl","True"
"Y:\ttbntfile1\shared\appsdata\groups\15-Finance\1-Reporting\2015\Financials\2015-09\Cost Ctr PnL","CREATOR OWNER","Allow","FullControl","True"
"Y:\ttbntfile1\shared\appsdata\groups\15-Finance\1-Reporting\2015\Financials\2015-09\Cost Ctr PnL","BUILTIN\Administrators","Allow","FullControl","True"
"Y:\ttbntfile1\shared\appsdata\groups\15-Finance\1-Reporting\2015\Financials\2015-09\Cost Ctr PnL","NT AUTHORITY\SYSTEM","Allow","FullControl","True"
"Y:\ttbntfile1\shared\appsdata\groups\15-Finance\1-Reporting\2015\Financials\2015-09\Cost Ctr PnL","TONNANDBLANK\Finance","Allow","FullControl","True"
"Y:\ttbntfile1\shared\appsdata\groups\15-Finance\1-Reporting\2015\Financials\2015-09\Field Labor","TONNANDBLANK\impactadmin","Allow","FullControl","True"
"Y:\ttbntfile1\shared\appsdata\groups\15-Finance\1-Reporting\2015\Financials\2015-09\Field Labor","CREATOR OWNER","Allow","FullControl","True"
"Y:\ttbntfile1\shared\appsdata\groups\15-Finance\1-Reporting\2015\Financials\2015-09\Field Labor","BUILTIN\Administrators","Allow","FullControl","True"
"Y:\ttbntfile1\shared\appsdata\groups\15-Finance\1-Reporting\2015\Financials\2015-09\Field Labor","NT AUTHORITY\SYSTEM","Allow","FullControl","True"
"Y:\ttbntfile1\shared\appsdata\groups\15-Finance\1-Reporting\2015\Financials\2015-09\Field Labor","TONNANDBLANK\Finance","Allow","FullControl","True"
"Y:\ttbntfile1\shared\appsdata\groups\15-Finance\1-Reporting\2015\Financials\2015-10\Cost Ctr PnLs","TONNANDBLANK\impactadmin","Allow","FullControl","True"
"Y:\ttbntfile1\shared\appsdata\groups\15-Finance\1-Reporting\2015\Financials\2015-10\Cost Ctr PnLs","CREATOR OWNER","Allow","FullControl","True"
"Y:\ttbntfile1\shared\appsdata\groups\15-Finance\1-Reporting\2015\Financials\2015-10\Cost Ctr PnLs","BUILTIN\Administrators","Allow","FullControl","True"
"Y:\ttbntfile1\shared\appsdata\groups\15-Finance\1-Reporting\2015\Financials\2015-10\Cost Ctr PnLs","NT AUTHORITY\SYSTEM","Allow","FullControl","True"
"Y:\ttbntfile1\shared\appsdata\groups\15-Finance\1-Reporting\2015\Financials\2015-10\Cost Ctr PnLs","TONNANDBLANK\Finance","Allow","FullControl","True"
"Y:\ttbntfile1\shared\appsdata\groups\15-Finance\1-Reporting\2015\Financials\2015-10\Field Labor","TONNANDBLANK\impactadmin","Allow","FullControl","True"
"Y:\ttbntfile1\shared\appsdata\groups\15-Finance\1-Reporting\2015\Financials\2015-10\Field Labor","CREATOR OWNER","Allow","FullControl","True"
"Y:\ttbntfile1\shared\appsdata\groups\15-Finance\1-Reporting\2015\Financials\2015-10\Field Labor","BUILTIN\Administrators","Allow","FullControl","True"
"Y:\ttbntfile1\shared\appsdata\groups\15-Finance\1-Reporting\2015\Financials\2015-10\Field Labor","NT AUTHORITY\SYSTEM","Allow","FullControl","True"
"Y:\ttbntfile1\shared\appsdata\groups\15-Finance\1-Reporting\2015\Financials\2015-10\Field Labor","TONNANDBLANK\Finance","Allow","FullControl","True"
"Y:\ttbntfile1\shared\appsdata\groups\15-Finance\1-Reporting\2015\Financials\2015-11\Cost Ctr PnLs","TONNANDBLANK\impactadmin","Allow","FullControl","True"
"Y:\ttbntfile1\shared\appsdata\groups\15-Finance\1-Reporting\2015\Financials\2015-11\Cost Ctr PnLs","CREATOR OWNER","Allow","FullControl","True"
"Y:\ttbntfile1\shared\appsdata\groups\15-Finance\1-Reporting\2015\Financials\2015-11\Cost Ctr PnLs","BUILTIN\Administrators","Allow","FullControl","True"
"Y:\ttbntfile1\shared\appsdata\groups\15-Finance\1-Reporting\2015\Financials\2015-11\Cost Ctr PnLs","NT AUTHORITY\SYSTEM","Allow","FullControl","True"
"Y:\ttbntfile1\shared\appsdata\groups\15-Finance\1-Reporting\2015\Financials\2015-11\Cost Ctr PnLs","TONNANDBLANK\Finance","Allow","FullControl","True"
"Y:\ttbntfile1\shared\appsdata\groups\15-Finance\1-Reporting\2015\Financials\2015-11\Field Labor","TONNANDBLANK\impactadmin","Allow","FullControl","True"
"Y:\ttbntfile1\shared\appsdata\groups\15-Finance\1-Reporting\2015\Financials\2015-11\Field Labor","CREATOR OWNER","Allow","FullControl","True"
"Y:\ttbntfile1\shared\appsdata\groups\15-Finance\1-Reporting\2015\Financials\2015-11\Field Labor","BUILTIN\Administrators","Allow","FullControl","True"
"Y:\ttbntfile1\shared\appsdata\groups\15-Finance\1-Reporting\2015\Financials\2015-11\Field Labor","NT AUTHORITY\SYSTEM","Allow","FullControl","True"
"Y:\ttbntfile1\shared\appsdata\groups\15-Finance\1-Reporting\2015\Financials\2015-11\Field Labor","TONNANDBLANK\Finance","Allow","FullControl","True"
"Y:\ttbntfile1\shared\appsdata\groups\15-Finance\1-Reporting\2016\Budget Submission","TONNANDBLANK\impactadmin","Allow","FullControl","True"
"Y:\ttbntfile1\shared\appsdata\groups\15-Finance\1-Reporting\2016\Budget Submission","CREATOR OWNER","Allow","FullControl","True"
"Y:\ttbntfile1\shared\appsdata\groups\15-Finance\1-Reporting\2016\Budget Submission","BUILTIN\Administrators","Allow","FullControl","True"
"Y:\ttbntfile1\shared\appsdata\groups\15-Finance\1-Reporting\2016\Budget Submission","NT AUTHORITY\SYSTEM","Allow","FullControl","True"
"Y:\ttbntfile1\shared\appsdata\groups\15-Finance\1-Reporting\2016\Budget Submission","TONNANDBLANK\Finance","Allow","FullControl","True"
"Y:\ttbntfile1\shared\appsdata\groups\15-Finance\1-Reporting\Compensation\Compensation Review","TONNANDBLANK\impactadmin","Allow","FullControl","True"
"Y:\ttbntfile1\shared\appsdata\groups\15-Finance\1-Reporting\Compensation\Compensation Review","CREATOR OWNER","Allow","FullControl","True"
"Y:\ttbntfile1\shared\appsdata\groups\15-Finance\1-Reporting\Compensation\Compensation Review","BUILTIN\Administrators","Allow","FullControl","True"
"Y:\ttbntfile1\shared\appsdata\groups\15-Finance\1-Reporting\Compensation\Compensation Review","NT AUTHORITY\SYSTEM","Allow","FullControl","True"
"Y:\ttbntfile1\shared\appsdata\groups\15-Finance\1-Reporting\Compensation\Compensation Review","TONNANDBLANK\Finance","Allow","FullControl","True"
"Y:\ttbntfile1\shared\appsdata\groups\15-Finance\1-Reporting\Compensation\Field","TONNANDBLANK\impactadmin","Allow","FullControl","True"
"Y:\ttbntfile1\shared\appsdata\groups\15-Finance\1-Reporting\Compensation\Field","CREATOR OWNER","Allow","FullControl","True"
"Y:\ttbntfile1\shared\appsdata\groups\15-Finance\1-Reporting\Compensation\Field","BUILTIN\Administrators","Allow","FullControl","True"
"Y:\ttbntfile1\shared\appsdata\groups\15-Finance\1-Reporting\Compensation\Field","NT AUTHORITY\SYSTEM","Allow","FullControl","True"
"Y:\ttbntfile1\shared\appsdata\groups\15-Finance\1-Reporting\Compensation\Field","TONNANDBLANK\Finance","Allow","FullControl","True"
"Y:\ttbntfile1\shared\appsdata\groups\15-Finance\10-PayrollSubmissions\1-ByYear","TONNANDBLANK\impactadmin","Allow","FullControl","True"
"Y:\ttbntfile1\shared\appsdata\groups\15-Finance\10-PayrollSubmissions\1-ByYear","CREATOR OWNER","Allow","FullControl","True"
"Y:\ttbntfile1\shared\appsdata\groups\15-Finance\10-PayrollSubmissions\1-ByYear","BUILTIN\Administrators","Allow","FullControl","True"
"Y:\ttbntfile1\shared\appsdata\groups\15-Finance\10-PayrollSubmissions\1-ByYear","NT AUTHORITY\SYSTEM","Allow","FullControl","True"
"Y:\ttbntfile1\shared\appsdata\groups\15-Finance\10-PayrollSubmissions\1-ByYear","TONNANDBLANK\Finance","Allow","FullControl","True"
"Y:\ttbntfile1\shared\appsdata\groups\15-Finance\4-EquipmentUtilization\1-ByYear","TONNANDBLANK\impactadmin","Allow","FullControl","True"
"Y:\ttbntfile1\shared\appsdata\groups\15-Finance\4-EquipmentUtilization\1-ByYear","CREATOR OWNER","Allow","FullControl","True"
"Y:\ttbntfile1\shared\appsdata\groups\15-Finance\4-EquipmentUtilization\1-ByYear","BUILTIN\Administrators","Allow","FullControl","True"
"Y:\ttbntfile1\shared\appsdata\groups\15-Finance\4-EquipmentUtilization\1-ByYear","NT AUTHORITY\SYSTEM","Allow","FullControl","True"
"Y:\ttbntfile1\shared\appsdata\groups\15-Finance\4-EquipmentUtilization\1-ByYear","TONNANDBLANK\Finance","Allow","FullControl","True"
"Y:\ttbntfile1\shared\appsdata\groups\15-Finance\5-Financials\1-ByYear","TONNANDBLANK\impactadmin","Allow","FullControl","True"
"Y:\ttbntfile1\shared\appsdata\groups\15-Finance\5-Financials\1-ByYear","CREATOR OWNER","Allow","FullControl","True"
"Y:\ttbntfile1\shared\appsdata\groups\15-Finance\5-Financials\1-ByYear","BUILTIN\Administrators","Allow","FullControl","True"
"Y:\ttbntfile1\shared\appsdata\groups\15-Finance\5-Financials\1-ByYear","NT AUTHORITY\SYSTEM","Allow","FullControl","True"
"Y:\ttbntfile1\shared\appsdata\groups\15-Finance\5-Financials\1-ByYear","TONNANDBLANK\Finance","Allow","FullControl","True"
"Y:\ttbntfile1\shared\appsdata\groups\15-Finance\6-Investments\1-ByYear","TONNANDBLANK\impactadmin","Allow","FullControl","True"
"Y:\ttbntfile1\shared\appsdata\groups\15-Finance\6-Investments\1-ByYear","CREATOR OWNER","Allow","FullControl","True"
"Y:\ttbntfile1\shared\appsdata\groups\15-Finance\6-Investments\1-ByYear","BUILTIN\Administrators","Allow","FullControl","True"
"Y:\ttbntfile1\shared\appsdata\groups\15-Finance\6-Investments\1-ByYear","NT AUTHORITY\SYSTEM","Allow","FullControl","True"
"Y:\ttbntfile1\shared\appsdata\groups\15-Finance\6-Investments\1-ByYear","TONNANDBLANK\Finance","Allow","FullControl","True"
"Y:\ttbntfile1\shared\appsdata\groups\15-Finance\7-JobAnalysisProfit\1-ByYear","TONNANDBLANK\impactadmin","Allow","FullControl","True"
"Y:\ttbntfile1\shared\appsdata\groups\15-Finance\7-JobAnalysisProfit\1-ByYear","CREATOR OWNER","Allow","FullControl","True"
"Y:\ttbntfile1\shared\appsdata\groups\15-Finance\7-JobAnalysisProfit\1-ByYear","BUILTIN\Administrators","Allow","FullControl","True"
"Y:\ttbntfile1\shared\appsdata\groups\15-Finance\7-JobAnalysisProfit\1-ByYear","NT AUTHORITY\SYSTEM","Allow","FullControl","True"
"Y:\ttbntfile1\shared\appsdata\groups\15-Finance\7-JobAnalysisProfit\1-ByYear","TONNANDBLANK\Finance","Allow","FullControl","True"
"Y:\ttbntfile1\shared\appsdata\groups\15-Finance\8-JournalEntries\1-ByYear","TONNANDBLANK\impactadmin","Allow","FullControl","True"
"Y:\ttbntfile1\shared\appsdata\groups\15-Finance\8-JournalEntries\1-ByYear","CREATOR OWNER","Allow","FullControl","True"
"Y:\ttbntfile1\shared\appsdata\groups\15-Finance\8-JournalEntries\1-ByYear","BUILTIN\Administrators","Allow","FullControl","True"
"Y:\ttbntfile1\shared\appsdata\groups\15-Finance\8-JournalEntries\1-ByYear","NT AUTHORITY\SYSTEM","Allow","FullControl","True"
"Y:\ttbntfile1\shared\appsdata\groups\15-Finance\8-JournalEntries\1-ByYear","TONNANDBLANK\Finance","Allow","FullControl","True"
"Y:\ttbntfile1\shared\appsdata\groups\15-Finance\9-MonthEndOperations\1-ByYear","TONNANDBLANK\impactadmin","Allow","FullControl","True"
"Y:\ttbntfile1\shared\appsdata\groups\15-Finance\9-MonthEndOperations\1-ByYear","CREATOR OWNER","Allow","FullControl","True"
"Y:\ttbntfile1\shared\appsdata\groups\15-Finance\9-MonthEndOperations\1-ByYear","BUILTIN\Administrators","Allow","FullControl","True"
"Y:\ttbntfile1\shared\appsdata\groups\15-Finance\9-MonthEndOperations\1-ByYear","NT AUTHORITY\SYSTEM","Allow","FullControl","True"
"Y:\ttbntfile1\shared\appsdata\groups\15-Finance\9-MonthEndOperations\1-ByYear","TONNANDBLANK\Finance","Allow","FullControl","True"
