"Path","Identity","AccessType","Rights","Inheritance"
"Y:\ttbntfile1\shared\appsdata\groups\17-Xeroxscans\Accounting","TONNANDBLANK\AVD Test Users","Allow","FullControl","True"
"Y:\ttbntfile1\shared\appsdata\groups\17-Xeroxscans\Accounting","TONNANDBLANK\impactadmin","Allow","FullControl","True"
"Y:\ttbntfile1\shared\appsdata\groups\17-Xeroxscans\Accounting","CREATOR OWNER","Allow","FullControl","True"
"Y:\ttbntfile1\shared\appsdata\groups\17-Xeroxscans\Accounting","BUILTIN\Administrators","Allow","FullControl","True"
"Y:\ttbntfile1\shared\appsdata\groups\17-Xeroxscans\Accounting","NT AUTHORITY\SYSTEM","Allow","FullControl","True"
"Y:\ttbntfile1\shared\appsdata\groups\17-Xeroxscans\Allison","TONNANDBLANK\AVD Test Users","Allow","FullControl","True"
"Y:\ttbntfile1\shared\appsdata\groups\17-Xeroxscans\Allison","TONNANDBLANK\impactadmin","Allow","FullControl","True"
"Y:\ttbntfile1\shared\appsdata\groups\17-Xeroxscans\Allison","CREATOR OWNER","Allow","FullControl","True"
"Y:\ttbntfile1\shared\appsdata\groups\17-Xeroxscans\Allison","BUILTIN\Administrators","Allow","FullControl","True"
"Y:\ttbntfile1\shared\appsdata\groups\17-Xeroxscans\Allison","NT AUTHORITY\SYSTEM","Allow","FullControl","True"
"Y:\ttbntfile1\shared\appsdata\groups\17-Xeroxscans\Amanda","TONNANDBLANK\AVD Test Users","Allow","FullControl","True"
"Y:\ttbntfile1\shared\appsdata\groups\17-Xeroxscans\Amanda","TONNANDBLANK\impactadmin","Allow","FullControl","True"
"Y:\ttbntfile1\shared\appsdata\groups\17-Xeroxscans\Amanda","CREATOR OWNER","Allow","FullControl","True"
"Y:\ttbntfile1\shared\appsdata\groups\17-Xeroxscans\Amanda","BUILTIN\Administrators","Allow","FullControl","True"
"Y:\ttbntfile1\shared\appsdata\groups\17-Xeroxscans\Amanda","NT AUTHORITY\SYSTEM","Allow","FullControl","True"
"Y:\ttbntfile1\shared\appsdata\groups\17-Xeroxscans\Austin","TONNANDBLANK\AVD Test Users","Allow","FullControl","True"
"Y:\ttbntfile1\shared\appsdata\groups\17-Xeroxscans\Austin","TONNANDBLANK\impactadmin","Allow","FullControl","True"
"Y:\ttbntfile1\shared\appsdata\groups\17-Xeroxscans\Austin","CREATOR OWNER","Allow","FullControl","True"
"Y:\ttbntfile1\shared\appsdata\groups\17-Xeroxscans\Austin","BUILTIN\Administrators","Allow","FullControl","True"
"Y:\ttbntfile1\shared\appsdata\groups\17-Xeroxscans\Austin","NT AUTHORITY\SYSTEM","Allow","FullControl","True"
"Y:\ttbntfile1\shared\appsdata\groups\17-Xeroxscans\Becky","TONNANDBLANK\AVD Test Users","Allow","FullControl","True"
"Y:\ttbntfile1\shared\appsdata\groups\17-Xeroxscans\Becky","TONNANDBLANK\impactadmin","Allow","FullControl","True"
"Y:\ttbntfile1\shared\appsdata\groups\17-Xeroxscans\Becky","CREATOR OWNER","Allow","FullControl","True"
"Y:\ttbntfile1\shared\appsdata\groups\17-Xeroxscans\Becky","BUILTIN\Administrators","Allow","FullControl","True"
"Y:\ttbntfile1\shared\appsdata\groups\17-Xeroxscans\Becky","NT AUTHORITY\SYSTEM","Allow","FullControl","True"
"Y:\ttbntfile1\shared\appsdata\groups\17-Xeroxscans\Branden","TONNANDBLANK\AVD Test Users","Allow","FullControl","True"
"Y:\ttbntfile1\shared\appsdata\groups\17-Xeroxscans\Branden","TONNANDBLANK\impactadmin","Allow","FullControl","True"
"Y:\ttbntfile1\shared\appsdata\groups\17-Xeroxscans\Branden","CREATOR OWNER","Allow","FullControl","True"
"Y:\ttbntfile1\shared\appsdata\groups\17-Xeroxscans\Branden","BUILTIN\Administrators","Allow","FullControl","True"
"Y:\ttbntfile1\shared\appsdata\groups\17-Xeroxscans\Branden","NT AUTHORITY\SYSTEM","Allow","FullControl","True"
"Y:\ttbntfile1\shared\appsdata\groups\17-Xeroxscans\BrianE","TONNANDBLANK\AVD Test Users","Allow","FullControl","True"
"Y:\ttbntfile1\shared\appsdata\groups\17-Xeroxscans\BrianE","TONNANDBLANK\impactadmin","Allow","FullControl","True"
"Y:\ttbntfile1\shared\appsdata\groups\17-Xeroxscans\BrianE","CREATOR OWNER","Allow","FullControl","True"
"Y:\ttbntfile1\shared\appsdata\groups\17-Xeroxscans\BrianE","BUILTIN\Administrators","Allow","FullControl","True"
"Y:\ttbntfile1\shared\appsdata\groups\17-Xeroxscans\BrianE","NT AUTHORITY\SYSTEM","Allow","FullControl","True"
"Y:\ttbntfile1\shared\appsdata\groups\17-Xeroxscans\Brien","TONNANDBLANK\AVD Test Users","Allow","FullControl","True"
"Y:\ttbntfile1\shared\appsdata\groups\17-Xeroxscans\Brien","TONNANDBLANK\impactadmin","Allow","FullControl","True"
"Y:\ttbntfile1\shared\appsdata\groups\17-Xeroxscans\Brien","CREATOR OWNER","Allow","FullControl","True"
"Y:\ttbntfile1\shared\appsdata\groups\17-Xeroxscans\Brien","BUILTIN\Administrators","Allow","FullControl","True"
"Y:\ttbntfile1\shared\appsdata\groups\17-Xeroxscans\Brien","NT AUTHORITY\SYSTEM","Allow","FullControl","True"
"Y:\ttbntfile1\shared\appsdata\groups\17-Xeroxscans\Cassie","TONNANDBLANK\AVD Test Users","Allow","FullControl","True"
"Y:\ttbntfile1\shared\appsdata\groups\17-Xeroxscans\Cassie","TONNANDBLANK\impactadmin","Allow","FullControl","True"
"Y:\ttbntfile1\shared\appsdata\groups\17-Xeroxscans\Cassie","CREATOR OWNER","Allow","FullControl","True"
"Y:\ttbntfile1\shared\appsdata\groups\17-Xeroxscans\Cassie","BUILTIN\Administrators","Allow","FullControl","True"
"Y:\ttbntfile1\shared\appsdata\groups\17-Xeroxscans\Cassie","NT AUTHORITY\SYSTEM","Allow","FullControl","True"
"Y:\ttbntfile1\shared\appsdata\groups\17-Xeroxscans\Cathy","TONNANDBLANK\AVD Test Users","Allow","FullControl","True"
"Y:\ttbntfile1\shared\appsdata\groups\17-Xeroxscans\Cathy","TONNANDBLANK\impactadmin","Allow","FullControl","True"
"Y:\ttbntfile1\shared\appsdata\groups\17-Xeroxscans\Cathy","CREATOR OWNER","Allow","FullControl","True"
"Y:\ttbntfile1\shared\appsdata\groups\17-Xeroxscans\Cathy","BUILTIN\Administrators","Allow","FullControl","True"
"Y:\ttbntfile1\shared\appsdata\groups\17-Xeroxscans\Cathy","NT AUTHORITY\SYSTEM","Allow","FullControl","True"
"Y:\ttbntfile1\shared\appsdata\groups\17-Xeroxscans\Darius","TONNANDBLANK\AVD Test Users","Allow","FullControl","True"
"Y:\ttbntfile1\shared\appsdata\groups\17-Xeroxscans\Darius","TONNANDBLANK\impactadmin","Allow","FullControl","True"
"Y:\ttbntfile1\shared\appsdata\groups\17-Xeroxscans\Darius","CREATOR OWNER","Allow","FullControl","True"
"Y:\ttbntfile1\shared\appsdata\groups\17-Xeroxscans\Darius","BUILTIN\Administrators","Allow","FullControl","True"
"Y:\ttbntfile1\shared\appsdata\groups\17-Xeroxscans\Darius","NT AUTHORITY\SYSTEM","Allow","FullControl","True"
"Y:\ttbntfile1\shared\appsdata\groups\17-Xeroxscans\Debi","TONNANDBLANK\AVD Test Users","Allow","FullControl","True"
"Y:\ttbntfile1\shared\appsdata\groups\17-Xeroxscans\Debi","TONNANDBLANK\impactadmin","Allow","FullControl","True"
"Y:\ttbntfile1\shared\appsdata\groups\17-Xeroxscans\Debi","CREATOR OWNER","Allow","FullControl","True"
"Y:\ttbntfile1\shared\appsdata\groups\17-Xeroxscans\Debi","BUILTIN\Administrators","Allow","FullControl","True"
"Y:\ttbntfile1\shared\appsdata\groups\17-Xeroxscans\Debi","NT AUTHORITY\SYSTEM","Allow","FullControl","True"
"Y:\ttbntfile1\shared\appsdata\groups\17-Xeroxscans\Diane","TONNANDBLANK\AVD Test Users","Allow","FullControl","True"
"Y:\ttbntfile1\shared\appsdata\groups\17-Xeroxscans\Diane","TONNANDBLANK\impactadmin","Allow","FullControl","True"
"Y:\ttbntfile1\shared\appsdata\groups\17-Xeroxscans\Diane","CREATOR OWNER","Allow","FullControl","True"
"Y:\ttbntfile1\shared\appsdata\groups\17-Xeroxscans\Diane","BUILTIN\Administrators","Allow","FullControl","True"
"Y:\ttbntfile1\shared\appsdata\groups\17-Xeroxscans\Diane","NT AUTHORITY\SYSTEM","Allow","FullControl","True"
"Y:\ttbntfile1\shared\appsdata\groups\17-Xeroxscans\Disabled","TONNANDBLANK\AVD Test Users","Allow","FullControl","True"
"Y:\ttbntfile1\shared\appsdata\groups\17-Xeroxscans\Disabled","TONNANDBLANK\impactadmin","Allow","FullControl","True"
"Y:\ttbntfile1\shared\appsdata\groups\17-Xeroxscans\Disabled","CREATOR OWNER","Allow","FullControl","True"
"Y:\ttbntfile1\shared\appsdata\groups\17-Xeroxscans\Disabled","BUILTIN\Administrators","Allow","FullControl","True"
"Y:\ttbntfile1\shared\appsdata\groups\17-Xeroxscans\Disabled","NT AUTHORITY\SYSTEM","Allow","FullControl","True"
"Y:\ttbntfile1\shared\appsdata\groups\17-Xeroxscans\Emily","TONNANDBLANK\AVD Test Users","Allow","FullControl","True"
"Y:\ttbntfile1\shared\appsdata\groups\17-Xeroxscans\Emily","TONNANDBLANK\impactadmin","Allow","FullControl","True"
"Y:\ttbntfile1\shared\appsdata\groups\17-Xeroxscans\Emily","CREATOR OWNER","Allow","FullControl","True"
"Y:\ttbntfile1\shared\appsdata\groups\17-Xeroxscans\Emily","BUILTIN\Administrators","Allow","FullControl","True"
"Y:\ttbntfile1\shared\appsdata\groups\17-Xeroxscans\Emily","NT AUTHORITY\SYSTEM","Allow","FullControl","True"
"Y:\ttbntfile1\shared\appsdata\groups\17-Xeroxscans\Engineering","TONNANDBLANK\AVD Test Users","Allow","FullControl","True"
"Y:\ttbntfile1\shared\appsdata\groups\17-Xeroxscans\Engineering","TONNANDBLANK\impactadmin","Allow","FullControl","True"
"Y:\ttbntfile1\shared\appsdata\groups\17-Xeroxscans\Engineering","CREATOR OWNER","Allow","FullControl","True"
"Y:\ttbntfile1\shared\appsdata\groups\17-Xeroxscans\Engineering","BUILTIN\Administrators","Allow","FullControl","True"
"Y:\ttbntfile1\shared\appsdata\groups\17-Xeroxscans\Engineering","NT AUTHORITY\SYSTEM","Allow","FullControl","True"
"Y:\ttbntfile1\shared\appsdata\groups\17-Xeroxscans\Eric","TONNANDBLANK\AVD Test Users","Allow","FullControl","True"
"Y:\ttbntfile1\shared\appsdata\groups\17-Xeroxscans\Eric","TONNANDBLANK\impactadmin","Allow","FullControl","True"
"Y:\ttbntfile1\shared\appsdata\groups\17-Xeroxscans\Eric","CREATOR OWNER","Allow","FullControl","True"
"Y:\ttbntfile1\shared\appsdata\groups\17-Xeroxscans\Eric","BUILTIN\Administrators","Allow","FullControl","True"
"Y:\ttbntfile1\shared\appsdata\groups\17-Xeroxscans\Eric","NT AUTHORITY\SYSTEM","Allow","FullControl","True"
"Y:\ttbntfile1\shared\appsdata\groups\17-Xeroxscans\Evan","TONNANDBLANK\AVD Test Users","Allow","FullControl","True"
"Y:\ttbntfile1\shared\appsdata\groups\17-Xeroxscans\Evan","TONNANDBLANK\impactadmin","Allow","FullControl","True"
"Y:\ttbntfile1\shared\appsdata\groups\17-Xeroxscans\Evan","CREATOR OWNER","Allow","FullControl","True"
"Y:\ttbntfile1\shared\appsdata\groups\17-Xeroxscans\Evan","BUILTIN\Administrators","Allow","FullControl","True"
"Y:\ttbntfile1\shared\appsdata\groups\17-Xeroxscans\Evan","NT AUTHORITY\SYSTEM","Allow","FullControl","True"
"Y:\ttbntfile1\shared\appsdata\groups\17-Xeroxscans\Gary","TONNANDBLANK\AVD Test Users","Allow","FullControl","True"
"Y:\ttbntfile1\shared\appsdata\groups\17-Xeroxscans\Gary","TONNANDBLANK\impactadmin","Allow","FullControl","True"
"Y:\ttbntfile1\shared\appsdata\groups\17-Xeroxscans\Gary","CREATOR OWNER","Allow","FullControl","True"
"Y:\ttbntfile1\shared\appsdata\groups\17-Xeroxscans\Gary","BUILTIN\Administrators","Allow","FullControl","True"
"Y:\ttbntfile1\shared\appsdata\groups\17-Xeroxscans\Gary","NT AUTHORITY\SYSTEM","Allow","FullControl","True"
"Y:\ttbntfile1\shared\appsdata\groups\17-Xeroxscans\Haley","TONNANDBLANK\AVD Test Users","Allow","FullControl","True"
"Y:\ttbntfile1\shared\appsdata\groups\17-Xeroxscans\Haley","TONNANDBLANK\impactadmin","Allow","FullControl","True"
"Y:\ttbntfile1\shared\appsdata\groups\17-Xeroxscans\Haley","CREATOR OWNER","Allow","FullControl","True"
"Y:\ttbntfile1\shared\appsdata\groups\17-Xeroxscans\Haley","BUILTIN\Administrators","Allow","FullControl","True"
"Y:\ttbntfile1\shared\appsdata\groups\17-Xeroxscans\Haley","NT AUTHORITY\SYSTEM","Allow","FullControl","True"
"Y:\ttbntfile1\shared\appsdata\groups\17-Xeroxscans\JakeW","TONNANDBLANK\AVD Test Users","Allow","FullControl","True"
"Y:\ttbntfile1\shared\appsdata\groups\17-Xeroxscans\JakeW","TONNANDBLANK\impactadmin","Allow","FullControl","True"
"Y:\ttbntfile1\shared\appsdata\groups\17-Xeroxscans\JakeW","CREATOR OWNER","Allow","FullControl","True"
"Y:\ttbntfile1\shared\appsdata\groups\17-Xeroxscans\JakeW","BUILTIN\Administrators","Allow","FullControl","True"
"Y:\ttbntfile1\shared\appsdata\groups\17-Xeroxscans\JakeW","NT AUTHORITY\SYSTEM","Allow","FullControl","True"
"Y:\ttbntfile1\shared\appsdata\groups\17-Xeroxscans\Jeff","TONNANDBLANK\AVD Test Users","Allow","FullControl","True"
"Y:\ttbntfile1\shared\appsdata\groups\17-Xeroxscans\Jeff","TONNANDBLANK\impactadmin","Allow","FullControl","True"
"Y:\ttbntfile1\shared\appsdata\groups\17-Xeroxscans\Jeff","CREATOR OWNER","Allow","FullControl","True"
"Y:\ttbntfile1\shared\appsdata\groups\17-Xeroxscans\Jeff","BUILTIN\Administrators","Allow","FullControl","True"
"Y:\ttbntfile1\shared\appsdata\groups\17-Xeroxscans\Jeff","NT AUTHORITY\SYSTEM","Allow","FullControl","True"
"Y:\ttbntfile1\shared\appsdata\groups\17-Xeroxscans\JeffM","TONNANDBLANK\AVD Test Users","Allow","FullControl","True"
"Y:\ttbntfile1\shared\appsdata\groups\17-Xeroxscans\JeffM","TONNANDBLANK\impactadmin","Allow","FullControl","True"
"Y:\ttbntfile1\shared\appsdata\groups\17-Xeroxscans\JeffM","CREATOR OWNER","Allow","FullControl","True"
"Y:\ttbntfile1\shared\appsdata\groups\17-Xeroxscans\JeffM","BUILTIN\Administrators","Allow","FullControl","True"
"Y:\ttbntfile1\shared\appsdata\groups\17-Xeroxscans\JeffM","NT AUTHORITY\SYSTEM","Allow","FullControl","True"
"Y:\ttbntfile1\shared\appsdata\groups\17-Xeroxscans\Jennifer","TONNANDBLANK\AVD Test Users","Allow","FullControl","True"
"Y:\ttbntfile1\shared\appsdata\groups\17-Xeroxscans\Jennifer","TONNANDBLANK\impactadmin","Allow","FullControl","True"
"Y:\ttbntfile1\shared\appsdata\groups\17-Xeroxscans\Jennifer","CREATOR OWNER","Allow","FullControl","True"
"Y:\ttbntfile1\shared\appsdata\groups\17-Xeroxscans\Jennifer","BUILTIN\Administrators","Allow","FullControl","True"
"Y:\ttbntfile1\shared\appsdata\groups\17-Xeroxscans\Jennifer","NT AUTHORITY\SYSTEM","Allow","FullControl","True"
"Y:\ttbntfile1\shared\appsdata\groups\17-Xeroxscans\Jill","TONNANDBLANK\AVD Test Users","Allow","FullControl","True"
"Y:\ttbntfile1\shared\appsdata\groups\17-Xeroxscans\Jill","TONNANDBLANK\impactadmin","Allow","FullControl","True"
"Y:\ttbntfile1\shared\appsdata\groups\17-Xeroxscans\Jill","CREATOR OWNER","Allow","FullControl","True"
"Y:\ttbntfile1\shared\appsdata\groups\17-Xeroxscans\Jill","BUILTIN\Administrators","Allow","FullControl","True"
"Y:\ttbntfile1\shared\appsdata\groups\17-Xeroxscans\Jill","NT AUTHORITY\SYSTEM","Allow","FullControl","True"
"Y:\ttbntfile1\shared\appsdata\groups\17-Xeroxscans\Jodi","TONNANDBLANK\AVD Test Users","Allow","FullControl","True"
"Y:\ttbntfile1\shared\appsdata\groups\17-Xeroxscans\Jodi","TONNANDBLANK\impactadmin","Allow","FullControl","True"
"Y:\ttbntfile1\shared\appsdata\groups\17-Xeroxscans\Jodi","CREATOR OWNER","Allow","FullControl","True"
"Y:\ttbntfile1\shared\appsdata\groups\17-Xeroxscans\Jodi","BUILTIN\Administrators","Allow","FullControl","True"
"Y:\ttbntfile1\shared\appsdata\groups\17-Xeroxscans\Jodi","NT AUTHORITY\SYSTEM","Allow","FullControl","True"
"Y:\ttbntfile1\shared\appsdata\groups\17-Xeroxscans\Joe","TONNANDBLANK\AVD Test Users","Allow","FullControl","True"
"Y:\ttbntfile1\shared\appsdata\groups\17-Xeroxscans\Joe","TONNANDBLANK\impactadmin","Allow","FullControl","True"
"Y:\ttbntfile1\shared\appsdata\groups\17-Xeroxscans\Joe","CREATOR OWNER","Allow","FullControl","True"
"Y:\ttbntfile1\shared\appsdata\groups\17-Xeroxscans\Joe","BUILTIN\Administrators","Allow","FullControl","True"
"Y:\ttbntfile1\shared\appsdata\groups\17-Xeroxscans\Joe","NT AUTHORITY\SYSTEM","Allow","FullControl","True"
"Y:\ttbntfile1\shared\appsdata\groups\17-Xeroxscans\JohnS","TONNANDBLANK\AVD Test Users","Allow","FullControl","True"
"Y:\ttbntfile1\shared\appsdata\groups\17-Xeroxscans\JohnS","TONNANDBLANK\impactadmin","Allow","FullControl","True"
"Y:\ttbntfile1\shared\appsdata\groups\17-Xeroxscans\JohnS","CREATOR OWNER","Allow","FullControl","True"
"Y:\ttbntfile1\shared\appsdata\groups\17-Xeroxscans\JohnS","BUILTIN\Administrators","Allow","FullControl","True"
"Y:\ttbntfile1\shared\appsdata\groups\17-Xeroxscans\JohnS","NT AUTHORITY\SYSTEM","Allow","FullControl","True"
"Y:\ttbntfile1\shared\appsdata\groups\17-Xeroxscans\Jon","TONNANDBLANK\AVD Test Users","Allow","FullControl","True"
"Y:\ttbntfile1\shared\appsdata\groups\17-Xeroxscans\Jon","TONNANDBLANK\impactadmin","Allow","FullControl","True"
"Y:\ttbntfile1\shared\appsdata\groups\17-Xeroxscans\Jon","CREATOR OWNER","Allow","FullControl","True"
"Y:\ttbntfile1\shared\appsdata\groups\17-Xeroxscans\Jon","BUILTIN\Administrators","Allow","FullControl","True"
"Y:\ttbntfile1\shared\appsdata\groups\17-Xeroxscans\Jon","NT AUTHORITY\SYSTEM","Allow","FullControl","True"
"Y:\ttbntfile1\shared\appsdata\groups\17-Xeroxscans\Josh","TONNANDBLANK\AVD Test Users","Allow","FullControl","True"
"Y:\ttbntfile1\shared\appsdata\groups\17-Xeroxscans\Josh","TONNANDBLANK\impactadmin","Allow","FullControl","True"
"Y:\ttbntfile1\shared\appsdata\groups\17-Xeroxscans\Josh","CREATOR OWNER","Allow","FullControl","True"
"Y:\ttbntfile1\shared\appsdata\groups\17-Xeroxscans\Josh","BUILTIN\Administrators","Allow","FullControl","True"
"Y:\ttbntfile1\shared\appsdata\groups\17-Xeroxscans\Josh","NT AUTHORITY\SYSTEM","Allow","FullControl","True"
"Y:\ttbntfile1\shared\appsdata\groups\17-Xeroxscans\Ken","TONNANDBLANK\AVD Test Users","Allow","FullControl","True"
"Y:\ttbntfile1\shared\appsdata\groups\17-Xeroxscans\Ken","TONNANDBLANK\impactadmin","Allow","FullControl","True"
"Y:\ttbntfile1\shared\appsdata\groups\17-Xeroxscans\Ken","CREATOR OWNER","Allow","FullControl","True"
"Y:\ttbntfile1\shared\appsdata\groups\17-Xeroxscans\Ken","BUILTIN\Administrators","Allow","FullControl","True"
"Y:\ttbntfile1\shared\appsdata\groups\17-Xeroxscans\Ken","NT AUTHORITY\SYSTEM","Allow","FullControl","True"
"Y:\ttbntfile1\shared\appsdata\groups\17-Xeroxscans\Kristin","TONNANDBLANK\AVD Test Users","Allow","FullControl","True"
"Y:\ttbntfile1\shared\appsdata\groups\17-Xeroxscans\Kristin","TONNANDBLANK\impactadmin","Allow","FullControl","True"
"Y:\ttbntfile1\shared\appsdata\groups\17-Xeroxscans\Kristin","CREATOR OWNER","Allow","FullControl","True"
"Y:\ttbntfile1\shared\appsdata\groups\17-Xeroxscans\Kristin","BUILTIN\Administrators","Allow","FullControl","True"
"Y:\ttbntfile1\shared\appsdata\groups\17-Xeroxscans\Kristin","NT AUTHORITY\SYSTEM","Allow","FullControl","True"
"Y:\ttbntfile1\shared\appsdata\groups\17-Xeroxscans\Kyle","TONNANDBLANK\AVD Test Users","Allow","FullControl","True"
"Y:\ttbntfile1\shared\appsdata\groups\17-Xeroxscans\Kyle","TONNANDBLANK\impactadmin","Allow","FullControl","True"
"Y:\ttbntfile1\shared\appsdata\groups\17-Xeroxscans\Kyle","CREATOR OWNER","Allow","FullControl","True"
"Y:\ttbntfile1\shared\appsdata\groups\17-Xeroxscans\Kyle","BUILTIN\Administrators","Allow","FullControl","True"
"Y:\ttbntfile1\shared\appsdata\groups\17-Xeroxscans\Kyle","NT AUTHORITY\SYSTEM","Allow","FullControl","True"
"Y:\ttbntfile1\shared\appsdata\groups\17-Xeroxscans\Lesley","TONNANDBLANK\AVD Test Users","Allow","FullControl","True"
"Y:\ttbntfile1\shared\appsdata\groups\17-Xeroxscans\Lesley","TONNANDBLANK\impactadmin","Allow","FullControl","True"
"Y:\ttbntfile1\shared\appsdata\groups\17-Xeroxscans\Lesley","CREATOR OWNER","Allow","FullControl","True"
"Y:\ttbntfile1\shared\appsdata\groups\17-Xeroxscans\Lesley","BUILTIN\Administrators","Allow","FullControl","True"
"Y:\ttbntfile1\shared\appsdata\groups\17-Xeroxscans\Lesley","NT AUTHORITY\SYSTEM","Allow","FullControl","True"
"Y:\ttbntfile1\shared\appsdata\groups\17-Xeroxscans\Lisa","TONNANDBLANK\AVD Test Users","Allow","FullControl","True"
"Y:\ttbntfile1\shared\appsdata\groups\17-Xeroxscans\Lisa","TONNANDBLANK\impactadmin","Allow","FullControl","True"
"Y:\ttbntfile1\shared\appsdata\groups\17-Xeroxscans\Lisa","CREATOR OWNER","Allow","FullControl","True"
"Y:\ttbntfile1\shared\appsdata\groups\17-Xeroxscans\Lisa","BUILTIN\Administrators","Allow","FullControl","True"
"Y:\ttbntfile1\shared\appsdata\groups\17-Xeroxscans\Lisa","NT AUTHORITY\SYSTEM","Allow","FullControl","True"
"Y:\ttbntfile1\shared\appsdata\groups\17-Xeroxscans\Maggie","TONNANDBLANK\AVD Test Users","Allow","FullControl","True"
"Y:\ttbntfile1\shared\appsdata\groups\17-Xeroxscans\Maggie","TONNANDBLANK\impactadmin","Allow","FullControl","True"
"Y:\ttbntfile1\shared\appsdata\groups\17-Xeroxscans\Maggie","CREATOR OWNER","Allow","FullControl","True"
"Y:\ttbntfile1\shared\appsdata\groups\17-Xeroxscans\Maggie","BUILTIN\Administrators","Allow","FullControl","True"
"Y:\ttbntfile1\shared\appsdata\groups\17-Xeroxscans\Maggie","NT AUTHORITY\SYSTEM","Allow","FullControl","True"
"Y:\ttbntfile1\shared\appsdata\groups\17-Xeroxscans\Mallory","TONNANDBLANK\AVD Test Users","Allow","FullControl","True"
"Y:\ttbntfile1\shared\appsdata\groups\17-Xeroxscans\Mallory","TONNANDBLANK\impactadmin","Allow","FullControl","True"
"Y:\ttbntfile1\shared\appsdata\groups\17-Xeroxscans\Mallory","CREATOR OWNER","Allow","FullControl","True"
"Y:\ttbntfile1\shared\appsdata\groups\17-Xeroxscans\Mallory","BUILTIN\Administrators","Allow","FullControl","True"
"Y:\ttbntfile1\shared\appsdata\groups\17-Xeroxscans\Mallory","NT AUTHORITY\SYSTEM","Allow","FullControl","True"
"Y:\ttbntfile1\shared\appsdata\groups\17-Xeroxscans\MatthewR","TONNANDBLANK\AVD Test Users","Allow","FullControl","True"
"Y:\ttbntfile1\shared\appsdata\groups\17-Xeroxscans\MatthewR","TONNANDBLANK\impactadmin","Allow","FullControl","True"
"Y:\ttbntfile1\shared\appsdata\groups\17-Xeroxscans\MatthewR","CREATOR OWNER","Allow","FullControl","True"
"Y:\ttbntfile1\shared\appsdata\groups\17-Xeroxscans\MatthewR","BUILTIN\Administrators","Allow","FullControl","True"
"Y:\ttbntfile1\shared\appsdata\groups\17-Xeroxscans\MatthewR","NT AUTHORITY\SYSTEM","Allow","FullControl","True"
"Y:\ttbntfile1\shared\appsdata\groups\17-Xeroxscans\MattL","TONNANDBLANK\AVD Test Users","Allow","FullControl","True"
"Y:\ttbntfile1\shared\appsdata\groups\17-Xeroxscans\MattL","TONNANDBLANK\impactadmin","Allow","FullControl","True"
"Y:\ttbntfile1\shared\appsdata\groups\17-Xeroxscans\MattL","CREATOR OWNER","Allow","FullControl","True"
"Y:\ttbntfile1\shared\appsdata\groups\17-Xeroxscans\MattL","BUILTIN\Administrators","Allow","FullControl","True"
"Y:\ttbntfile1\shared\appsdata\groups\17-Xeroxscans\MattL","NT AUTHORITY\SYSTEM","Allow","FullControl","True"
"Y:\ttbntfile1\shared\appsdata\groups\17-Xeroxscans\MattN","TONNANDBLANK\AVD Test Users","Allow","FullControl","True"
"Y:\ttbntfile1\shared\appsdata\groups\17-Xeroxscans\MattN","TONNANDBLANK\impactadmin","Allow","FullControl","True"
"Y:\ttbntfile1\shared\appsdata\groups\17-Xeroxscans\MattN","CREATOR OWNER","Allow","FullControl","True"
"Y:\ttbntfile1\shared\appsdata\groups\17-Xeroxscans\MattN","BUILTIN\Administrators","Allow","FullControl","True"
"Y:\ttbntfile1\shared\appsdata\groups\17-Xeroxscans\MattN","NT AUTHORITY\SYSTEM","Allow","FullControl","True"
"Y:\ttbntfile1\shared\appsdata\groups\17-Xeroxscans\MattW","TONNANDBLANK\AVD Test Users","Allow","FullControl","True"
"Y:\ttbntfile1\shared\appsdata\groups\17-Xeroxscans\MattW","TONNANDBLANK\impactadmin","Allow","FullControl","True"
"Y:\ttbntfile1\shared\appsdata\groups\17-Xeroxscans\MattW","CREATOR OWNER","Allow","FullControl","True"
"Y:\ttbntfile1\shared\appsdata\groups\17-Xeroxscans\MattW","BUILTIN\Administrators","Allow","FullControl","True"
"Y:\ttbntfile1\shared\appsdata\groups\17-Xeroxscans\MattW","NT AUTHORITY\SYSTEM","Allow","FullControl","True"
"Y:\ttbntfile1\shared\appsdata\groups\17-Xeroxscans\Megan","TONNANDBLANK\AVD Test Users","Allow","FullControl","True"
"Y:\ttbntfile1\shared\appsdata\groups\17-Xeroxscans\Megan","TONNANDBLANK\impactadmin","Allow","FullControl","True"
"Y:\ttbntfile1\shared\appsdata\groups\17-Xeroxscans\Megan","CREATOR OWNER","Allow","FullControl","True"
"Y:\ttbntfile1\shared\appsdata\groups\17-Xeroxscans\Megan","BUILTIN\Administrators","Allow","FullControl","True"
"Y:\ttbntfile1\shared\appsdata\groups\17-Xeroxscans\Megan","NT AUTHORITY\SYSTEM","Allow","FullControl","True"
"Y:\ttbntfile1\shared\appsdata\groups\17-Xeroxscans\Mike","TONNANDBLANK\AVD Test Users","Allow","FullControl","True"
"Y:\ttbntfile1\shared\appsdata\groups\17-Xeroxscans\Mike","TONNANDBLANK\impactadmin","Allow","FullControl","True"
"Y:\ttbntfile1\shared\appsdata\groups\17-Xeroxscans\Mike","CREATOR OWNER","Allow","FullControl","True"
"Y:\ttbntfile1\shared\appsdata\groups\17-Xeroxscans\Mike","BUILTIN\Administrators","Allow","FullControl","True"
"Y:\ttbntfile1\shared\appsdata\groups\17-Xeroxscans\Mike","NT AUTHORITY\SYSTEM","Allow","FullControl","True"
"Y:\ttbntfile1\shared\appsdata\groups\17-Xeroxscans\MSDS","TONNANDBLANK\AVD Test Users","Allow","FullControl","True"
"Y:\ttbntfile1\shared\appsdata\groups\17-Xeroxscans\MSDS","TONNANDBLANK\impactadmin","Allow","FullControl","True"
"Y:\ttbntfile1\shared\appsdata\groups\17-Xeroxscans\MSDS","CREATOR OWNER","Allow","FullControl","True"
"Y:\ttbntfile1\shared\appsdata\groups\17-Xeroxscans\MSDS","BUILTIN\Administrators","Allow","FullControl","True"
"Y:\ttbntfile1\shared\appsdata\groups\17-Xeroxscans\MSDS","NT AUTHORITY\SYSTEM","Allow","FullControl","True"
"Y:\ttbntfile1\shared\appsdata\groups\17-Xeroxscans\NataliaN","TONNANDBLANK\AVD Test Users","Allow","FullControl","True"
"Y:\ttbntfile1\shared\appsdata\groups\17-Xeroxscans\NataliaN","TONNANDBLANK\impactadmin","Allow","FullControl","True"
"Y:\ttbntfile1\shared\appsdata\groups\17-Xeroxscans\NataliaN","CREATOR OWNER","Allow","FullControl","True"
"Y:\ttbntfile1\shared\appsdata\groups\17-Xeroxscans\NataliaN","BUILTIN\Administrators","Allow","FullControl","True"
"Y:\ttbntfile1\shared\appsdata\groups\17-Xeroxscans\NataliaN","NT AUTHORITY\SYSTEM","Allow","FullControl","True"
"Y:\ttbntfile1\shared\appsdata\groups\17-Xeroxscans\Noe","TONNANDBLANK\AVD Test Users","Allow","FullControl","True"
"Y:\ttbntfile1\shared\appsdata\groups\17-Xeroxscans\Noe","TONNANDBLANK\impactadmin","Allow","FullControl","True"
"Y:\ttbntfile1\shared\appsdata\groups\17-Xeroxscans\Noe","CREATOR OWNER","Allow","FullControl","True"
"Y:\ttbntfile1\shared\appsdata\groups\17-Xeroxscans\Noe","BUILTIN\Administrators","Allow","FullControl","True"
"Y:\ttbntfile1\shared\appsdata\groups\17-Xeroxscans\Noe","NT AUTHORITY\SYSTEM","Allow","FullControl","True"
"Y:\ttbntfile1\shared\appsdata\groups\17-Xeroxscans\Ray","TONNANDBLANK\AVD Test Users","Allow","FullControl","True"
"Y:\ttbntfile1\shared\appsdata\groups\17-Xeroxscans\Ray","TONNANDBLANK\impactadmin","Allow","FullControl","True"
"Y:\ttbntfile1\shared\appsdata\groups\17-Xeroxscans\Ray","CREATOR OWNER","Allow","FullControl","True"
"Y:\ttbntfile1\shared\appsdata\groups\17-Xeroxscans\Ray","BUILTIN\Administrators","Allow","FullControl","True"
"Y:\ttbntfile1\shared\appsdata\groups\17-Xeroxscans\Ray","NT AUTHORITY\SYSTEM","Allow","FullControl","True"
"Y:\ttbntfile1\shared\appsdata\groups\17-Xeroxscans\Robbie","TONNANDBLANK\AVD Test Users","Allow","FullControl","True"
"Y:\ttbntfile1\shared\appsdata\groups\17-Xeroxscans\Robbie","TONNANDBLANK\impactadmin","Allow","FullControl","True"
"Y:\ttbntfile1\shared\appsdata\groups\17-Xeroxscans\Robbie","CREATOR OWNER","Allow","FullControl","True"
"Y:\ttbntfile1\shared\appsdata\groups\17-Xeroxscans\Robbie","BUILTIN\Administrators","Allow","FullControl","True"
"Y:\ttbntfile1\shared\appsdata\groups\17-Xeroxscans\Robbie","NT AUTHORITY\SYSTEM","Allow","FullControl","True"
"Y:\ttbntfile1\shared\appsdata\groups\17-Xeroxscans\Roger","TONNANDBLANK\AVD Test Users","Allow","FullControl","True"
"Y:\ttbntfile1\shared\appsdata\groups\17-Xeroxscans\Roger","TONNANDBLANK\impactadmin","Allow","FullControl","True"
"Y:\ttbntfile1\shared\appsdata\groups\17-Xeroxscans\Roger","CREATOR OWNER","Allow","FullControl","True"
"Y:\ttbntfile1\shared\appsdata\groups\17-Xeroxscans\Roger","BUILTIN\Administrators","Allow","FullControl","True"
"Y:\ttbntfile1\shared\appsdata\groups\17-Xeroxscans\Roger","NT AUTHORITY\SYSTEM","Allow","FullControl","True"
"Y:\ttbntfile1\shared\appsdata\groups\17-Xeroxscans\Ross","TONNANDBLANK\AVD Test Users","Allow","FullControl","True"
"Y:\ttbntfile1\shared\appsdata\groups\17-Xeroxscans\Ross","TONNANDBLANK\impactadmin","Allow","FullControl","True"
"Y:\ttbntfile1\shared\appsdata\groups\17-Xeroxscans\Ross","CREATOR OWNER","Allow","FullControl","True"
"Y:\ttbntfile1\shared\appsdata\groups\17-Xeroxscans\Ross","BUILTIN\Administrators","Allow","FullControl","True"
"Y:\ttbntfile1\shared\appsdata\groups\17-Xeroxscans\Ross","NT AUTHORITY\SYSTEM","Allow","FullControl","True"
"Y:\ttbntfile1\shared\appsdata\groups\17-Xeroxscans\Ryan","TONNANDBLANK\AVD Test Users","Allow","FullControl","True"
"Y:\ttbntfile1\shared\appsdata\groups\17-Xeroxscans\Ryan","TONNANDBLANK\impactadmin","Allow","FullControl","True"
"Y:\ttbntfile1\shared\appsdata\groups\17-Xeroxscans\Ryan","CREATOR OWNER","Allow","FullControl","True"
"Y:\ttbntfile1\shared\appsdata\groups\17-Xeroxscans\Ryan","BUILTIN\Administrators","Allow","FullControl","True"
"Y:\ttbntfile1\shared\appsdata\groups\17-Xeroxscans\Ryan","NT AUTHORITY\SYSTEM","Allow","FullControl","True"
"Y:\ttbntfile1\shared\appsdata\groups\17-Xeroxscans\RyanH","TONNANDBLANK\AVD Test Users","Allow","FullControl","True"
"Y:\ttbntfile1\shared\appsdata\groups\17-Xeroxscans\RyanH","TONNANDBLANK\impactadmin","Allow","FullControl","True"
"Y:\ttbntfile1\shared\appsdata\groups\17-Xeroxscans\RyanH","CREATOR OWNER","Allow","FullControl","True"
"Y:\ttbntfile1\shared\appsdata\groups\17-Xeroxscans\RyanH","BUILTIN\Administrators","Allow","FullControl","True"
"Y:\ttbntfile1\shared\appsdata\groups\17-Xeroxscans\RyanH","NT AUTHORITY\SYSTEM","Allow","FullControl","True"
"Y:\ttbntfile1\shared\appsdata\groups\17-Xeroxscans\SampleFile.LCK","TONNANDBLANK\AVD Test Users","Allow","FullControl","True"
"Y:\ttbntfile1\shared\appsdata\groups\17-Xeroxscans\SampleFile.LCK","TONNANDBLANK\impactadmin","Allow","FullControl","True"
"Y:\ttbntfile1\shared\appsdata\groups\17-Xeroxscans\SampleFile.LCK","CREATOR OWNER","Allow","FullControl","True"
"Y:\ttbntfile1\shared\appsdata\groups\17-Xeroxscans\SampleFile.LCK","BUILTIN\Administrators","Allow","FullControl","True"
"Y:\ttbntfile1\shared\appsdata\groups\17-Xeroxscans\SampleFile.LCK","NT AUTHORITY\SYSTEM","Allow","FullControl","True"
"Y:\ttbntfile1\shared\appsdata\groups\17-Xeroxscans\Sandra","TONNANDBLANK\AVD Test Users","Allow","FullControl","True"
"Y:\ttbntfile1\shared\appsdata\groups\17-Xeroxscans\Sandra","TONNANDBLANK\impactadmin","Allow","FullControl","True"
"Y:\ttbntfile1\shared\appsdata\groups\17-Xeroxscans\Sandra","CREATOR OWNER","Allow","FullControl","True"
"Y:\ttbntfile1\shared\appsdata\groups\17-Xeroxscans\Sandra","BUILTIN\Administrators","Allow","FullControl","True"
"Y:\ttbntfile1\shared\appsdata\groups\17-Xeroxscans\Sandra","NT AUTHORITY\SYSTEM","Allow","FullControl","True"
"Y:\ttbntfile1\shared\appsdata\groups\17-Xeroxscans\ScottG","TONNANDBLANK\AVD Test Users","Allow","FullControl","True"
"Y:\ttbntfile1\shared\appsdata\groups\17-Xeroxscans\ScottG","TONNANDBLANK\impactadmin","Allow","FullControl","True"
"Y:\ttbntfile1\shared\appsdata\groups\17-Xeroxscans\ScottG","CREATOR OWNER","Allow","FullControl","True"
"Y:\ttbntfile1\shared\appsdata\groups\17-Xeroxscans\ScottG","BUILTIN\Administrators","Allow","FullControl","True"
"Y:\ttbntfile1\shared\appsdata\groups\17-Xeroxscans\ScottG","NT AUTHORITY\SYSTEM","Allow","FullControl","True"
"Y:\ttbntfile1\shared\appsdata\groups\17-Xeroxscans\Sheree","TONNANDBLANK\AVD Test Users","Allow","FullControl","True"
"Y:\ttbntfile1\shared\appsdata\groups\17-Xeroxscans\Sheree","TONNANDBLANK\impactadmin","Allow","FullControl","True"
"Y:\ttbntfile1\shared\appsdata\groups\17-Xeroxscans\Sheree","CREATOR OWNER","Allow","FullControl","True"
"Y:\ttbntfile1\shared\appsdata\groups\17-Xeroxscans\Sheree","BUILTIN\Administrators","Allow","FullControl","True"
"Y:\ttbntfile1\shared\appsdata\groups\17-Xeroxscans\Sheree","NT AUTHORITY\SYSTEM","Allow","FullControl","True"
"Y:\ttbntfile1\shared\appsdata\groups\17-Xeroxscans\Stephanie","TONNANDBLANK\AVD Test Users","Allow","FullControl","True"
"Y:\ttbntfile1\shared\appsdata\groups\17-Xeroxscans\Stephanie","TONNANDBLANK\impactadmin","Allow","FullControl","True"
"Y:\ttbntfile1\shared\appsdata\groups\17-Xeroxscans\Stephanie","CREATOR OWNER","Allow","FullControl","True"
"Y:\ttbntfile1\shared\appsdata\groups\17-Xeroxscans\Stephanie","BUILTIN\Administrators","Allow","FullControl","True"
"Y:\ttbntfile1\shared\appsdata\groups\17-Xeroxscans\Stephanie","NT AUTHORITY\SYSTEM","Allow","FullControl","True"
"Y:\ttbntfile1\shared\appsdata\groups\17-Xeroxscans\SteveL","TONNANDBLANK\AVD Test Users","Allow","FullControl","True"
"Y:\ttbntfile1\shared\appsdata\groups\17-Xeroxscans\SteveL","TONNANDBLANK\impactadmin","Allow","FullControl","True"
"Y:\ttbntfile1\shared\appsdata\groups\17-Xeroxscans\SteveL","CREATOR OWNER","Allow","FullControl","True"
"Y:\ttbntfile1\shared\appsdata\groups\17-Xeroxscans\SteveL","BUILTIN\Administrators","Allow","FullControl","True"
"Y:\ttbntfile1\shared\appsdata\groups\17-Xeroxscans\SteveL","NT AUTHORITY\SYSTEM","Allow","FullControl","True"
"Y:\ttbntfile1\shared\appsdata\groups\17-Xeroxscans\Sue","TONNANDBLANK\AVD Test Users","Allow","FullControl","True"
"Y:\ttbntfile1\shared\appsdata\groups\17-Xeroxscans\Sue","TONNANDBLANK\impactadmin","Allow","FullControl","True"
"Y:\ttbntfile1\shared\appsdata\groups\17-Xeroxscans\Sue","CREATOR OWNER","Allow","FullControl","True"
"Y:\ttbntfile1\shared\appsdata\groups\17-Xeroxscans\Sue","BUILTIN\Administrators","Allow","FullControl","True"
"Y:\ttbntfile1\shared\appsdata\groups\17-Xeroxscans\Sue","NT AUTHORITY\SYSTEM","Allow","FullControl","True"
"Y:\ttbntfile1\shared\appsdata\groups\17-Xeroxscans\Tabitha","TONNANDBLANK\AVD Test Users","Allow","FullControl","True"
"Y:\ttbntfile1\shared\appsdata\groups\17-Xeroxscans\Tabitha","TONNANDBLANK\impactadmin","Allow","FullControl","True"
"Y:\ttbntfile1\shared\appsdata\groups\17-Xeroxscans\Tabitha","CREATOR OWNER","Allow","FullControl","True"
"Y:\ttbntfile1\shared\appsdata\groups\17-Xeroxscans\Tabitha","BUILTIN\Administrators","Allow","FullControl","True"
"Y:\ttbntfile1\shared\appsdata\groups\17-Xeroxscans\Tabitha","NT AUTHORITY\SYSTEM","Allow","FullControl","True"
"Y:\ttbntfile1\shared\appsdata\groups\17-Xeroxscans\Ted","TONNANDBLANK\AVD Test Users","Allow","FullControl","True"
"Y:\ttbntfile1\shared\appsdata\groups\17-Xeroxscans\Ted","TONNANDBLANK\impactadmin","Allow","FullControl","True"
"Y:\ttbntfile1\shared\appsdata\groups\17-Xeroxscans\Ted","CREATOR OWNER","Allow","FullControl","True"
"Y:\ttbntfile1\shared\appsdata\groups\17-Xeroxscans\Ted","BUILTIN\Administrators","Allow","FullControl","True"
"Y:\ttbntfile1\shared\appsdata\groups\17-Xeroxscans\Ted","NT AUTHORITY\SYSTEM","Allow","FullControl","True"
"Y:\ttbntfile1\shared\appsdata\groups\17-Xeroxscans\Tiffany","TONNANDBLANK\AVD Test Users","Allow","FullControl","True"
"Y:\ttbntfile1\shared\appsdata\groups\17-Xeroxscans\Tiffany","TONNANDBLANK\impactadmin","Allow","FullControl","True"
"Y:\ttbntfile1\shared\appsdata\groups\17-Xeroxscans\Tiffany","CREATOR OWNER","Allow","FullControl","True"
"Y:\ttbntfile1\shared\appsdata\groups\17-Xeroxscans\Tiffany","BUILTIN\Administrators","Allow","FullControl","True"
"Y:\ttbntfile1\shared\appsdata\groups\17-Xeroxscans\Tiffany","NT AUTHORITY\SYSTEM","Allow","FullControl","True"
"Y:\ttbntfile1\shared\appsdata\groups\17-Xeroxscans\Tim","TONNANDBLANK\AVD Test Users","Allow","FullControl","True"
"Y:\ttbntfile1\shared\appsdata\groups\17-Xeroxscans\Tim","TONNANDBLANK\impactadmin","Allow","FullControl","True"
"Y:\ttbntfile1\shared\appsdata\groups\17-Xeroxscans\Tim","CREATOR OWNER","Allow","FullControl","True"
"Y:\ttbntfile1\shared\appsdata\groups\17-Xeroxscans\Tim","BUILTIN\Administrators","Allow","FullControl","True"
"Y:\ttbntfile1\shared\appsdata\groups\17-Xeroxscans\Tim","NT AUTHORITY\SYSTEM","Allow","FullControl","True"
"Y:\ttbntfile1\shared\appsdata\groups\17-Xeroxscans\Tony","TONNANDBLANK\AVD Test Users","Allow","FullControl","True"
"Y:\ttbntfile1\shared\appsdata\groups\17-Xeroxscans\Tony","TONNANDBLANK\impactadmin","Allow","FullControl","True"
"Y:\ttbntfile1\shared\appsdata\groups\17-Xeroxscans\Tony","CREATOR OWNER","Allow","FullControl","True"
"Y:\ttbntfile1\shared\appsdata\groups\17-Xeroxscans\Tony","BUILTIN\Administrators","Allow","FullControl","True"
"Y:\ttbntfile1\shared\appsdata\groups\17-Xeroxscans\Tony","NT AUTHORITY\SYSTEM","Allow","FullControl","True"
"Y:\ttbntfile1\shared\appsdata\groups\17-Xeroxscans\William","TONNANDBLANK\AVD Test Users","Allow","FullControl","True"
"Y:\ttbntfile1\shared\appsdata\groups\17-Xeroxscans\William","TONNANDBLANK\impactadmin","Allow","FullControl","True"
"Y:\ttbntfile1\shared\appsdata\groups\17-Xeroxscans\William","CREATOR OWNER","Allow","FullControl","True"
"Y:\ttbntfile1\shared\appsdata\groups\17-Xeroxscans\William","BUILTIN\Administrators","Allow","FullControl","True"
"Y:\ttbntfile1\shared\appsdata\groups\17-Xeroxscans\William","NT AUTHORITY\SYSTEM","Allow","FullControl","True"
"Y:\ttbntfile1\shared\appsdata\groups\17-Xeroxscans\Allison\Indy Job Closes","TONNANDBLANK\AVD Test Users","Allow","FullControl","True"
"Y:\ttbntfile1\shared\appsdata\groups\17-Xeroxscans\Allison\Indy Job Closes","TONNANDBLANK\impactadmin","Allow","FullControl","True"
"Y:\ttbntfile1\shared\appsdata\groups\17-Xeroxscans\Allison\Indy Job Closes","CREATOR OWNER","Allow","FullControl","True"
"Y:\ttbntfile1\shared\appsdata\groups\17-Xeroxscans\Allison\Indy Job Closes","BUILTIN\Administrators","Allow","FullControl","True"
"Y:\ttbntfile1\shared\appsdata\groups\17-Xeroxscans\Allison\Indy Job Closes","NT AUTHORITY\SYSTEM","Allow","FullControl","True"
"Y:\ttbntfile1\shared\appsdata\groups\17-Xeroxscans\Allison\Indy Job Setups","TONNANDBLANK\AVD Test Users","Allow","FullControl","True"
"Y:\ttbntfile1\shared\appsdata\groups\17-Xeroxscans\Allison\Indy Job Setups","TONNANDBLANK\impactadmin","Allow","FullControl","True"
"Y:\ttbntfile1\shared\appsdata\groups\17-Xeroxscans\Allison\Indy Job Setups","CREATOR OWNER","Allow","FullControl","True"
"Y:\ttbntfile1\shared\appsdata\groups\17-Xeroxscans\Allison\Indy Job Setups","BUILTIN\Administrators","Allow","FullControl","True"
"Y:\ttbntfile1\shared\appsdata\groups\17-Xeroxscans\Allison\Indy Job Setups","NT AUTHORITY\SYSTEM","Allow","FullControl","True"
"Y:\ttbntfile1\shared\appsdata\groups\17-Xeroxscans\Allison\Lafayette Job Closes","TONNANDBLANK\AVD Test Users","Allow","FullControl","True"
"Y:\ttbntfile1\shared\appsdata\groups\17-Xeroxscans\Allison\Lafayette Job Closes","TONNANDBLANK\impactadmin","Allow","FullControl","True"
"Y:\ttbntfile1\shared\appsdata\groups\17-Xeroxscans\Allison\Lafayette Job Closes","CREATOR OWNER","Allow","FullControl","True"
"Y:\ttbntfile1\shared\appsdata\groups\17-Xeroxscans\Allison\Lafayette Job Closes","BUILTIN\Administrators","Allow","FullControl","True"
"Y:\ttbntfile1\shared\appsdata\groups\17-Xeroxscans\Allison\Lafayette Job Closes","NT AUTHORITY\SYSTEM","Allow","FullControl","True"
"Y:\ttbntfile1\shared\appsdata\groups\17-Xeroxscans\Allison\NWI Job Closes","TONNANDBLANK\AVD Test Users","Allow","FullControl","True"
"Y:\ttbntfile1\shared\appsdata\groups\17-Xeroxscans\Allison\NWI Job Closes","TONNANDBLANK\impactadmin","Allow","FullControl","True"
"Y:\ttbntfile1\shared\appsdata\groups\17-Xeroxscans\Allison\NWI Job Closes","CREATOR OWNER","Allow","FullControl","True"
"Y:\ttbntfile1\shared\appsdata\groups\17-Xeroxscans\Allison\NWI Job Closes","BUILTIN\Administrators","Allow","FullControl","True"
"Y:\ttbntfile1\shared\appsdata\groups\17-Xeroxscans\Allison\NWI Job Closes","NT AUTHORITY\SYSTEM","Allow","FullControl","True"
"Y:\ttbntfile1\shared\appsdata\groups\17-Xeroxscans\Allison\Indy Job Closes\New Close outs","TONNANDBLANK\AVD Test Users","Allow","FullControl","True"
"Y:\ttbntfile1\shared\appsdata\groups\17-Xeroxscans\Allison\Indy Job Closes\New Close outs","TONNANDBLANK\impactadmin","Allow","FullControl","True"
"Y:\ttbntfile1\shared\appsdata\groups\17-Xeroxscans\Allison\Indy Job Closes\New Close outs","CREATOR OWNER","Allow","FullControl","True"
"Y:\ttbntfile1\shared\appsdata\groups\17-Xeroxscans\Allison\Indy Job Closes\New Close outs","BUILTIN\Administrators","Allow","FullControl","True"
"Y:\ttbntfile1\shared\appsdata\groups\17-Xeroxscans\Allison\Indy Job Closes\New Close outs","NT AUTHORITY\SYSTEM","Allow","FullControl","True"
"Y:\ttbntfile1\shared\appsdata\groups\17-Xeroxscans\Allison\Indy Job Closes\New Close outs\Done","TONNANDBLANK\AVD Test Users","Allow","FullControl","True"
"Y:\ttbntfile1\shared\appsdata\groups\17-Xeroxscans\Allison\Indy Job Closes\New Close outs\Done","TONNANDBLANK\impactadmin","Allow","FullControl","True"
"Y:\ttbntfile1\shared\appsdata\groups\17-Xeroxscans\Allison\Indy Job Closes\New Close outs\Done","CREATOR OWNER","Allow","FullControl","True"
"Y:\ttbntfile1\shared\appsdata\groups\17-Xeroxscans\Allison\Indy Job Closes\New Close outs\Done","BUILTIN\Administrators","Allow","FullControl","True"
"Y:\ttbntfile1\shared\appsdata\groups\17-Xeroxscans\Allison\Indy Job Closes\New Close outs\Done","NT AUTHORITY\SYSTEM","Allow","FullControl","True"
"Y:\ttbntfile1\shared\appsdata\groups\17-Xeroxscans\Allison\Indy Job Closes\New Close outs\Done\2021","TONNANDBLANK\AVD Test Users","Allow","FullControl","True"
"Y:\ttbntfile1\shared\appsdata\groups\17-Xeroxscans\Allison\Indy Job Closes\New Close outs\Done\2021","TONNANDBLANK\impactadmin","Allow","FullControl","True"
"Y:\ttbntfile1\shared\appsdata\groups\17-Xeroxscans\Allison\Indy Job Closes\New Close outs\Done\2021","CREATOR OWNER","Allow","FullControl","True"
"Y:\ttbntfile1\shared\appsdata\groups\17-Xeroxscans\Allison\Indy Job Closes\New Close outs\Done\2021","BUILTIN\Administrators","Allow","FullControl","True"
"Y:\ttbntfile1\shared\appsdata\groups\17-Xeroxscans\Allison\Indy Job Closes\New Close outs\Done\2021","NT AUTHORITY\SYSTEM","Allow","FullControl","True"
"Y:\ttbntfile1\shared\appsdata\groups\17-Xeroxscans\Allison\Indy Job Closes\New Close outs\Done\2023","TONNANDBLANK\AVD Test Users","Allow","FullControl","True"
"Y:\ttbntfile1\shared\appsdata\groups\17-Xeroxscans\Allison\Indy Job Closes\New Close outs\Done\2023","TONNANDBLANK\impactadmin","Allow","FullControl","True"
"Y:\ttbntfile1\shared\appsdata\groups\17-Xeroxscans\Allison\Indy Job Closes\New Close outs\Done\2023","CREATOR OWNER","Allow","FullControl","True"
"Y:\ttbntfile1\shared\appsdata\groups\17-Xeroxscans\Allison\Indy Job Closes\New Close outs\Done\2023","BUILTIN\Administrators","Allow","FullControl","True"
"Y:\ttbntfile1\shared\appsdata\groups\17-Xeroxscans\Allison\Indy Job Closes\New Close outs\Done\2023","NT AUTHORITY\SYSTEM","Allow","FullControl","True"
"Y:\ttbntfile1\shared\appsdata\groups\17-Xeroxscans\Allison\Indy Job Setups\New Setups","TONNANDBLANK\AVD Test Users","Allow","FullControl","True"
"Y:\ttbntfile1\shared\appsdata\groups\17-Xeroxscans\Allison\Indy Job Setups\New Setups","TONNANDBLANK\impactadmin","Allow","FullControl","True"
"Y:\ttbntfile1\shared\appsdata\groups\17-Xeroxscans\Allison\Indy Job Setups\New Setups","CREATOR OWNER","Allow","FullControl","True"
"Y:\ttbntfile1\shared\appsdata\groups\17-Xeroxscans\Allison\Indy Job Setups\New Setups","BUILTIN\Administrators","Allow","FullControl","True"
"Y:\ttbntfile1\shared\appsdata\groups\17-Xeroxscans\Allison\Indy Job Setups\New Setups","NT AUTHORITY\SYSTEM","Allow","FullControl","True"
"Y:\ttbntfile1\shared\appsdata\groups\17-Xeroxscans\Allison\Indy Job Setups\Processed by Allison","TONNANDBLANK\AVD Test Users","Allow","FullControl","True"
"Y:\ttbntfile1\shared\appsdata\groups\17-Xeroxscans\Allison\Indy Job Setups\Processed by Allison","TONNANDBLANK\impactadmin","Allow","FullControl","True"
"Y:\ttbntfile1\shared\appsdata\groups\17-Xeroxscans\Allison\Indy Job Setups\Processed by Allison","CREATOR OWNER","Allow","FullControl","True"
"Y:\ttbntfile1\shared\appsdata\groups\17-Xeroxscans\Allison\Indy Job Setups\Processed by Allison","BUILTIN\Administrators","Allow","FullControl","True"
"Y:\ttbntfile1\shared\appsdata\groups\17-Xeroxscans\Allison\Indy Job Setups\Processed by Allison","NT AUTHORITY\SYSTEM","Allow","FullControl","True"
"Y:\ttbntfile1\shared\appsdata\groups\17-Xeroxscans\Allison\Indy Job Setups\New Setups\Done","TONNANDBLANK\AVD Test Users","Allow","FullControl","True"
"Y:\ttbntfile1\shared\appsdata\groups\17-Xeroxscans\Allison\Indy Job Setups\New Setups\Done","TONNANDBLANK\impactadmin","Allow","FullControl","True"
"Y:\ttbntfile1\shared\appsdata\groups\17-Xeroxscans\Allison\Indy Job Setups\New Setups\Done","CREATOR OWNER","Allow","FullControl","True"
"Y:\ttbntfile1\shared\appsdata\groups\17-Xeroxscans\Allison\Indy Job Setups\New Setups\Done","BUILTIN\Administrators","Allow","FullControl","True"
"Y:\ttbntfile1\shared\appsdata\groups\17-Xeroxscans\Allison\Indy Job Setups\New Setups\Done","NT AUTHORITY\SYSTEM","Allow","FullControl","True"
"Y:\ttbntfile1\shared\appsdata\groups\17-Xeroxscans\Allison\Indy Job Setups\New Setups\Done\2021","TONNANDBLANK\AVD Test Users","Allow","FullControl","True"
"Y:\ttbntfile1\shared\appsdata\groups\17-Xeroxscans\Allison\Indy Job Setups\New Setups\Done\2021","TONNANDBLANK\impactadmin","Allow","FullControl","True"
"Y:\ttbntfile1\shared\appsdata\groups\17-Xeroxscans\Allison\Indy Job Setups\New Setups\Done\2021","CREATOR OWNER","Allow","FullControl","True"
"Y:\ttbntfile1\shared\appsdata\groups\17-Xeroxscans\Allison\Indy Job Setups\New Setups\Done\2021","BUILTIN\Administrators","Allow","FullControl","True"
"Y:\ttbntfile1\shared\appsdata\groups\17-Xeroxscans\Allison\Indy Job Setups\New Setups\Done\2021","NT AUTHORITY\SYSTEM","Allow","FullControl","True"
"Y:\ttbntfile1\shared\appsdata\groups\17-Xeroxscans\Allison\Indy Job Setups\New Setups\Done\2022","TONNANDBLANK\AVD Test Users","Allow","FullControl","True"
"Y:\ttbntfile1\shared\appsdata\groups\17-Xeroxscans\Allison\Indy Job Setups\New Setups\Done\2022","TONNANDBLANK\impactadmin","Allow","FullControl","True"
"Y:\ttbntfile1\shared\appsdata\groups\17-Xeroxscans\Allison\Indy Job Setups\New Setups\Done\2022","CREATOR OWNER","Allow","FullControl","True"
"Y:\ttbntfile1\shared\appsdata\groups\17-Xeroxscans\Allison\Indy Job Setups\New Setups\Done\2022","BUILTIN\Administrators","Allow","FullControl","True"
"Y:\ttbntfile1\shared\appsdata\groups\17-Xeroxscans\Allison\Indy Job Setups\New Setups\Done\2022","NT AUTHORITY\SYSTEM","Allow","FullControl","True"
"Y:\ttbntfile1\shared\appsdata\groups\17-Xeroxscans\Allison\Indy Job Setups\New Setups\Done\2023","TONNANDBLANK\AVD Test Users","Allow","FullControl","True"
"Y:\ttbntfile1\shared\appsdata\groups\17-Xeroxscans\Allison\Indy Job Setups\New Setups\Done\2023","TONNANDBLANK\impactadmin","Allow","FullControl","True"
"Y:\ttbntfile1\shared\appsdata\groups\17-Xeroxscans\Allison\Indy Job Setups\New Setups\Done\2023","CREATOR OWNER","Allow","FullControl","True"
"Y:\ttbntfile1\shared\appsdata\groups\17-Xeroxscans\Allison\Indy Job Setups\New Setups\Done\2023","BUILTIN\Administrators","Allow","FullControl","True"
"Y:\ttbntfile1\shared\appsdata\groups\17-Xeroxscans\Allison\Indy Job Setups\New Setups\Done\2023","NT AUTHORITY\SYSTEM","Allow","FullControl","True"
"Y:\ttbntfile1\shared\appsdata\groups\17-Xeroxscans\Allison\Lafayette Job Closes\Done by Allison","TONNANDBLANK\AVD Test Users","Allow","FullControl","True"
"Y:\ttbntfile1\shared\appsdata\groups\17-Xeroxscans\Allison\Lafayette Job Closes\Done by Allison","TONNANDBLANK\impactadmin","Allow","FullControl","True"
"Y:\ttbntfile1\shared\appsdata\groups\17-Xeroxscans\Allison\Lafayette Job Closes\Done by Allison","CREATOR OWNER","Allow","FullControl","True"
"Y:\ttbntfile1\shared\appsdata\groups\17-Xeroxscans\Allison\Lafayette Job Closes\Done by Allison","BUILTIN\Administrators","Allow","FullControl","True"
"Y:\ttbntfile1\shared\appsdata\groups\17-Xeroxscans\Allison\Lafayette Job Closes\Done by Allison","NT AUTHORITY\SYSTEM","Allow","FullControl","True"
"Y:\ttbntfile1\shared\appsdata\groups\17-Xeroxscans\Allison\Lafayette Job Closes\Done by Allison\2022","TONNANDBLANK\AVD Test Users","Allow","FullControl","True"
"Y:\ttbntfile1\shared\appsdata\groups\17-Xeroxscans\Allison\Lafayette Job Closes\Done by Allison\2022","TONNANDBLANK\impactadmin","Allow","FullControl","True"
"Y:\ttbntfile1\shared\appsdata\groups\17-Xeroxscans\Allison\Lafayette Job Closes\Done by Allison\2022","CREATOR OWNER","Allow","FullControl","True"
"Y:\ttbntfile1\shared\appsdata\groups\17-Xeroxscans\Allison\Lafayette Job Closes\Done by Allison\2022","BUILTIN\Administrators","Allow","FullControl","True"
"Y:\ttbntfile1\shared\appsdata\groups\17-Xeroxscans\Allison\Lafayette Job Closes\Done by Allison\2022","NT AUTHORITY\SYSTEM","Allow","FullControl","True"
"Y:\ttbntfile1\shared\appsdata\groups\17-Xeroxscans\Allison\Lafayette Job Closes\Done by Allison\2023","TONNANDBLANK\AVD Test Users","Allow","FullControl","True"
"Y:\ttbntfile1\shared\appsdata\groups\17-Xeroxscans\Allison\Lafayette Job Closes\Done by Allison\2023","TONNANDBLANK\impactadmin","Allow","FullControl","True"
"Y:\ttbntfile1\shared\appsdata\groups\17-Xeroxscans\Allison\Lafayette Job Closes\Done by Allison\2023","CREATOR OWNER","Allow","FullControl","True"
"Y:\ttbntfile1\shared\appsdata\groups\17-Xeroxscans\Allison\Lafayette Job Closes\Done by Allison\2023","BUILTIN\Administrators","Allow","FullControl","True"
"Y:\ttbntfile1\shared\appsdata\groups\17-Xeroxscans\Allison\Lafayette Job Closes\Done by Allison\2023","NT AUTHORITY\SYSTEM","Allow","FullControl","True"
"Y:\ttbntfile1\shared\appsdata\groups\17-Xeroxscans\Allison\Lafayette Job Closes\Done by Allison\22J002-FHLC-2022 General Maintenance","TONNANDBLANK\AVD Test Users","Allow","FullControl","True"
"Y:\ttbntfile1\shared\appsdata\groups\17-Xeroxscans\Allison\Lafayette Job Closes\Done by Allison\22J002-FHLC-2022 General Maintenance","TONNANDBLANK\impactadmin","Allow","FullControl","True"
"Y:\ttbntfile1\shared\appsdata\groups\17-Xeroxscans\Allison\Lafayette Job Closes\Done by Allison\22J002-FHLC-2022 General Maintenance","CREATOR OWNER","Allow","FullControl","True"
"Y:\ttbntfile1\shared\appsdata\groups\17-Xeroxscans\Allison\Lafayette Job Closes\Done by Allison\22J002-FHLC-2022 General Maintenance","BUILTIN\Administrators","Allow","FullControl","True"
"Y:\ttbntfile1\shared\appsdata\groups\17-Xeroxscans\Allison\Lafayette Job Closes\Done by Allison\22J002-FHLC-2022 General Maintenance","NT AUTHORITY\SYSTEM","Allow","FullControl","True"
"Y:\ttbntfile1\shared\appsdata\groups\17-Xeroxscans\Allison\Lafayette Job Closes\Done by Allison\23T003_FHLE Temp Drive Removal","TONNANDBLANK\AVD Test Users","Allow","FullControl","True"
"Y:\ttbntfile1\shared\appsdata\groups\17-Xeroxscans\Allison\Lafayette Job Closes\Done by Allison\23T003_FHLE Temp Drive Removal","TONNANDBLANK\impactadmin","Allow","FullControl","True"
"Y:\ttbntfile1\shared\appsdata\groups\17-Xeroxscans\Allison\Lafayette Job Closes\Done by Allison\23T003_FHLE Temp Drive Removal","CREATOR OWNER","Allow","FullControl","True"
"Y:\ttbntfile1\shared\appsdata\groups\17-Xeroxscans\Allison\Lafayette Job Closes\Done by Allison\23T003_FHLE Temp Drive Removal","BUILTIN\Administrators","Allow","FullControl","True"
"Y:\ttbntfile1\shared\appsdata\groups\17-Xeroxscans\Allison\Lafayette Job Closes\Done by Allison\23T003_FHLE Temp Drive Removal","NT AUTHORITY\SYSTEM","Allow","FullControl","True"
"Y:\ttbntfile1\shared\appsdata\groups\17-Xeroxscans\Allison\Lafayette Job Closes\Done by Allison\22J002-FHLC-2022 General Maintenance\1-PreconEstimate","TONNANDBLANK\AVD Test Users","Allow","FullControl","True"
"Y:\ttbntfile1\shared\appsdata\groups\17-Xeroxscans\Allison\Lafayette Job Closes\Done by Allison\22J002-FHLC-2022 General Maintenance\1-PreconEstimate","TONNANDBLANK\impactadmin","Allow","FullControl","True"
"Y:\ttbntfile1\shared\appsdata\groups\17-Xeroxscans\Allison\Lafayette Job Closes\Done by Allison\22J002-FHLC-2022 General Maintenance\1-PreconEstimate","CREATOR OWNER","Allow","FullControl","True"
"Y:\ttbntfile1\shared\appsdata\groups\17-Xeroxscans\Allison\Lafayette Job Closes\Done by Allison\22J002-FHLC-2022 General Maintenance\1-PreconEstimate","BUILTIN\Administrators","Allow","FullControl","True"
"Y:\ttbntfile1\shared\appsdata\groups\17-Xeroxscans\Allison\Lafayette Job Closes\Done by Allison\22J002-FHLC-2022 General Maintenance\1-PreconEstimate","NT AUTHORITY\SYSTEM","Allow","FullControl","True"
"Y:\ttbntfile1\shared\appsdata\groups\17-Xeroxscans\Allison\Lafayette Job Closes\Done by Allison\22J002-FHLC-2022 General Maintenance\10-QualityControl","TONNANDBLANK\AVD Test Users","Allow","FullControl","True"
"Y:\ttbntfile1\shared\appsdata\groups\17-Xeroxscans\Allison\Lafayette Job Closes\Done by Allison\22J002-FHLC-2022 General Maintenance\10-QualityControl","TONNANDBLANK\impactadmin","Allow","FullControl","True"
"Y:\ttbntfile1\shared\appsdata\groups\17-Xeroxscans\Allison\Lafayette Job Closes\Done by Allison\22J002-FHLC-2022 General Maintenance\10-QualityControl","CREATOR OWNER","Allow","FullControl","True"
"Y:\ttbntfile1\shared\appsdata\groups\17-Xeroxscans\Allison\Lafayette Job Closes\Done by Allison\22J002-FHLC-2022 General Maintenance\10-QualityControl","BUILTIN\Administrators","Allow","FullControl","True"
"Y:\ttbntfile1\shared\appsdata\groups\17-Xeroxscans\Allison\Lafayette Job Closes\Done by Allison\22J002-FHLC-2022 General Maintenance\10-QualityControl","NT AUTHORITY\SYSTEM","Allow","FullControl","True"
"Y:\ttbntfile1\shared\appsdata\groups\17-Xeroxscans\Allison\Lafayette Job Closes\Done by Allison\22J002-FHLC-2022 General Maintenance\11-CloseOut","TONNANDBLANK\AVD Test Users","Allow","FullControl","True"
"Y:\ttbntfile1\shared\appsdata\groups\17-Xeroxscans\Allison\Lafayette Job Closes\Done by Allison\22J002-FHLC-2022 General Maintenance\11-CloseOut","TONNANDBLANK\impactadmin","Allow","FullControl","True"
"Y:\ttbntfile1\shared\appsdata\groups\17-Xeroxscans\Allison\Lafayette Job Closes\Done by Allison\22J002-FHLC-2022 General Maintenance\11-CloseOut","CREATOR OWNER","Allow","FullControl","True"
"Y:\ttbntfile1\shared\appsdata\groups\17-Xeroxscans\Allison\Lafayette Job Closes\Done by Allison\22J002-FHLC-2022 General Maintenance\11-CloseOut","BUILTIN\Administrators","Allow","FullControl","True"
"Y:\ttbntfile1\shared\appsdata\groups\17-Xeroxscans\Allison\Lafayette Job Closes\Done by Allison\22J002-FHLC-2022 General Maintenance\11-CloseOut","NT AUTHORITY\SYSTEM","Allow","FullControl","True"
"Y:\ttbntfile1\shared\appsdata\groups\17-Xeroxscans\Allison\Lafayette Job Closes\Done by Allison\22J002-FHLC-2022 General Maintenance\12-Miscel","TONNANDBLANK\AVD Test Users","Allow","FullControl","True"
"Y:\ttbntfile1\shared\appsdata\groups\17-Xeroxscans\Allison\Lafayette Job Closes\Done by Allison\22J002-FHLC-2022 General Maintenance\12-Miscel","TONNANDBLANK\impactadmin","Allow","FullControl","True"
"Y:\ttbntfile1\shared\appsdata\groups\17-Xeroxscans\Allison\Lafayette Job Closes\Done by Allison\22J002-FHLC-2022 General Maintenance\12-Miscel","CREATOR OWNER","Allow","FullControl","True"
"Y:\ttbntfile1\shared\appsdata\groups\17-Xeroxscans\Allison\Lafayette Job Closes\Done by Allison\22J002-FHLC-2022 General Maintenance\12-Miscel","BUILTIN\Administrators","Allow","FullControl","True"
"Y:\ttbntfile1\shared\appsdata\groups\17-Xeroxscans\Allison\Lafayette Job Closes\Done by Allison\22J002-FHLC-2022 General Maintenance\12-Miscel","NT AUTHORITY\SYSTEM","Allow","FullControl","True"
"Y:\ttbntfile1\shared\appsdata\groups\17-Xeroxscans\Allison\Lafayette Job Closes\Done by Allison\22J002-FHLC-2022 General Maintenance\2-OwnerCustomer","TONNANDBLANK\AVD Test Users","Allow","FullControl","True"
"Y:\ttbntfile1\shared\appsdata\groups\17-Xeroxscans\Allison\Lafayette Job Closes\Done by Allison\22J002-FHLC-2022 General Maintenance\2-OwnerCustomer","TONNANDBLANK\impactadmin","Allow","FullControl","True"
"Y:\ttbntfile1\shared\appsdata\groups\17-Xeroxscans\Allison\Lafayette Job Closes\Done by Allison\22J002-FHLC-2022 General Maintenance\2-OwnerCustomer","CREATOR OWNER","Allow","FullControl","True"
"Y:\ttbntfile1\shared\appsdata\groups\17-Xeroxscans\Allison\Lafayette Job Closes\Done by Allison\22J002-FHLC-2022 General Maintenance\2-OwnerCustomer","BUILTIN\Administrators","Allow","FullControl","True"
"Y:\ttbntfile1\shared\appsdata\groups\17-Xeroxscans\Allison\Lafayette Job Closes\Done by Allison\22J002-FHLC-2022 General Maintenance\2-OwnerCustomer","NT AUTHORITY\SYSTEM","Allow","FullControl","True"
"Y:\ttbntfile1\shared\appsdata\groups\17-Xeroxscans\Allison\Lafayette Job Closes\Done by Allison\22J002-FHLC-2022 General Maintenance\3-ArchitectsEngineers","TONNANDBLANK\AVD Test Users","Allow","FullControl","True"
"Y:\ttbntfile1\shared\appsdata\groups\17-Xeroxscans\Allison\Lafayette Job Closes\Done by Allison\22J002-FHLC-2022 General Maintenance\3-ArchitectsEngineers","TONNANDBLANK\impactadmin","Allow","FullControl","True"
"Y:\ttbntfile1\shared\appsdata\groups\17-Xeroxscans\Allison\Lafayette Job Closes\Done by Allison\22J002-FHLC-2022 General Maintenance\3-ArchitectsEngineers","CREATOR OWNER","Allow","FullControl","True"
"Y:\ttbntfile1\shared\appsdata\groups\17-Xeroxscans\Allison\Lafayette Job Closes\Done by Allison\22J002-FHLC-2022 General Maintenance\3-ArchitectsEngineers","BUILTIN\Administrators","Allow","FullControl","True"
"Y:\ttbntfile1\shared\appsdata\groups\17-Xeroxscans\Allison\Lafayette Job Closes\Done by Allison\22J002-FHLC-2022 General Maintenance\3-ArchitectsEngineers","NT AUTHORITY\SYSTEM","Allow","FullControl","True"
"Y:\ttbntfile1\shared\appsdata\groups\17-Xeroxscans\Allison\Lafayette Job Closes\Done by Allison\22J002-FHLC-2022 General Maintenance\4-DocumentControl","TONNANDBLANK\AVD Test Users","Allow","FullControl","True"
"Y:\ttbntfile1\shared\appsdata\groups\17-Xeroxscans\Allison\Lafayette Job Closes\Done by Allison\22J002-FHLC-2022 General Maintenance\4-DocumentControl","TONNANDBLANK\impactadmin","Allow","FullControl","True"
"Y:\ttbntfile1\shared\appsdata\groups\17-Xeroxscans\Allison\Lafayette Job Closes\Done by Allison\22J002-FHLC-2022 General Maintenance\4-DocumentControl","CREATOR OWNER","Allow","FullControl","True"
"Y:\ttbntfile1\shared\appsdata\groups\17-Xeroxscans\Allison\Lafayette Job Closes\Done by Allison\22J002-FHLC-2022 General Maintenance\4-DocumentControl","BUILTIN\Administrators","Allow","FullControl","True"
"Y:\ttbntfile1\shared\appsdata\groups\17-Xeroxscans\Allison\Lafayette Job Closes\Done by Allison\22J002-FHLC-2022 General Maintenance\4-DocumentControl","NT AUTHORITY\SYSTEM","Allow","FullControl","True"
"Y:\ttbntfile1\shared\appsdata\groups\17-Xeroxscans\Allison\Lafayette Job Closes\Done by Allison\22J002-FHLC-2022 General Maintenance\5-GovtCorr","TONNANDBLANK\AVD Test Users","Allow","FullControl","True"
"Y:\ttbntfile1\shared\appsdata\groups\17-Xeroxscans\Allison\Lafayette Job Closes\Done by Allison\22J002-FHLC-2022 General Maintenance\5-GovtCorr","TONNANDBLANK\impactadmin","Allow","FullControl","True"
"Y:\ttbntfile1\shared\appsdata\groups\17-Xeroxscans\Allison\Lafayette Job Closes\Done by Allison\22J002-FHLC-2022 General Maintenance\5-GovtCorr","CREATOR OWNER","Allow","FullControl","True"
"Y:\ttbntfile1\shared\appsdata\groups\17-Xeroxscans\Allison\Lafayette Job Closes\Done by Allison\22J002-FHLC-2022 General Maintenance\5-GovtCorr","BUILTIN\Administrators","Allow","FullControl","True"
"Y:\ttbntfile1\shared\appsdata\groups\17-Xeroxscans\Allison\Lafayette Job Closes\Done by Allison\22J002-FHLC-2022 General Maintenance\5-GovtCorr","NT AUTHORITY\SYSTEM","Allow","FullControl","True"
"Y:\ttbntfile1\shared\appsdata\groups\17-Xeroxscans\Allison\Lafayette Job Closes\Done by Allison\22J002-FHLC-2022 General Maintenance\6-PO_Sub_Consultants","TONNANDBLANK\AVD Test Users","Allow","FullControl","True"
"Y:\ttbntfile1\shared\appsdata\groups\17-Xeroxscans\Allison\Lafayette Job Closes\Done by Allison\22J002-FHLC-2022 General Maintenance\6-PO_Sub_Consultants","TONNANDBLANK\impactadmin","Allow","FullControl","True"
"Y:\ttbntfile1\shared\appsdata\groups\17-Xeroxscans\Allison\Lafayette Job Closes\Done by Allison\22J002-FHLC-2022 General Maintenance\6-PO_Sub_Consultants","CREATOR OWNER","Allow","FullControl","True"
"Y:\ttbntfile1\shared\appsdata\groups\17-Xeroxscans\Allison\Lafayette Job Closes\Done by Allison\22J002-FHLC-2022 General Maintenance\6-PO_Sub_Consultants","BUILTIN\Administrators","Allow","FullControl","True"
"Y:\ttbntfile1\shared\appsdata\groups\17-Xeroxscans\Allison\Lafayette Job Closes\Done by Allison\22J002-FHLC-2022 General Maintenance\6-PO_Sub_Consultants","NT AUTHORITY\SYSTEM","Allow","FullControl","True"
"Y:\ttbntfile1\shared\appsdata\groups\17-Xeroxscans\Allison\Lafayette Job Closes\Done by Allison\22J002-FHLC-2022 General Maintenance\7-JobProgress","TONNANDBLANK\AVD Test Users","Allow","FullControl","True"
"Y:\ttbntfile1\shared\appsdata\groups\17-Xeroxscans\Allison\Lafayette Job Closes\Done by Allison\22J002-FHLC-2022 General Maintenance\7-JobProgress","TONNANDBLANK\impactadmin","Allow","FullControl","True"
"Y:\ttbntfile1\shared\appsdata\groups\17-Xeroxscans\Allison\Lafayette Job Closes\Done by Allison\22J002-FHLC-2022 General Maintenance\7-JobProgress","CREATOR OWNER","Allow","FullControl","True"
"Y:\ttbntfile1\shared\appsdata\groups\17-Xeroxscans\Allison\Lafayette Job Closes\Done by Allison\22J002-FHLC-2022 General Maintenance\7-JobProgress","BUILTIN\Administrators","Allow","FullControl","True"
"Y:\ttbntfile1\shared\appsdata\groups\17-Xeroxscans\Allison\Lafayette Job Closes\Done by Allison\22J002-FHLC-2022 General Maintenance\7-JobProgress","NT AUTHORITY\SYSTEM","Allow","FullControl","True"
"Y:\ttbntfile1\shared\appsdata\groups\17-Xeroxscans\Allison\Lafayette Job Closes\Done by Allison\22J002-FHLC-2022 General Maintenance\8-CostControl","TONNANDBLANK\AVD Test Users","Allow","FullControl","True"
"Y:\ttbntfile1\shared\appsdata\groups\17-Xeroxscans\Allison\Lafayette Job Closes\Done by Allison\22J002-FHLC-2022 General Maintenance\8-CostControl","TONNANDBLANK\impactadmin","Allow","FullControl","True"
"Y:\ttbntfile1\shared\appsdata\groups\17-Xeroxscans\Allison\Lafayette Job Closes\Done by Allison\22J002-FHLC-2022 General Maintenance\8-CostControl","CREATOR OWNER","Allow","FullControl","True"
"Y:\ttbntfile1\shared\appsdata\groups\17-Xeroxscans\Allison\Lafayette Job Closes\Done by Allison\22J002-FHLC-2022 General Maintenance\8-CostControl","BUILTIN\Administrators","Allow","FullControl","True"
"Y:\ttbntfile1\shared\appsdata\groups\17-Xeroxscans\Allison\Lafayette Job Closes\Done by Allison\22J002-FHLC-2022 General Maintenance\8-CostControl","NT AUTHORITY\SYSTEM","Allow","FullControl","True"
"Y:\ttbntfile1\shared\appsdata\groups\17-Xeroxscans\Allison\Lafayette Job Closes\Done by Allison\22J002-FHLC-2022 General Maintenance\9-Safety","TONNANDBLANK\AVD Test Users","Allow","FullControl","True"
"Y:\ttbntfile1\shared\appsdata\groups\17-Xeroxscans\Allison\Lafayette Job Closes\Done by Allison\22J002-FHLC-2022 General Maintenance\9-Safety","TONNANDBLANK\impactadmin","Allow","FullControl","True"
"Y:\ttbntfile1\shared\appsdata\groups\17-Xeroxscans\Allison\Lafayette Job Closes\Done by Allison\22J002-FHLC-2022 General Maintenance\9-Safety","CREATOR OWNER","Allow","FullControl","True"
"Y:\ttbntfile1\shared\appsdata\groups\17-Xeroxscans\Allison\Lafayette Job Closes\Done by Allison\22J002-FHLC-2022 General Maintenance\9-Safety","BUILTIN\Administrators","Allow","FullControl","True"
"Y:\ttbntfile1\shared\appsdata\groups\17-Xeroxscans\Allison\Lafayette Job Closes\Done by Allison\22J002-FHLC-2022 General Maintenance\9-Safety","NT AUTHORITY\SYSTEM","Allow","FullControl","True"
"Y:\ttbntfile1\shared\appsdata\groups\17-Xeroxscans\Allison\Lafayette Job Closes\Done by Allison\22J002-FHLC-2022 General Maintenance\1-PreconEstimate\1-Estimate","TONNANDBLANK\AVD Test Users","Allow","FullControl","True"
"Y:\ttbntfile1\shared\appsdata\groups\17-Xeroxscans\Allison\Lafayette Job Closes\Done by Allison\22J002-FHLC-2022 General Maintenance\1-PreconEstimate\1-Estimate","TONNANDBLANK\impactadmin","Allow","FullControl","True"
"Y:\ttbntfile1\shared\appsdata\groups\17-Xeroxscans\Allison\Lafayette Job Closes\Done by Allison\22J002-FHLC-2022 General Maintenance\1-PreconEstimate\1-Estimate","CREATOR OWNER","Allow","FullControl","True"
"Y:\ttbntfile1\shared\appsdata\groups\17-Xeroxscans\Allison\Lafayette Job Closes\Done by Allison\22J002-FHLC-2022 General Maintenance\1-PreconEstimate\1-Estimate","BUILTIN\Administrators","Allow","FullControl","True"
"Y:\ttbntfile1\shared\appsdata\groups\17-Xeroxscans\Allison\Lafayette Job Closes\Done by Allison\22J002-FHLC-2022 General Maintenance\1-PreconEstimate\1-Estimate","NT AUTHORITY\SYSTEM","Allow","FullControl","True"
"Y:\ttbntfile1\shared\appsdata\groups\17-Xeroxscans\Allison\Lafayette Job Closes\Done by Allison\22J002-FHLC-2022 General Maintenance\1-PreconEstimate\2-Alternates","TONNANDBLANK\AVD Test Users","Allow","FullControl","True"
"Y:\ttbntfile1\shared\appsdata\groups\17-Xeroxscans\Allison\Lafayette Job Closes\Done by Allison\22J002-FHLC-2022 General Maintenance\1-PreconEstimate\2-Alternates","TONNANDBLANK\impactadmin","Allow","FullControl","True"
"Y:\ttbntfile1\shared\appsdata\groups\17-Xeroxscans\Allison\Lafayette Job Closes\Done by Allison\22J002-FHLC-2022 General Maintenance\1-PreconEstimate\2-Alternates","CREATOR OWNER","Allow","FullControl","True"
"Y:\ttbntfile1\shared\appsdata\groups\17-Xeroxscans\Allison\Lafayette Job Closes\Done by Allison\22J002-FHLC-2022 General Maintenance\1-PreconEstimate\2-Alternates","BUILTIN\Administrators","Allow","FullControl","True"
"Y:\ttbntfile1\shared\appsdata\groups\17-Xeroxscans\Allison\Lafayette Job Closes\Done by Allison\22J002-FHLC-2022 General Maintenance\1-PreconEstimate\2-Alternates","NT AUTHORITY\SYSTEM","Allow","FullControl","True"
"Y:\ttbntfile1\shared\appsdata\groups\17-Xeroxscans\Allison\Lafayette Job Closes\Done by Allison\22J002-FHLC-2022 General Maintenance\1-PreconEstimate\3-SubBids_MatlSupplierQuotes","TONNANDBLANK\AVD Test Users","Allow","FullControl","True"
"Y:\ttbntfile1\shared\appsdata\groups\17-Xeroxscans\Allison\Lafayette Job Closes\Done by Allison\22J002-FHLC-2022 General Maintenance\1-PreconEstimate\3-SubBids_MatlSupplierQuotes","TONNANDBLANK\impactadmin","Allow","FullControl","True"
"Y:\ttbntfile1\shared\appsdata\groups\17-Xeroxscans\Allison\Lafayette Job Closes\Done by Allison\22J002-FHLC-2022 General Maintenance\1-PreconEstimate\3-SubBids_MatlSupplierQuotes","CREATOR OWNER","Allow","FullControl","True"
"Y:\ttbntfile1\shared\appsdata\groups\17-Xeroxscans\Allison\Lafayette Job Closes\Done by Allison\22J002-FHLC-2022 General Maintenance\1-PreconEstimate\3-SubBids_MatlSupplierQuotes","BUILTIN\Administrators","Allow","FullControl","True"
"Y:\ttbntfile1\shared\appsdata\groups\17-Xeroxscans\Allison\Lafayette Job Closes\Done by Allison\22J002-FHLC-2022 General Maintenance\1-PreconEstimate\3-SubBids_MatlSupplierQuotes","NT AUTHORITY\SYSTEM","Allow","FullControl","True"
"Y:\ttbntfile1\shared\appsdata\groups\17-Xeroxscans\Allison\Lafayette Job Closes\Done by Allison\22J002-FHLC-2022 General Maintenance\1-PreconEstimate\4-UnitPrices","TONNANDBLANK\AVD Test Users","Allow","FullControl","True"
"Y:\ttbntfile1\shared\appsdata\groups\17-Xeroxscans\Allison\Lafayette Job Closes\Done by Allison\22J002-FHLC-2022 General Maintenance\1-PreconEstimate\4-UnitPrices","TONNANDBLANK\impactadmin","Allow","FullControl","True"
"Y:\ttbntfile1\shared\appsdata\groups\17-Xeroxscans\Allison\Lafayette Job Closes\Done by Allison\22J002-FHLC-2022 General Maintenance\1-PreconEstimate\4-UnitPrices","CREATOR OWNER","Allow","FullControl","True"
"Y:\ttbntfile1\shared\appsdata\groups\17-Xeroxscans\Allison\Lafayette Job Closes\Done by Allison\22J002-FHLC-2022 General Maintenance\1-PreconEstimate\4-UnitPrices","BUILTIN\Administrators","Allow","FullControl","True"
"Y:\ttbntfile1\shared\appsdata\groups\17-Xeroxscans\Allison\Lafayette Job Closes\Done by Allison\22J002-FHLC-2022 General Maintenance\1-PreconEstimate\4-UnitPrices","NT AUTHORITY\SYSTEM","Allow","FullControl","True"
"Y:\ttbntfile1\shared\appsdata\groups\17-Xeroxscans\Allison\Lafayette Job Closes\Done by Allison\22J002-FHLC-2022 General Maintenance\1-PreconEstimate\5-ValueEng","TONNANDBLANK\AVD Test Users","Allow","FullControl","True"
"Y:\ttbntfile1\shared\appsdata\groups\17-Xeroxscans\Allison\Lafayette Job Closes\Done by Allison\22J002-FHLC-2022 General Maintenance\1-PreconEstimate\5-ValueEng","TONNANDBLANK\impactadmin","Allow","FullControl","True"
"Y:\ttbntfile1\shared\appsdata\groups\17-Xeroxscans\Allison\Lafayette Job Closes\Done by Allison\22J002-FHLC-2022 General Maintenance\1-PreconEstimate\5-ValueEng","CREATOR OWNER","Allow","FullControl","True"
"Y:\ttbntfile1\shared\appsdata\groups\17-Xeroxscans\Allison\Lafayette Job Closes\Done by Allison\22J002-FHLC-2022 General Maintenance\1-PreconEstimate\5-ValueEng","BUILTIN\Administrators","Allow","FullControl","True"
"Y:\ttbntfile1\shared\appsdata\groups\17-Xeroxscans\Allison\Lafayette Job Closes\Done by Allison\22J002-FHLC-2022 General Maintenance\1-PreconEstimate\5-ValueEng","NT AUTHORITY\SYSTEM","Allow","FullControl","True"
"Y:\ttbntfile1\shared\appsdata\groups\17-Xeroxscans\Allison\Lafayette Job Closes\Done by Allison\22J002-FHLC-2022 General Maintenance\1-PreconEstimate\6-Projections","TONNANDBLANK\AVD Test Users","Allow","FullControl","True"
"Y:\ttbntfile1\shared\appsdata\groups\17-Xeroxscans\Allison\Lafayette Job Closes\Done by Allison\22J002-FHLC-2022 General Maintenance\1-PreconEstimate\6-Projections","TONNANDBLANK\impactadmin","Allow","FullControl","True"
"Y:\ttbntfile1\shared\appsdata\groups\17-Xeroxscans\Allison\Lafayette Job Closes\Done by Allison\22J002-FHLC-2022 General Maintenance\1-PreconEstimate\6-Projections","CREATOR OWNER","Allow","FullControl","True"
"Y:\ttbntfile1\shared\appsdata\groups\17-Xeroxscans\Allison\Lafayette Job Closes\Done by Allison\22J002-FHLC-2022 General Maintenance\1-PreconEstimate\6-Projections","BUILTIN\Administrators","Allow","FullControl","True"
"Y:\ttbntfile1\shared\appsdata\groups\17-Xeroxscans\Allison\Lafayette Job Closes\Done by Allison\22J002-FHLC-2022 General Maintenance\1-PreconEstimate\6-Projections","NT AUTHORITY\SYSTEM","Allow","FullControl","True"
"Y:\ttbntfile1\shared\appsdata\groups\17-Xeroxscans\Allison\Lafayette Job Closes\Done by Allison\22J002-FHLC-2022 General Maintenance\10-QualityControl\1-QualityControlProgram","TONNANDBLANK\AVD Test Users","Allow","FullControl","True"
"Y:\ttbntfile1\shared\appsdata\groups\17-Xeroxscans\Allison\Lafayette Job Closes\Done by Allison\22J002-FHLC-2022 General Maintenance\10-QualityControl\1-QualityControlProgram","TONNANDBLANK\impactadmin","Allow","FullControl","True"
"Y:\ttbntfile1\shared\appsdata\groups\17-Xeroxscans\Allison\Lafayette Job Closes\Done by Allison\22J002-FHLC-2022 General Maintenance\10-QualityControl\1-QualityControlProgram","CREATOR OWNER","Allow","FullControl","True"
"Y:\ttbntfile1\shared\appsdata\groups\17-Xeroxscans\Allison\Lafayette Job Closes\Done by Allison\22J002-FHLC-2022 General Maintenance\10-QualityControl\1-QualityControlProgram","BUILTIN\Administrators","Allow","FullControl","True"
"Y:\ttbntfile1\shared\appsdata\groups\17-Xeroxscans\Allison\Lafayette Job Closes\Done by Allison\22J002-FHLC-2022 General Maintenance\10-QualityControl\1-QualityControlProgram","NT AUTHORITY\SYSTEM","Allow","FullControl","True"
"Y:\ttbntfile1\shared\appsdata\groups\17-Xeroxscans\Allison\Lafayette Job Closes\Done by Allison\22J002-FHLC-2022 General Maintenance\10-QualityControl\2-InspectionForms","TONNANDBLANK\AVD Test Users","Allow","FullControl","True"
"Y:\ttbntfile1\shared\appsdata\groups\17-Xeroxscans\Allison\Lafayette Job Closes\Done by Allison\22J002-FHLC-2022 General Maintenance\10-QualityControl\2-InspectionForms","TONNANDBLANK\impactadmin","Allow","FullControl","True"
"Y:\ttbntfile1\shared\appsdata\groups\17-Xeroxscans\Allison\Lafayette Job Closes\Done by Allison\22J002-FHLC-2022 General Maintenance\10-QualityControl\2-InspectionForms","CREATOR OWNER","Allow","FullControl","True"
"Y:\ttbntfile1\shared\appsdata\groups\17-Xeroxscans\Allison\Lafayette Job Closes\Done by Allison\22J002-FHLC-2022 General Maintenance\10-QualityControl\2-InspectionForms","BUILTIN\Administrators","Allow","FullControl","True"
"Y:\ttbntfile1\shared\appsdata\groups\17-Xeroxscans\Allison\Lafayette Job Closes\Done by Allison\22J002-FHLC-2022 General Maintenance\10-QualityControl\2-InspectionForms","NT AUTHORITY\SYSTEM","Allow","FullControl","True"
"Y:\ttbntfile1\shared\appsdata\groups\17-Xeroxscans\Allison\Lafayette Job Closes\Done by Allison\22J002-FHLC-2022 General Maintenance\10-QualityControl\3-PunchLists","TONNANDBLANK\AVD Test Users","Allow","FullControl","True"
"Y:\ttbntfile1\shared\appsdata\groups\17-Xeroxscans\Allison\Lafayette Job Closes\Done by Allison\22J002-FHLC-2022 General Maintenance\10-QualityControl\3-PunchLists","TONNANDBLANK\impactadmin","Allow","FullControl","True"
"Y:\ttbntfile1\shared\appsdata\groups\17-Xeroxscans\Allison\Lafayette Job Closes\Done by Allison\22J002-FHLC-2022 General Maintenance\10-QualityControl\3-PunchLists","CREATOR OWNER","Allow","FullControl","True"
"Y:\ttbntfile1\shared\appsdata\groups\17-Xeroxscans\Allison\Lafayette Job Closes\Done by Allison\22J002-FHLC-2022 General Maintenance\10-QualityControl\3-PunchLists","BUILTIN\Administrators","Allow","FullControl","True"
"Y:\ttbntfile1\shared\appsdata\groups\17-Xeroxscans\Allison\Lafayette Job Closes\Done by Allison\22J002-FHLC-2022 General Maintenance\10-QualityControl\3-PunchLists","NT AUTHORITY\SYSTEM","Allow","FullControl","True"
"Y:\ttbntfile1\shared\appsdata\groups\17-Xeroxscans\Allison\Lafayette Job Closes\Done by Allison\22J002-FHLC-2022 General Maintenance\10-QualityControl\4-ReferenceDocuments","TONNANDBLANK\AVD Test Users","Allow","FullControl","True"
"Y:\ttbntfile1\shared\appsdata\groups\17-Xeroxscans\Allison\Lafayette Job Closes\Done by Allison\22J002-FHLC-2022 General Maintenance\10-QualityControl\4-ReferenceDocuments","TONNANDBLANK\impactadmin","Allow","FullControl","True"
"Y:\ttbntfile1\shared\appsdata\groups\17-Xeroxscans\Allison\Lafayette Job Closes\Done by Allison\22J002-FHLC-2022 General Maintenance\10-QualityControl\4-ReferenceDocuments","CREATOR OWNER","Allow","FullControl","True"
"Y:\ttbntfile1\shared\appsdata\groups\17-Xeroxscans\Allison\Lafayette Job Closes\Done by Allison\22J002-FHLC-2022 General Maintenance\10-QualityControl\4-ReferenceDocuments","BUILTIN\Administrators","Allow","FullControl","True"
"Y:\ttbntfile1\shared\appsdata\groups\17-Xeroxscans\Allison\Lafayette Job Closes\Done by Allison\22J002-FHLC-2022 General Maintenance\10-QualityControl\4-ReferenceDocuments","NT AUTHORITY\SYSTEM","Allow","FullControl","True"
"Y:\ttbntfile1\shared\appsdata\groups\17-Xeroxscans\Allison\Lafayette Job Closes\Done by Allison\22J002-FHLC-2022 General Maintenance\10-QualityControl\5-TestReports","TONNANDBLANK\AVD Test Users","Allow","FullControl","True"
"Y:\ttbntfile1\shared\appsdata\groups\17-Xeroxscans\Allison\Lafayette Job Closes\Done by Allison\22J002-FHLC-2022 General Maintenance\10-QualityControl\5-TestReports","TONNANDBLANK\impactadmin","Allow","FullControl","True"
"Y:\ttbntfile1\shared\appsdata\groups\17-Xeroxscans\Allison\Lafayette Job Closes\Done by Allison\22J002-FHLC-2022 General Maintenance\10-QualityControl\5-TestReports","CREATOR OWNER","Allow","FullControl","True"
"Y:\ttbntfile1\shared\appsdata\groups\17-Xeroxscans\Allison\Lafayette Job Closes\Done by Allison\22J002-FHLC-2022 General Maintenance\10-QualityControl\5-TestReports","BUILTIN\Administrators","Allow","FullControl","True"
"Y:\ttbntfile1\shared\appsdata\groups\17-Xeroxscans\Allison\Lafayette Job Closes\Done by Allison\22J002-FHLC-2022 General Maintenance\10-QualityControl\5-TestReports","NT AUTHORITY\SYSTEM","Allow","FullControl","True"
"Y:\ttbntfile1\shared\appsdata\groups\17-Xeroxscans\Allison\Lafayette Job Closes\Done by Allison\22J002-FHLC-2022 General Maintenance\10-QualityControl\6-Correspondence","TONNANDBLANK\AVD Test Users","Allow","FullControl","True"
"Y:\ttbntfile1\shared\appsdata\groups\17-Xeroxscans\Allison\Lafayette Job Closes\Done by Allison\22J002-FHLC-2022 General Maintenance\10-QualityControl\6-Correspondence","TONNANDBLANK\impactadmin","Allow","FullControl","True"
"Y:\ttbntfile1\shared\appsdata\groups\17-Xeroxscans\Allison\Lafayette Job Closes\Done by Allison\22J002-FHLC-2022 General Maintenance\10-QualityControl\6-Correspondence","CREATOR OWNER","Allow","FullControl","True"
"Y:\ttbntfile1\shared\appsdata\groups\17-Xeroxscans\Allison\Lafayette Job Closes\Done by Allison\22J002-FHLC-2022 General Maintenance\10-QualityControl\6-Correspondence","BUILTIN\Administrators","Allow","FullControl","True"
"Y:\ttbntfile1\shared\appsdata\groups\17-Xeroxscans\Allison\Lafayette Job Closes\Done by Allison\22J002-FHLC-2022 General Maintenance\10-QualityControl\6-Correspondence","NT AUTHORITY\SYSTEM","Allow","FullControl","True"
"Y:\ttbntfile1\shared\appsdata\groups\17-Xeroxscans\Allison\Lafayette Job Closes\Done by Allison\22J002-FHLC-2022 General Maintenance\10-QualityControl\2-InspectionForms\Templates","TONNANDBLANK\AVD Test Users","Allow","FullControl","True"
"Y:\ttbntfile1\shared\appsdata\groups\17-Xeroxscans\Allison\Lafayette Job Closes\Done by Allison\22J002-FHLC-2022 General Maintenance\10-QualityControl\2-InspectionForms\Templates","TONNANDBLANK\impactadmin","Allow","FullControl","True"
"Y:\ttbntfile1\shared\appsdata\groups\17-Xeroxscans\Allison\Lafayette Job Closes\Done by Allison\22J002-FHLC-2022 General Maintenance\10-QualityControl\2-InspectionForms\Templates","CREATOR OWNER","Allow","FullControl","True"
"Y:\ttbntfile1\shared\appsdata\groups\17-Xeroxscans\Allison\Lafayette Job Closes\Done by Allison\22J002-FHLC-2022 General Maintenance\10-QualityControl\2-InspectionForms\Templates","BUILTIN\Administrators","Allow","FullControl","True"
"Y:\ttbntfile1\shared\appsdata\groups\17-Xeroxscans\Allison\Lafayette Job Closes\Done by Allison\22J002-FHLC-2022 General Maintenance\10-QualityControl\2-InspectionForms\Templates","NT AUTHORITY\SYSTEM","Allow","FullControl","True"
"Y:\ttbntfile1\shared\appsdata\groups\17-Xeroxscans\Allison\Lafayette Job Closes\Done by Allison\22J002-FHLC-2022 General Maintenance\10-QualityControl\6-Correspondence\01-Incoming","TONNANDBLANK\AVD Test Users","Allow","FullControl","True"
"Y:\ttbntfile1\shared\appsdata\groups\17-Xeroxscans\Allison\Lafayette Job Closes\Done by Allison\22J002-FHLC-2022 General Maintenance\10-QualityControl\6-Correspondence\01-Incoming","TONNANDBLANK\impactadmin","Allow","FullControl","True"
"Y:\ttbntfile1\shared\appsdata\groups\17-Xeroxscans\Allison\Lafayette Job Closes\Done by Allison\22J002-FHLC-2022 General Maintenance\10-QualityControl\6-Correspondence\01-Incoming","CREATOR OWNER","Allow","FullControl","True"
"Y:\ttbntfile1\shared\appsdata\groups\17-Xeroxscans\Allison\Lafayette Job Closes\Done by Allison\22J002-FHLC-2022 General Maintenance\10-QualityControl\6-Correspondence\01-Incoming","BUILTIN\Administrators","Allow","FullControl","True"
"Y:\ttbntfile1\shared\appsdata\groups\17-Xeroxscans\Allison\Lafayette Job Closes\Done by Allison\22J002-FHLC-2022 General Maintenance\10-QualityControl\6-Correspondence\01-Incoming","NT AUTHORITY\SYSTEM","Allow","FullControl","True"
"Y:\ttbntfile1\shared\appsdata\groups\17-Xeroxscans\Allison\Lafayette Job Closes\Done by Allison\22J002-FHLC-2022 General Maintenance\10-QualityControl\6-Correspondence\02-Outgoing","TONNANDBLANK\AVD Test Users","Allow","FullControl","True"
"Y:\ttbntfile1\shared\appsdata\groups\17-Xeroxscans\Allison\Lafayette Job Closes\Done by Allison\22J002-FHLC-2022 General Maintenance\10-QualityControl\6-Correspondence\02-Outgoing","TONNANDBLANK\impactadmin","Allow","FullControl","True"
"Y:\ttbntfile1\shared\appsdata\groups\17-Xeroxscans\Allison\Lafayette Job Closes\Done by Allison\22J002-FHLC-2022 General Maintenance\10-QualityControl\6-Correspondence\02-Outgoing","CREATOR OWNER","Allow","FullControl","True"
"Y:\ttbntfile1\shared\appsdata\groups\17-Xeroxscans\Allison\Lafayette Job Closes\Done by Allison\22J002-FHLC-2022 General Maintenance\10-QualityControl\6-Correspondence\02-Outgoing","BUILTIN\Administrators","Allow","FullControl","True"
"Y:\ttbntfile1\shared\appsdata\groups\17-Xeroxscans\Allison\Lafayette Job Closes\Done by Allison\22J002-FHLC-2022 General Maintenance\10-QualityControl\6-Correspondence\02-Outgoing","NT AUTHORITY\SYSTEM","Allow","FullControl","True"
"Y:\ttbntfile1\shared\appsdata\groups\17-Xeroxscans\Allison\Lafayette Job Closes\Done by Allison\22J002-FHLC-2022 General Maintenance\11-CloseOut\1-Checklist","TONNANDBLANK\AVD Test Users","Allow","FullControl","True"
"Y:\ttbntfile1\shared\appsdata\groups\17-Xeroxscans\Allison\Lafayette Job Closes\Done by Allison\22J002-FHLC-2022 General Maintenance\11-CloseOut\1-Checklist","TONNANDBLANK\impactadmin","Allow","FullControl","True"
"Y:\ttbntfile1\shared\appsdata\groups\17-Xeroxscans\Allison\Lafayette Job Closes\Done by Allison\22J002-FHLC-2022 General Maintenance\11-CloseOut\1-Checklist","CREATOR OWNER","Allow","FullControl","True"
"Y:\ttbntfile1\shared\appsdata\groups\17-Xeroxscans\Allison\Lafayette Job Closes\Done by Allison\22J002-FHLC-2022 General Maintenance\11-CloseOut\1-Checklist","BUILTIN\Administrators","Allow","FullControl","True"
"Y:\ttbntfile1\shared\appsdata\groups\17-Xeroxscans\Allison\Lafayette Job Closes\Done by Allison\22J002-FHLC-2022 General Maintenance\11-CloseOut\1-Checklist","NT AUTHORITY\SYSTEM","Allow","FullControl","True"
"Y:\ttbntfile1\shared\appsdata\groups\17-Xeroxscans\Allison\Lafayette Job Closes\Done by Allison\22J002-FHLC-2022 General Maintenance\11-CloseOut\2-As-Builts","TONNANDBLANK\AVD Test Users","Allow","FullControl","True"
"Y:\ttbntfile1\shared\appsdata\groups\17-Xeroxscans\Allison\Lafayette Job Closes\Done by Allison\22J002-FHLC-2022 General Maintenance\11-CloseOut\2-As-Builts","TONNANDBLANK\impactadmin","Allow","FullControl","True"
"Y:\ttbntfile1\shared\appsdata\groups\17-Xeroxscans\Allison\Lafayette Job Closes\Done by Allison\22J002-FHLC-2022 General Maintenance\11-CloseOut\2-As-Builts","CREATOR OWNER","Allow","FullControl","True"
"Y:\ttbntfile1\shared\appsdata\groups\17-Xeroxscans\Allison\Lafayette Job Closes\Done by Allison\22J002-FHLC-2022 General Maintenance\11-CloseOut\2-As-Builts","BUILTIN\Administrators","Allow","FullControl","True"
"Y:\ttbntfile1\shared\appsdata\groups\17-Xeroxscans\Allison\Lafayette Job Closes\Done by Allison\22J002-FHLC-2022 General Maintenance\11-CloseOut\2-As-Builts","NT AUTHORITY\SYSTEM","Allow","FullControl","True"
"Y:\ttbntfile1\shared\appsdata\groups\17-Xeroxscans\Allison\Lafayette Job Closes\Done by Allison\22J002-FHLC-2022 General Maintenance\11-CloseOut\3-Training","TONNANDBLANK\AVD Test Users","Allow","FullControl","True"
"Y:\ttbntfile1\shared\appsdata\groups\17-Xeroxscans\Allison\Lafayette Job Closes\Done by Allison\22J002-FHLC-2022 General Maintenance\11-CloseOut\3-Training","TONNANDBLANK\impactadmin","Allow","FullControl","True"
"Y:\ttbntfile1\shared\appsdata\groups\17-Xeroxscans\Allison\Lafayette Job Closes\Done by Allison\22J002-FHLC-2022 General Maintenance\11-CloseOut\3-Training","CREATOR OWNER","Allow","FullControl","True"
"Y:\ttbntfile1\shared\appsdata\groups\17-Xeroxscans\Allison\Lafayette Job Closes\Done by Allison\22J002-FHLC-2022 General Maintenance\11-CloseOut\3-Training","BUILTIN\Administrators","Allow","FullControl","True"
"Y:\ttbntfile1\shared\appsdata\groups\17-Xeroxscans\Allison\Lafayette Job Closes\Done by Allison\22J002-FHLC-2022 General Maintenance\11-CloseOut\3-Training","NT AUTHORITY\SYSTEM","Allow","FullControl","True"
"Y:\ttbntfile1\shared\appsdata\groups\17-Xeroxscans\Allison\Lafayette Job Closes\Done by Allison\22J002-FHLC-2022 General Maintenance\11-CloseOut\4-Warranty","TONNANDBLANK\AVD Test Users","Allow","FullControl","True"
"Y:\ttbntfile1\shared\appsdata\groups\17-Xeroxscans\Allison\Lafayette Job Closes\Done by Allison\22J002-FHLC-2022 General Maintenance\11-CloseOut\4-Warranty","TONNANDBLANK\impactadmin","Allow","FullControl","True"
"Y:\ttbntfile1\shared\appsdata\groups\17-Xeroxscans\Allison\Lafayette Job Closes\Done by Allison\22J002-FHLC-2022 General Maintenance\11-CloseOut\4-Warranty","CREATOR OWNER","Allow","FullControl","True"
"Y:\ttbntfile1\shared\appsdata\groups\17-Xeroxscans\Allison\Lafayette Job Closes\Done by Allison\22J002-FHLC-2022 General Maintenance\11-CloseOut\4-Warranty","BUILTIN\Administrators","Allow","FullControl","True"
"Y:\ttbntfile1\shared\appsdata\groups\17-Xeroxscans\Allison\Lafayette Job Closes\Done by Allison\22J002-FHLC-2022 General Maintenance\11-CloseOut\4-Warranty","NT AUTHORITY\SYSTEM","Allow","FullControl","True"
"Y:\ttbntfile1\shared\appsdata\groups\17-Xeroxscans\Allison\Lafayette Job Closes\Done by Allison\22J002-FHLC-2022 General Maintenance\11-CloseOut\5-AtticStock","TONNANDBLANK\AVD Test Users","Allow","FullControl","True"
"Y:\ttbntfile1\shared\appsdata\groups\17-Xeroxscans\Allison\Lafayette Job Closes\Done by Allison\22J002-FHLC-2022 General Maintenance\11-CloseOut\5-AtticStock","TONNANDBLANK\impactadmin","Allow","FullControl","True"
"Y:\ttbntfile1\shared\appsdata\groups\17-Xeroxscans\Allison\Lafayette Job Closes\Done by Allison\22J002-FHLC-2022 General Maintenance\11-CloseOut\5-AtticStock","CREATOR OWNER","Allow","FullControl","True"
"Y:\ttbntfile1\shared\appsdata\groups\17-Xeroxscans\Allison\Lafayette Job Closes\Done by Allison\22J002-FHLC-2022 General Maintenance\11-CloseOut\5-AtticStock","BUILTIN\Administrators","Allow","FullControl","True"
"Y:\ttbntfile1\shared\appsdata\groups\17-Xeroxscans\Allison\Lafayette Job Closes\Done by Allison\22J002-FHLC-2022 General Maintenance\11-CloseOut\5-AtticStock","NT AUTHORITY\SYSTEM","Allow","FullControl","True"
"Y:\ttbntfile1\shared\appsdata\groups\17-Xeroxscans\Allison\Lafayette Job Closes\Done by Allison\22J002-FHLC-2022 General Maintenance\11-CloseOut\6-Certifications","TONNANDBLANK\AVD Test Users","Allow","FullControl","True"
"Y:\ttbntfile1\shared\appsdata\groups\17-Xeroxscans\Allison\Lafayette Job Closes\Done by Allison\22J002-FHLC-2022 General Maintenance\11-CloseOut\6-Certifications","TONNANDBLANK\impactadmin","Allow","FullControl","True"
"Y:\ttbntfile1\shared\appsdata\groups\17-Xeroxscans\Allison\Lafayette Job Closes\Done by Allison\22J002-FHLC-2022 General Maintenance\11-CloseOut\6-Certifications","CREATOR OWNER","Allow","FullControl","True"
"Y:\ttbntfile1\shared\appsdata\groups\17-Xeroxscans\Allison\Lafayette Job Closes\Done by Allison\22J002-FHLC-2022 General Maintenance\11-CloseOut\6-Certifications","BUILTIN\Administrators","Allow","FullControl","True"
"Y:\ttbntfile1\shared\appsdata\groups\17-Xeroxscans\Allison\Lafayette Job Closes\Done by Allison\22J002-FHLC-2022 General Maintenance\11-CloseOut\6-Certifications","NT AUTHORITY\SYSTEM","Allow","FullControl","True"
"Y:\ttbntfile1\shared\appsdata\groups\17-Xeroxscans\Allison\Lafayette Job Closes\Done by Allison\22J002-FHLC-2022 General Maintenance\12-Miscel\1-EmailCorr","TONNANDBLANK\AVD Test Users","Allow","FullControl","True"
"Y:\ttbntfile1\shared\appsdata\groups\17-Xeroxscans\Allison\Lafayette Job Closes\Done by Allison\22J002-FHLC-2022 General Maintenance\12-Miscel\1-EmailCorr","TONNANDBLANK\impactadmin","Allow","FullControl","True"
"Y:\ttbntfile1\shared\appsdata\groups\17-Xeroxscans\Allison\Lafayette Job Closes\Done by Allison\22J002-FHLC-2022 General Maintenance\12-Miscel\1-EmailCorr","CREATOR OWNER","Allow","FullControl","True"
"Y:\ttbntfile1\shared\appsdata\groups\17-Xeroxscans\Allison\Lafayette Job Closes\Done by Allison\22J002-FHLC-2022 General Maintenance\12-Miscel\1-EmailCorr","BUILTIN\Administrators","Allow","FullControl","True"
"Y:\ttbntfile1\shared\appsdata\groups\17-Xeroxscans\Allison\Lafayette Job Closes\Done by Allison\22J002-FHLC-2022 General Maintenance\12-Miscel\1-EmailCorr","NT AUTHORITY\SYSTEM","Allow","FullControl","True"
"Y:\ttbntfile1\shared\appsdata\groups\17-Xeroxscans\Allison\Lafayette Job Closes\Done by Allison\22J002-FHLC-2022 General Maintenance\2-OwnerCustomer\1-Contract","TONNANDBLANK\AVD Test Users","Allow","FullControl","True"
"Y:\ttbntfile1\shared\appsdata\groups\17-Xeroxscans\Allison\Lafayette Job Closes\Done by Allison\22J002-FHLC-2022 General Maintenance\2-OwnerCustomer\1-Contract","TONNANDBLANK\impactadmin","Allow","FullControl","True"
"Y:\ttbntfile1\shared\appsdata\groups\17-Xeroxscans\Allison\Lafayette Job Closes\Done by Allison\22J002-FHLC-2022 General Maintenance\2-OwnerCustomer\1-Contract","CREATOR OWNER","Allow","FullControl","True"
"Y:\ttbntfile1\shared\appsdata\groups\17-Xeroxscans\Allison\Lafayette Job Closes\Done by Allison\22J002-FHLC-2022 General Maintenance\2-OwnerCustomer\1-Contract","BUILTIN\Administrators","Allow","FullControl","True"
"Y:\ttbntfile1\shared\appsdata\groups\17-Xeroxscans\Allison\Lafayette Job Closes\Done by Allison\22J002-FHLC-2022 General Maintenance\2-OwnerCustomer\1-Contract","NT AUTHORITY\SYSTEM","Allow","FullControl","True"
"Y:\ttbntfile1\shared\appsdata\groups\17-Xeroxscans\Allison\Lafayette Job Closes\Done by Allison\22J002-FHLC-2022 General Maintenance\2-OwnerCustomer\2-Correspondence","TONNANDBLANK\AVD Test Users","Allow","FullControl","True"
"Y:\ttbntfile1\shared\appsdata\groups\17-Xeroxscans\Allison\Lafayette Job Closes\Done by Allison\22J002-FHLC-2022 General Maintenance\2-OwnerCustomer\2-Correspondence","TONNANDBLANK\impactadmin","Allow","FullControl","True"
"Y:\ttbntfile1\shared\appsdata\groups\17-Xeroxscans\Allison\Lafayette Job Closes\Done by Allison\22J002-FHLC-2022 General Maintenance\2-OwnerCustomer\2-Correspondence","CREATOR OWNER","Allow","FullControl","True"
"Y:\ttbntfile1\shared\appsdata\groups\17-Xeroxscans\Allison\Lafayette Job Closes\Done by Allison\22J002-FHLC-2022 General Maintenance\2-OwnerCustomer\2-Correspondence","BUILTIN\Administrators","Allow","FullControl","True"
"Y:\ttbntfile1\shared\appsdata\groups\17-Xeroxscans\Allison\Lafayette Job Closes\Done by Allison\22J002-FHLC-2022 General Maintenance\2-OwnerCustomer\2-Correspondence","NT AUTHORITY\SYSTEM","Allow","FullControl","True"
"Y:\ttbntfile1\shared\appsdata\groups\17-Xeroxscans\Allison\Lafayette Job Closes\Done by Allison\22J002-FHLC-2022 General Maintenance\2-OwnerCustomer\3-PymtPerfBond","TONNANDBLANK\AVD Test Users","Allow","FullControl","True"
"Y:\ttbntfile1\shared\appsdata\groups\17-Xeroxscans\Allison\Lafayette Job Closes\Done by Allison\22J002-FHLC-2022 General Maintenance\2-OwnerCustomer\3-PymtPerfBond","TONNANDBLANK\impactadmin","Allow","FullControl","True"
"Y:\ttbntfile1\shared\appsdata\groups\17-Xeroxscans\Allison\Lafayette Job Closes\Done by Allison\22J002-FHLC-2022 General Maintenance\2-OwnerCustomer\3-PymtPerfBond","CREATOR OWNER","Allow","FullControl","True"
"Y:\ttbntfile1\shared\appsdata\groups\17-Xeroxscans\Allison\Lafayette Job Closes\Done by Allison\22J002-FHLC-2022 General Maintenance\2-OwnerCustomer\3-PymtPerfBond","BUILTIN\Administrators","Allow","FullControl","True"
"Y:\ttbntfile1\shared\appsdata\groups\17-Xeroxscans\Allison\Lafayette Job Closes\Done by Allison\22J002-FHLC-2022 General Maintenance\2-OwnerCustomer\3-PymtPerfBond","NT AUTHORITY\SYSTEM","Allow","FullControl","True"
"Y:\ttbntfile1\shared\appsdata\groups\17-Xeroxscans\Allison\Lafayette Job Closes\Done by Allison\22J002-FHLC-2022 General Maintenance\2-OwnerCustomer\4-Insurance","TONNANDBLANK\AVD Test Users","Allow","FullControl","True"
"Y:\ttbntfile1\shared\appsdata\groups\17-Xeroxscans\Allison\Lafayette Job Closes\Done by Allison\22J002-FHLC-2022 General Maintenance\2-OwnerCustomer\4-Insurance","TONNANDBLANK\impactadmin","Allow","FullControl","True"
"Y:\ttbntfile1\shared\appsdata\groups\17-Xeroxscans\Allison\Lafayette Job Closes\Done by Allison\22J002-FHLC-2022 General Maintenance\2-OwnerCustomer\4-Insurance","CREATOR OWNER","Allow","FullControl","True"
"Y:\ttbntfile1\shared\appsdata\groups\17-Xeroxscans\Allison\Lafayette Job Closes\Done by Allison\22J002-FHLC-2022 General Maintenance\2-OwnerCustomer\4-Insurance","BUILTIN\Administrators","Allow","FullControl","True"
"Y:\ttbntfile1\shared\appsdata\groups\17-Xeroxscans\Allison\Lafayette Job Closes\Done by Allison\22J002-FHLC-2022 General Maintenance\2-OwnerCustomer\4-Insurance","NT AUTHORITY\SYSTEM","Allow","FullControl","True"
"Y:\ttbntfile1\shared\appsdata\groups\17-Xeroxscans\Allison\Lafayette Job Closes\Done by Allison\22J002-FHLC-2022 General Maintenance\2-OwnerCustomer\2-Correspondence\1-Incoming","TONNANDBLANK\AVD Test Users","Allow","FullControl","True"
"Y:\ttbntfile1\shared\appsdata\groups\17-Xeroxscans\Allison\Lafayette Job Closes\Done by Allison\22J002-FHLC-2022 General Maintenance\2-OwnerCustomer\2-Correspondence\1-Incoming","TONNANDBLANK\impactadmin","Allow","FullControl","True"
"Y:\ttbntfile1\shared\appsdata\groups\17-Xeroxscans\Allison\Lafayette Job Closes\Done by Allison\22J002-FHLC-2022 General Maintenance\2-OwnerCustomer\2-Correspondence\1-Incoming","CREATOR OWNER","Allow","FullControl","True"
"Y:\ttbntfile1\shared\appsdata\groups\17-Xeroxscans\Allison\Lafayette Job Closes\Done by Allison\22J002-FHLC-2022 General Maintenance\2-OwnerCustomer\2-Correspondence\1-Incoming","BUILTIN\Administrators","Allow","FullControl","True"
"Y:\ttbntfile1\shared\appsdata\groups\17-Xeroxscans\Allison\Lafayette Job Closes\Done by Allison\22J002-FHLC-2022 General Maintenance\2-OwnerCustomer\2-Correspondence\1-Incoming","NT AUTHORITY\SYSTEM","Allow","FullControl","True"
"Y:\ttbntfile1\shared\appsdata\groups\17-Xeroxscans\Allison\Lafayette Job Closes\Done by Allison\22J002-FHLC-2022 General Maintenance\2-OwnerCustomer\2-Correspondence\2-Outgoing","TONNANDBLANK\AVD Test Users","Allow","FullControl","True"
"Y:\ttbntfile1\shared\appsdata\groups\17-Xeroxscans\Allison\Lafayette Job Closes\Done by Allison\22J002-FHLC-2022 General Maintenance\2-OwnerCustomer\2-Correspondence\2-Outgoing","TONNANDBLANK\impactadmin","Allow","FullControl","True"
"Y:\ttbntfile1\shared\appsdata\groups\17-Xeroxscans\Allison\Lafayette Job Closes\Done by Allison\22J002-FHLC-2022 General Maintenance\2-OwnerCustomer\2-Correspondence\2-Outgoing","CREATOR OWNER","Allow","FullControl","True"
"Y:\ttbntfile1\shared\appsdata\groups\17-Xeroxscans\Allison\Lafayette Job Closes\Done by Allison\22J002-FHLC-2022 General Maintenance\2-OwnerCustomer\2-Correspondence\2-Outgoing","BUILTIN\Administrators","Allow","FullControl","True"
"Y:\ttbntfile1\shared\appsdata\groups\17-Xeroxscans\Allison\Lafayette Job Closes\Done by Allison\22J002-FHLC-2022 General Maintenance\2-OwnerCustomer\2-Correspondence\2-Outgoing","NT AUTHORITY\SYSTEM","Allow","FullControl","True"
"Y:\ttbntfile1\shared\appsdata\groups\17-Xeroxscans\Allison\Lafayette Job Closes\Done by Allison\22J002-FHLC-2022 General Maintenance\2-OwnerCustomer\4-Insurance\1-TBSuppliedCert","TONNANDBLANK\AVD Test Users","Allow","FullControl","True"
"Y:\ttbntfile1\shared\appsdata\groups\17-Xeroxscans\Allison\Lafayette Job Closes\Done by Allison\22J002-FHLC-2022 General Maintenance\2-OwnerCustomer\4-Insurance\1-TBSuppliedCert","TONNANDBLANK\impactadmin","Allow","FullControl","True"
"Y:\ttbntfile1\shared\appsdata\groups\17-Xeroxscans\Allison\Lafayette Job Closes\Done by Allison\22J002-FHLC-2022 General Maintenance\2-OwnerCustomer\4-Insurance\1-TBSuppliedCert","CREATOR OWNER","Allow","FullControl","True"
"Y:\ttbntfile1\shared\appsdata\groups\17-Xeroxscans\Allison\Lafayette Job Closes\Done by Allison\22J002-FHLC-2022 General Maintenance\2-OwnerCustomer\4-Insurance\1-TBSuppliedCert","BUILTIN\Administrators","Allow","FullControl","True"
"Y:\ttbntfile1\shared\appsdata\groups\17-Xeroxscans\Allison\Lafayette Job Closes\Done by Allison\22J002-FHLC-2022 General Maintenance\2-OwnerCustomer\4-Insurance\1-TBSuppliedCert","NT AUTHORITY\SYSTEM","Allow","FullControl","True"
"Y:\ttbntfile1\shared\appsdata\groups\17-Xeroxscans\Allison\Lafayette Job Closes\Done by Allison\22J002-FHLC-2022 General Maintenance\2-OwnerCustomer\4-Insurance\2-BlderRisk","TONNANDBLANK\AVD Test Users","Allow","FullControl","True"
"Y:\ttbntfile1\shared\appsdata\groups\17-Xeroxscans\Allison\Lafayette Job Closes\Done by Allison\22J002-FHLC-2022 General Maintenance\2-OwnerCustomer\4-Insurance\2-BlderRisk","TONNANDBLANK\impactadmin","Allow","FullControl","True"
"Y:\ttbntfile1\shared\appsdata\groups\17-Xeroxscans\Allison\Lafayette Job Closes\Done by Allison\22J002-FHLC-2022 General Maintenance\2-OwnerCustomer\4-Insurance\2-BlderRisk","CREATOR OWNER","Allow","FullControl","True"
"Y:\ttbntfile1\shared\appsdata\groups\17-Xeroxscans\Allison\Lafayette Job Closes\Done by Allison\22J002-FHLC-2022 General Maintenance\2-OwnerCustomer\4-Insurance\2-BlderRisk","BUILTIN\Administrators","Allow","FullControl","True"
"Y:\ttbntfile1\shared\appsdata\groups\17-Xeroxscans\Allison\Lafayette Job Closes\Done by Allison\22J002-FHLC-2022 General Maintenance\2-OwnerCustomer\4-Insurance\2-BlderRisk","NT AUTHORITY\SYSTEM","Allow","FullControl","True"
"Y:\ttbntfile1\shared\appsdata\groups\17-Xeroxscans\Allison\Lafayette Job Closes\Done by Allison\22J002-FHLC-2022 General Maintenance\3-ArchitectsEngineers\1-Contracts","TONNANDBLANK\AVD Test Users","Allow","FullControl","True"
"Y:\ttbntfile1\shared\appsdata\groups\17-Xeroxscans\Allison\Lafayette Job Closes\Done by Allison\22J002-FHLC-2022 General Maintenance\3-ArchitectsEngineers\1-Contracts","TONNANDBLANK\impactadmin","Allow","FullControl","True"
"Y:\ttbntfile1\shared\appsdata\groups\17-Xeroxscans\Allison\Lafayette Job Closes\Done by Allison\22J002-FHLC-2022 General Maintenance\3-ArchitectsEngineers\1-Contracts","CREATOR OWNER","Allow","FullControl","True"
"Y:\ttbntfile1\shared\appsdata\groups\17-Xeroxscans\Allison\Lafayette Job Closes\Done by Allison\22J002-FHLC-2022 General Maintenance\3-ArchitectsEngineers\1-Contracts","BUILTIN\Administrators","Allow","FullControl","True"
"Y:\ttbntfile1\shared\appsdata\groups\17-Xeroxscans\Allison\Lafayette Job Closes\Done by Allison\22J002-FHLC-2022 General Maintenance\3-ArchitectsEngineers\1-Contracts","NT AUTHORITY\SYSTEM","Allow","FullControl","True"
"Y:\ttbntfile1\shared\appsdata\groups\17-Xeroxscans\Allison\Lafayette Job Closes\Done by Allison\22J002-FHLC-2022 General Maintenance\3-ArchitectsEngineers\2-Correspondence","TONNANDBLANK\AVD Test Users","Allow","FullControl","True"
"Y:\ttbntfile1\shared\appsdata\groups\17-Xeroxscans\Allison\Lafayette Job Closes\Done by Allison\22J002-FHLC-2022 General Maintenance\3-ArchitectsEngineers\2-Correspondence","TONNANDBLANK\impactadmin","Allow","FullControl","True"
"Y:\ttbntfile1\shared\appsdata\groups\17-Xeroxscans\Allison\Lafayette Job Closes\Done by Allison\22J002-FHLC-2022 General Maintenance\3-ArchitectsEngineers\2-Correspondence","CREATOR OWNER","Allow","FullControl","True"
"Y:\ttbntfile1\shared\appsdata\groups\17-Xeroxscans\Allison\Lafayette Job Closes\Done by Allison\22J002-FHLC-2022 General Maintenance\3-ArchitectsEngineers\2-Correspondence","BUILTIN\Administrators","Allow","FullControl","True"
"Y:\ttbntfile1\shared\appsdata\groups\17-Xeroxscans\Allison\Lafayette Job Closes\Done by Allison\22J002-FHLC-2022 General Maintenance\3-ArchitectsEngineers\2-Correspondence","NT AUTHORITY\SYSTEM","Allow","FullControl","True"
"Y:\ttbntfile1\shared\appsdata\groups\17-Xeroxscans\Allison\Lafayette Job Closes\Done by Allison\22J002-FHLC-2022 General Maintenance\3-ArchitectsEngineers\3-FieldReports","TONNANDBLANK\AVD Test Users","Allow","FullControl","True"
"Y:\ttbntfile1\shared\appsdata\groups\17-Xeroxscans\Allison\Lafayette Job Closes\Done by Allison\22J002-FHLC-2022 General Maintenance\3-ArchitectsEngineers\3-FieldReports","TONNANDBLANK\impactadmin","Allow","FullControl","True"
"Y:\ttbntfile1\shared\appsdata\groups\17-Xeroxscans\Allison\Lafayette Job Closes\Done by Allison\22J002-FHLC-2022 General Maintenance\3-ArchitectsEngineers\3-FieldReports","CREATOR OWNER","Allow","FullControl","True"
"Y:\ttbntfile1\shared\appsdata\groups\17-Xeroxscans\Allison\Lafayette Job Closes\Done by Allison\22J002-FHLC-2022 General Maintenance\3-ArchitectsEngineers\3-FieldReports","BUILTIN\Administrators","Allow","FullControl","True"
"Y:\ttbntfile1\shared\appsdata\groups\17-Xeroxscans\Allison\Lafayette Job Closes\Done by Allison\22J002-FHLC-2022 General Maintenance\3-ArchitectsEngineers\3-FieldReports","NT AUTHORITY\SYSTEM","Allow","FullControl","True"
"Y:\ttbntfile1\shared\appsdata\groups\17-Xeroxscans\Allison\Lafayette Job Closes\Done by Allison\22J002-FHLC-2022 General Maintenance\3-ArchitectsEngineers\1-Contracts\James Giannini PDSA#990180","TONNANDBLANK\AVD Test Users","Allow","FullControl","True"
"Y:\ttbntfile1\shared\appsdata\groups\17-Xeroxscans\Allison\Lafayette Job Closes\Done by Allison\22J002-FHLC-2022 General Maintenance\3-ArchitectsEngineers\1-Contracts\James Giannini PDSA#990180","TONNANDBLANK\impactadmin","Allow","FullControl","True"
"Y:\ttbntfile1\shared\appsdata\groups\17-Xeroxscans\Allison\Lafayette Job Closes\Done by Allison\22J002-FHLC-2022 General Maintenance\3-ArchitectsEngineers\1-Contracts\James Giannini PDSA#990180","CREATOR OWNER","Allow","FullControl","True"
"Y:\ttbntfile1\shared\appsdata\groups\17-Xeroxscans\Allison\Lafayette Job Closes\Done by Allison\22J002-FHLC-2022 General Maintenance\3-ArchitectsEngineers\1-Contracts\James Giannini PDSA#990180","BUILTIN\Administrators","Allow","FullControl","True"
"Y:\ttbntfile1\shared\appsdata\groups\17-Xeroxscans\Allison\Lafayette Job Closes\Done by Allison\22J002-FHLC-2022 General Maintenance\3-ArchitectsEngineers\1-Contracts\James Giannini PDSA#990180","NT AUTHORITY\SYSTEM","Allow","FullControl","True"
"Y:\ttbntfile1\shared\appsdata\groups\17-Xeroxscans\Allison\Lafayette Job Closes\Done by Allison\22J002-FHLC-2022 General Maintenance\3-ArchitectsEngineers\1-Contracts\James Giannini PDSA#990180\1-ExecutedSubcontract","TONNANDBLANK\AVD Test Users","Allow","FullControl","True"
"Y:\ttbntfile1\shared\appsdata\groups\17-Xeroxscans\Allison\Lafayette Job Closes\Done by Allison\22J002-FHLC-2022 General Maintenance\3-ArchitectsEngineers\1-Contracts\James Giannini PDSA#990180\1-ExecutedSubcontract","TONNANDBLANK\impactadmin","Allow","FullControl","True"
"Y:\ttbntfile1\shared\appsdata\groups\17-Xeroxscans\Allison\Lafayette Job Closes\Done by Allison\22J002-FHLC-2022 General Maintenance\3-ArchitectsEngineers\1-Contracts\James Giannini PDSA#990180\1-ExecutedSubcontract","CREATOR OWNER","Allow","FullControl","True"
"Y:\ttbntfile1\shared\appsdata\groups\17-Xeroxscans\Allison\Lafayette Job Closes\Done by Allison\22J002-FHLC-2022 General Maintenance\3-ArchitectsEngineers\1-Contracts\James Giannini PDSA#990180\1-ExecutedSubcontract","BUILTIN\Administrators","Allow","FullControl","True"
"Y:\ttbntfile1\shared\appsdata\groups\17-Xeroxscans\Allison\Lafayette Job Closes\Done by Allison\22J002-FHLC-2022 General Maintenance\3-ArchitectsEngineers\1-Contracts\James Giannini PDSA#990180\1-ExecutedSubcontract","NT AUTHORITY\SYSTEM","Allow","FullControl","True"
"Y:\ttbntfile1\shared\appsdata\groups\17-Xeroxscans\Allison\Lafayette Job Closes\Done by Allison\22J002-FHLC-2022 General Maintenance\3-ArchitectsEngineers\1-Contracts\James Giannini PDSA#990180\10-EEOUtilization","TONNANDBLANK\AVD Test Users","Allow","FullControl","True"
"Y:\ttbntfile1\shared\appsdata\groups\17-Xeroxscans\Allison\Lafayette Job Closes\Done by Allison\22J002-FHLC-2022 General Maintenance\3-ArchitectsEngineers\1-Contracts\James Giannini PDSA#990180\10-EEOUtilization","TONNANDBLANK\impactadmin","Allow","FullControl","True"
"Y:\ttbntfile1\shared\appsdata\groups\17-Xeroxscans\Allison\Lafayette Job Closes\Done by Allison\22J002-FHLC-2022 General Maintenance\3-ArchitectsEngineers\1-Contracts\James Giannini PDSA#990180\10-EEOUtilization","CREATOR OWNER","Allow","FullControl","True"
"Y:\ttbntfile1\shared\appsdata\groups\17-Xeroxscans\Allison\Lafayette Job Closes\Done by Allison\22J002-FHLC-2022 General Maintenance\3-ArchitectsEngineers\1-Contracts\James Giannini PDSA#990180\10-EEOUtilization","BUILTIN\Administrators","Allow","FullControl","True"
"Y:\ttbntfile1\shared\appsdata\groups\17-Xeroxscans\Allison\Lafayette Job Closes\Done by Allison\22J002-FHLC-2022 General Maintenance\3-ArchitectsEngineers\1-Contracts\James Giannini PDSA#990180\10-EEOUtilization","NT AUTHORITY\SYSTEM","Allow","FullControl","True"
"Y:\ttbntfile1\shared\appsdata\groups\17-Xeroxscans\Allison\Lafayette Job Closes\Done by Allison\22J002-FHLC-2022 General Maintenance\3-ArchitectsEngineers\1-Contracts\James Giannini PDSA#990180\11-Correspondence","TONNANDBLANK\AVD Test Users","Allow","FullControl","True"
"Y:\ttbntfile1\shared\appsdata\groups\17-Xeroxscans\Allison\Lafayette Job Closes\Done by Allison\22J002-FHLC-2022 General Maintenance\3-ArchitectsEngineers\1-Contracts\James Giannini PDSA#990180\11-Correspondence","TONNANDBLANK\impactadmin","Allow","FullControl","True"
"Y:\ttbntfile1\shared\appsdata\groups\17-Xeroxscans\Allison\Lafayette Job Closes\Done by Allison\22J002-FHLC-2022 General Maintenance\3-ArchitectsEngineers\1-Contracts\James Giannini PDSA#990180\11-Correspondence","CREATOR OWNER","Allow","FullControl","True"
"Y:\ttbntfile1\shared\appsdata\groups\17-Xeroxscans\Allison\Lafayette Job Closes\Done by Allison\22J002-FHLC-2022 General Maintenance\3-ArchitectsEngineers\1-Contracts\James Giannini PDSA#990180\11-Correspondence","BUILTIN\Administrators","Allow","FullControl","True"
"Y:\ttbntfile1\shared\appsdata\groups\17-Xeroxscans\Allison\Lafayette Job Closes\Done by Allison\22J002-FHLC-2022 General Maintenance\3-ArchitectsEngineers\1-Contracts\James Giannini PDSA#990180\11-Correspondence","NT AUTHORITY\SYSTEM","Allow","FullControl","True"
"Y:\ttbntfile1\shared\appsdata\groups\17-Xeroxscans\Allison\Lafayette Job Closes\Done by Allison\22J002-FHLC-2022 General Maintenance\3-ArchitectsEngineers\1-Contracts\James Giannini PDSA#990180\2-PymtPerfBond","TONNANDBLANK\AVD Test Users","Allow","FullControl","True"
"Y:\ttbntfile1\shared\appsdata\groups\17-Xeroxscans\Allison\Lafayette Job Closes\Done by Allison\22J002-FHLC-2022 General Maintenance\3-ArchitectsEngineers\1-Contracts\James Giannini PDSA#990180\2-PymtPerfBond","TONNANDBLANK\impactadmin","Allow","FullControl","True"
"Y:\ttbntfile1\shared\appsdata\groups\17-Xeroxscans\Allison\Lafayette Job Closes\Done by Allison\22J002-FHLC-2022 General Maintenance\3-ArchitectsEngineers\1-Contracts\James Giannini PDSA#990180\2-PymtPerfBond","CREATOR OWNER","Allow","FullControl","True"
"Y:\ttbntfile1\shared\appsdata\groups\17-Xeroxscans\Allison\Lafayette Job Closes\Done by Allison\22J002-FHLC-2022 General Maintenance\3-ArchitectsEngineers\1-Contracts\James Giannini PDSA#990180\2-PymtPerfBond","BUILTIN\Administrators","Allow","FullControl","True"
"Y:\ttbntfile1\shared\appsdata\groups\17-Xeroxscans\Allison\Lafayette Job Closes\Done by Allison\22J002-FHLC-2022 General Maintenance\3-ArchitectsEngineers\1-Contracts\James Giannini PDSA#990180\2-PymtPerfBond","NT AUTHORITY\SYSTEM","Allow","FullControl","True"
"Y:\ttbntfile1\shared\appsdata\groups\17-Xeroxscans\Allison\Lafayette Job Closes\Done by Allison\22J002-FHLC-2022 General Maintenance\3-ArchitectsEngineers\1-Contracts\James Giannini PDSA#990180\3-InsuranceCertificate","TONNANDBLANK\AVD Test Users","Allow","FullControl","True"
"Y:\ttbntfile1\shared\appsdata\groups\17-Xeroxscans\Allison\Lafayette Job Closes\Done by Allison\22J002-FHLC-2022 General Maintenance\3-ArchitectsEngineers\1-Contracts\James Giannini PDSA#990180\3-InsuranceCertificate","TONNANDBLANK\impactadmin","Allow","FullControl","True"
"Y:\ttbntfile1\shared\appsdata\groups\17-Xeroxscans\Allison\Lafayette Job Closes\Done by Allison\22J002-FHLC-2022 General Maintenance\3-ArchitectsEngineers\1-Contracts\James Giannini PDSA#990180\3-InsuranceCertificate","CREATOR OWNER","Allow","FullControl","True"
"Y:\ttbntfile1\shared\appsdata\groups\17-Xeroxscans\Allison\Lafayette Job Closes\Done by Allison\22J002-FHLC-2022 General Maintenance\3-ArchitectsEngineers\1-Contracts\James Giannini PDSA#990180\3-InsuranceCertificate","BUILTIN\Administrators","Allow","FullControl","True"
"Y:\ttbntfile1\shared\appsdata\groups\17-Xeroxscans\Allison\Lafayette Job Closes\Done by Allison\22J002-FHLC-2022 General Maintenance\3-ArchitectsEngineers\1-Contracts\James Giannini PDSA#990180\3-InsuranceCertificate","NT AUTHORITY\SYSTEM","Allow","FullControl","True"
"Y:\ttbntfile1\shared\appsdata\groups\17-Xeroxscans\Allison\Lafayette Job Closes\Done by Allison\22J002-FHLC-2022 General Maintenance\3-ArchitectsEngineers\1-Contracts\James Giannini PDSA#990180\4-RFP","TONNANDBLANK\AVD Test Users","Allow","FullControl","True"
"Y:\ttbntfile1\shared\appsdata\groups\17-Xeroxscans\Allison\Lafayette Job Closes\Done by Allison\22J002-FHLC-2022 General Maintenance\3-ArchitectsEngineers\1-Contracts\James Giannini PDSA#990180\4-RFP","TONNANDBLANK\impactadmin","Allow","FullControl","True"
"Y:\ttbntfile1\shared\appsdata\groups\17-Xeroxscans\Allison\Lafayette Job Closes\Done by Allison\22J002-FHLC-2022 General Maintenance\3-ArchitectsEngineers\1-Contracts\James Giannini PDSA#990180\4-RFP","CREATOR OWNER","Allow","FullControl","True"
"Y:\ttbntfile1\shared\appsdata\groups\17-Xeroxscans\Allison\Lafayette Job Closes\Done by Allison\22J002-FHLC-2022 General Maintenance\3-ArchitectsEngineers\1-Contracts\James Giannini PDSA#990180\4-RFP","BUILTIN\Administrators","Allow","FullControl","True"
"Y:\ttbntfile1\shared\appsdata\groups\17-Xeroxscans\Allison\Lafayette Job Closes\Done by Allison\22J002-FHLC-2022 General Maintenance\3-ArchitectsEngineers\1-Contracts\James Giannini PDSA#990180\4-RFP","NT AUTHORITY\SYSTEM","Allow","FullControl","True"
"Y:\ttbntfile1\shared\appsdata\groups\17-Xeroxscans\Allison\Lafayette Job Closes\Done by Allison\22J002-FHLC-2022 General Maintenance\3-ArchitectsEngineers\1-Contracts\James Giannini PDSA#990180\5-PayAppl","TONNANDBLANK\AVD Test Users","Allow","FullControl","True"
"Y:\ttbntfile1\shared\appsdata\groups\17-Xeroxscans\Allison\Lafayette Job Closes\Done by Allison\22J002-FHLC-2022 General Maintenance\3-ArchitectsEngineers\1-Contracts\James Giannini PDSA#990180\5-PayAppl","TONNANDBLANK\impactadmin","Allow","FullControl","True"
"Y:\ttbntfile1\shared\appsdata\groups\17-Xeroxscans\Allison\Lafayette Job Closes\Done by Allison\22J002-FHLC-2022 General Maintenance\3-ArchitectsEngineers\1-Contracts\James Giannini PDSA#990180\5-PayAppl","CREATOR OWNER","Allow","FullControl","True"
"Y:\ttbntfile1\shared\appsdata\groups\17-Xeroxscans\Allison\Lafayette Job Closes\Done by Allison\22J002-FHLC-2022 General Maintenance\3-ArchitectsEngineers\1-Contracts\James Giannini PDSA#990180\5-PayAppl","BUILTIN\Administrators","Allow","FullControl","True"
"Y:\ttbntfile1\shared\appsdata\groups\17-Xeroxscans\Allison\Lafayette Job Closes\Done by Allison\22J002-FHLC-2022 General Maintenance\3-ArchitectsEngineers\1-Contracts\James Giannini PDSA#990180\5-PayAppl","NT AUTHORITY\SYSTEM","Allow","FullControl","True"
"Y:\ttbntfile1\shared\appsdata\groups\17-Xeroxscans\Allison\Lafayette Job Closes\Done by Allison\22J002-FHLC-2022 General Maintenance\3-ArchitectsEngineers\1-Contracts\James Giannini PDSA#990180\6-ChangeOrderSummary","TONNANDBLANK\AVD Test Users","Allow","FullControl","True"
"Y:\ttbntfile1\shared\appsdata\groups\17-Xeroxscans\Allison\Lafayette Job Closes\Done by Allison\22J002-FHLC-2022 General Maintenance\3-ArchitectsEngineers\1-Contracts\James Giannini PDSA#990180\6-ChangeOrderSummary","TONNANDBLANK\impactadmin","Allow","FullControl","True"
"Y:\ttbntfile1\shared\appsdata\groups\17-Xeroxscans\Allison\Lafayette Job Closes\Done by Allison\22J002-FHLC-2022 General Maintenance\3-ArchitectsEngineers\1-Contracts\James Giannini PDSA#990180\6-ChangeOrderSummary","CREATOR OWNER","Allow","FullControl","True"
"Y:\ttbntfile1\shared\appsdata\groups\17-Xeroxscans\Allison\Lafayette Job Closes\Done by Allison\22J002-FHLC-2022 General Maintenance\3-ArchitectsEngineers\1-Contracts\James Giannini PDSA#990180\6-ChangeOrderSummary","BUILTIN\Administrators","Allow","FullControl","True"
"Y:\ttbntfile1\shared\appsdata\groups\17-Xeroxscans\Allison\Lafayette Job Closes\Done by Allison\22J002-FHLC-2022 General Maintenance\3-ArchitectsEngineers\1-Contracts\James Giannini PDSA#990180\6-ChangeOrderSummary","NT AUTHORITY\SYSTEM","Allow","FullControl","True"
"Y:\ttbntfile1\shared\appsdata\groups\17-Xeroxscans\Allison\Lafayette Job Closes\Done by Allison\22J002-FHLC-2022 General Maintenance\3-ArchitectsEngineers\1-Contracts\James Giannini PDSA#990180\7-ChangeOrders","TONNANDBLANK\AVD Test Users","Allow","FullControl","True"
"Y:\ttbntfile1\shared\appsdata\groups\17-Xeroxscans\Allison\Lafayette Job Closes\Done by Allison\22J002-FHLC-2022 General Maintenance\3-ArchitectsEngineers\1-Contracts\James Giannini PDSA#990180\7-ChangeOrders","TONNANDBLANK\impactadmin","Allow","FullControl","True"
"Y:\ttbntfile1\shared\appsdata\groups\17-Xeroxscans\Allison\Lafayette Job Closes\Done by Allison\22J002-FHLC-2022 General Maintenance\3-ArchitectsEngineers\1-Contracts\James Giannini PDSA#990180\7-ChangeOrders","CREATOR OWNER","Allow","FullControl","True"
"Y:\ttbntfile1\shared\appsdata\groups\17-Xeroxscans\Allison\Lafayette Job Closes\Done by Allison\22J002-FHLC-2022 General Maintenance\3-ArchitectsEngineers\1-Contracts\James Giannini PDSA#990180\7-ChangeOrders","BUILTIN\Administrators","Allow","FullControl","True"
"Y:\ttbntfile1\shared\appsdata\groups\17-Xeroxscans\Allison\Lafayette Job Closes\Done by Allison\22J002-FHLC-2022 General Maintenance\3-ArchitectsEngineers\1-Contracts\James Giannini PDSA#990180\7-ChangeOrders","NT AUTHORITY\SYSTEM","Allow","FullControl","True"
"Y:\ttbntfile1\shared\appsdata\groups\17-Xeroxscans\Allison\Lafayette Job Closes\Done by Allison\22J002-FHLC-2022 General Maintenance\3-ArchitectsEngineers\1-Contracts\James Giannini PDSA#990180\8-Closeout","TONNANDBLANK\AVD Test Users","Allow","FullControl","True"
"Y:\ttbntfile1\shared\appsdata\groups\17-Xeroxscans\Allison\Lafayette Job Closes\Done by Allison\22J002-FHLC-2022 General Maintenance\3-ArchitectsEngineers\1-Contracts\James Giannini PDSA#990180\8-Closeout","TONNANDBLANK\impactadmin","Allow","FullControl","True"
"Y:\ttbntfile1\shared\appsdata\groups\17-Xeroxscans\Allison\Lafayette Job Closes\Done by Allison\22J002-FHLC-2022 General Maintenance\3-ArchitectsEngineers\1-Contracts\James Giannini PDSA#990180\8-Closeout","CREATOR OWNER","Allow","FullControl","True"
"Y:\ttbntfile1\shared\appsdata\groups\17-Xeroxscans\Allison\Lafayette Job Closes\Done by Allison\22J002-FHLC-2022 General Maintenance\3-ArchitectsEngineers\1-Contracts\James Giannini PDSA#990180\8-Closeout","BUILTIN\Administrators","Allow","FullControl","True"
"Y:\ttbntfile1\shared\appsdata\groups\17-Xeroxscans\Allison\Lafayette Job Closes\Done by Allison\22J002-FHLC-2022 General Maintenance\3-ArchitectsEngineers\1-Contracts\James Giannini PDSA#990180\8-Closeout","NT AUTHORITY\SYSTEM","Allow","FullControl","True"
"Y:\ttbntfile1\shared\appsdata\groups\17-Xeroxscans\Allison\Lafayette Job Closes\Done by Allison\22J002-FHLC-2022 General Maintenance\3-ArchitectsEngineers\1-Contracts\James Giannini PDSA#990180\9-CertifiedPayroll","TONNANDBLANK\AVD Test Users","Allow","FullControl","True"
"Y:\ttbntfile1\shared\appsdata\groups\17-Xeroxscans\Allison\Lafayette Job Closes\Done by Allison\22J002-FHLC-2022 General Maintenance\3-ArchitectsEngineers\1-Contracts\James Giannini PDSA#990180\9-CertifiedPayroll","TONNANDBLANK\impactadmin","Allow","FullControl","True"
"Y:\ttbntfile1\shared\appsdata\groups\17-Xeroxscans\Allison\Lafayette Job Closes\Done by Allison\22J002-FHLC-2022 General Maintenance\3-ArchitectsEngineers\1-Contracts\James Giannini PDSA#990180\9-CertifiedPayroll","CREATOR OWNER","Allow","FullControl","True"
"Y:\ttbntfile1\shared\appsdata\groups\17-Xeroxscans\Allison\Lafayette Job Closes\Done by Allison\22J002-FHLC-2022 General Maintenance\3-ArchitectsEngineers\1-Contracts\James Giannini PDSA#990180\9-CertifiedPayroll","BUILTIN\Administrators","Allow","FullControl","True"
"Y:\ttbntfile1\shared\appsdata\groups\17-Xeroxscans\Allison\Lafayette Job Closes\Done by Allison\22J002-FHLC-2022 General Maintenance\3-ArchitectsEngineers\1-Contracts\James Giannini PDSA#990180\9-CertifiedPayroll","NT AUTHORITY\SYSTEM","Allow","FullControl","True"
"Y:\ttbntfile1\shared\appsdata\groups\17-Xeroxscans\Allison\Lafayette Job Closes\Done by Allison\22J002-FHLC-2022 General Maintenance\3-ArchitectsEngineers\1-Contracts\James Giannini PDSA#990180\11-Correspondence\1-Incoming","TONNANDBLANK\AVD Test Users","Allow","FullControl","True"
"Y:\ttbntfile1\shared\appsdata\groups\17-Xeroxscans\Allison\Lafayette Job Closes\Done by Allison\22J002-FHLC-2022 General Maintenance\3-ArchitectsEngineers\1-Contracts\James Giannini PDSA#990180\11-Correspondence\1-Incoming","TONNANDBLANK\impactadmin","Allow","FullControl","True"
"Y:\ttbntfile1\shared\appsdata\groups\17-Xeroxscans\Allison\Lafayette Job Closes\Done by Allison\22J002-FHLC-2022 General Maintenance\3-ArchitectsEngineers\1-Contracts\James Giannini PDSA#990180\11-Correspondence\1-Incoming","CREATOR OWNER","Allow","FullControl","True"
"Y:\ttbntfile1\shared\appsdata\groups\17-Xeroxscans\Allison\Lafayette Job Closes\Done by Allison\22J002-FHLC-2022 General Maintenance\3-ArchitectsEngineers\1-Contracts\James Giannini PDSA#990180\11-Correspondence\1-Incoming","BUILTIN\Administrators","Allow","FullControl","True"
"Y:\ttbntfile1\shared\appsdata\groups\17-Xeroxscans\Allison\Lafayette Job Closes\Done by Allison\22J002-FHLC-2022 General Maintenance\3-ArchitectsEngineers\1-Contracts\James Giannini PDSA#990180\11-Correspondence\1-Incoming","NT AUTHORITY\SYSTEM","Allow","FullControl","True"
"Y:\ttbntfile1\shared\appsdata\groups\17-Xeroxscans\Allison\Lafayette Job Closes\Done by Allison\22J002-FHLC-2022 General Maintenance\3-ArchitectsEngineers\1-Contracts\James Giannini PDSA#990180\11-Correspondence\2-Outgoing","TONNANDBLANK\AVD Test Users","Allow","FullControl","True"
"Y:\ttbntfile1\shared\appsdata\groups\17-Xeroxscans\Allison\Lafayette Job Closes\Done by Allison\22J002-FHLC-2022 General Maintenance\3-ArchitectsEngineers\1-Contracts\James Giannini PDSA#990180\11-Correspondence\2-Outgoing","TONNANDBLANK\impactadmin","Allow","FullControl","True"
"Y:\ttbntfile1\shared\appsdata\groups\17-Xeroxscans\Allison\Lafayette Job Closes\Done by Allison\22J002-FHLC-2022 General Maintenance\3-ArchitectsEngineers\1-Contracts\James Giannini PDSA#990180\11-Correspondence\2-Outgoing","CREATOR OWNER","Allow","FullControl","True"
"Y:\ttbntfile1\shared\appsdata\groups\17-Xeroxscans\Allison\Lafayette Job Closes\Done by Allison\22J002-FHLC-2022 General Maintenance\3-ArchitectsEngineers\1-Contracts\James Giannini PDSA#990180\11-Correspondence\2-Outgoing","BUILTIN\Administrators","Allow","FullControl","True"
"Y:\ttbntfile1\shared\appsdata\groups\17-Xeroxscans\Allison\Lafayette Job Closes\Done by Allison\22J002-FHLC-2022 General Maintenance\3-ArchitectsEngineers\1-Contracts\James Giannini PDSA#990180\11-Correspondence\2-Outgoing","NT AUTHORITY\SYSTEM","Allow","FullControl","True"
"Y:\ttbntfile1\shared\appsdata\groups\17-Xeroxscans\Allison\Lafayette Job Closes\Done by Allison\22J002-FHLC-2022 General Maintenance\3-ArchitectsEngineers\2-Correspondence\1-Incoming","TONNANDBLANK\AVD Test Users","Allow","FullControl","True"
"Y:\ttbntfile1\shared\appsdata\groups\17-Xeroxscans\Allison\Lafayette Job Closes\Done by Allison\22J002-FHLC-2022 General Maintenance\3-ArchitectsEngineers\2-Correspondence\1-Incoming","TONNANDBLANK\impactadmin","Allow","FullControl","True"
"Y:\ttbntfile1\shared\appsdata\groups\17-Xeroxscans\Allison\Lafayette Job Closes\Done by Allison\22J002-FHLC-2022 General Maintenance\3-ArchitectsEngineers\2-Correspondence\1-Incoming","CREATOR OWNER","Allow","FullControl","True"
"Y:\ttbntfile1\shared\appsdata\groups\17-Xeroxscans\Allison\Lafayette Job Closes\Done by Allison\22J002-FHLC-2022 General Maintenance\3-ArchitectsEngineers\2-Correspondence\1-Incoming","BUILTIN\Administrators","Allow","FullControl","True"
"Y:\ttbntfile1\shared\appsdata\groups\17-Xeroxscans\Allison\Lafayette Job Closes\Done by Allison\22J002-FHLC-2022 General Maintenance\3-ArchitectsEngineers\2-Correspondence\1-Incoming","NT AUTHORITY\SYSTEM","Allow","FullControl","True"
"Y:\ttbntfile1\shared\appsdata\groups\17-Xeroxscans\Allison\Lafayette Job Closes\Done by Allison\22J002-FHLC-2022 General Maintenance\3-ArchitectsEngineers\2-Correspondence\2-Outgoing","TONNANDBLANK\AVD Test Users","Allow","FullControl","True"
"Y:\ttbntfile1\shared\appsdata\groups\17-Xeroxscans\Allison\Lafayette Job Closes\Done by Allison\22J002-FHLC-2022 General Maintenance\3-ArchitectsEngineers\2-Correspondence\2-Outgoing","TONNANDBLANK\impactadmin","Allow","FullControl","True"
"Y:\ttbntfile1\shared\appsdata\groups\17-Xeroxscans\Allison\Lafayette Job Closes\Done by Allison\22J002-FHLC-2022 General Maintenance\3-ArchitectsEngineers\2-Correspondence\2-Outgoing","CREATOR OWNER","Allow","FullControl","True"
"Y:\ttbntfile1\shared\appsdata\groups\17-Xeroxscans\Allison\Lafayette Job Closes\Done by Allison\22J002-FHLC-2022 General Maintenance\3-ArchitectsEngineers\2-Correspondence\2-Outgoing","BUILTIN\Administrators","Allow","FullControl","True"
"Y:\ttbntfile1\shared\appsdata\groups\17-Xeroxscans\Allison\Lafayette Job Closes\Done by Allison\22J002-FHLC-2022 General Maintenance\3-ArchitectsEngineers\2-Correspondence\2-Outgoing","NT AUTHORITY\SYSTEM","Allow","FullControl","True"
"Y:\ttbntfile1\shared\appsdata\groups\17-Xeroxscans\Allison\Lafayette Job Closes\Done by Allison\22J002-FHLC-2022 General Maintenance\4-DocumentControl\1-Drawings","TONNANDBLANK\AVD Test Users","Allow","FullControl","True"
"Y:\ttbntfile1\shared\appsdata\groups\17-Xeroxscans\Allison\Lafayette Job Closes\Done by Allison\22J002-FHLC-2022 General Maintenance\4-DocumentControl\1-Drawings","TONNANDBLANK\impactadmin","Allow","FullControl","True"
"Y:\ttbntfile1\shared\appsdata\groups\17-Xeroxscans\Allison\Lafayette Job Closes\Done by Allison\22J002-FHLC-2022 General Maintenance\4-DocumentControl\1-Drawings","CREATOR OWNER","Allow","FullControl","True"
"Y:\ttbntfile1\shared\appsdata\groups\17-Xeroxscans\Allison\Lafayette Job Closes\Done by Allison\22J002-FHLC-2022 General Maintenance\4-DocumentControl\1-Drawings","BUILTIN\Administrators","Allow","FullControl","True"
"Y:\ttbntfile1\shared\appsdata\groups\17-Xeroxscans\Allison\Lafayette Job Closes\Done by Allison\22J002-FHLC-2022 General Maintenance\4-DocumentControl\1-Drawings","NT AUTHORITY\SYSTEM","Allow","FullControl","True"
"Y:\ttbntfile1\shared\appsdata\groups\17-Xeroxscans\Allison\Lafayette Job Closes\Done by Allison\22J002-FHLC-2022 General Maintenance\4-DocumentControl\2-Specifications","TONNANDBLANK\AVD Test Users","Allow","FullControl","True"
"Y:\ttbntfile1\shared\appsdata\groups\17-Xeroxscans\Allison\Lafayette Job Closes\Done by Allison\22J002-FHLC-2022 General Maintenance\4-DocumentControl\2-Specifications","TONNANDBLANK\impactadmin","Allow","FullControl","True"
"Y:\ttbntfile1\shared\appsdata\groups\17-Xeroxscans\Allison\Lafayette Job Closes\Done by Allison\22J002-FHLC-2022 General Maintenance\4-DocumentControl\2-Specifications","CREATOR OWNER","Allow","FullControl","True"
"Y:\ttbntfile1\shared\appsdata\groups\17-Xeroxscans\Allison\Lafayette Job Closes\Done by Allison\22J002-FHLC-2022 General Maintenance\4-DocumentControl\2-Specifications","BUILTIN\Administrators","Allow","FullControl","True"
"Y:\ttbntfile1\shared\appsdata\groups\17-Xeroxscans\Allison\Lafayette Job Closes\Done by Allison\22J002-FHLC-2022 General Maintenance\4-DocumentControl\2-Specifications","NT AUTHORITY\SYSTEM","Allow","FullControl","True"
"Y:\ttbntfile1\shared\appsdata\groups\17-Xeroxscans\Allison\Lafayette Job Closes\Done by Allison\22J002-FHLC-2022 General Maintenance\4-DocumentControl\3-VDC","TONNANDBLANK\AVD Test Users","Allow","FullControl","True"
"Y:\ttbntfile1\shared\appsdata\groups\17-Xeroxscans\Allison\Lafayette Job Closes\Done by Allison\22J002-FHLC-2022 General Maintenance\4-DocumentControl\3-VDC","TONNANDBLANK\impactadmin","Allow","FullControl","True"
"Y:\ttbntfile1\shared\appsdata\groups\17-Xeroxscans\Allison\Lafayette Job Closes\Done by Allison\22J002-FHLC-2022 General Maintenance\4-DocumentControl\3-VDC","CREATOR OWNER","Allow","FullControl","True"
"Y:\ttbntfile1\shared\appsdata\groups\17-Xeroxscans\Allison\Lafayette Job Closes\Done by Allison\22J002-FHLC-2022 General Maintenance\4-DocumentControl\3-VDC","BUILTIN\Administrators","Allow","FullControl","True"
"Y:\ttbntfile1\shared\appsdata\groups\17-Xeroxscans\Allison\Lafayette Job Closes\Done by Allison\22J002-FHLC-2022 General Maintenance\4-DocumentControl\3-VDC","NT AUTHORITY\SYSTEM","Allow","FullControl","True"
"Y:\ttbntfile1\shared\appsdata\groups\17-Xeroxscans\Allison\Lafayette Job Closes\Done by Allison\22J002-FHLC-2022 General Maintenance\4-DocumentControl\4-RFI","TONNANDBLANK\AVD Test Users","Allow","FullControl","True"
"Y:\ttbntfile1\shared\appsdata\groups\17-Xeroxscans\Allison\Lafayette Job Closes\Done by Allison\22J002-FHLC-2022 General Maintenance\4-DocumentControl\4-RFI","TONNANDBLANK\impactadmin","Allow","FullControl","True"
"Y:\ttbntfile1\shared\appsdata\groups\17-Xeroxscans\Allison\Lafayette Job Closes\Done by Allison\22J002-FHLC-2022 General Maintenance\4-DocumentControl\4-RFI","CREATOR OWNER","Allow","FullControl","True"
"Y:\ttbntfile1\shared\appsdata\groups\17-Xeroxscans\Allison\Lafayette Job Closes\Done by Allison\22J002-FHLC-2022 General Maintenance\4-DocumentControl\4-RFI","BUILTIN\Administrators","Allow","FullControl","True"
"Y:\ttbntfile1\shared\appsdata\groups\17-Xeroxscans\Allison\Lafayette Job Closes\Done by Allison\22J002-FHLC-2022 General Maintenance\4-DocumentControl\4-RFI","NT AUTHORITY\SYSTEM","Allow","FullControl","True"
"Y:\ttbntfile1\shared\appsdata\groups\17-Xeroxscans\Allison\Lafayette Job Closes\Done by Allison\22J002-FHLC-2022 General Maintenance\4-DocumentControl\5-ConstrPkgs","TONNANDBLANK\AVD Test Users","Allow","FullControl","True"
"Y:\ttbntfile1\shared\appsdata\groups\17-Xeroxscans\Allison\Lafayette Job Closes\Done by Allison\22J002-FHLC-2022 General Maintenance\4-DocumentControl\5-ConstrPkgs","TONNANDBLANK\impactadmin","Allow","FullControl","True"
"Y:\ttbntfile1\shared\appsdata\groups\17-Xeroxscans\Allison\Lafayette Job Closes\Done by Allison\22J002-FHLC-2022 General Maintenance\4-DocumentControl\5-ConstrPkgs","CREATOR OWNER","Allow","FullControl","True"
"Y:\ttbntfile1\shared\appsdata\groups\17-Xeroxscans\Allison\Lafayette Job Closes\Done by Allison\22J002-FHLC-2022 General Maintenance\4-DocumentControl\5-ConstrPkgs","BUILTIN\Administrators","Allow","FullControl","True"
"Y:\ttbntfile1\shared\appsdata\groups\17-Xeroxscans\Allison\Lafayette Job Closes\Done by Allison\22J002-FHLC-2022 General Maintenance\4-DocumentControl\5-ConstrPkgs","NT AUTHORITY\SYSTEM","Allow","FullControl","True"
"Y:\ttbntfile1\shared\appsdata\groups\17-Xeroxscans\Allison\Lafayette Job Closes\Done by Allison\22J002-FHLC-2022 General Maintenance\4-DocumentControl\6-MedicalEquip","TONNANDBLANK\AVD Test Users","Allow","FullControl","True"
"Y:\ttbntfile1\shared\appsdata\groups\17-Xeroxscans\Allison\Lafayette Job Closes\Done by Allison\22J002-FHLC-2022 General Maintenance\4-DocumentControl\6-MedicalEquip","TONNANDBLANK\impactadmin","Allow","FullControl","True"
"Y:\ttbntfile1\shared\appsdata\groups\17-Xeroxscans\Allison\Lafayette Job Closes\Done by Allison\22J002-FHLC-2022 General Maintenance\4-DocumentControl\6-MedicalEquip","CREATOR OWNER","Allow","FullControl","True"
"Y:\ttbntfile1\shared\appsdata\groups\17-Xeroxscans\Allison\Lafayette Job Closes\Done by Allison\22J002-FHLC-2022 General Maintenance\4-DocumentControl\6-MedicalEquip","BUILTIN\Administrators","Allow","FullControl","True"
"Y:\ttbntfile1\shared\appsdata\groups\17-Xeroxscans\Allison\Lafayette Job Closes\Done by Allison\22J002-FHLC-2022 General Maintenance\4-DocumentControl\6-MedicalEquip","NT AUTHORITY\SYSTEM","Allow","FullControl","True"
"Y:\ttbntfile1\shared\appsdata\groups\17-Xeroxscans\Allison\Lafayette Job Closes\Done by Allison\22J002-FHLC-2022 General Maintenance\4-DocumentControl\7-Submittals","TONNANDBLANK\AVD Test Users","Allow","FullControl","True"
"Y:\ttbntfile1\shared\appsdata\groups\17-Xeroxscans\Allison\Lafayette Job Closes\Done by Allison\22J002-FHLC-2022 General Maintenance\4-DocumentControl\7-Submittals","TONNANDBLANK\impactadmin","Allow","FullControl","True"
"Y:\ttbntfile1\shared\appsdata\groups\17-Xeroxscans\Allison\Lafayette Job Closes\Done by Allison\22J002-FHLC-2022 General Maintenance\4-DocumentControl\7-Submittals","CREATOR OWNER","Allow","FullControl","True"
"Y:\ttbntfile1\shared\appsdata\groups\17-Xeroxscans\Allison\Lafayette Job Closes\Done by Allison\22J002-FHLC-2022 General Maintenance\4-DocumentControl\7-Submittals","BUILTIN\Administrators","Allow","FullControl","True"
"Y:\ttbntfile1\shared\appsdata\groups\17-Xeroxscans\Allison\Lafayette Job Closes\Done by Allison\22J002-FHLC-2022 General Maintenance\4-DocumentControl\7-Submittals","NT AUTHORITY\SYSTEM","Allow","FullControl","True"
"Y:\ttbntfile1\shared\appsdata\groups\17-Xeroxscans\Allison\Lafayette Job Closes\Done by Allison\22J002-FHLC-2022 General Maintenance\4-DocumentControl\1-Drawings\1-Current","TONNANDBLANK\AVD Test Users","Allow","FullControl","True"
"Y:\ttbntfile1\shared\appsdata\groups\17-Xeroxscans\Allison\Lafayette Job Closes\Done by Allison\22J002-FHLC-2022 General Maintenance\4-DocumentControl\1-Drawings\1-Current","TONNANDBLANK\impactadmin","Allow","FullControl","True"
"Y:\ttbntfile1\shared\appsdata\groups\17-Xeroxscans\Allison\Lafayette Job Closes\Done by Allison\22J002-FHLC-2022 General Maintenance\4-DocumentControl\1-Drawings\1-Current","CREATOR OWNER","Allow","FullControl","True"
"Y:\ttbntfile1\shared\appsdata\groups\17-Xeroxscans\Allison\Lafayette Job Closes\Done by Allison\22J002-FHLC-2022 General Maintenance\4-DocumentControl\1-Drawings\1-Current","BUILTIN\Administrators","Allow","FullControl","True"
"Y:\ttbntfile1\shared\appsdata\groups\17-Xeroxscans\Allison\Lafayette Job Closes\Done by Allison\22J002-FHLC-2022 General Maintenance\4-DocumentControl\1-Drawings\1-Current","NT AUTHORITY\SYSTEM","Allow","FullControl","True"
"Y:\ttbntfile1\shared\appsdata\groups\17-Xeroxscans\Allison\Lafayette Job Closes\Done by Allison\22J002-FHLC-2022 General Maintenance\4-DocumentControl\1-Drawings\2-Archived","TONNANDBLANK\AVD Test Users","Allow","FullControl","True"
"Y:\ttbntfile1\shared\appsdata\groups\17-Xeroxscans\Allison\Lafayette Job Closes\Done by Allison\22J002-FHLC-2022 General Maintenance\4-DocumentControl\1-Drawings\2-Archived","TONNANDBLANK\impactadmin","Allow","FullControl","True"
"Y:\ttbntfile1\shared\appsdata\groups\17-Xeroxscans\Allison\Lafayette Job Closes\Done by Allison\22J002-FHLC-2022 General Maintenance\4-DocumentControl\1-Drawings\2-Archived","CREATOR OWNER","Allow","FullControl","True"
"Y:\ttbntfile1\shared\appsdata\groups\17-Xeroxscans\Allison\Lafayette Job Closes\Done by Allison\22J002-FHLC-2022 General Maintenance\4-DocumentControl\1-Drawings\2-Archived","BUILTIN\Administrators","Allow","FullControl","True"
"Y:\ttbntfile1\shared\appsdata\groups\17-Xeroxscans\Allison\Lafayette Job Closes\Done by Allison\22J002-FHLC-2022 General Maintenance\4-DocumentControl\1-Drawings\2-Archived","NT AUTHORITY\SYSTEM","Allow","FullControl","True"
"Y:\ttbntfile1\shared\appsdata\groups\17-Xeroxscans\Allison\Lafayette Job Closes\Done by Allison\22J002-FHLC-2022 General Maintenance\4-DocumentControl\1-Drawings\3-DrawingLog","TONNANDBLANK\AVD Test Users","Allow","FullControl","True"
"Y:\ttbntfile1\shared\appsdata\groups\17-Xeroxscans\Allison\Lafayette Job Closes\Done by Allison\22J002-FHLC-2022 General Maintenance\4-DocumentControl\1-Drawings\3-DrawingLog","TONNANDBLANK\impactadmin","Allow","FullControl","True"
"Y:\ttbntfile1\shared\appsdata\groups\17-Xeroxscans\Allison\Lafayette Job Closes\Done by Allison\22J002-FHLC-2022 General Maintenance\4-DocumentControl\1-Drawings\3-DrawingLog","CREATOR OWNER","Allow","FullControl","True"
"Y:\ttbntfile1\shared\appsdata\groups\17-Xeroxscans\Allison\Lafayette Job Closes\Done by Allison\22J002-FHLC-2022 General Maintenance\4-DocumentControl\1-Drawings\3-DrawingLog","BUILTIN\Administrators","Allow","FullControl","True"
"Y:\ttbntfile1\shared\appsdata\groups\17-Xeroxscans\Allison\Lafayette Job Closes\Done by Allison\22J002-FHLC-2022 General Maintenance\4-DocumentControl\1-Drawings\3-DrawingLog","NT AUTHORITY\SYSTEM","Allow","FullControl","True"
"Y:\ttbntfile1\shared\appsdata\groups\17-Xeroxscans\Allison\Lafayette Job Closes\Done by Allison\22J002-FHLC-2022 General Maintenance\4-DocumentControl\2-Specifications\1-Current","TONNANDBLANK\AVD Test Users","Allow","FullControl","True"
"Y:\ttbntfile1\shared\appsdata\groups\17-Xeroxscans\Allison\Lafayette Job Closes\Done by Allison\22J002-FHLC-2022 General Maintenance\4-DocumentControl\2-Specifications\1-Current","TONNANDBLANK\impactadmin","Allow","FullControl","True"
"Y:\ttbntfile1\shared\appsdata\groups\17-Xeroxscans\Allison\Lafayette Job Closes\Done by Allison\22J002-FHLC-2022 General Maintenance\4-DocumentControl\2-Specifications\1-Current","CREATOR OWNER","Allow","FullControl","True"
"Y:\ttbntfile1\shared\appsdata\groups\17-Xeroxscans\Allison\Lafayette Job Closes\Done by Allison\22J002-FHLC-2022 General Maintenance\4-DocumentControl\2-Specifications\1-Current","BUILTIN\Administrators","Allow","FullControl","True"
"Y:\ttbntfile1\shared\appsdata\groups\17-Xeroxscans\Allison\Lafayette Job Closes\Done by Allison\22J002-FHLC-2022 General Maintenance\4-DocumentControl\2-Specifications\1-Current","NT AUTHORITY\SYSTEM","Allow","FullControl","True"
"Y:\ttbntfile1\shared\appsdata\groups\17-Xeroxscans\Allison\Lafayette Job Closes\Done by Allison\22J002-FHLC-2022 General Maintenance\4-DocumentControl\2-Specifications\2-Archived","TONNANDBLANK\AVD Test Users","Allow","FullControl","True"
"Y:\ttbntfile1\shared\appsdata\groups\17-Xeroxscans\Allison\Lafayette Job Closes\Done by Allison\22J002-FHLC-2022 General Maintenance\4-DocumentControl\2-Specifications\2-Archived","TONNANDBLANK\impactadmin","Allow","FullControl","True"
"Y:\ttbntfile1\shared\appsdata\groups\17-Xeroxscans\Allison\Lafayette Job Closes\Done by Allison\22J002-FHLC-2022 General Maintenance\4-DocumentControl\2-Specifications\2-Archived","CREATOR OWNER","Allow","FullControl","True"
"Y:\ttbntfile1\shared\appsdata\groups\17-Xeroxscans\Allison\Lafayette Job Closes\Done by Allison\22J002-FHLC-2022 General Maintenance\4-DocumentControl\2-Specifications\2-Archived","BUILTIN\Administrators","Allow","FullControl","True"
"Y:\ttbntfile1\shared\appsdata\groups\17-Xeroxscans\Allison\Lafayette Job Closes\Done by Allison\22J002-FHLC-2022 General Maintenance\4-DocumentControl\2-Specifications\2-Archived","NT AUTHORITY\SYSTEM","Allow","FullControl","True"
"Y:\ttbntfile1\shared\appsdata\groups\17-Xeroxscans\Allison\Lafayette Job Closes\Done by Allison\22J002-FHLC-2022 General Maintenance\4-DocumentControl\3-VDC\1-CAD","TONNANDBLANK\AVD Test Users","Allow","FullControl","True"
"Y:\ttbntfile1\shared\appsdata\groups\17-Xeroxscans\Allison\Lafayette Job Closes\Done by Allison\22J002-FHLC-2022 General Maintenance\4-DocumentControl\3-VDC\1-CAD","TONNANDBLANK\impactadmin","Allow","FullControl","True"
"Y:\ttbntfile1\shared\appsdata\groups\17-Xeroxscans\Allison\Lafayette Job Closes\Done by Allison\22J002-FHLC-2022 General Maintenance\4-DocumentControl\3-VDC\1-CAD","CREATOR OWNER","Allow","FullControl","True"
"Y:\ttbntfile1\shared\appsdata\groups\17-Xeroxscans\Allison\Lafayette Job Closes\Done by Allison\22J002-FHLC-2022 General Maintenance\4-DocumentControl\3-VDC\1-CAD","BUILTIN\Administrators","Allow","FullControl","True"
"Y:\ttbntfile1\shared\appsdata\groups\17-Xeroxscans\Allison\Lafayette Job Closes\Done by Allison\22J002-FHLC-2022 General Maintenance\4-DocumentControl\3-VDC\1-CAD","NT AUTHORITY\SYSTEM","Allow","FullControl","True"
"Y:\ttbntfile1\shared\appsdata\groups\17-Xeroxscans\Allison\Lafayette Job Closes\Done by Allison\22J002-FHLC-2022 General Maintenance\4-DocumentControl\3-VDC\2-DWF","TONNANDBLANK\AVD Test Users","Allow","FullControl","True"
"Y:\ttbntfile1\shared\appsdata\groups\17-Xeroxscans\Allison\Lafayette Job Closes\Done by Allison\22J002-FHLC-2022 General Maintenance\4-DocumentControl\3-VDC\2-DWF","TONNANDBLANK\impactadmin","Allow","FullControl","True"
"Y:\ttbntfile1\shared\appsdata\groups\17-Xeroxscans\Allison\Lafayette Job Closes\Done by Allison\22J002-FHLC-2022 General Maintenance\4-DocumentControl\3-VDC\2-DWF","CREATOR OWNER","Allow","FullControl","True"
"Y:\ttbntfile1\shared\appsdata\groups\17-Xeroxscans\Allison\Lafayette Job Closes\Done by Allison\22J002-FHLC-2022 General Maintenance\4-DocumentControl\3-VDC\2-DWF","BUILTIN\Administrators","Allow","FullControl","True"
"Y:\ttbntfile1\shared\appsdata\groups\17-Xeroxscans\Allison\Lafayette Job Closes\Done by Allison\22J002-FHLC-2022 General Maintenance\4-DocumentControl\3-VDC\2-DWF","NT AUTHORITY\SYSTEM","Allow","FullControl","True"
"Y:\ttbntfile1\shared\appsdata\groups\17-Xeroxscans\Allison\Lafayette Job Closes\Done by Allison\22J002-FHLC-2022 General Maintenance\4-DocumentControl\3-VDC\3-Images","TONNANDBLANK\AVD Test Users","Allow","FullControl","True"
"Y:\ttbntfile1\shared\appsdata\groups\17-Xeroxscans\Allison\Lafayette Job Closes\Done by Allison\22J002-FHLC-2022 General Maintenance\4-DocumentControl\3-VDC\3-Images","TONNANDBLANK\impactadmin","Allow","FullControl","True"
"Y:\ttbntfile1\shared\appsdata\groups\17-Xeroxscans\Allison\Lafayette Job Closes\Done by Allison\22J002-FHLC-2022 General Maintenance\4-DocumentControl\3-VDC\3-Images","CREATOR OWNER","Allow","FullControl","True"
"Y:\ttbntfile1\shared\appsdata\groups\17-Xeroxscans\Allison\Lafayette Job Closes\Done by Allison\22J002-FHLC-2022 General Maintenance\4-DocumentControl\3-VDC\3-Images","BUILTIN\Administrators","Allow","FullControl","True"
"Y:\ttbntfile1\shared\appsdata\groups\17-Xeroxscans\Allison\Lafayette Job Closes\Done by Allison\22J002-FHLC-2022 General Maintenance\4-DocumentControl\3-VDC\3-Images","NT AUTHORITY\SYSTEM","Allow","FullControl","True"
"Y:\ttbntfile1\shared\appsdata\groups\17-Xeroxscans\Allison\Lafayette Job Closes\Done by Allison\22J002-FHLC-2022 General Maintenance\4-DocumentControl\3-VDC\4-Navisworks","TONNANDBLANK\AVD Test Users","Allow","FullControl","True"
"Y:\ttbntfile1\shared\appsdata\groups\17-Xeroxscans\Allison\Lafayette Job Closes\Done by Allison\22J002-FHLC-2022 General Maintenance\4-DocumentControl\3-VDC\4-Navisworks","TONNANDBLANK\impactadmin","Allow","FullControl","True"
"Y:\ttbntfile1\shared\appsdata\groups\17-Xeroxscans\Allison\Lafayette Job Closes\Done by Allison\22J002-FHLC-2022 General Maintenance\4-DocumentControl\3-VDC\4-Navisworks","CREATOR OWNER","Allow","FullControl","True"
"Y:\ttbntfile1\shared\appsdata\groups\17-Xeroxscans\Allison\Lafayette Job Closes\Done by Allison\22J002-FHLC-2022 General Maintenance\4-DocumentControl\3-VDC\4-Navisworks","BUILTIN\Administrators","Allow","FullControl","True"
"Y:\ttbntfile1\shared\appsdata\groups\17-Xeroxscans\Allison\Lafayette Job Closes\Done by Allison\22J002-FHLC-2022 General Maintenance\4-DocumentControl\3-VDC\4-Navisworks","NT AUTHORITY\SYSTEM","Allow","FullControl","True"
"Y:\ttbntfile1\shared\appsdata\groups\17-Xeroxscans\Allison\Lafayette Job Closes\Done by Allison\22J002-FHLC-2022 General Maintenance\4-DocumentControl\3-VDC\5-PDF","TONNANDBLANK\AVD Test Users","Allow","FullControl","True"
"Y:\ttbntfile1\shared\appsdata\groups\17-Xeroxscans\Allison\Lafayette Job Closes\Done by Allison\22J002-FHLC-2022 General Maintenance\4-DocumentControl\3-VDC\5-PDF","TONNANDBLANK\impactadmin","Allow","FullControl","True"
"Y:\ttbntfile1\shared\appsdata\groups\17-Xeroxscans\Allison\Lafayette Job Closes\Done by Allison\22J002-FHLC-2022 General Maintenance\4-DocumentControl\3-VDC\5-PDF","CREATOR OWNER","Allow","FullControl","True"
"Y:\ttbntfile1\shared\appsdata\groups\17-Xeroxscans\Allison\Lafayette Job Closes\Done by Allison\22J002-FHLC-2022 General Maintenance\4-DocumentControl\3-VDC\5-PDF","BUILTIN\Administrators","Allow","FullControl","True"
"Y:\ttbntfile1\shared\appsdata\groups\17-Xeroxscans\Allison\Lafayette Job Closes\Done by Allison\22J002-FHLC-2022 General Maintenance\4-DocumentControl\3-VDC\5-PDF","NT AUTHORITY\SYSTEM","Allow","FullControl","True"
"Y:\ttbntfile1\shared\appsdata\groups\17-Xeroxscans\Allison\Lafayette Job Closes\Done by Allison\22J002-FHLC-2022 General Maintenance\4-DocumentControl\3-VDC\6-Revit","TONNANDBLANK\AVD Test Users","Allow","FullControl","True"
"Y:\ttbntfile1\shared\appsdata\groups\17-Xeroxscans\Allison\Lafayette Job Closes\Done by Allison\22J002-FHLC-2022 General Maintenance\4-DocumentControl\3-VDC\6-Revit","TONNANDBLANK\impactadmin","Allow","FullControl","True"
"Y:\ttbntfile1\shared\appsdata\groups\17-Xeroxscans\Allison\Lafayette Job Closes\Done by Allison\22J002-FHLC-2022 General Maintenance\4-DocumentControl\3-VDC\6-Revit","CREATOR OWNER","Allow","FullControl","True"
"Y:\ttbntfile1\shared\appsdata\groups\17-Xeroxscans\Allison\Lafayette Job Closes\Done by Allison\22J002-FHLC-2022 General Maintenance\4-DocumentControl\3-VDC\6-Revit","BUILTIN\Administrators","Allow","FullControl","True"
"Y:\ttbntfile1\shared\appsdata\groups\17-Xeroxscans\Allison\Lafayette Job Closes\Done by Allison\22J002-FHLC-2022 General Maintenance\4-DocumentControl\3-VDC\6-Revit","NT AUTHORITY\SYSTEM","Allow","FullControl","True"
"Y:\ttbntfile1\shared\appsdata\groups\17-Xeroxscans\Allison\Lafayette Job Closes\Done by Allison\22J002-FHLC-2022 General Maintenance\4-DocumentControl\3-VDC\7-SketchUp","TONNANDBLANK\AVD Test Users","Allow","FullControl","True"
"Y:\ttbntfile1\shared\appsdata\groups\17-Xeroxscans\Allison\Lafayette Job Closes\Done by Allison\22J002-FHLC-2022 General Maintenance\4-DocumentControl\3-VDC\7-SketchUp","TONNANDBLANK\impactadmin","Allow","FullControl","True"
"Y:\ttbntfile1\shared\appsdata\groups\17-Xeroxscans\Allison\Lafayette Job Closes\Done by Allison\22J002-FHLC-2022 General Maintenance\4-DocumentControl\3-VDC\7-SketchUp","CREATOR OWNER","Allow","FullControl","True"
"Y:\ttbntfile1\shared\appsdata\groups\17-Xeroxscans\Allison\Lafayette Job Closes\Done by Allison\22J002-FHLC-2022 General Maintenance\4-DocumentControl\3-VDC\7-SketchUp","BUILTIN\Administrators","Allow","FullControl","True"
"Y:\ttbntfile1\shared\appsdata\groups\17-Xeroxscans\Allison\Lafayette Job Closes\Done by Allison\22J002-FHLC-2022 General Maintenance\4-DocumentControl\3-VDC\7-SketchUp","NT AUTHORITY\SYSTEM","Allow","FullControl","True"
"Y:\ttbntfile1\shared\appsdata\groups\17-Xeroxscans\Allison\Lafayette Job Closes\Done by Allison\22J002-FHLC-2022 General Maintenance\4-DocumentControl\3-VDC\8-Documents","TONNANDBLANK\AVD Test Users","Allow","FullControl","True"
"Y:\ttbntfile1\shared\appsdata\groups\17-Xeroxscans\Allison\Lafayette Job Closes\Done by Allison\22J002-FHLC-2022 General Maintenance\4-DocumentControl\3-VDC\8-Documents","TONNANDBLANK\impactadmin","Allow","FullControl","True"
"Y:\ttbntfile1\shared\appsdata\groups\17-Xeroxscans\Allison\Lafayette Job Closes\Done by Allison\22J002-FHLC-2022 General Maintenance\4-DocumentControl\3-VDC\8-Documents","CREATOR OWNER","Allow","FullControl","True"
"Y:\ttbntfile1\shared\appsdata\groups\17-Xeroxscans\Allison\Lafayette Job Closes\Done by Allison\22J002-FHLC-2022 General Maintenance\4-DocumentControl\3-VDC\8-Documents","BUILTIN\Administrators","Allow","FullControl","True"
"Y:\ttbntfile1\shared\appsdata\groups\17-Xeroxscans\Allison\Lafayette Job Closes\Done by Allison\22J002-FHLC-2022 General Maintenance\4-DocumentControl\3-VDC\8-Documents","NT AUTHORITY\SYSTEM","Allow","FullControl","True"
"Y:\ttbntfile1\shared\appsdata\groups\17-Xeroxscans\Allison\Lafayette Job Closes\Done by Allison\22J002-FHLC-2022 General Maintenance\4-DocumentControl\3-VDC\1-CAD\1-2D","TONNANDBLANK\AVD Test Users","Allow","FullControl","True"
"Y:\ttbntfile1\shared\appsdata\groups\17-Xeroxscans\Allison\Lafayette Job Closes\Done by Allison\22J002-FHLC-2022 General Maintenance\4-DocumentControl\3-VDC\1-CAD\1-2D","TONNANDBLANK\impactadmin","Allow","FullControl","True"
"Y:\ttbntfile1\shared\appsdata\groups\17-Xeroxscans\Allison\Lafayette Job Closes\Done by Allison\22J002-FHLC-2022 General Maintenance\4-DocumentControl\3-VDC\1-CAD\1-2D","CREATOR OWNER","Allow","FullControl","True"
"Y:\ttbntfile1\shared\appsdata\groups\17-Xeroxscans\Allison\Lafayette Job Closes\Done by Allison\22J002-FHLC-2022 General Maintenance\4-DocumentControl\3-VDC\1-CAD\1-2D","BUILTIN\Administrators","Allow","FullControl","True"
"Y:\ttbntfile1\shared\appsdata\groups\17-Xeroxscans\Allison\Lafayette Job Closes\Done by Allison\22J002-FHLC-2022 General Maintenance\4-DocumentControl\3-VDC\1-CAD\1-2D","NT AUTHORITY\SYSTEM","Allow","FullControl","True"
"Y:\ttbntfile1\shared\appsdata\groups\17-Xeroxscans\Allison\Lafayette Job Closes\Done by Allison\22J002-FHLC-2022 General Maintenance\4-DocumentControl\3-VDC\1-CAD\2-3D","TONNANDBLANK\AVD Test Users","Allow","FullControl","True"
"Y:\ttbntfile1\shared\appsdata\groups\17-Xeroxscans\Allison\Lafayette Job Closes\Done by Allison\22J002-FHLC-2022 General Maintenance\4-DocumentControl\3-VDC\1-CAD\2-3D","TONNANDBLANK\impactadmin","Allow","FullControl","True"
"Y:\ttbntfile1\shared\appsdata\groups\17-Xeroxscans\Allison\Lafayette Job Closes\Done by Allison\22J002-FHLC-2022 General Maintenance\4-DocumentControl\3-VDC\1-CAD\2-3D","CREATOR OWNER","Allow","FullControl","True"
"Y:\ttbntfile1\shared\appsdata\groups\17-Xeroxscans\Allison\Lafayette Job Closes\Done by Allison\22J002-FHLC-2022 General Maintenance\4-DocumentControl\3-VDC\1-CAD\2-3D","BUILTIN\Administrators","Allow","FullControl","True"
"Y:\ttbntfile1\shared\appsdata\groups\17-Xeroxscans\Allison\Lafayette Job Closes\Done by Allison\22J002-FHLC-2022 General Maintenance\4-DocumentControl\3-VDC\1-CAD\2-3D","NT AUTHORITY\SYSTEM","Allow","FullControl","True"
"Y:\ttbntfile1\shared\appsdata\groups\17-Xeroxscans\Allison\Lafayette Job Closes\Done by Allison\22J002-FHLC-2022 General Maintenance\5-GovtCorr\1-PermitsLicensesApplStateReleases","TONNANDBLANK\AVD Test Users","Allow","FullControl","True"
"Y:\ttbntfile1\shared\appsdata\groups\17-Xeroxscans\Allison\Lafayette Job Closes\Done by Allison\22J002-FHLC-2022 General Maintenance\5-GovtCorr\1-PermitsLicensesApplStateReleases","TONNANDBLANK\impactadmin","Allow","FullControl","True"
"Y:\ttbntfile1\shared\appsdata\groups\17-Xeroxscans\Allison\Lafayette Job Closes\Done by Allison\22J002-FHLC-2022 General Maintenance\5-GovtCorr\1-PermitsLicensesApplStateReleases","CREATOR OWNER","Allow","FullControl","True"
"Y:\ttbntfile1\shared\appsdata\groups\17-Xeroxscans\Allison\Lafayette Job Closes\Done by Allison\22J002-FHLC-2022 General Maintenance\5-GovtCorr\1-PermitsLicensesApplStateReleases","BUILTIN\Administrators","Allow","FullControl","True"
"Y:\ttbntfile1\shared\appsdata\groups\17-Xeroxscans\Allison\Lafayette Job Closes\Done by Allison\22J002-FHLC-2022 General Maintenance\5-GovtCorr\1-PermitsLicensesApplStateReleases","NT AUTHORITY\SYSTEM","Allow","FullControl","True"
"Y:\ttbntfile1\shared\appsdata\groups\17-Xeroxscans\Allison\Lafayette Job Closes\Done by Allison\22J002-FHLC-2022 General Maintenance\5-GovtCorr\2-Correspondence","TONNANDBLANK\AVD Test Users","Allow","FullControl","True"
"Y:\ttbntfile1\shared\appsdata\groups\17-Xeroxscans\Allison\Lafayette Job Closes\Done by Allison\22J002-FHLC-2022 General Maintenance\5-GovtCorr\2-Correspondence","TONNANDBLANK\impactadmin","Allow","FullControl","True"
"Y:\ttbntfile1\shared\appsdata\groups\17-Xeroxscans\Allison\Lafayette Job Closes\Done by Allison\22J002-FHLC-2022 General Maintenance\5-GovtCorr\2-Correspondence","CREATOR OWNER","Allow","FullControl","True"
"Y:\ttbntfile1\shared\appsdata\groups\17-Xeroxscans\Allison\Lafayette Job Closes\Done by Allison\22J002-FHLC-2022 General Maintenance\5-GovtCorr\2-Correspondence","BUILTIN\Administrators","Allow","FullControl","True"
"Y:\ttbntfile1\shared\appsdata\groups\17-Xeroxscans\Allison\Lafayette Job Closes\Done by Allison\22J002-FHLC-2022 General Maintenance\5-GovtCorr\2-Correspondence","NT AUTHORITY\SYSTEM","Allow","FullControl","True"
"Y:\ttbntfile1\shared\appsdata\groups\17-Xeroxscans\Allison\Lafayette Job Closes\Done by Allison\22J002-FHLC-2022 General Maintenance\5-GovtCorr\3-InspectionReportsCertificates","TONNANDBLANK\AVD Test Users","Allow","FullControl","True"
"Y:\ttbntfile1\shared\appsdata\groups\17-Xeroxscans\Allison\Lafayette Job Closes\Done by Allison\22J002-FHLC-2022 General Maintenance\5-GovtCorr\3-InspectionReportsCertificates","TONNANDBLANK\impactadmin","Allow","FullControl","True"
"Y:\ttbntfile1\shared\appsdata\groups\17-Xeroxscans\Allison\Lafayette Job Closes\Done by Allison\22J002-FHLC-2022 General Maintenance\5-GovtCorr\3-InspectionReportsCertificates","CREATOR OWNER","Allow","FullControl","True"
"Y:\ttbntfile1\shared\appsdata\groups\17-Xeroxscans\Allison\Lafayette Job Closes\Done by Allison\22J002-FHLC-2022 General Maintenance\5-GovtCorr\3-InspectionReportsCertificates","BUILTIN\Administrators","Allow","FullControl","True"
"Y:\ttbntfile1\shared\appsdata\groups\17-Xeroxscans\Allison\Lafayette Job Closes\Done by Allison\22J002-FHLC-2022 General Maintenance\5-GovtCorr\3-InspectionReportsCertificates","NT AUTHORITY\SYSTEM","Allow","FullControl","True"
"Y:\ttbntfile1\shared\appsdata\groups\17-Xeroxscans\Allison\Lafayette Job Closes\Done by Allison\22J002-FHLC-2022 General Maintenance\5-GovtCorr\2-Correspondence\1-Incoming","TONNANDBLANK\AVD Test Users","Allow","FullControl","True"
"Y:\ttbntfile1\shared\appsdata\groups\17-Xeroxscans\Allison\Lafayette Job Closes\Done by Allison\22J002-FHLC-2022 General Maintenance\5-GovtCorr\2-Correspondence\1-Incoming","TONNANDBLANK\impactadmin","Allow","FullControl","True"
"Y:\ttbntfile1\shared\appsdata\groups\17-Xeroxscans\Allison\Lafayette Job Closes\Done by Allison\22J002-FHLC-2022 General Maintenance\5-GovtCorr\2-Correspondence\1-Incoming","CREATOR OWNER","Allow","FullControl","True"
"Y:\ttbntfile1\shared\appsdata\groups\17-Xeroxscans\Allison\Lafayette Job Closes\Done by Allison\22J002-FHLC-2022 General Maintenance\5-GovtCorr\2-Correspondence\1-Incoming","BUILTIN\Administrators","Allow","FullControl","True"
"Y:\ttbntfile1\shared\appsdata\groups\17-Xeroxscans\Allison\Lafayette Job Closes\Done by Allison\22J002-FHLC-2022 General Maintenance\5-GovtCorr\2-Correspondence\1-Incoming","NT AUTHORITY\SYSTEM","Allow","FullControl","True"
"Y:\ttbntfile1\shared\appsdata\groups\17-Xeroxscans\Allison\Lafayette Job Closes\Done by Allison\22J002-FHLC-2022 General Maintenance\5-GovtCorr\2-Correspondence\2-Outgoing","TONNANDBLANK\AVD Test Users","Allow","FullControl","True"
"Y:\ttbntfile1\shared\appsdata\groups\17-Xeroxscans\Allison\Lafayette Job Closes\Done by Allison\22J002-FHLC-2022 General Maintenance\5-GovtCorr\2-Correspondence\2-Outgoing","TONNANDBLANK\impactadmin","Allow","FullControl","True"
"Y:\ttbntfile1\shared\appsdata\groups\17-Xeroxscans\Allison\Lafayette Job Closes\Done by Allison\22J002-FHLC-2022 General Maintenance\5-GovtCorr\2-Correspondence\2-Outgoing","CREATOR OWNER","Allow","FullControl","True"
"Y:\ttbntfile1\shared\appsdata\groups\17-Xeroxscans\Allison\Lafayette Job Closes\Done by Allison\22J002-FHLC-2022 General Maintenance\5-GovtCorr\2-Correspondence\2-Outgoing","BUILTIN\Administrators","Allow","FullControl","True"
"Y:\ttbntfile1\shared\appsdata\groups\17-Xeroxscans\Allison\Lafayette Job Closes\Done by Allison\22J002-FHLC-2022 General Maintenance\5-GovtCorr\2-Correspondence\2-Outgoing","NT AUTHORITY\SYSTEM","Allow","FullControl","True"
"Y:\ttbntfile1\shared\appsdata\groups\17-Xeroxscans\Allison\Lafayette Job Closes\Done by Allison\22J002-FHLC-2022 General Maintenance\6-PO_Sub_Consultants\1-ProjectDirectory","TONNANDBLANK\AVD Test Users","Allow","FullControl","True"
"Y:\ttbntfile1\shared\appsdata\groups\17-Xeroxscans\Allison\Lafayette Job Closes\Done by Allison\22J002-FHLC-2022 General Maintenance\6-PO_Sub_Consultants\1-ProjectDirectory","TONNANDBLANK\impactadmin","Allow","FullControl","True"
"Y:\ttbntfile1\shared\appsdata\groups\17-Xeroxscans\Allison\Lafayette Job Closes\Done by Allison\22J002-FHLC-2022 General Maintenance\6-PO_Sub_Consultants\1-ProjectDirectory","CREATOR OWNER","Allow","FullControl","True"
"Y:\ttbntfile1\shared\appsdata\groups\17-Xeroxscans\Allison\Lafayette Job Closes\Done by Allison\22J002-FHLC-2022 General Maintenance\6-PO_Sub_Consultants\1-ProjectDirectory","BUILTIN\Administrators","Allow","FullControl","True"
"Y:\ttbntfile1\shared\appsdata\groups\17-Xeroxscans\Allison\Lafayette Job Closes\Done by Allison\22J002-FHLC-2022 General Maintenance\6-PO_Sub_Consultants\1-ProjectDirectory","NT AUTHORITY\SYSTEM","Allow","FullControl","True"
"Y:\ttbntfile1\shared\appsdata\groups\17-Xeroxscans\Allison\Lafayette Job Closes\Done by Allison\22J002-FHLC-2022 General Maintenance\6-PO_Sub_Consultants\2-PreContractAwardFiles","TONNANDBLANK\AVD Test Users","Allow","FullControl","True"
"Y:\ttbntfile1\shared\appsdata\groups\17-Xeroxscans\Allison\Lafayette Job Closes\Done by Allison\22J002-FHLC-2022 General Maintenance\6-PO_Sub_Consultants\2-PreContractAwardFiles","TONNANDBLANK\impactadmin","Allow","FullControl","True"
"Y:\ttbntfile1\shared\appsdata\groups\17-Xeroxscans\Allison\Lafayette Job Closes\Done by Allison\22J002-FHLC-2022 General Maintenance\6-PO_Sub_Consultants\2-PreContractAwardFiles","CREATOR OWNER","Allow","FullControl","True"
"Y:\ttbntfile1\shared\appsdata\groups\17-Xeroxscans\Allison\Lafayette Job Closes\Done by Allison\22J002-FHLC-2022 General Maintenance\6-PO_Sub_Consultants\2-PreContractAwardFiles","BUILTIN\Administrators","Allow","FullControl","True"
"Y:\ttbntfile1\shared\appsdata\groups\17-Xeroxscans\Allison\Lafayette Job Closes\Done by Allison\22J002-FHLC-2022 General Maintenance\6-PO_Sub_Consultants\2-PreContractAwardFiles","NT AUTHORITY\SYSTEM","Allow","FullControl","True"
"Y:\ttbntfile1\shared\appsdata\groups\17-Xeroxscans\Allison\Lafayette Job Closes\Done by Allison\22J002-FHLC-2022 General Maintenance\6-PO_Sub_Consultants\3-SubPSA","TONNANDBLANK\AVD Test Users","Allow","FullControl","True"
"Y:\ttbntfile1\shared\appsdata\groups\17-Xeroxscans\Allison\Lafayette Job Closes\Done by Allison\22J002-FHLC-2022 General Maintenance\6-PO_Sub_Consultants\3-SubPSA","TONNANDBLANK\impactadmin","Allow","FullControl","True"
"Y:\ttbntfile1\shared\appsdata\groups\17-Xeroxscans\Allison\Lafayette Job Closes\Done by Allison\22J002-FHLC-2022 General Maintenance\6-PO_Sub_Consultants\3-SubPSA","CREATOR OWNER","Allow","FullControl","True"
"Y:\ttbntfile1\shared\appsdata\groups\17-Xeroxscans\Allison\Lafayette Job Closes\Done by Allison\22J002-FHLC-2022 General Maintenance\6-PO_Sub_Consultants\3-SubPSA","BUILTIN\Administrators","Allow","FullControl","True"
"Y:\ttbntfile1\shared\appsdata\groups\17-Xeroxscans\Allison\Lafayette Job Closes\Done by Allison\22J002-FHLC-2022 General Maintenance\6-PO_Sub_Consultants\3-SubPSA","NT AUTHORITY\SYSTEM","Allow","FullControl","True"
"Y:\ttbntfile1\shared\appsdata\groups\17-Xeroxscans\Allison\Lafayette Job Closes\Done by Allison\22J002-FHLC-2022 General Maintenance\6-PO_Sub_Consultants\4-PO","TONNANDBLANK\AVD Test Users","Allow","FullControl","True"
"Y:\ttbntfile1\shared\appsdata\groups\17-Xeroxscans\Allison\Lafayette Job Closes\Done by Allison\22J002-FHLC-2022 General Maintenance\6-PO_Sub_Consultants\4-PO","TONNANDBLANK\impactadmin","Allow","FullControl","True"
"Y:\ttbntfile1\shared\appsdata\groups\17-Xeroxscans\Allison\Lafayette Job Closes\Done by Allison\22J002-FHLC-2022 General Maintenance\6-PO_Sub_Consultants\4-PO","CREATOR OWNER","Allow","FullControl","True"
"Y:\ttbntfile1\shared\appsdata\groups\17-Xeroxscans\Allison\Lafayette Job Closes\Done by Allison\22J002-FHLC-2022 General Maintenance\6-PO_Sub_Consultants\4-PO","BUILTIN\Administrators","Allow","FullControl","True"
"Y:\ttbntfile1\shared\appsdata\groups\17-Xeroxscans\Allison\Lafayette Job Closes\Done by Allison\22J002-FHLC-2022 General Maintenance\6-PO_Sub_Consultants\4-PO","NT AUTHORITY\SYSTEM","Allow","FullControl","True"
"Y:\ttbntfile1\shared\appsdata\groups\17-Xeroxscans\Allison\Lafayette Job Closes\Done by Allison\22J002-FHLC-2022 General Maintenance\6-PO_Sub_Consultants\1-ProjectDirectory\1-ProjectTeamOrganizationChart","TONNANDBLANK\AVD Test Users","Allow","FullControl","True"
"Y:\ttbntfile1\shared\appsdata\groups\17-Xeroxscans\Allison\Lafayette Job Closes\Done by Allison\22J002-FHLC-2022 General Maintenance\6-PO_Sub_Consultants\1-ProjectDirectory\1-ProjectTeamOrganizationChart","TONNANDBLANK\impactadmin","Allow","FullControl","True"
"Y:\ttbntfile1\shared\appsdata\groups\17-Xeroxscans\Allison\Lafayette Job Closes\Done by Allison\22J002-FHLC-2022 General Maintenance\6-PO_Sub_Consultants\1-ProjectDirectory\1-ProjectTeamOrganizationChart","CREATOR OWNER","Allow","FullControl","True"
"Y:\ttbntfile1\shared\appsdata\groups\17-Xeroxscans\Allison\Lafayette Job Closes\Done by Allison\22J002-FHLC-2022 General Maintenance\6-PO_Sub_Consultants\1-ProjectDirectory\1-ProjectTeamOrganizationChart","BUILTIN\Administrators","Allow","FullControl","True"
"Y:\ttbntfile1\shared\appsdata\groups\17-Xeroxscans\Allison\Lafayette Job Closes\Done by Allison\22J002-FHLC-2022 General Maintenance\6-PO_Sub_Consultants\1-ProjectDirectory\1-ProjectTeamOrganizationChart","NT AUTHORITY\SYSTEM","Allow","FullControl","True"
"Y:\ttbntfile1\shared\appsdata\groups\17-Xeroxscans\Allison\Lafayette Job Closes\Done by Allison\22J002-FHLC-2022 General Maintenance\6-PO_Sub_Consultants\1-ProjectDirectory\2-EmergencyContactList","TONNANDBLANK\AVD Test Users","Allow","FullControl","True"
"Y:\ttbntfile1\shared\appsdata\groups\17-Xeroxscans\Allison\Lafayette Job Closes\Done by Allison\22J002-FHLC-2022 General Maintenance\6-PO_Sub_Consultants\1-ProjectDirectory\2-EmergencyContactList","TONNANDBLANK\impactadmin","Allow","FullControl","True"
"Y:\ttbntfile1\shared\appsdata\groups\17-Xeroxscans\Allison\Lafayette Job Closes\Done by Allison\22J002-FHLC-2022 General Maintenance\6-PO_Sub_Consultants\1-ProjectDirectory\2-EmergencyContactList","CREATOR OWNER","Allow","FullControl","True"
"Y:\ttbntfile1\shared\appsdata\groups\17-Xeroxscans\Allison\Lafayette Job Closes\Done by Allison\22J002-FHLC-2022 General Maintenance\6-PO_Sub_Consultants\1-ProjectDirectory\2-EmergencyContactList","BUILTIN\Administrators","Allow","FullControl","True"
"Y:\ttbntfile1\shared\appsdata\groups\17-Xeroxscans\Allison\Lafayette Job Closes\Done by Allison\22J002-FHLC-2022 General Maintenance\6-PO_Sub_Consultants\1-ProjectDirectory\2-EmergencyContactList","NT AUTHORITY\SYSTEM","Allow","FullControl","True"
"Y:\ttbntfile1\shared\appsdata\groups\17-Xeroxscans\Allison\Lafayette Job Closes\Done by Allison\22J002-FHLC-2022 General Maintenance\6-PO_Sub_Consultants\3-SubPSA\0-BI Letter Template","TONNANDBLANK\AVD Test Users","Allow","FullControl","True"
"Y:\ttbntfile1\shared\appsdata\groups\17-Xeroxscans\Allison\Lafayette Job Closes\Done by Allison\22J002-FHLC-2022 General Maintenance\6-PO_Sub_Consultants\3-SubPSA\0-BI Letter Template","TONNANDBLANK\impactadmin","Allow","FullControl","True"
"Y:\ttbntfile1\shared\appsdata\groups\17-Xeroxscans\Allison\Lafayette Job Closes\Done by Allison\22J002-FHLC-2022 General Maintenance\6-PO_Sub_Consultants\3-SubPSA\0-BI Letter Template","CREATOR OWNER","Allow","FullControl","True"
"Y:\ttbntfile1\shared\appsdata\groups\17-Xeroxscans\Allison\Lafayette Job Closes\Done by Allison\22J002-FHLC-2022 General Maintenance\6-PO_Sub_Consultants\3-SubPSA\0-BI Letter Template","BUILTIN\Administrators","Allow","FullControl","True"
"Y:\ttbntfile1\shared\appsdata\groups\17-Xeroxscans\Allison\Lafayette Job Closes\Done by Allison\22J002-FHLC-2022 General Maintenance\6-PO_Sub_Consultants\3-SubPSA\0-BI Letter Template","NT AUTHORITY\SYSTEM","Allow","FullControl","True"
"Y:\ttbntfile1\shared\appsdata\groups\17-Xeroxscans\Allison\Lafayette Job Closes\Done by Allison\22J002-FHLC-2022 General Maintenance\6-PO_Sub_Consultants\3-SubPSA\0-SubcontractorTemplate","TONNANDBLANK\AVD Test Users","Allow","FullControl","True"
"Y:\ttbntfile1\shared\appsdata\groups\17-Xeroxscans\Allison\Lafayette Job Closes\Done by Allison\22J002-FHLC-2022 General Maintenance\6-PO_Sub_Consultants\3-SubPSA\0-SubcontractorTemplate","TONNANDBLANK\impactadmin","Allow","FullControl","True"
"Y:\ttbntfile1\shared\appsdata\groups\17-Xeroxscans\Allison\Lafayette Job Closes\Done by Allison\22J002-FHLC-2022 General Maintenance\6-PO_Sub_Consultants\3-SubPSA\0-SubcontractorTemplate","CREATOR OWNER","Allow","FullControl","True"
"Y:\ttbntfile1\shared\appsdata\groups\17-Xeroxscans\Allison\Lafayette Job Closes\Done by Allison\22J002-FHLC-2022 General Maintenance\6-PO_Sub_Consultants\3-SubPSA\0-SubcontractorTemplate","BUILTIN\Administrators","Allow","FullControl","True"
"Y:\ttbntfile1\shared\appsdata\groups\17-Xeroxscans\Allison\Lafayette Job Closes\Done by Allison\22J002-FHLC-2022 General Maintenance\6-PO_Sub_Consultants\3-SubPSA\0-SubcontractorTemplate","NT AUTHORITY\SYSTEM","Allow","FullControl","True"
"Y:\ttbntfile1\shared\appsdata\groups\17-Xeroxscans\Allison\Lafayette Job Closes\Done by Allison\22J002-FHLC-2022 General Maintenance\6-PO_Sub_Consultants\3-SubPSA\American Floor Covering 83020","TONNANDBLANK\AVD Test Users","Allow","FullControl","True"
"Y:\ttbntfile1\shared\appsdata\groups\17-Xeroxscans\Allison\Lafayette Job Closes\Done by Allison\22J002-FHLC-2022 General Maintenance\6-PO_Sub_Consultants\3-SubPSA\American Floor Covering 83020","TONNANDBLANK\impactadmin","Allow","FullControl","True"
"Y:\ttbntfile1\shared\appsdata\groups\17-Xeroxscans\Allison\Lafayette Job Closes\Done by Allison\22J002-FHLC-2022 General Maintenance\6-PO_Sub_Consultants\3-SubPSA\American Floor Covering 83020","CREATOR OWNER","Allow","FullControl","True"
"Y:\ttbntfile1\shared\appsdata\groups\17-Xeroxscans\Allison\Lafayette Job Closes\Done by Allison\22J002-FHLC-2022 General Maintenance\6-PO_Sub_Consultants\3-SubPSA\American Floor Covering 83020","BUILTIN\Administrators","Allow","FullControl","True"
"Y:\ttbntfile1\shared\appsdata\groups\17-Xeroxscans\Allison\Lafayette Job Closes\Done by Allison\22J002-FHLC-2022 General Maintenance\6-PO_Sub_Consultants\3-SubPSA\American Floor Covering 83020","NT AUTHORITY\SYSTEM","Allow","FullControl","True"
"Y:\ttbntfile1\shared\appsdata\groups\17-Xeroxscans\Allison\Lafayette Job Closes\Done by Allison\22J002-FHLC-2022 General Maintenance\6-PO_Sub_Consultants\3-SubPSA\Surface Testing Group 91169","TONNANDBLANK\AVD Test Users","Allow","FullControl","True"
"Y:\ttbntfile1\shared\appsdata\groups\17-Xeroxscans\Allison\Lafayette Job Closes\Done by Allison\22J002-FHLC-2022 General Maintenance\6-PO_Sub_Consultants\3-SubPSA\Surface Testing Group 91169","TONNANDBLANK\impactadmin","Allow","FullControl","True"
"Y:\ttbntfile1\shared\appsdata\groups\17-Xeroxscans\Allison\Lafayette Job Closes\Done by Allison\22J002-FHLC-2022 General Maintenance\6-PO_Sub_Consultants\3-SubPSA\Surface Testing Group 91169","CREATOR OWNER","Allow","FullControl","True"
"Y:\ttbntfile1\shared\appsdata\groups\17-Xeroxscans\Allison\Lafayette Job Closes\Done by Allison\22J002-FHLC-2022 General Maintenance\6-PO_Sub_Consultants\3-SubPSA\Surface Testing Group 91169","BUILTIN\Administrators","Allow","FullControl","True"
"Y:\ttbntfile1\shared\appsdata\groups\17-Xeroxscans\Allison\Lafayette Job Closes\Done by Allison\22J002-FHLC-2022 General Maintenance\6-PO_Sub_Consultants\3-SubPSA\Surface Testing Group 91169","NT AUTHORITY\SYSTEM","Allow","FullControl","True"
"Y:\ttbntfile1\shared\appsdata\groups\17-Xeroxscans\Allison\Lafayette Job Closes\Done by Allison\22J002-FHLC-2022 General Maintenance\6-PO_Sub_Consultants\3-SubPSA\0-SubcontractorTemplate\1-ExecutedSubcontract","TONNANDBLANK\AVD Test Users","Allow","FullControl","True"
"Y:\ttbntfile1\shared\appsdata\groups\17-Xeroxscans\Allison\Lafayette Job Closes\Done by Allison\22J002-FHLC-2022 General Maintenance\6-PO_Sub_Consultants\3-SubPSA\0-SubcontractorTemplate\1-ExecutedSubcontract","TONNANDBLANK\impactadmin","Allow","FullControl","True"
"Y:\ttbntfile1\shared\appsdata\groups\17-Xeroxscans\Allison\Lafayette Job Closes\Done by Allison\22J002-FHLC-2022 General Maintenance\6-PO_Sub_Consultants\3-SubPSA\0-SubcontractorTemplate\1-ExecutedSubcontract","CREATOR OWNER","Allow","FullControl","True"
"Y:\ttbntfile1\shared\appsdata\groups\17-Xeroxscans\Allison\Lafayette Job Closes\Done by Allison\22J002-FHLC-2022 General Maintenance\6-PO_Sub_Consultants\3-SubPSA\0-SubcontractorTemplate\1-ExecutedSubcontract","BUILTIN\Administrators","Allow","FullControl","True"
"Y:\ttbntfile1\shared\appsdata\groups\17-Xeroxscans\Allison\Lafayette Job Closes\Done by Allison\22J002-FHLC-2022 General Maintenance\6-PO_Sub_Consultants\3-SubPSA\0-SubcontractorTemplate\1-ExecutedSubcontract","NT AUTHORITY\SYSTEM","Allow","FullControl","True"
"Y:\ttbntfile1\shared\appsdata\groups\17-Xeroxscans\Allison\Lafayette Job Closes\Done by Allison\22J002-FHLC-2022 General Maintenance\6-PO_Sub_Consultants\3-SubPSA\0-SubcontractorTemplate\10-EEOUtilization","TONNANDBLANK\AVD Test Users","Allow","FullControl","True"
"Y:\ttbntfile1\shared\appsdata\groups\17-Xeroxscans\Allison\Lafayette Job Closes\Done by Allison\22J002-FHLC-2022 General Maintenance\6-PO_Sub_Consultants\3-SubPSA\0-SubcontractorTemplate\10-EEOUtilization","TONNANDBLANK\impactadmin","Allow","FullControl","True"
"Y:\ttbntfile1\shared\appsdata\groups\17-Xeroxscans\Allison\Lafayette Job Closes\Done by Allison\22J002-FHLC-2022 General Maintenance\6-PO_Sub_Consultants\3-SubPSA\0-SubcontractorTemplate\10-EEOUtilization","CREATOR OWNER","Allow","FullControl","True"
"Y:\ttbntfile1\shared\appsdata\groups\17-Xeroxscans\Allison\Lafayette Job Closes\Done by Allison\22J002-FHLC-2022 General Maintenance\6-PO_Sub_Consultants\3-SubPSA\0-SubcontractorTemplate\10-EEOUtilization","BUILTIN\Administrators","Allow","FullControl","True"
"Y:\ttbntfile1\shared\appsdata\groups\17-Xeroxscans\Allison\Lafayette Job Closes\Done by Allison\22J002-FHLC-2022 General Maintenance\6-PO_Sub_Consultants\3-SubPSA\0-SubcontractorTemplate\10-EEOUtilization","NT AUTHORITY\SYSTEM","Allow","FullControl","True"
"Y:\ttbntfile1\shared\appsdata\groups\17-Xeroxscans\Allison\Lafayette Job Closes\Done by Allison\22J002-FHLC-2022 General Maintenance\6-PO_Sub_Consultants\3-SubPSA\0-SubcontractorTemplate\11-Correspondence","TONNANDBLANK\AVD Test Users","Allow","FullControl","True"
"Y:\ttbntfile1\shared\appsdata\groups\17-Xeroxscans\Allison\Lafayette Job Closes\Done by Allison\22J002-FHLC-2022 General Maintenance\6-PO_Sub_Consultants\3-SubPSA\0-SubcontractorTemplate\11-Correspondence","TONNANDBLANK\impactadmin","Allow","FullControl","True"
"Y:\ttbntfile1\shared\appsdata\groups\17-Xeroxscans\Allison\Lafayette Job Closes\Done by Allison\22J002-FHLC-2022 General Maintenance\6-PO_Sub_Consultants\3-SubPSA\0-SubcontractorTemplate\11-Correspondence","CREATOR OWNER","Allow","FullControl","True"
"Y:\ttbntfile1\shared\appsdata\groups\17-Xeroxscans\Allison\Lafayette Job Closes\Done by Allison\22J002-FHLC-2022 General Maintenance\6-PO_Sub_Consultants\3-SubPSA\0-SubcontractorTemplate\11-Correspondence","BUILTIN\Administrators","Allow","FullControl","True"
"Y:\ttbntfile1\shared\appsdata\groups\17-Xeroxscans\Allison\Lafayette Job Closes\Done by Allison\22J002-FHLC-2022 General Maintenance\6-PO_Sub_Consultants\3-SubPSA\0-SubcontractorTemplate\11-Correspondence","NT AUTHORITY\SYSTEM","Allow","FullControl","True"
"Y:\ttbntfile1\shared\appsdata\groups\17-Xeroxscans\Allison\Lafayette Job Closes\Done by Allison\22J002-FHLC-2022 General Maintenance\6-PO_Sub_Consultants\3-SubPSA\0-SubcontractorTemplate\2-PymtPerfBond","TONNANDBLANK\AVD Test Users","Allow","FullControl","True"
"Y:\ttbntfile1\shared\appsdata\groups\17-Xeroxscans\Allison\Lafayette Job Closes\Done by Allison\22J002-FHLC-2022 General Maintenance\6-PO_Sub_Consultants\3-SubPSA\0-SubcontractorTemplate\2-PymtPerfBond","TONNANDBLANK\impactadmin","Allow","FullControl","True"
"Y:\ttbntfile1\shared\appsdata\groups\17-Xeroxscans\Allison\Lafayette Job Closes\Done by Allison\22J002-FHLC-2022 General Maintenance\6-PO_Sub_Consultants\3-SubPSA\0-SubcontractorTemplate\2-PymtPerfBond","CREATOR OWNER","Allow","FullControl","True"
"Y:\ttbntfile1\shared\appsdata\groups\17-Xeroxscans\Allison\Lafayette Job Closes\Done by Allison\22J002-FHLC-2022 General Maintenance\6-PO_Sub_Consultants\3-SubPSA\0-SubcontractorTemplate\2-PymtPerfBond","BUILTIN\Administrators","Allow","FullControl","True"
"Y:\ttbntfile1\shared\appsdata\groups\17-Xeroxscans\Allison\Lafayette Job Closes\Done by Allison\22J002-FHLC-2022 General Maintenance\6-PO_Sub_Consultants\3-SubPSA\0-SubcontractorTemplate\2-PymtPerfBond","NT AUTHORITY\SYSTEM","Allow","FullControl","True"
"Y:\ttbntfile1\shared\appsdata\groups\17-Xeroxscans\Allison\Lafayette Job Closes\Done by Allison\22J002-FHLC-2022 General Maintenance\6-PO_Sub_Consultants\3-SubPSA\0-SubcontractorTemplate\3-InsuranceCertificate","TONNANDBLANK\AVD Test Users","Allow","FullControl","True"
"Y:\ttbntfile1\shared\appsdata\groups\17-Xeroxscans\Allison\Lafayette Job Closes\Done by Allison\22J002-FHLC-2022 General Maintenance\6-PO_Sub_Consultants\3-SubPSA\0-SubcontractorTemplate\3-InsuranceCertificate","TONNANDBLANK\impactadmin","Allow","FullControl","True"
"Y:\ttbntfile1\shared\appsdata\groups\17-Xeroxscans\Allison\Lafayette Job Closes\Done by Allison\22J002-FHLC-2022 General Maintenance\6-PO_Sub_Consultants\3-SubPSA\0-SubcontractorTemplate\3-InsuranceCertificate","CREATOR OWNER","Allow","FullControl","True"
"Y:\ttbntfile1\shared\appsdata\groups\17-Xeroxscans\Allison\Lafayette Job Closes\Done by Allison\22J002-FHLC-2022 General Maintenance\6-PO_Sub_Consultants\3-SubPSA\0-SubcontractorTemplate\3-InsuranceCertificate","BUILTIN\Administrators","Allow","FullControl","True"
"Y:\ttbntfile1\shared\appsdata\groups\17-Xeroxscans\Allison\Lafayette Job Closes\Done by Allison\22J002-FHLC-2022 General Maintenance\6-PO_Sub_Consultants\3-SubPSA\0-SubcontractorTemplate\3-InsuranceCertificate","NT AUTHORITY\SYSTEM","Allow","FullControl","True"
"Y:\ttbntfile1\shared\appsdata\groups\17-Xeroxscans\Allison\Lafayette Job Closes\Done by Allison\22J002-FHLC-2022 General Maintenance\6-PO_Sub_Consultants\3-SubPSA\0-SubcontractorTemplate\4-RFP","TONNANDBLANK\AVD Test Users","Allow","FullControl","True"
"Y:\ttbntfile1\shared\appsdata\groups\17-Xeroxscans\Allison\Lafayette Job Closes\Done by Allison\22J002-FHLC-2022 General Maintenance\6-PO_Sub_Consultants\3-SubPSA\0-SubcontractorTemplate\4-RFP","TONNANDBLANK\impactadmin","Allow","FullControl","True"
"Y:\ttbntfile1\shared\appsdata\groups\17-Xeroxscans\Allison\Lafayette Job Closes\Done by Allison\22J002-FHLC-2022 General Maintenance\6-PO_Sub_Consultants\3-SubPSA\0-SubcontractorTemplate\4-RFP","CREATOR OWNER","Allow","FullControl","True"
"Y:\ttbntfile1\shared\appsdata\groups\17-Xeroxscans\Allison\Lafayette Job Closes\Done by Allison\22J002-FHLC-2022 General Maintenance\6-PO_Sub_Consultants\3-SubPSA\0-SubcontractorTemplate\4-RFP","BUILTIN\Administrators","Allow","FullControl","True"
"Y:\ttbntfile1\shared\appsdata\groups\17-Xeroxscans\Allison\Lafayette Job Closes\Done by Allison\22J002-FHLC-2022 General Maintenance\6-PO_Sub_Consultants\3-SubPSA\0-SubcontractorTemplate\4-RFP","NT AUTHORITY\SYSTEM","Allow","FullControl","True"
"Y:\ttbntfile1\shared\appsdata\groups\17-Xeroxscans\Allison\Lafayette Job Closes\Done by Allison\22J002-FHLC-2022 General Maintenance\6-PO_Sub_Consultants\3-SubPSA\0-SubcontractorTemplate\5-PayAppl","TONNANDBLANK\AVD Test Users","Allow","FullControl","True"
"Y:\ttbntfile1\shared\appsdata\groups\17-Xeroxscans\Allison\Lafayette Job Closes\Done by Allison\22J002-FHLC-2022 General Maintenance\6-PO_Sub_Consultants\3-SubPSA\0-SubcontractorTemplate\5-PayAppl","TONNANDBLANK\impactadmin","Allow","FullControl","True"
"Y:\ttbntfile1\shared\appsdata\groups\17-Xeroxscans\Allison\Lafayette Job Closes\Done by Allison\22J002-FHLC-2022 General Maintenance\6-PO_Sub_Consultants\3-SubPSA\0-SubcontractorTemplate\5-PayAppl","CREATOR OWNER","Allow","FullControl","True"
"Y:\ttbntfile1\shared\appsdata\groups\17-Xeroxscans\Allison\Lafayette Job Closes\Done by Allison\22J002-FHLC-2022 General Maintenance\6-PO_Sub_Consultants\3-SubPSA\0-SubcontractorTemplate\5-PayAppl","BUILTIN\Administrators","Allow","FullControl","True"
"Y:\ttbntfile1\shared\appsdata\groups\17-Xeroxscans\Allison\Lafayette Job Closes\Done by Allison\22J002-FHLC-2022 General Maintenance\6-PO_Sub_Consultants\3-SubPSA\0-SubcontractorTemplate\5-PayAppl","NT AUTHORITY\SYSTEM","Allow","FullControl","True"
"Y:\ttbntfile1\shared\appsdata\groups\17-Xeroxscans\Allison\Lafayette Job Closes\Done by Allison\22J002-FHLC-2022 General Maintenance\6-PO_Sub_Consultants\3-SubPSA\0-SubcontractorTemplate\6-ChangeOrderSummary","TONNANDBLANK\AVD Test Users","Allow","FullControl","True"
"Y:\ttbntfile1\shared\appsdata\groups\17-Xeroxscans\Allison\Lafayette Job Closes\Done by Allison\22J002-FHLC-2022 General Maintenance\6-PO_Sub_Consultants\3-SubPSA\0-SubcontractorTemplate\6-ChangeOrderSummary","TONNANDBLANK\impactadmin","Allow","FullControl","True"
"Y:\ttbntfile1\shared\appsdata\groups\17-Xeroxscans\Allison\Lafayette Job Closes\Done by Allison\22J002-FHLC-2022 General Maintenance\6-PO_Sub_Consultants\3-SubPSA\0-SubcontractorTemplate\6-ChangeOrderSummary","CREATOR OWNER","Allow","FullControl","True"
"Y:\ttbntfile1\shared\appsdata\groups\17-Xeroxscans\Allison\Lafayette Job Closes\Done by Allison\22J002-FHLC-2022 General Maintenance\6-PO_Sub_Consultants\3-SubPSA\0-SubcontractorTemplate\6-ChangeOrderSummary","BUILTIN\Administrators","Allow","FullControl","True"
"Y:\ttbntfile1\shared\appsdata\groups\17-Xeroxscans\Allison\Lafayette Job Closes\Done by Allison\22J002-FHLC-2022 General Maintenance\6-PO_Sub_Consultants\3-SubPSA\0-SubcontractorTemplate\6-ChangeOrderSummary","NT AUTHORITY\SYSTEM","Allow","FullControl","True"
"Y:\ttbntfile1\shared\appsdata\groups\17-Xeroxscans\Allison\Lafayette Job Closes\Done by Allison\22J002-FHLC-2022 General Maintenance\6-PO_Sub_Consultants\3-SubPSA\0-SubcontractorTemplate\7-ChangeOrders","TONNANDBLANK\AVD Test Users","Allow","FullControl","True"
"Y:\ttbntfile1\shared\appsdata\groups\17-Xeroxscans\Allison\Lafayette Job Closes\Done by Allison\22J002-FHLC-2022 General Maintenance\6-PO_Sub_Consultants\3-SubPSA\0-SubcontractorTemplate\7-ChangeOrders","TONNANDBLANK\impactadmin","Allow","FullControl","True"
"Y:\ttbntfile1\shared\appsdata\groups\17-Xeroxscans\Allison\Lafayette Job Closes\Done by Allison\22J002-FHLC-2022 General Maintenance\6-PO_Sub_Consultants\3-SubPSA\0-SubcontractorTemplate\7-ChangeOrders","CREATOR OWNER","Allow","FullControl","True"
"Y:\ttbntfile1\shared\appsdata\groups\17-Xeroxscans\Allison\Lafayette Job Closes\Done by Allison\22J002-FHLC-2022 General Maintenance\6-PO_Sub_Consultants\3-SubPSA\0-SubcontractorTemplate\7-ChangeOrders","BUILTIN\Administrators","Allow","FullControl","True"
"Y:\ttbntfile1\shared\appsdata\groups\17-Xeroxscans\Allison\Lafayette Job Closes\Done by Allison\22J002-FHLC-2022 General Maintenance\6-PO_Sub_Consultants\3-SubPSA\0-SubcontractorTemplate\7-ChangeOrders","NT AUTHORITY\SYSTEM","Allow","FullControl","True"
"Y:\ttbntfile1\shared\appsdata\groups\17-Xeroxscans\Allison\Lafayette Job Closes\Done by Allison\22J002-FHLC-2022 General Maintenance\6-PO_Sub_Consultants\3-SubPSA\0-SubcontractorTemplate\8-Closeout","TONNANDBLANK\AVD Test Users","Allow","FullControl","True"
"Y:\ttbntfile1\shared\appsdata\groups\17-Xeroxscans\Allison\Lafayette Job Closes\Done by Allison\22J002-FHLC-2022 General Maintenance\6-PO_Sub_Consultants\3-SubPSA\0-SubcontractorTemplate\8-Closeout","TONNANDBLANK\impactadmin","Allow","FullControl","True"
"Y:\ttbntfile1\shared\appsdata\groups\17-Xeroxscans\Allison\Lafayette Job Closes\Done by Allison\22J002-FHLC-2022 General Maintenance\6-PO_Sub_Consultants\3-SubPSA\0-SubcontractorTemplate\8-Closeout","CREATOR OWNER","Allow","FullControl","True"
"Y:\ttbntfile1\shared\appsdata\groups\17-Xeroxscans\Allison\Lafayette Job Closes\Done by Allison\22J002-FHLC-2022 General Maintenance\6-PO_Sub_Consultants\3-SubPSA\0-SubcontractorTemplate\8-Closeout","BUILTIN\Administrators","Allow","FullControl","True"
"Y:\ttbntfile1\shared\appsdata\groups\17-Xeroxscans\Allison\Lafayette Job Closes\Done by Allison\22J002-FHLC-2022 General Maintenance\6-PO_Sub_Consultants\3-SubPSA\0-SubcontractorTemplate\8-Closeout","NT AUTHORITY\SYSTEM","Allow","FullControl","True"
"Y:\ttbntfile1\shared\appsdata\groups\17-Xeroxscans\Allison\Lafayette Job Closes\Done by Allison\22J002-FHLC-2022 General Maintenance\6-PO_Sub_Consultants\3-SubPSA\0-SubcontractorTemplate\9-CertifiedPayroll","TONNANDBLANK\AVD Test Users","Allow","FullControl","True"
"Y:\ttbntfile1\shared\appsdata\groups\17-Xeroxscans\Allison\Lafayette Job Closes\Done by Allison\22J002-FHLC-2022 General Maintenance\6-PO_Sub_Consultants\3-SubPSA\0-SubcontractorTemplate\9-CertifiedPayroll","TONNANDBLANK\impactadmin","Allow","FullControl","True"
"Y:\ttbntfile1\shared\appsdata\groups\17-Xeroxscans\Allison\Lafayette Job Closes\Done by Allison\22J002-FHLC-2022 General Maintenance\6-PO_Sub_Consultants\3-SubPSA\0-SubcontractorTemplate\9-CertifiedPayroll","CREATOR OWNER","Allow","FullControl","True"
"Y:\ttbntfile1\shared\appsdata\groups\17-Xeroxscans\Allison\Lafayette Job Closes\Done by Allison\22J002-FHLC-2022 General Maintenance\6-PO_Sub_Consultants\3-SubPSA\0-SubcontractorTemplate\9-CertifiedPayroll","BUILTIN\Administrators","Allow","FullControl","True"
"Y:\ttbntfile1\shared\appsdata\groups\17-Xeroxscans\Allison\Lafayette Job Closes\Done by Allison\22J002-FHLC-2022 General Maintenance\6-PO_Sub_Consultants\3-SubPSA\0-SubcontractorTemplate\9-CertifiedPayroll","NT AUTHORITY\SYSTEM","Allow","FullControl","True"
"Y:\ttbntfile1\shared\appsdata\groups\17-Xeroxscans\Allison\Lafayette Job Closes\Done by Allison\22J002-FHLC-2022 General Maintenance\6-PO_Sub_Consultants\3-SubPSA\0-SubcontractorTemplate\11-Correspondence\1-Incoming","TONNANDBLANK\AVD Test Users","Allow","FullControl","True"
"Y:\ttbntfile1\shared\appsdata\groups\17-Xeroxscans\Allison\Lafayette Job Closes\Done by Allison\22J002-FHLC-2022 General Maintenance\6-PO_Sub_Consultants\3-SubPSA\0-SubcontractorTemplate\11-Correspondence\1-Incoming","TONNANDBLANK\impactadmin","Allow","FullControl","True"
"Y:\ttbntfile1\shared\appsdata\groups\17-Xeroxscans\Allison\Lafayette Job Closes\Done by Allison\22J002-FHLC-2022 General Maintenance\6-PO_Sub_Consultants\3-SubPSA\0-SubcontractorTemplate\11-Correspondence\1-Incoming","CREATOR OWNER","Allow","FullControl","True"
"Y:\ttbntfile1\shared\appsdata\groups\17-Xeroxscans\Allison\Lafayette Job Closes\Done by Allison\22J002-FHLC-2022 General Maintenance\6-PO_Sub_Consultants\3-SubPSA\0-SubcontractorTemplate\11-Correspondence\1-Incoming","BUILTIN\Administrators","Allow","FullControl","True"
"Y:\ttbntfile1\shared\appsdata\groups\17-Xeroxscans\Allison\Lafayette Job Closes\Done by Allison\22J002-FHLC-2022 General Maintenance\6-PO_Sub_Consultants\3-SubPSA\0-SubcontractorTemplate\11-Correspondence\1-Incoming","NT AUTHORITY\SYSTEM","Allow","FullControl","True"
"Y:\ttbntfile1\shared\appsdata\groups\17-Xeroxscans\Allison\Lafayette Job Closes\Done by Allison\22J002-FHLC-2022 General Maintenance\6-PO_Sub_Consultants\3-SubPSA\0-SubcontractorTemplate\11-Correspondence\2-Outgoing","TONNANDBLANK\AVD Test Users","Allow","FullControl","True"
"Y:\ttbntfile1\shared\appsdata\groups\17-Xeroxscans\Allison\Lafayette Job Closes\Done by Allison\22J002-FHLC-2022 General Maintenance\6-PO_Sub_Consultants\3-SubPSA\0-SubcontractorTemplate\11-Correspondence\2-Outgoing","TONNANDBLANK\impactadmin","Allow","FullControl","True"
"Y:\ttbntfile1\shared\appsdata\groups\17-Xeroxscans\Allison\Lafayette Job Closes\Done by Allison\22J002-FHLC-2022 General Maintenance\6-PO_Sub_Consultants\3-SubPSA\0-SubcontractorTemplate\11-Correspondence\2-Outgoing","CREATOR OWNER","Allow","FullControl","True"
"Y:\ttbntfile1\shared\appsdata\groups\17-Xeroxscans\Allison\Lafayette Job Closes\Done by Allison\22J002-FHLC-2022 General Maintenance\6-PO_Sub_Consultants\3-SubPSA\0-SubcontractorTemplate\11-Correspondence\2-Outgoing","BUILTIN\Administrators","Allow","FullControl","True"
"Y:\ttbntfile1\shared\appsdata\groups\17-Xeroxscans\Allison\Lafayette Job Closes\Done by Allison\22J002-FHLC-2022 General Maintenance\6-PO_Sub_Consultants\3-SubPSA\0-SubcontractorTemplate\11-Correspondence\2-Outgoing","NT AUTHORITY\SYSTEM","Allow","FullControl","True"
"Y:\ttbntfile1\shared\appsdata\groups\17-Xeroxscans\Allison\Lafayette Job Closes\Done by Allison\22J002-FHLC-2022 General Maintenance\6-PO_Sub_Consultants\3-SubPSA\American Floor Covering 83020\1-ExecutedSubcontract","TONNANDBLANK\AVD Test Users","Allow","FullControl","True"
"Y:\ttbntfile1\shared\appsdata\groups\17-Xeroxscans\Allison\Lafayette Job Closes\Done by Allison\22J002-FHLC-2022 General Maintenance\6-PO_Sub_Consultants\3-SubPSA\American Floor Covering 83020\1-ExecutedSubcontract","TONNANDBLANK\impactadmin","Allow","FullControl","True"
"Y:\ttbntfile1\shared\appsdata\groups\17-Xeroxscans\Allison\Lafayette Job Closes\Done by Allison\22J002-FHLC-2022 General Maintenance\6-PO_Sub_Consultants\3-SubPSA\American Floor Covering 83020\1-ExecutedSubcontract","CREATOR OWNER","Allow","FullControl","True"
"Y:\ttbntfile1\shared\appsdata\groups\17-Xeroxscans\Allison\Lafayette Job Closes\Done by Allison\22J002-FHLC-2022 General Maintenance\6-PO_Sub_Consultants\3-SubPSA\American Floor Covering 83020\1-ExecutedSubcontract","BUILTIN\Administrators","Allow","FullControl","True"
"Y:\ttbntfile1\shared\appsdata\groups\17-Xeroxscans\Allison\Lafayette Job Closes\Done by Allison\22J002-FHLC-2022 General Maintenance\6-PO_Sub_Consultants\3-SubPSA\American Floor Covering 83020\1-ExecutedSubcontract","NT AUTHORITY\SYSTEM","Allow","FullControl","True"
"Y:\ttbntfile1\shared\appsdata\groups\17-Xeroxscans\Allison\Lafayette Job Closes\Done by Allison\22J002-FHLC-2022 General Maintenance\6-PO_Sub_Consultants\3-SubPSA\American Floor Covering 83020\10-EEOUtilization","TONNANDBLANK\AVD Test Users","Allow","FullControl","True"
"Y:\ttbntfile1\shared\appsdata\groups\17-Xeroxscans\Allison\Lafayette Job Closes\Done by Allison\22J002-FHLC-2022 General Maintenance\6-PO_Sub_Consultants\3-SubPSA\American Floor Covering 83020\10-EEOUtilization","TONNANDBLANK\impactadmin","Allow","FullControl","True"
"Y:\ttbntfile1\shared\appsdata\groups\17-Xeroxscans\Allison\Lafayette Job Closes\Done by Allison\22J002-FHLC-2022 General Maintenance\6-PO_Sub_Consultants\3-SubPSA\American Floor Covering 83020\10-EEOUtilization","CREATOR OWNER","Allow","FullControl","True"
"Y:\ttbntfile1\shared\appsdata\groups\17-Xeroxscans\Allison\Lafayette Job Closes\Done by Allison\22J002-FHLC-2022 General Maintenance\6-PO_Sub_Consultants\3-SubPSA\American Floor Covering 83020\10-EEOUtilization","BUILTIN\Administrators","Allow","FullControl","True"
"Y:\ttbntfile1\shared\appsdata\groups\17-Xeroxscans\Allison\Lafayette Job Closes\Done by Allison\22J002-FHLC-2022 General Maintenance\6-PO_Sub_Consultants\3-SubPSA\American Floor Covering 83020\10-EEOUtilization","NT AUTHORITY\SYSTEM","Allow","FullControl","True"
"Y:\ttbntfile1\shared\appsdata\groups\17-Xeroxscans\Allison\Lafayette Job Closes\Done by Allison\22J002-FHLC-2022 General Maintenance\6-PO_Sub_Consultants\3-SubPSA\American Floor Covering 83020\11-Correspondence","TONNANDBLANK\AVD Test Users","Allow","FullControl","True"
"Y:\ttbntfile1\shared\appsdata\groups\17-Xeroxscans\Allison\Lafayette Job Closes\Done by Allison\22J002-FHLC-2022 General Maintenance\6-PO_Sub_Consultants\3-SubPSA\American Floor Covering 83020\11-Correspondence","TONNANDBLANK\impactadmin","Allow","FullControl","True"
"Y:\ttbntfile1\shared\appsdata\groups\17-Xeroxscans\Allison\Lafayette Job Closes\Done by Allison\22J002-FHLC-2022 General Maintenance\6-PO_Sub_Consultants\3-SubPSA\American Floor Covering 83020\11-Correspondence","CREATOR OWNER","Allow","FullControl","True"
"Y:\ttbntfile1\shared\appsdata\groups\17-Xeroxscans\Allison\Lafayette Job Closes\Done by Allison\22J002-FHLC-2022 General Maintenance\6-PO_Sub_Consultants\3-SubPSA\American Floor Covering 83020\11-Correspondence","BUILTIN\Administrators","Allow","FullControl","True"
"Y:\ttbntfile1\shared\appsdata\groups\17-Xeroxscans\Allison\Lafayette Job Closes\Done by Allison\22J002-FHLC-2022 General Maintenance\6-PO_Sub_Consultants\3-SubPSA\American Floor Covering 83020\11-Correspondence","NT AUTHORITY\SYSTEM","Allow","FullControl","True"
"Y:\ttbntfile1\shared\appsdata\groups\17-Xeroxscans\Allison\Lafayette Job Closes\Done by Allison\22J002-FHLC-2022 General Maintenance\6-PO_Sub_Consultants\3-SubPSA\American Floor Covering 83020\2-PymtPerfBond","TONNANDBLANK\AVD Test Users","Allow","FullControl","True"
"Y:\ttbntfile1\shared\appsdata\groups\17-Xeroxscans\Allison\Lafayette Job Closes\Done by Allison\22J002-FHLC-2022 General Maintenance\6-PO_Sub_Consultants\3-SubPSA\American Floor Covering 83020\2-PymtPerfBond","TONNANDBLANK\impactadmin","Allow","FullControl","True"
"Y:\ttbntfile1\shared\appsdata\groups\17-Xeroxscans\Allison\Lafayette Job Closes\Done by Allison\22J002-FHLC-2022 General Maintenance\6-PO_Sub_Consultants\3-SubPSA\American Floor Covering 83020\2-PymtPerfBond","CREATOR OWNER","Allow","FullControl","True"
"Y:\ttbntfile1\shared\appsdata\groups\17-Xeroxscans\Allison\Lafayette Job Closes\Done by Allison\22J002-FHLC-2022 General Maintenance\6-PO_Sub_Consultants\3-SubPSA\American Floor Covering 83020\2-PymtPerfBond","BUILTIN\Administrators","Allow","FullControl","True"
"Y:\ttbntfile1\shared\appsdata\groups\17-Xeroxscans\Allison\Lafayette Job Closes\Done by Allison\22J002-FHLC-2022 General Maintenance\6-PO_Sub_Consultants\3-SubPSA\American Floor Covering 83020\2-PymtPerfBond","NT AUTHORITY\SYSTEM","Allow","FullControl","True"
"Y:\ttbntfile1\shared\appsdata\groups\17-Xeroxscans\Allison\Lafayette Job Closes\Done by Allison\22J002-FHLC-2022 General Maintenance\6-PO_Sub_Consultants\3-SubPSA\American Floor Covering 83020\3-InsuranceCertificate","TONNANDBLANK\AVD Test Users","Allow","FullControl","True"
"Y:\ttbntfile1\shared\appsdata\groups\17-Xeroxscans\Allison\Lafayette Job Closes\Done by Allison\22J002-FHLC-2022 General Maintenance\6-PO_Sub_Consultants\3-SubPSA\American Floor Covering 83020\3-InsuranceCertificate","TONNANDBLANK\impactadmin","Allow","FullControl","True"
"Y:\ttbntfile1\shared\appsdata\groups\17-Xeroxscans\Allison\Lafayette Job Closes\Done by Allison\22J002-FHLC-2022 General Maintenance\6-PO_Sub_Consultants\3-SubPSA\American Floor Covering 83020\3-InsuranceCertificate","CREATOR OWNER","Allow","FullControl","True"
"Y:\ttbntfile1\shared\appsdata\groups\17-Xeroxscans\Allison\Lafayette Job Closes\Done by Allison\22J002-FHLC-2022 General Maintenance\6-PO_Sub_Consultants\3-SubPSA\American Floor Covering 83020\3-InsuranceCertificate","BUILTIN\Administrators","Allow","FullControl","True"
"Y:\ttbntfile1\shared\appsdata\groups\17-Xeroxscans\Allison\Lafayette Job Closes\Done by Allison\22J002-FHLC-2022 General Maintenance\6-PO_Sub_Consultants\3-SubPSA\American Floor Covering 83020\3-InsuranceCertificate","NT AUTHORITY\SYSTEM","Allow","FullControl","True"
"Y:\ttbntfile1\shared\appsdata\groups\17-Xeroxscans\Allison\Lafayette Job Closes\Done by Allison\22J002-FHLC-2022 General Maintenance\6-PO_Sub_Consultants\3-SubPSA\American Floor Covering 83020\4-RFP","TONNANDBLANK\AVD Test Users","Allow","FullControl","True"
"Y:\ttbntfile1\shared\appsdata\groups\17-Xeroxscans\Allison\Lafayette Job Closes\Done by Allison\22J002-FHLC-2022 General Maintenance\6-PO_Sub_Consultants\3-SubPSA\American Floor Covering 83020\4-RFP","TONNANDBLANK\impactadmin","Allow","FullControl","True"
"Y:\ttbntfile1\shared\appsdata\groups\17-Xeroxscans\Allison\Lafayette Job Closes\Done by Allison\22J002-FHLC-2022 General Maintenance\6-PO_Sub_Consultants\3-SubPSA\American Floor Covering 83020\4-RFP","CREATOR OWNER","Allow","FullControl","True"
"Y:\ttbntfile1\shared\appsdata\groups\17-Xeroxscans\Allison\Lafayette Job Closes\Done by Allison\22J002-FHLC-2022 General Maintenance\6-PO_Sub_Consultants\3-SubPSA\American Floor Covering 83020\4-RFP","BUILTIN\Administrators","Allow","FullControl","True"
"Y:\ttbntfile1\shared\appsdata\groups\17-Xeroxscans\Allison\Lafayette Job Closes\Done by Allison\22J002-FHLC-2022 General Maintenance\6-PO_Sub_Consultants\3-SubPSA\American Floor Covering 83020\4-RFP","NT AUTHORITY\SYSTEM","Allow","FullControl","True"
"Y:\ttbntfile1\shared\appsdata\groups\17-Xeroxscans\Allison\Lafayette Job Closes\Done by Allison\22J002-FHLC-2022 General Maintenance\6-PO_Sub_Consultants\3-SubPSA\American Floor Covering 83020\5-PayAppl","TONNANDBLANK\AVD Test Users","Allow","FullControl","True"
"Y:\ttbntfile1\shared\appsdata\groups\17-Xeroxscans\Allison\Lafayette Job Closes\Done by Allison\22J002-FHLC-2022 General Maintenance\6-PO_Sub_Consultants\3-SubPSA\American Floor Covering 83020\5-PayAppl","TONNANDBLANK\impactadmin","Allow","FullControl","True"
"Y:\ttbntfile1\shared\appsdata\groups\17-Xeroxscans\Allison\Lafayette Job Closes\Done by Allison\22J002-FHLC-2022 General Maintenance\6-PO_Sub_Consultants\3-SubPSA\American Floor Covering 83020\5-PayAppl","CREATOR OWNER","Allow","FullControl","True"
"Y:\ttbntfile1\shared\appsdata\groups\17-Xeroxscans\Allison\Lafayette Job Closes\Done by Allison\22J002-FHLC-2022 General Maintenance\6-PO_Sub_Consultants\3-SubPSA\American Floor Covering 83020\5-PayAppl","BUILTIN\Administrators","Allow","FullControl","True"
"Y:\ttbntfile1\shared\appsdata\groups\17-Xeroxscans\Allison\Lafayette Job Closes\Done by Allison\22J002-FHLC-2022 General Maintenance\6-PO_Sub_Consultants\3-SubPSA\American Floor Covering 83020\5-PayAppl","NT AUTHORITY\SYSTEM","Allow","FullControl","True"
"Y:\ttbntfile1\shared\appsdata\groups\17-Xeroxscans\Allison\Lafayette Job Closes\Done by Allison\22J002-FHLC-2022 General Maintenance\6-PO_Sub_Consultants\3-SubPSA\American Floor Covering 83020\6-ChangeOrderSummary","TONNANDBLANK\AVD Test Users","Allow","FullControl","True"
"Y:\ttbntfile1\shared\appsdata\groups\17-Xeroxscans\Allison\Lafayette Job Closes\Done by Allison\22J002-FHLC-2022 General Maintenance\6-PO_Sub_Consultants\3-SubPSA\American Floor Covering 83020\6-ChangeOrderSummary","TONNANDBLANK\impactadmin","Allow","FullControl","True"
"Y:\ttbntfile1\shared\appsdata\groups\17-Xeroxscans\Allison\Lafayette Job Closes\Done by Allison\22J002-FHLC-2022 General Maintenance\6-PO_Sub_Consultants\3-SubPSA\American Floor Covering 83020\6-ChangeOrderSummary","CREATOR OWNER","Allow","FullControl","True"
"Y:\ttbntfile1\shared\appsdata\groups\17-Xeroxscans\Allison\Lafayette Job Closes\Done by Allison\22J002-FHLC-2022 General Maintenance\6-PO_Sub_Consultants\3-SubPSA\American Floor Covering 83020\6-ChangeOrderSummary","BUILTIN\Administrators","Allow","FullControl","True"
"Y:\ttbntfile1\shared\appsdata\groups\17-Xeroxscans\Allison\Lafayette Job Closes\Done by Allison\22J002-FHLC-2022 General Maintenance\6-PO_Sub_Consultants\3-SubPSA\American Floor Covering 83020\6-ChangeOrderSummary","NT AUTHORITY\SYSTEM","Allow","FullControl","True"
"Y:\ttbntfile1\shared\appsdata\groups\17-Xeroxscans\Allison\Lafayette Job Closes\Done by Allison\22J002-FHLC-2022 General Maintenance\6-PO_Sub_Consultants\3-SubPSA\American Floor Covering 83020\7-ChangeOrders","TONNANDBLANK\AVD Test Users","Allow","FullControl","True"
"Y:\ttbntfile1\shared\appsdata\groups\17-Xeroxscans\Allison\Lafayette Job Closes\Done by Allison\22J002-FHLC-2022 General Maintenance\6-PO_Sub_Consultants\3-SubPSA\American Floor Covering 83020\7-ChangeOrders","TONNANDBLANK\impactadmin","Allow","FullControl","True"
"Y:\ttbntfile1\shared\appsdata\groups\17-Xeroxscans\Allison\Lafayette Job Closes\Done by Allison\22J002-FHLC-2022 General Maintenance\6-PO_Sub_Consultants\3-SubPSA\American Floor Covering 83020\7-ChangeOrders","CREATOR OWNER","Allow","FullControl","True"
"Y:\ttbntfile1\shared\appsdata\groups\17-Xeroxscans\Allison\Lafayette Job Closes\Done by Allison\22J002-FHLC-2022 General Maintenance\6-PO_Sub_Consultants\3-SubPSA\American Floor Covering 83020\7-ChangeOrders","BUILTIN\Administrators","Allow","FullControl","True"
"Y:\ttbntfile1\shared\appsdata\groups\17-Xeroxscans\Allison\Lafayette Job Closes\Done by Allison\22J002-FHLC-2022 General Maintenance\6-PO_Sub_Consultants\3-SubPSA\American Floor Covering 83020\7-ChangeOrders","NT AUTHORITY\SYSTEM","Allow","FullControl","True"
"Y:\ttbntfile1\shared\appsdata\groups\17-Xeroxscans\Allison\Lafayette Job Closes\Done by Allison\22J002-FHLC-2022 General Maintenance\6-PO_Sub_Consultants\3-SubPSA\American Floor Covering 83020\8-Closeout","TONNANDBLANK\AVD Test Users","Allow","FullControl","True"
"Y:\ttbntfile1\shared\appsdata\groups\17-Xeroxscans\Allison\Lafayette Job Closes\Done by Allison\22J002-FHLC-2022 General Maintenance\6-PO_Sub_Consultants\3-SubPSA\American Floor Covering 83020\8-Closeout","TONNANDBLANK\impactadmin","Allow","FullControl","True"
"Y:\ttbntfile1\shared\appsdata\groups\17-Xeroxscans\Allison\Lafayette Job Closes\Done by Allison\22J002-FHLC-2022 General Maintenance\6-PO_Sub_Consultants\3-SubPSA\American Floor Covering 83020\8-Closeout","CREATOR OWNER","Allow","FullControl","True"
"Y:\ttbntfile1\shared\appsdata\groups\17-Xeroxscans\Allison\Lafayette Job Closes\Done by Allison\22J002-FHLC-2022 General Maintenance\6-PO_Sub_Consultants\3-SubPSA\American Floor Covering 83020\8-Closeout","BUILTIN\Administrators","Allow","FullControl","True"
"Y:\ttbntfile1\shared\appsdata\groups\17-Xeroxscans\Allison\Lafayette Job Closes\Done by Allison\22J002-FHLC-2022 General Maintenance\6-PO_Sub_Consultants\3-SubPSA\American Floor Covering 83020\8-Closeout","NT AUTHORITY\SYSTEM","Allow","FullControl","True"
"Y:\ttbntfile1\shared\appsdata\groups\17-Xeroxscans\Allison\Lafayette Job Closes\Done by Allison\22J002-FHLC-2022 General Maintenance\6-PO_Sub_Consultants\3-SubPSA\American Floor Covering 83020\9-CertifiedPayroll","TONNANDBLANK\AVD Test Users","Allow","FullControl","True"
"Y:\ttbntfile1\shared\appsdata\groups\17-Xeroxscans\Allison\Lafayette Job Closes\Done by Allison\22J002-FHLC-2022 General Maintenance\6-PO_Sub_Consultants\3-SubPSA\American Floor Covering 83020\9-CertifiedPayroll","TONNANDBLANK\impactadmin","Allow","FullControl","True"
"Y:\ttbntfile1\shared\appsdata\groups\17-Xeroxscans\Allison\Lafayette Job Closes\Done by Allison\22J002-FHLC-2022 General Maintenance\6-PO_Sub_Consultants\3-SubPSA\American Floor Covering 83020\9-CertifiedPayroll","CREATOR OWNER","Allow","FullControl","True"
"Y:\ttbntfile1\shared\appsdata\groups\17-Xeroxscans\Allison\Lafayette Job Closes\Done by Allison\22J002-FHLC-2022 General Maintenance\6-PO_Sub_Consultants\3-SubPSA\American Floor Covering 83020\9-CertifiedPayroll","BUILTIN\Administrators","Allow","FullControl","True"
"Y:\ttbntfile1\shared\appsdata\groups\17-Xeroxscans\Allison\Lafayette Job Closes\Done by Allison\22J002-FHLC-2022 General Maintenance\6-PO_Sub_Consultants\3-SubPSA\American Floor Covering 83020\9-CertifiedPayroll","NT AUTHORITY\SYSTEM","Allow","FullControl","True"
"Y:\ttbntfile1\shared\appsdata\groups\17-Xeroxscans\Allison\Lafayette Job Closes\Done by Allison\22J002-FHLC-2022 General Maintenance\6-PO_Sub_Consultants\3-SubPSA\American Floor Covering 83020\11-Correspondence\1-Incoming","TONNANDBLANK\AVD Test Users","Allow","FullControl","True"
"Y:\ttbntfile1\shared\appsdata\groups\17-Xeroxscans\Allison\Lafayette Job Closes\Done by Allison\22J002-FHLC-2022 General Maintenance\6-PO_Sub_Consultants\3-SubPSA\American Floor Covering 83020\11-Correspondence\1-Incoming","TONNANDBLANK\impactadmin","Allow","FullControl","True"
"Y:\ttbntfile1\shared\appsdata\groups\17-Xeroxscans\Allison\Lafayette Job Closes\Done by Allison\22J002-FHLC-2022 General Maintenance\6-PO_Sub_Consultants\3-SubPSA\American Floor Covering 83020\11-Correspondence\1-Incoming","CREATOR OWNER","Allow","FullControl","True"
"Y:\ttbntfile1\shared\appsdata\groups\17-Xeroxscans\Allison\Lafayette Job Closes\Done by Allison\22J002-FHLC-2022 General Maintenance\6-PO_Sub_Consultants\3-SubPSA\American Floor Covering 83020\11-Correspondence\1-Incoming","BUILTIN\Administrators","Allow","FullControl","True"
"Y:\ttbntfile1\shared\appsdata\groups\17-Xeroxscans\Allison\Lafayette Job Closes\Done by Allison\22J002-FHLC-2022 General Maintenance\6-PO_Sub_Consultants\3-SubPSA\American Floor Covering 83020\11-Correspondence\1-Incoming","NT AUTHORITY\SYSTEM","Allow","FullControl","True"
"Y:\ttbntfile1\shared\appsdata\groups\17-Xeroxscans\Allison\Lafayette Job Closes\Done by Allison\22J002-FHLC-2022 General Maintenance\6-PO_Sub_Consultants\3-SubPSA\American Floor Covering 83020\11-Correspondence\2-Outgoing","TONNANDBLANK\AVD Test Users","Allow","FullControl","True"
"Y:\ttbntfile1\shared\appsdata\groups\17-Xeroxscans\Allison\Lafayette Job Closes\Done by Allison\22J002-FHLC-2022 General Maintenance\6-PO_Sub_Consultants\3-SubPSA\American Floor Covering 83020\11-Correspondence\2-Outgoing","TONNANDBLANK\impactadmin","Allow","FullControl","True"
"Y:\ttbntfile1\shared\appsdata\groups\17-Xeroxscans\Allison\Lafayette Job Closes\Done by Allison\22J002-FHLC-2022 General Maintenance\6-PO_Sub_Consultants\3-SubPSA\American Floor Covering 83020\11-Correspondence\2-Outgoing","CREATOR OWNER","Allow","FullControl","True"
"Y:\ttbntfile1\shared\appsdata\groups\17-Xeroxscans\Allison\Lafayette Job Closes\Done by Allison\22J002-FHLC-2022 General Maintenance\6-PO_Sub_Consultants\3-SubPSA\American Floor Covering 83020\11-Correspondence\2-Outgoing","BUILTIN\Administrators","Allow","FullControl","True"
"Y:\ttbntfile1\shared\appsdata\groups\17-Xeroxscans\Allison\Lafayette Job Closes\Done by Allison\22J002-FHLC-2022 General Maintenance\6-PO_Sub_Consultants\3-SubPSA\American Floor Covering 83020\11-Correspondence\2-Outgoing","NT AUTHORITY\SYSTEM","Allow","FullControl","True"
"Y:\ttbntfile1\shared\appsdata\groups\17-Xeroxscans\Allison\Lafayette Job Closes\Done by Allison\22J002-FHLC-2022 General Maintenance\6-PO_Sub_Consultants\3-SubPSA\Surface Testing Group 91169\1-ExecutedSubcontract","TONNANDBLANK\AVD Test Users","Allow","FullControl","True"
"Y:\ttbntfile1\shared\appsdata\groups\17-Xeroxscans\Allison\Lafayette Job Closes\Done by Allison\22J002-FHLC-2022 General Maintenance\6-PO_Sub_Consultants\3-SubPSA\Surface Testing Group 91169\1-ExecutedSubcontract","TONNANDBLANK\impactadmin","Allow","FullControl","True"
"Y:\ttbntfile1\shared\appsdata\groups\17-Xeroxscans\Allison\Lafayette Job Closes\Done by Allison\22J002-FHLC-2022 General Maintenance\6-PO_Sub_Consultants\3-SubPSA\Surface Testing Group 91169\1-ExecutedSubcontract","CREATOR OWNER","Allow","FullControl","True"
"Y:\ttbntfile1\shared\appsdata\groups\17-Xeroxscans\Allison\Lafayette Job Closes\Done by Allison\22J002-FHLC-2022 General Maintenance\6-PO_Sub_Consultants\3-SubPSA\Surface Testing Group 91169\1-ExecutedSubcontract","BUILTIN\Administrators","Allow","FullControl","True"
"Y:\ttbntfile1\shared\appsdata\groups\17-Xeroxscans\Allison\Lafayette Job Closes\Done by Allison\22J002-FHLC-2022 General Maintenance\6-PO_Sub_Consultants\3-SubPSA\Surface Testing Group 91169\1-ExecutedSubcontract","NT AUTHORITY\SYSTEM","Allow","FullControl","True"
"Y:\ttbntfile1\shared\appsdata\groups\17-Xeroxscans\Allison\Lafayette Job Closes\Done by Allison\22J002-FHLC-2022 General Maintenance\6-PO_Sub_Consultants\3-SubPSA\Surface Testing Group 91169\10-EEOUtilization","TONNANDBLANK\AVD Test Users","Allow","FullControl","True"
"Y:\ttbntfile1\shared\appsdata\groups\17-Xeroxscans\Allison\Lafayette Job Closes\Done by Allison\22J002-FHLC-2022 General Maintenance\6-PO_Sub_Consultants\3-SubPSA\Surface Testing Group 91169\10-EEOUtilization","TONNANDBLANK\impactadmin","Allow","FullControl","True"
"Y:\ttbntfile1\shared\appsdata\groups\17-Xeroxscans\Allison\Lafayette Job Closes\Done by Allison\22J002-FHLC-2022 General Maintenance\6-PO_Sub_Consultants\3-SubPSA\Surface Testing Group 91169\10-EEOUtilization","CREATOR OWNER","Allow","FullControl","True"
"Y:\ttbntfile1\shared\appsdata\groups\17-Xeroxscans\Allison\Lafayette Job Closes\Done by Allison\22J002-FHLC-2022 General Maintenance\6-PO_Sub_Consultants\3-SubPSA\Surface Testing Group 91169\10-EEOUtilization","BUILTIN\Administrators","Allow","FullControl","True"
"Y:\ttbntfile1\shared\appsdata\groups\17-Xeroxscans\Allison\Lafayette Job Closes\Done by Allison\22J002-FHLC-2022 General Maintenance\6-PO_Sub_Consultants\3-SubPSA\Surface Testing Group 91169\10-EEOUtilization","NT AUTHORITY\SYSTEM","Allow","FullControl","True"
"Y:\ttbntfile1\shared\appsdata\groups\17-Xeroxscans\Allison\Lafayette Job Closes\Done by Allison\22J002-FHLC-2022 General Maintenance\6-PO_Sub_Consultants\3-SubPSA\Surface Testing Group 91169\11-Correspondence","TONNANDBLANK\AVD Test Users","Allow","FullControl","True"
"Y:\ttbntfile1\shared\appsdata\groups\17-Xeroxscans\Allison\Lafayette Job Closes\Done by Allison\22J002-FHLC-2022 General Maintenance\6-PO_Sub_Consultants\3-SubPSA\Surface Testing Group 91169\11-Correspondence","TONNANDBLANK\impactadmin","Allow","FullControl","True"
"Y:\ttbntfile1\shared\appsdata\groups\17-Xeroxscans\Allison\Lafayette Job Closes\Done by Allison\22J002-FHLC-2022 General Maintenance\6-PO_Sub_Consultants\3-SubPSA\Surface Testing Group 91169\11-Correspondence","CREATOR OWNER","Allow","FullControl","True"
"Y:\ttbntfile1\shared\appsdata\groups\17-Xeroxscans\Allison\Lafayette Job Closes\Done by Allison\22J002-FHLC-2022 General Maintenance\6-PO_Sub_Consultants\3-SubPSA\Surface Testing Group 91169\11-Correspondence","BUILTIN\Administrators","Allow","FullControl","True"
"Y:\ttbntfile1\shared\appsdata\groups\17-Xeroxscans\Allison\Lafayette Job Closes\Done by Allison\22J002-FHLC-2022 General Maintenance\6-PO_Sub_Consultants\3-SubPSA\Surface Testing Group 91169\11-Correspondence","NT AUTHORITY\SYSTEM","Allow","FullControl","True"
"Y:\ttbntfile1\shared\appsdata\groups\17-Xeroxscans\Allison\Lafayette Job Closes\Done by Allison\22J002-FHLC-2022 General Maintenance\6-PO_Sub_Consultants\3-SubPSA\Surface Testing Group 91169\2-PymtPerfBond","TONNANDBLANK\AVD Test Users","Allow","FullControl","True"
"Y:\ttbntfile1\shared\appsdata\groups\17-Xeroxscans\Allison\Lafayette Job Closes\Done by Allison\22J002-FHLC-2022 General Maintenance\6-PO_Sub_Consultants\3-SubPSA\Surface Testing Group 91169\2-PymtPerfBond","TONNANDBLANK\impactadmin","Allow","FullControl","True"
"Y:\ttbntfile1\shared\appsdata\groups\17-Xeroxscans\Allison\Lafayette Job Closes\Done by Allison\22J002-FHLC-2022 General Maintenance\6-PO_Sub_Consultants\3-SubPSA\Surface Testing Group 91169\2-PymtPerfBond","CREATOR OWNER","Allow","FullControl","True"
"Y:\ttbntfile1\shared\appsdata\groups\17-Xeroxscans\Allison\Lafayette Job Closes\Done by Allison\22J002-FHLC-2022 General Maintenance\6-PO_Sub_Consultants\3-SubPSA\Surface Testing Group 91169\2-PymtPerfBond","BUILTIN\Administrators","Allow","FullControl","True"
"Y:\ttbntfile1\shared\appsdata\groups\17-Xeroxscans\Allison\Lafayette Job Closes\Done by Allison\22J002-FHLC-2022 General Maintenance\6-PO_Sub_Consultants\3-SubPSA\Surface Testing Group 91169\2-PymtPerfBond","NT AUTHORITY\SYSTEM","Allow","FullControl","True"
"Y:\ttbntfile1\shared\appsdata\groups\17-Xeroxscans\Allison\Lafayette Job Closes\Done by Allison\22J002-FHLC-2022 General Maintenance\6-PO_Sub_Consultants\3-SubPSA\Surface Testing Group 91169\3-InsuranceCertificate","TONNANDBLANK\AVD Test Users","Allow","FullControl","True"
"Y:\ttbntfile1\shared\appsdata\groups\17-Xeroxscans\Allison\Lafayette Job Closes\Done by Allison\22J002-FHLC-2022 General Maintenance\6-PO_Sub_Consultants\3-SubPSA\Surface Testing Group 91169\3-InsuranceCertificate","TONNANDBLANK\impactadmin","Allow","FullControl","True"
"Y:\ttbntfile1\shared\appsdata\groups\17-Xeroxscans\Allison\Lafayette Job Closes\Done by Allison\22J002-FHLC-2022 General Maintenance\6-PO_Sub_Consultants\3-SubPSA\Surface Testing Group 91169\3-InsuranceCertificate","CREATOR OWNER","Allow","FullControl","True"
"Y:\ttbntfile1\shared\appsdata\groups\17-Xeroxscans\Allison\Lafayette Job Closes\Done by Allison\22J002-FHLC-2022 General Maintenance\6-PO_Sub_Consultants\3-SubPSA\Surface Testing Group 91169\3-InsuranceCertificate","BUILTIN\Administrators","Allow","FullControl","True"
"Y:\ttbntfile1\shared\appsdata\groups\17-Xeroxscans\Allison\Lafayette Job Closes\Done by Allison\22J002-FHLC-2022 General Maintenance\6-PO_Sub_Consultants\3-SubPSA\Surface Testing Group 91169\3-InsuranceCertificate","NT AUTHORITY\SYSTEM","Allow","FullControl","True"
"Y:\ttbntfile1\shared\appsdata\groups\17-Xeroxscans\Allison\Lafayette Job Closes\Done by Allison\22J002-FHLC-2022 General Maintenance\6-PO_Sub_Consultants\3-SubPSA\Surface Testing Group 91169\4-RFP","TONNANDBLANK\AVD Test Users","Allow","FullControl","True"
"Y:\ttbntfile1\shared\appsdata\groups\17-Xeroxscans\Allison\Lafayette Job Closes\Done by Allison\22J002-FHLC-2022 General Maintenance\6-PO_Sub_Consultants\3-SubPSA\Surface Testing Group 91169\4-RFP","TONNANDBLANK\impactadmin","Allow","FullControl","True"
"Y:\ttbntfile1\shared\appsdata\groups\17-Xeroxscans\Allison\Lafayette Job Closes\Done by Allison\22J002-FHLC-2022 General Maintenance\6-PO_Sub_Consultants\3-SubPSA\Surface Testing Group 91169\4-RFP","CREATOR OWNER","Allow","FullControl","True"
"Y:\ttbntfile1\shared\appsdata\groups\17-Xeroxscans\Allison\Lafayette Job Closes\Done by Allison\22J002-FHLC-2022 General Maintenance\6-PO_Sub_Consultants\3-SubPSA\Surface Testing Group 91169\4-RFP","BUILTIN\Administrators","Allow","FullControl","True"
"Y:\ttbntfile1\shared\appsdata\groups\17-Xeroxscans\Allison\Lafayette Job Closes\Done by Allison\22J002-FHLC-2022 General Maintenance\6-PO_Sub_Consultants\3-SubPSA\Surface Testing Group 91169\4-RFP","NT AUTHORITY\SYSTEM","Allow","FullControl","True"
"Y:\ttbntfile1\shared\appsdata\groups\17-Xeroxscans\Allison\Lafayette Job Closes\Done by Allison\22J002-FHLC-2022 General Maintenance\6-PO_Sub_Consultants\3-SubPSA\Surface Testing Group 91169\5-PayAppl","TONNANDBLANK\AVD Test Users","Allow","FullControl","True"
"Y:\ttbntfile1\shared\appsdata\groups\17-Xeroxscans\Allison\Lafayette Job Closes\Done by Allison\22J002-FHLC-2022 General Maintenance\6-PO_Sub_Consultants\3-SubPSA\Surface Testing Group 91169\5-PayAppl","TONNANDBLANK\impactadmin","Allow","FullControl","True"
"Y:\ttbntfile1\shared\appsdata\groups\17-Xeroxscans\Allison\Lafayette Job Closes\Done by Allison\22J002-FHLC-2022 General Maintenance\6-PO_Sub_Consultants\3-SubPSA\Surface Testing Group 91169\5-PayAppl","CREATOR OWNER","Allow","FullControl","True"
"Y:\ttbntfile1\shared\appsdata\groups\17-Xeroxscans\Allison\Lafayette Job Closes\Done by Allison\22J002-FHLC-2022 General Maintenance\6-PO_Sub_Consultants\3-SubPSA\Surface Testing Group 91169\5-PayAppl","BUILTIN\Administrators","Allow","FullControl","True"
"Y:\ttbntfile1\shared\appsdata\groups\17-Xeroxscans\Allison\Lafayette Job Closes\Done by Allison\22J002-FHLC-2022 General Maintenance\6-PO_Sub_Consultants\3-SubPSA\Surface Testing Group 91169\5-PayAppl","NT AUTHORITY\SYSTEM","Allow","FullControl","True"
"Y:\ttbntfile1\shared\appsdata\groups\17-Xeroxscans\Allison\Lafayette Job Closes\Done by Allison\22J002-FHLC-2022 General Maintenance\6-PO_Sub_Consultants\3-SubPSA\Surface Testing Group 91169\6-ChangeOrderSummary","TONNANDBLANK\AVD Test Users","Allow","FullControl","True"
"Y:\ttbntfile1\shared\appsdata\groups\17-Xeroxscans\Allison\Lafayette Job Closes\Done by Allison\22J002-FHLC-2022 General Maintenance\6-PO_Sub_Consultants\3-SubPSA\Surface Testing Group 91169\6-ChangeOrderSummary","TONNANDBLANK\impactadmin","Allow","FullControl","True"
"Y:\ttbntfile1\shared\appsdata\groups\17-Xeroxscans\Allison\Lafayette Job Closes\Done by Allison\22J002-FHLC-2022 General Maintenance\6-PO_Sub_Consultants\3-SubPSA\Surface Testing Group 91169\6-ChangeOrderSummary","CREATOR OWNER","Allow","FullControl","True"
"Y:\ttbntfile1\shared\appsdata\groups\17-Xeroxscans\Allison\Lafayette Job Closes\Done by Allison\22J002-FHLC-2022 General Maintenance\6-PO_Sub_Consultants\3-SubPSA\Surface Testing Group 91169\6-ChangeOrderSummary","BUILTIN\Administrators","Allow","FullControl","True"
"Y:\ttbntfile1\shared\appsdata\groups\17-Xeroxscans\Allison\Lafayette Job Closes\Done by Allison\22J002-FHLC-2022 General Maintenance\6-PO_Sub_Consultants\3-SubPSA\Surface Testing Group 91169\6-ChangeOrderSummary","NT AUTHORITY\SYSTEM","Allow","FullControl","True"
"Y:\ttbntfile1\shared\appsdata\groups\17-Xeroxscans\Allison\Lafayette Job Closes\Done by Allison\22J002-FHLC-2022 General Maintenance\6-PO_Sub_Consultants\3-SubPSA\Surface Testing Group 91169\7-ChangeOrders","TONNANDBLANK\AVD Test Users","Allow","FullControl","True"
"Y:\ttbntfile1\shared\appsdata\groups\17-Xeroxscans\Allison\Lafayette Job Closes\Done by Allison\22J002-FHLC-2022 General Maintenance\6-PO_Sub_Consultants\3-SubPSA\Surface Testing Group 91169\7-ChangeOrders","TONNANDBLANK\impactadmin","Allow","FullControl","True"
"Y:\ttbntfile1\shared\appsdata\groups\17-Xeroxscans\Allison\Lafayette Job Closes\Done by Allison\22J002-FHLC-2022 General Maintenance\6-PO_Sub_Consultants\3-SubPSA\Surface Testing Group 91169\7-ChangeOrders","CREATOR OWNER","Allow","FullControl","True"
"Y:\ttbntfile1\shared\appsdata\groups\17-Xeroxscans\Allison\Lafayette Job Closes\Done by Allison\22J002-FHLC-2022 General Maintenance\6-PO_Sub_Consultants\3-SubPSA\Surface Testing Group 91169\7-ChangeOrders","BUILTIN\Administrators","Allow","FullControl","True"
"Y:\ttbntfile1\shared\appsdata\groups\17-Xeroxscans\Allison\Lafayette Job Closes\Done by Allison\22J002-FHLC-2022 General Maintenance\6-PO_Sub_Consultants\3-SubPSA\Surface Testing Group 91169\7-ChangeOrders","NT AUTHORITY\SYSTEM","Allow","FullControl","True"
"Y:\ttbntfile1\shared\appsdata\groups\17-Xeroxscans\Allison\Lafayette Job Closes\Done by Allison\22J002-FHLC-2022 General Maintenance\6-PO_Sub_Consultants\3-SubPSA\Surface Testing Group 91169\8-Closeout","TONNANDBLANK\AVD Test Users","Allow","FullControl","True"
"Y:\ttbntfile1\shared\appsdata\groups\17-Xeroxscans\Allison\Lafayette Job Closes\Done by Allison\22J002-FHLC-2022 General Maintenance\6-PO_Sub_Consultants\3-SubPSA\Surface Testing Group 91169\8-Closeout","TONNANDBLANK\impactadmin","Allow","FullControl","True"
"Y:\ttbntfile1\shared\appsdata\groups\17-Xeroxscans\Allison\Lafayette Job Closes\Done by Allison\22J002-FHLC-2022 General Maintenance\6-PO_Sub_Consultants\3-SubPSA\Surface Testing Group 91169\8-Closeout","CREATOR OWNER","Allow","FullControl","True"
"Y:\ttbntfile1\shared\appsdata\groups\17-Xeroxscans\Allison\Lafayette Job Closes\Done by Allison\22J002-FHLC-2022 General Maintenance\6-PO_Sub_Consultants\3-SubPSA\Surface Testing Group 91169\8-Closeout","BUILTIN\Administrators","Allow","FullControl","True"
"Y:\ttbntfile1\shared\appsdata\groups\17-Xeroxscans\Allison\Lafayette Job Closes\Done by Allison\22J002-FHLC-2022 General Maintenance\6-PO_Sub_Consultants\3-SubPSA\Surface Testing Group 91169\8-Closeout","NT AUTHORITY\SYSTEM","Allow","FullControl","True"
"Y:\ttbntfile1\shared\appsdata\groups\17-Xeroxscans\Allison\Lafayette Job Closes\Done by Allison\22J002-FHLC-2022 General Maintenance\6-PO_Sub_Consultants\3-SubPSA\Surface Testing Group 91169\9-CertifiedPayroll","TONNANDBLANK\AVD Test Users","Allow","FullControl","True"
"Y:\ttbntfile1\shared\appsdata\groups\17-Xeroxscans\Allison\Lafayette Job Closes\Done by Allison\22J002-FHLC-2022 General Maintenance\6-PO_Sub_Consultants\3-SubPSA\Surface Testing Group 91169\9-CertifiedPayroll","TONNANDBLANK\impactadmin","Allow","FullControl","True"
"Y:\ttbntfile1\shared\appsdata\groups\17-Xeroxscans\Allison\Lafayette Job Closes\Done by Allison\22J002-FHLC-2022 General Maintenance\6-PO_Sub_Consultants\3-SubPSA\Surface Testing Group 91169\9-CertifiedPayroll","CREATOR OWNER","Allow","FullControl","True"
"Y:\ttbntfile1\shared\appsdata\groups\17-Xeroxscans\Allison\Lafayette Job Closes\Done by Allison\22J002-FHLC-2022 General Maintenance\6-PO_Sub_Consultants\3-SubPSA\Surface Testing Group 91169\9-CertifiedPayroll","BUILTIN\Administrators","Allow","FullControl","True"
"Y:\ttbntfile1\shared\appsdata\groups\17-Xeroxscans\Allison\Lafayette Job Closes\Done by Allison\22J002-FHLC-2022 General Maintenance\6-PO_Sub_Consultants\3-SubPSA\Surface Testing Group 91169\9-CertifiedPayroll","NT AUTHORITY\SYSTEM","Allow","FullControl","True"
"Y:\ttbntfile1\shared\appsdata\groups\17-Xeroxscans\Allison\Lafayette Job Closes\Done by Allison\22J002-FHLC-2022 General Maintenance\6-PO_Sub_Consultants\3-SubPSA\Surface Testing Group 91169\11-Correspondence\1-Incoming","TONNANDBLANK\AVD Test Users","Allow","FullControl","True"
"Y:\ttbntfile1\shared\appsdata\groups\17-Xeroxscans\Allison\Lafayette Job Closes\Done by Allison\22J002-FHLC-2022 General Maintenance\6-PO_Sub_Consultants\3-SubPSA\Surface Testing Group 91169\11-Correspondence\1-Incoming","TONNANDBLANK\impactadmin","Allow","FullControl","True"
"Y:\ttbntfile1\shared\appsdata\groups\17-Xeroxscans\Allison\Lafayette Job Closes\Done by Allison\22J002-FHLC-2022 General Maintenance\6-PO_Sub_Consultants\3-SubPSA\Surface Testing Group 91169\11-Correspondence\1-Incoming","CREATOR OWNER","Allow","FullControl","True"
"Y:\ttbntfile1\shared\appsdata\groups\17-Xeroxscans\Allison\Lafayette Job Closes\Done by Allison\22J002-FHLC-2022 General Maintenance\6-PO_Sub_Consultants\3-SubPSA\Surface Testing Group 91169\11-Correspondence\1-Incoming","BUILTIN\Administrators","Allow","FullControl","True"
"Y:\ttbntfile1\shared\appsdata\groups\17-Xeroxscans\Allison\Lafayette Job Closes\Done by Allison\22J002-FHLC-2022 General Maintenance\6-PO_Sub_Consultants\3-SubPSA\Surface Testing Group 91169\11-Correspondence\1-Incoming","NT AUTHORITY\SYSTEM","Allow","FullControl","True"
"Y:\ttbntfile1\shared\appsdata\groups\17-Xeroxscans\Allison\Lafayette Job Closes\Done by Allison\22J002-FHLC-2022 General Maintenance\6-PO_Sub_Consultants\3-SubPSA\Surface Testing Group 91169\11-Correspondence\2-Outgoing","TONNANDBLANK\AVD Test Users","Allow","FullControl","True"
"Y:\ttbntfile1\shared\appsdata\groups\17-Xeroxscans\Allison\Lafayette Job Closes\Done by Allison\22J002-FHLC-2022 General Maintenance\6-PO_Sub_Consultants\3-SubPSA\Surface Testing Group 91169\11-Correspondence\2-Outgoing","TONNANDBLANK\impactadmin","Allow","FullControl","True"
"Y:\ttbntfile1\shared\appsdata\groups\17-Xeroxscans\Allison\Lafayette Job Closes\Done by Allison\22J002-FHLC-2022 General Maintenance\6-PO_Sub_Consultants\3-SubPSA\Surface Testing Group 91169\11-Correspondence\2-Outgoing","CREATOR OWNER","Allow","FullControl","True"
"Y:\ttbntfile1\shared\appsdata\groups\17-Xeroxscans\Allison\Lafayette Job Closes\Done by Allison\22J002-FHLC-2022 General Maintenance\6-PO_Sub_Consultants\3-SubPSA\Surface Testing Group 91169\11-Correspondence\2-Outgoing","BUILTIN\Administrators","Allow","FullControl","True"
"Y:\ttbntfile1\shared\appsdata\groups\17-Xeroxscans\Allison\Lafayette Job Closes\Done by Allison\22J002-FHLC-2022 General Maintenance\6-PO_Sub_Consultants\3-SubPSA\Surface Testing Group 91169\11-Correspondence\2-Outgoing","NT AUTHORITY\SYSTEM","Allow","FullControl","True"
"Y:\ttbntfile1\shared\appsdata\groups\17-Xeroxscans\Allison\Lafayette Job Closes\Done by Allison\22J002-FHLC-2022 General Maintenance\6-PO_Sub_Consultants\4-PO\0-ItemsForFolders","TONNANDBLANK\AVD Test Users","Allow","FullControl","True"
"Y:\ttbntfile1\shared\appsdata\groups\17-Xeroxscans\Allison\Lafayette Job Closes\Done by Allison\22J002-FHLC-2022 General Maintenance\6-PO_Sub_Consultants\4-PO\0-ItemsForFolders","TONNANDBLANK\impactadmin","Allow","FullControl","True"
"Y:\ttbntfile1\shared\appsdata\groups\17-Xeroxscans\Allison\Lafayette Job Closes\Done by Allison\22J002-FHLC-2022 General Maintenance\6-PO_Sub_Consultants\4-PO\0-ItemsForFolders","CREATOR OWNER","Allow","FullControl","True"
"Y:\ttbntfile1\shared\appsdata\groups\17-Xeroxscans\Allison\Lafayette Job Closes\Done by Allison\22J002-FHLC-2022 General Maintenance\6-PO_Sub_Consultants\4-PO\0-ItemsForFolders","BUILTIN\Administrators","Allow","FullControl","True"
"Y:\ttbntfile1\shared\appsdata\groups\17-Xeroxscans\Allison\Lafayette Job Closes\Done by Allison\22J002-FHLC-2022 General Maintenance\6-PO_Sub_Consultants\4-PO\0-ItemsForFolders","NT AUTHORITY\SYSTEM","Allow","FullControl","True"
"Y:\ttbntfile1\shared\appsdata\groups\17-Xeroxscans\Allison\Lafayette Job Closes\Done by Allison\22J002-FHLC-2022 General Maintenance\6-PO_Sub_Consultants\4-PO\0-ItemsForFolders\1-ExecutedPO","TONNANDBLANK\AVD Test Users","Allow","FullControl","True"
"Y:\ttbntfile1\shared\appsdata\groups\17-Xeroxscans\Allison\Lafayette Job Closes\Done by Allison\22J002-FHLC-2022 General Maintenance\6-PO_Sub_Consultants\4-PO\0-ItemsForFolders\1-ExecutedPO","TONNANDBLANK\impactadmin","Allow","FullControl","True"
"Y:\ttbntfile1\shared\appsdata\groups\17-Xeroxscans\Allison\Lafayette Job Closes\Done by Allison\22J002-FHLC-2022 General Maintenance\6-PO_Sub_Consultants\4-PO\0-ItemsForFolders\1-ExecutedPO","CREATOR OWNER","Allow","FullControl","True"
"Y:\ttbntfile1\shared\appsdata\groups\17-Xeroxscans\Allison\Lafayette Job Closes\Done by Allison\22J002-FHLC-2022 General Maintenance\6-PO_Sub_Consultants\4-PO\0-ItemsForFolders\1-ExecutedPO","BUILTIN\Administrators","Allow","FullControl","True"
"Y:\ttbntfile1\shared\appsdata\groups\17-Xeroxscans\Allison\Lafayette Job Closes\Done by Allison\22J002-FHLC-2022 General Maintenance\6-PO_Sub_Consultants\4-PO\0-ItemsForFolders\1-ExecutedPO","NT AUTHORITY\SYSTEM","Allow","FullControl","True"
"Y:\ttbntfile1\shared\appsdata\groups\17-Xeroxscans\Allison\Lafayette Job Closes\Done by Allison\22J002-FHLC-2022 General Maintenance\6-PO_Sub_Consultants\4-PO\0-ItemsForFolders\2-RFP","TONNANDBLANK\AVD Test Users","Allow","FullControl","True"
"Y:\ttbntfile1\shared\appsdata\groups\17-Xeroxscans\Allison\Lafayette Job Closes\Done by Allison\22J002-FHLC-2022 General Maintenance\6-PO_Sub_Consultants\4-PO\0-ItemsForFolders\2-RFP","TONNANDBLANK\impactadmin","Allow","FullControl","True"
"Y:\ttbntfile1\shared\appsdata\groups\17-Xeroxscans\Allison\Lafayette Job Closes\Done by Allison\22J002-FHLC-2022 General Maintenance\6-PO_Sub_Consultants\4-PO\0-ItemsForFolders\2-RFP","CREATOR OWNER","Allow","FullControl","True"
"Y:\ttbntfile1\shared\appsdata\groups\17-Xeroxscans\Allison\Lafayette Job Closes\Done by Allison\22J002-FHLC-2022 General Maintenance\6-PO_Sub_Consultants\4-PO\0-ItemsForFolders\2-RFP","BUILTIN\Administrators","Allow","FullControl","True"
"Y:\ttbntfile1\shared\appsdata\groups\17-Xeroxscans\Allison\Lafayette Job Closes\Done by Allison\22J002-FHLC-2022 General Maintenance\6-PO_Sub_Consultants\4-PO\0-ItemsForFolders\2-RFP","NT AUTHORITY\SYSTEM","Allow","FullControl","True"
"Y:\ttbntfile1\shared\appsdata\groups\17-Xeroxscans\Allison\Lafayette Job Closes\Done by Allison\22J002-FHLC-2022 General Maintenance\6-PO_Sub_Consultants\4-PO\0-ItemsForFolders\3-ChangeOrderSummary","TONNANDBLANK\AVD Test Users","Allow","FullControl","True"
"Y:\ttbntfile1\shared\appsdata\groups\17-Xeroxscans\Allison\Lafayette Job Closes\Done by Allison\22J002-FHLC-2022 General Maintenance\6-PO_Sub_Consultants\4-PO\0-ItemsForFolders\3-ChangeOrderSummary","TONNANDBLANK\impactadmin","Allow","FullControl","True"
"Y:\ttbntfile1\shared\appsdata\groups\17-Xeroxscans\Allison\Lafayette Job Closes\Done by Allison\22J002-FHLC-2022 General Maintenance\6-PO_Sub_Consultants\4-PO\0-ItemsForFolders\3-ChangeOrderSummary","CREATOR OWNER","Allow","FullControl","True"
"Y:\ttbntfile1\shared\appsdata\groups\17-Xeroxscans\Allison\Lafayette Job Closes\Done by Allison\22J002-FHLC-2022 General Maintenance\6-PO_Sub_Consultants\4-PO\0-ItemsForFolders\3-ChangeOrderSummary","BUILTIN\Administrators","Allow","FullControl","True"
"Y:\ttbntfile1\shared\appsdata\groups\17-Xeroxscans\Allison\Lafayette Job Closes\Done by Allison\22J002-FHLC-2022 General Maintenance\6-PO_Sub_Consultants\4-PO\0-ItemsForFolders\3-ChangeOrderSummary","NT AUTHORITY\SYSTEM","Allow","FullControl","True"
"Y:\ttbntfile1\shared\appsdata\groups\17-Xeroxscans\Allison\Lafayette Job Closes\Done by Allison\22J002-FHLC-2022 General Maintenance\6-PO_Sub_Consultants\4-PO\0-ItemsForFolders\4-ChangeOrders","TONNANDBLANK\AVD Test Users","Allow","FullControl","True"
"Y:\ttbntfile1\shared\appsdata\groups\17-Xeroxscans\Allison\Lafayette Job Closes\Done by Allison\22J002-FHLC-2022 General Maintenance\6-PO_Sub_Consultants\4-PO\0-ItemsForFolders\4-ChangeOrders","TONNANDBLANK\impactadmin","Allow","FullControl","True"
"Y:\ttbntfile1\shared\appsdata\groups\17-Xeroxscans\Allison\Lafayette Job Closes\Done by Allison\22J002-FHLC-2022 General Maintenance\6-PO_Sub_Consultants\4-PO\0-ItemsForFolders\4-ChangeOrders","CREATOR OWNER","Allow","FullControl","True"
"Y:\ttbntfile1\shared\appsdata\groups\17-Xeroxscans\Allison\Lafayette Job Closes\Done by Allison\22J002-FHLC-2022 General Maintenance\6-PO_Sub_Consultants\4-PO\0-ItemsForFolders\4-ChangeOrders","BUILTIN\Administrators","Allow","FullControl","True"
"Y:\ttbntfile1\shared\appsdata\groups\17-Xeroxscans\Allison\Lafayette Job Closes\Done by Allison\22J002-FHLC-2022 General Maintenance\6-PO_Sub_Consultants\4-PO\0-ItemsForFolders\4-ChangeOrders","NT AUTHORITY\SYSTEM","Allow","FullControl","True"
"Y:\ttbntfile1\shared\appsdata\groups\17-Xeroxscans\Allison\Lafayette Job Closes\Done by Allison\22J002-FHLC-2022 General Maintenance\6-PO_Sub_Consultants\4-PO\0-ItemsForFolders\5-Closeout","TONNANDBLANK\AVD Test Users","Allow","FullControl","True"
"Y:\ttbntfile1\shared\appsdata\groups\17-Xeroxscans\Allison\Lafayette Job Closes\Done by Allison\22J002-FHLC-2022 General Maintenance\6-PO_Sub_Consultants\4-PO\0-ItemsForFolders\5-Closeout","TONNANDBLANK\impactadmin","Allow","FullControl","True"
"Y:\ttbntfile1\shared\appsdata\groups\17-Xeroxscans\Allison\Lafayette Job Closes\Done by Allison\22J002-FHLC-2022 General Maintenance\6-PO_Sub_Consultants\4-PO\0-ItemsForFolders\5-Closeout","CREATOR OWNER","Allow","FullControl","True"
"Y:\ttbntfile1\shared\appsdata\groups\17-Xeroxscans\Allison\Lafayette Job Closes\Done by Allison\22J002-FHLC-2022 General Maintenance\6-PO_Sub_Consultants\4-PO\0-ItemsForFolders\5-Closeout","BUILTIN\Administrators","Allow","FullControl","True"
"Y:\ttbntfile1\shared\appsdata\groups\17-Xeroxscans\Allison\Lafayette Job Closes\Done by Allison\22J002-FHLC-2022 General Maintenance\6-PO_Sub_Consultants\4-PO\0-ItemsForFolders\5-Closeout","NT AUTHORITY\SYSTEM","Allow","FullControl","True"
"Y:\ttbntfile1\shared\appsdata\groups\17-Xeroxscans\Allison\Lafayette Job Closes\Done by Allison\22J002-FHLC-2022 General Maintenance\6-PO_Sub_Consultants\4-PO\0-ItemsForFolders\6-Correspondence","TONNANDBLANK\AVD Test Users","Allow","FullControl","True"
"Y:\ttbntfile1\shared\appsdata\groups\17-Xeroxscans\Allison\Lafayette Job Closes\Done by Allison\22J002-FHLC-2022 General Maintenance\6-PO_Sub_Consultants\4-PO\0-ItemsForFolders\6-Correspondence","TONNANDBLANK\impactadmin","Allow","FullControl","True"
"Y:\ttbntfile1\shared\appsdata\groups\17-Xeroxscans\Allison\Lafayette Job Closes\Done by Allison\22J002-FHLC-2022 General Maintenance\6-PO_Sub_Consultants\4-PO\0-ItemsForFolders\6-Correspondence","CREATOR OWNER","Allow","FullControl","True"
"Y:\ttbntfile1\shared\appsdata\groups\17-Xeroxscans\Allison\Lafayette Job Closes\Done by Allison\22J002-FHLC-2022 General Maintenance\6-PO_Sub_Consultants\4-PO\0-ItemsForFolders\6-Correspondence","BUILTIN\Administrators","Allow","FullControl","True"
"Y:\ttbntfile1\shared\appsdata\groups\17-Xeroxscans\Allison\Lafayette Job Closes\Done by Allison\22J002-FHLC-2022 General Maintenance\6-PO_Sub_Consultants\4-PO\0-ItemsForFolders\6-Correspondence","NT AUTHORITY\SYSTEM","Allow","FullControl","True"
"Y:\ttbntfile1\shared\appsdata\groups\17-Xeroxscans\Allison\Lafayette Job Closes\Done by Allison\22J002-FHLC-2022 General Maintenance\6-PO_Sub_Consultants\4-PO\0-ItemsForFolders\6-Correspondence\1-Incoming","TONNANDBLANK\AVD Test Users","Allow","FullControl","True"
"Y:\ttbntfile1\shared\appsdata\groups\17-Xeroxscans\Allison\Lafayette Job Closes\Done by Allison\22J002-FHLC-2022 General Maintenance\6-PO_Sub_Consultants\4-PO\0-ItemsForFolders\6-Correspondence\1-Incoming","TONNANDBLANK\impactadmin","Allow","FullControl","True"
"Y:\ttbntfile1\shared\appsdata\groups\17-Xeroxscans\Allison\Lafayette Job Closes\Done by Allison\22J002-FHLC-2022 General Maintenance\6-PO_Sub_Consultants\4-PO\0-ItemsForFolders\6-Correspondence\1-Incoming","CREATOR OWNER","Allow","FullControl","True"
"Y:\ttbntfile1\shared\appsdata\groups\17-Xeroxscans\Allison\Lafayette Job Closes\Done by Allison\22J002-FHLC-2022 General Maintenance\6-PO_Sub_Consultants\4-PO\0-ItemsForFolders\6-Correspondence\1-Incoming","BUILTIN\Administrators","Allow","FullControl","True"
"Y:\ttbntfile1\shared\appsdata\groups\17-Xeroxscans\Allison\Lafayette Job Closes\Done by Allison\22J002-FHLC-2022 General Maintenance\6-PO_Sub_Consultants\4-PO\0-ItemsForFolders\6-Correspondence\1-Incoming","NT AUTHORITY\SYSTEM","Allow","FullControl","True"
"Y:\ttbntfile1\shared\appsdata\groups\17-Xeroxscans\Allison\Lafayette Job Closes\Done by Allison\22J002-FHLC-2022 General Maintenance\6-PO_Sub_Consultants\4-PO\0-ItemsForFolders\6-Correspondence\2-Outgoing","TONNANDBLANK\AVD Test Users","Allow","FullControl","True"
"Y:\ttbntfile1\shared\appsdata\groups\17-Xeroxscans\Allison\Lafayette Job Closes\Done by Allison\22J002-FHLC-2022 General Maintenance\6-PO_Sub_Consultants\4-PO\0-ItemsForFolders\6-Correspondence\2-Outgoing","TONNANDBLANK\impactadmin","Allow","FullControl","True"
"Y:\ttbntfile1\shared\appsdata\groups\17-Xeroxscans\Allison\Lafayette Job Closes\Done by Allison\22J002-FHLC-2022 General Maintenance\6-PO_Sub_Consultants\4-PO\0-ItemsForFolders\6-Correspondence\2-Outgoing","CREATOR OWNER","Allow","FullControl","True"
"Y:\ttbntfile1\shared\appsdata\groups\17-Xeroxscans\Allison\Lafayette Job Closes\Done by Allison\22J002-FHLC-2022 General Maintenance\6-PO_Sub_Consultants\4-PO\0-ItemsForFolders\6-Correspondence\2-Outgoing","BUILTIN\Administrators","Allow","FullControl","True"
"Y:\ttbntfile1\shared\appsdata\groups\17-Xeroxscans\Allison\Lafayette Job Closes\Done by Allison\22J002-FHLC-2022 General Maintenance\6-PO_Sub_Consultants\4-PO\0-ItemsForFolders\6-Correspondence\2-Outgoing","NT AUTHORITY\SYSTEM","Allow","FullControl","True"
"Y:\ttbntfile1\shared\appsdata\groups\17-Xeroxscans\Allison\Lafayette Job Closes\Done by Allison\22J002-FHLC-2022 General Maintenance\7-JobProgress\1-Schedules","TONNANDBLANK\AVD Test Users","Allow","FullControl","True"
"Y:\ttbntfile1\shared\appsdata\groups\17-Xeroxscans\Allison\Lafayette Job Closes\Done by Allison\22J002-FHLC-2022 General Maintenance\7-JobProgress\1-Schedules","TONNANDBLANK\impactadmin","Allow","FullControl","True"
"Y:\ttbntfile1\shared\appsdata\groups\17-Xeroxscans\Allison\Lafayette Job Closes\Done by Allison\22J002-FHLC-2022 General Maintenance\7-JobProgress\1-Schedules","CREATOR OWNER","Allow","FullControl","True"
"Y:\ttbntfile1\shared\appsdata\groups\17-Xeroxscans\Allison\Lafayette Job Closes\Done by Allison\22J002-FHLC-2022 General Maintenance\7-JobProgress\1-Schedules","BUILTIN\Administrators","Allow","FullControl","True"
"Y:\ttbntfile1\shared\appsdata\groups\17-Xeroxscans\Allison\Lafayette Job Closes\Done by Allison\22J002-FHLC-2022 General Maintenance\7-JobProgress\1-Schedules","NT AUTHORITY\SYSTEM","Allow","FullControl","True"
"Y:\ttbntfile1\shared\appsdata\groups\17-Xeroxscans\Allison\Lafayette Job Closes\Done by Allison\22J002-FHLC-2022 General Maintenance\7-JobProgress\2-DailyReports","TONNANDBLANK\AVD Test Users","Allow","FullControl","True"
"Y:\ttbntfile1\shared\appsdata\groups\17-Xeroxscans\Allison\Lafayette Job Closes\Done by Allison\22J002-FHLC-2022 General Maintenance\7-JobProgress\2-DailyReports","TONNANDBLANK\impactadmin","Allow","FullControl","True"
"Y:\ttbntfile1\shared\appsdata\groups\17-Xeroxscans\Allison\Lafayette Job Closes\Done by Allison\22J002-FHLC-2022 General Maintenance\7-JobProgress\2-DailyReports","CREATOR OWNER","Allow","FullControl","True"
"Y:\ttbntfile1\shared\appsdata\groups\17-Xeroxscans\Allison\Lafayette Job Closes\Done by Allison\22J002-FHLC-2022 General Maintenance\7-JobProgress\2-DailyReports","BUILTIN\Administrators","Allow","FullControl","True"
"Y:\ttbntfile1\shared\appsdata\groups\17-Xeroxscans\Allison\Lafayette Job Closes\Done by Allison\22J002-FHLC-2022 General Maintenance\7-JobProgress\2-DailyReports","NT AUTHORITY\SYSTEM","Allow","FullControl","True"
"Y:\ttbntfile1\shared\appsdata\groups\17-Xeroxscans\Allison\Lafayette Job Closes\Done by Allison\22J002-FHLC-2022 General Maintenance\7-JobProgress\3-Photos","TONNANDBLANK\AVD Test Users","Allow","FullControl","True"
"Y:\ttbntfile1\shared\appsdata\groups\17-Xeroxscans\Allison\Lafayette Job Closes\Done by Allison\22J002-FHLC-2022 General Maintenance\7-JobProgress\3-Photos","TONNANDBLANK\impactadmin","Allow","FullControl","True"
"Y:\ttbntfile1\shared\appsdata\groups\17-Xeroxscans\Allison\Lafayette Job Closes\Done by Allison\22J002-FHLC-2022 General Maintenance\7-JobProgress\3-Photos","CREATOR OWNER","Allow","FullControl","True"
"Y:\ttbntfile1\shared\appsdata\groups\17-Xeroxscans\Allison\Lafayette Job Closes\Done by Allison\22J002-FHLC-2022 General Maintenance\7-JobProgress\3-Photos","BUILTIN\Administrators","Allow","FullControl","True"
"Y:\ttbntfile1\shared\appsdata\groups\17-Xeroxscans\Allison\Lafayette Job Closes\Done by Allison\22J002-FHLC-2022 General Maintenance\7-JobProgress\3-Photos","NT AUTHORITY\SYSTEM","Allow","FullControl","True"
"Y:\ttbntfile1\shared\appsdata\groups\17-Xeroxscans\Allison\Lafayette Job Closes\Done by Allison\22J002-FHLC-2022 General Maintenance\7-JobProgress\4-Video","TONNANDBLANK\AVD Test Users","Allow","FullControl","True"
"Y:\ttbntfile1\shared\appsdata\groups\17-Xeroxscans\Allison\Lafayette Job Closes\Done by Allison\22J002-FHLC-2022 General Maintenance\7-JobProgress\4-Video","TONNANDBLANK\impactadmin","Allow","FullControl","True"
"Y:\ttbntfile1\shared\appsdata\groups\17-Xeroxscans\Allison\Lafayette Job Closes\Done by Allison\22J002-FHLC-2022 General Maintenance\7-JobProgress\4-Video","CREATOR OWNER","Allow","FullControl","True"
"Y:\ttbntfile1\shared\appsdata\groups\17-Xeroxscans\Allison\Lafayette Job Closes\Done by Allison\22J002-FHLC-2022 General Maintenance\7-JobProgress\4-Video","BUILTIN\Administrators","Allow","FullControl","True"
"Y:\ttbntfile1\shared\appsdata\groups\17-Xeroxscans\Allison\Lafayette Job Closes\Done by Allison\22J002-FHLC-2022 General Maintenance\7-JobProgress\4-Video","NT AUTHORITY\SYSTEM","Allow","FullControl","True"
"Y:\ttbntfile1\shared\appsdata\groups\17-Xeroxscans\Allison\Lafayette Job Closes\Done by Allison\22J002-FHLC-2022 General Maintenance\7-JobProgress\5-MeetingMinutes","TONNANDBLANK\AVD Test Users","Allow","FullControl","True"
"Y:\ttbntfile1\shared\appsdata\groups\17-Xeroxscans\Allison\Lafayette Job Closes\Done by Allison\22J002-FHLC-2022 General Maintenance\7-JobProgress\5-MeetingMinutes","TONNANDBLANK\impactadmin","Allow","FullControl","True"
"Y:\ttbntfile1\shared\appsdata\groups\17-Xeroxscans\Allison\Lafayette Job Closes\Done by Allison\22J002-FHLC-2022 General Maintenance\7-JobProgress\5-MeetingMinutes","CREATOR OWNER","Allow","FullControl","True"
"Y:\ttbntfile1\shared\appsdata\groups\17-Xeroxscans\Allison\Lafayette Job Closes\Done by Allison\22J002-FHLC-2022 General Maintenance\7-JobProgress\5-MeetingMinutes","BUILTIN\Administrators","Allow","FullControl","True"
"Y:\ttbntfile1\shared\appsdata\groups\17-Xeroxscans\Allison\Lafayette Job Closes\Done by Allison\22J002-FHLC-2022 General Maintenance\7-JobProgress\5-MeetingMinutes","NT AUTHORITY\SYSTEM","Allow","FullControl","True"
"Y:\ttbntfile1\shared\appsdata\groups\17-Xeroxscans\Allison\Lafayette Job Closes\Done by Allison\22J002-FHLC-2022 General Maintenance\7-JobProgress\5-MeetingMinutes\1-Preconstruction","TONNANDBLANK\AVD Test Users","Allow","FullControl","True"
"Y:\ttbntfile1\shared\appsdata\groups\17-Xeroxscans\Allison\Lafayette Job Closes\Done by Allison\22J002-FHLC-2022 General Maintenance\7-JobProgress\5-MeetingMinutes\1-Preconstruction","TONNANDBLANK\impactadmin","Allow","FullControl","True"
"Y:\ttbntfile1\shared\appsdata\groups\17-Xeroxscans\Allison\Lafayette Job Closes\Done by Allison\22J002-FHLC-2022 General Maintenance\7-JobProgress\5-MeetingMinutes\1-Preconstruction","CREATOR OWNER","Allow","FullControl","True"
"Y:\ttbntfile1\shared\appsdata\groups\17-Xeroxscans\Allison\Lafayette Job Closes\Done by Allison\22J002-FHLC-2022 General Maintenance\7-JobProgress\5-MeetingMinutes\1-Preconstruction","BUILTIN\Administrators","Allow","FullControl","True"
"Y:\ttbntfile1\shared\appsdata\groups\17-Xeroxscans\Allison\Lafayette Job Closes\Done by Allison\22J002-FHLC-2022 General Maintenance\7-JobProgress\5-MeetingMinutes\1-Preconstruction","NT AUTHORITY\SYSTEM","Allow","FullControl","True"
"Y:\ttbntfile1\shared\appsdata\groups\17-Xeroxscans\Allison\Lafayette Job Closes\Done by Allison\22J002-FHLC-2022 General Maintenance\7-JobProgress\5-MeetingMinutes\2-OwnerArchitectContractor","TONNANDBLANK\AVD Test Users","Allow","FullControl","True"
"Y:\ttbntfile1\shared\appsdata\groups\17-Xeroxscans\Allison\Lafayette Job Closes\Done by Allison\22J002-FHLC-2022 General Maintenance\7-JobProgress\5-MeetingMinutes\2-OwnerArchitectContractor","TONNANDBLANK\impactadmin","Allow","FullControl","True"
"Y:\ttbntfile1\shared\appsdata\groups\17-Xeroxscans\Allison\Lafayette Job Closes\Done by Allison\22J002-FHLC-2022 General Maintenance\7-JobProgress\5-MeetingMinutes\2-OwnerArchitectContractor","CREATOR OWNER","Allow","FullControl","True"
"Y:\ttbntfile1\shared\appsdata\groups\17-Xeroxscans\Allison\Lafayette Job Closes\Done by Allison\22J002-FHLC-2022 General Maintenance\7-JobProgress\5-MeetingMinutes\2-OwnerArchitectContractor","BUILTIN\Administrators","Allow","FullControl","True"
"Y:\ttbntfile1\shared\appsdata\groups\17-Xeroxscans\Allison\Lafayette Job Closes\Done by Allison\22J002-FHLC-2022 General Maintenance\7-JobProgress\5-MeetingMinutes\2-OwnerArchitectContractor","NT AUTHORITY\SYSTEM","Allow","FullControl","True"
"Y:\ttbntfile1\shared\appsdata\groups\17-Xeroxscans\Allison\Lafayette Job Closes\Done by Allison\22J002-FHLC-2022 General Maintenance\7-JobProgress\5-MeetingMinutes\3-MEPCoordination","TONNANDBLANK\AVD Test Users","Allow","FullControl","True"
"Y:\ttbntfile1\shared\appsdata\groups\17-Xeroxscans\Allison\Lafayette Job Closes\Done by Allison\22J002-FHLC-2022 General Maintenance\7-JobProgress\5-MeetingMinutes\3-MEPCoordination","TONNANDBLANK\impactadmin","Allow","FullControl","True"
"Y:\ttbntfile1\shared\appsdata\groups\17-Xeroxscans\Allison\Lafayette Job Closes\Done by Allison\22J002-FHLC-2022 General Maintenance\7-JobProgress\5-MeetingMinutes\3-MEPCoordination","CREATOR OWNER","Allow","FullControl","True"
"Y:\ttbntfile1\shared\appsdata\groups\17-Xeroxscans\Allison\Lafayette Job Closes\Done by Allison\22J002-FHLC-2022 General Maintenance\7-JobProgress\5-MeetingMinutes\3-MEPCoordination","BUILTIN\Administrators","Allow","FullControl","True"
"Y:\ttbntfile1\shared\appsdata\groups\17-Xeroxscans\Allison\Lafayette Job Closes\Done by Allison\22J002-FHLC-2022 General Maintenance\7-JobProgress\5-MeetingMinutes\3-MEPCoordination","NT AUTHORITY\SYSTEM","Allow","FullControl","True"
"Y:\ttbntfile1\shared\appsdata\groups\17-Xeroxscans\Allison\Lafayette Job Closes\Done by Allison\22J002-FHLC-2022 General Maintenance\7-JobProgress\5-MeetingMinutes\4-Subcontractor","TONNANDBLANK\AVD Test Users","Allow","FullControl","True"
"Y:\ttbntfile1\shared\appsdata\groups\17-Xeroxscans\Allison\Lafayette Job Closes\Done by Allison\22J002-FHLC-2022 General Maintenance\7-JobProgress\5-MeetingMinutes\4-Subcontractor","TONNANDBLANK\impactadmin","Allow","FullControl","True"
"Y:\ttbntfile1\shared\appsdata\groups\17-Xeroxscans\Allison\Lafayette Job Closes\Done by Allison\22J002-FHLC-2022 General Maintenance\7-JobProgress\5-MeetingMinutes\4-Subcontractor","CREATOR OWNER","Allow","FullControl","True"
"Y:\ttbntfile1\shared\appsdata\groups\17-Xeroxscans\Allison\Lafayette Job Closes\Done by Allison\22J002-FHLC-2022 General Maintenance\7-JobProgress\5-MeetingMinutes\4-Subcontractor","BUILTIN\Administrators","Allow","FullControl","True"
"Y:\ttbntfile1\shared\appsdata\groups\17-Xeroxscans\Allison\Lafayette Job Closes\Done by Allison\22J002-FHLC-2022 General Maintenance\7-JobProgress\5-MeetingMinutes\4-Subcontractor","NT AUTHORITY\SYSTEM","Allow","FullControl","True"
"Y:\ttbntfile1\shared\appsdata\groups\17-Xeroxscans\Allison\Lafayette Job Closes\Done by Allison\22J002-FHLC-2022 General Maintenance\7-JobProgress\5-MeetingMinutes\5-ITCoordination","TONNANDBLANK\AVD Test Users","Allow","FullControl","True"
"Y:\ttbntfile1\shared\appsdata\groups\17-Xeroxscans\Allison\Lafayette Job Closes\Done by Allison\22J002-FHLC-2022 General Maintenance\7-JobProgress\5-MeetingMinutes\5-ITCoordination","TONNANDBLANK\impactadmin","Allow","FullControl","True"
"Y:\ttbntfile1\shared\appsdata\groups\17-Xeroxscans\Allison\Lafayette Job Closes\Done by Allison\22J002-FHLC-2022 General Maintenance\7-JobProgress\5-MeetingMinutes\5-ITCoordination","CREATOR OWNER","Allow","FullControl","True"
"Y:\ttbntfile1\shared\appsdata\groups\17-Xeroxscans\Allison\Lafayette Job Closes\Done by Allison\22J002-FHLC-2022 General Maintenance\7-JobProgress\5-MeetingMinutes\5-ITCoordination","BUILTIN\Administrators","Allow","FullControl","True"
"Y:\ttbntfile1\shared\appsdata\groups\17-Xeroxscans\Allison\Lafayette Job Closes\Done by Allison\22J002-FHLC-2022 General Maintenance\7-JobProgress\5-MeetingMinutes\5-ITCoordination","NT AUTHORITY\SYSTEM","Allow","FullControl","True"
"Y:\ttbntfile1\shared\appsdata\groups\17-Xeroxscans\Allison\Lafayette Job Closes\Done by Allison\22J002-FHLC-2022 General Maintenance\7-JobProgress\5-MeetingMinutes\6-Quality","TONNANDBLANK\AVD Test Users","Allow","FullControl","True"
"Y:\ttbntfile1\shared\appsdata\groups\17-Xeroxscans\Allison\Lafayette Job Closes\Done by Allison\22J002-FHLC-2022 General Maintenance\7-JobProgress\5-MeetingMinutes\6-Quality","TONNANDBLANK\impactadmin","Allow","FullControl","True"
"Y:\ttbntfile1\shared\appsdata\groups\17-Xeroxscans\Allison\Lafayette Job Closes\Done by Allison\22J002-FHLC-2022 General Maintenance\7-JobProgress\5-MeetingMinutes\6-Quality","CREATOR OWNER","Allow","FullControl","True"
"Y:\ttbntfile1\shared\appsdata\groups\17-Xeroxscans\Allison\Lafayette Job Closes\Done by Allison\22J002-FHLC-2022 General Maintenance\7-JobProgress\5-MeetingMinutes\6-Quality","BUILTIN\Administrators","Allow","FullControl","True"
"Y:\ttbntfile1\shared\appsdata\groups\17-Xeroxscans\Allison\Lafayette Job Closes\Done by Allison\22J002-FHLC-2022 General Maintenance\7-JobProgress\5-MeetingMinutes\6-Quality","NT AUTHORITY\SYSTEM","Allow","FullControl","True"
"Y:\ttbntfile1\shared\appsdata\groups\17-Xeroxscans\Allison\Lafayette Job Closes\Done by Allison\22J002-FHLC-2022 General Maintenance\7-JobProgress\5-MeetingMinutes\7-Miscel","TONNANDBLANK\AVD Test Users","Allow","FullControl","True"
"Y:\ttbntfile1\shared\appsdata\groups\17-Xeroxscans\Allison\Lafayette Job Closes\Done by Allison\22J002-FHLC-2022 General Maintenance\7-JobProgress\5-MeetingMinutes\7-Miscel","TONNANDBLANK\impactadmin","Allow","FullControl","True"
"Y:\ttbntfile1\shared\appsdata\groups\17-Xeroxscans\Allison\Lafayette Job Closes\Done by Allison\22J002-FHLC-2022 General Maintenance\7-JobProgress\5-MeetingMinutes\7-Miscel","CREATOR OWNER","Allow","FullControl","True"
"Y:\ttbntfile1\shared\appsdata\groups\17-Xeroxscans\Allison\Lafayette Job Closes\Done by Allison\22J002-FHLC-2022 General Maintenance\7-JobProgress\5-MeetingMinutes\7-Miscel","BUILTIN\Administrators","Allow","FullControl","True"
"Y:\ttbntfile1\shared\appsdata\groups\17-Xeroxscans\Allison\Lafayette Job Closes\Done by Allison\22J002-FHLC-2022 General Maintenance\7-JobProgress\5-MeetingMinutes\7-Miscel","NT AUTHORITY\SYSTEM","Allow","FullControl","True"
"Y:\ttbntfile1\shared\appsdata\groups\17-Xeroxscans\Allison\Lafayette Job Closes\Done by Allison\22J002-FHLC-2022 General Maintenance\8-CostControl\1-JobSetUp","TONNANDBLANK\AVD Test Users","Allow","FullControl","True"
"Y:\ttbntfile1\shared\appsdata\groups\17-Xeroxscans\Allison\Lafayette Job Closes\Done by Allison\22J002-FHLC-2022 General Maintenance\8-CostControl\1-JobSetUp","TONNANDBLANK\impactadmin","Allow","FullControl","True"
"Y:\ttbntfile1\shared\appsdata\groups\17-Xeroxscans\Allison\Lafayette Job Closes\Done by Allison\22J002-FHLC-2022 General Maintenance\8-CostControl\1-JobSetUp","CREATOR OWNER","Allow","FullControl","True"
"Y:\ttbntfile1\shared\appsdata\groups\17-Xeroxscans\Allison\Lafayette Job Closes\Done by Allison\22J002-FHLC-2022 General Maintenance\8-CostControl\1-JobSetUp","BUILTIN\Administrators","Allow","FullControl","True"
"Y:\ttbntfile1\shared\appsdata\groups\17-Xeroxscans\Allison\Lafayette Job Closes\Done by Allison\22J002-FHLC-2022 General Maintenance\8-CostControl\1-JobSetUp","NT AUTHORITY\SYSTEM","Allow","FullControl","True"
"Y:\ttbntfile1\shared\appsdata\groups\17-Xeroxscans\Allison\Lafayette Job Closes\Done by Allison\22J002-FHLC-2022 General Maintenance\8-CostControl\2-SOV","TONNANDBLANK\AVD Test Users","Allow","FullControl","True"
"Y:\ttbntfile1\shared\appsdata\groups\17-Xeroxscans\Allison\Lafayette Job Closes\Done by Allison\22J002-FHLC-2022 General Maintenance\8-CostControl\2-SOV","TONNANDBLANK\impactadmin","Allow","FullControl","True"
"Y:\ttbntfile1\shared\appsdata\groups\17-Xeroxscans\Allison\Lafayette Job Closes\Done by Allison\22J002-FHLC-2022 General Maintenance\8-CostControl\2-SOV","CREATOR OWNER","Allow","FullControl","True"
"Y:\ttbntfile1\shared\appsdata\groups\17-Xeroxscans\Allison\Lafayette Job Closes\Done by Allison\22J002-FHLC-2022 General Maintenance\8-CostControl\2-SOV","BUILTIN\Administrators","Allow","FullControl","True"
"Y:\ttbntfile1\shared\appsdata\groups\17-Xeroxscans\Allison\Lafayette Job Closes\Done by Allison\22J002-FHLC-2022 General Maintenance\8-CostControl\2-SOV","NT AUTHORITY\SYSTEM","Allow","FullControl","True"
"Y:\ttbntfile1\shared\appsdata\groups\17-Xeroxscans\Allison\Lafayette Job Closes\Done by Allison\22J002-FHLC-2022 General Maintenance\8-CostControl\3-Billings","TONNANDBLANK\AVD Test Users","Allow","FullControl","True"
"Y:\ttbntfile1\shared\appsdata\groups\17-Xeroxscans\Allison\Lafayette Job Closes\Done by Allison\22J002-FHLC-2022 General Maintenance\8-CostControl\3-Billings","TONNANDBLANK\impactadmin","Allow","FullControl","True"
"Y:\ttbntfile1\shared\appsdata\groups\17-Xeroxscans\Allison\Lafayette Job Closes\Done by Allison\22J002-FHLC-2022 General Maintenance\8-CostControl\3-Billings","CREATOR OWNER","Allow","FullControl","True"
"Y:\ttbntfile1\shared\appsdata\groups\17-Xeroxscans\Allison\Lafayette Job Closes\Done by Allison\22J002-FHLC-2022 General Maintenance\8-CostControl\3-Billings","BUILTIN\Administrators","Allow","FullControl","True"
"Y:\ttbntfile1\shared\appsdata\groups\17-Xeroxscans\Allison\Lafayette Job Closes\Done by Allison\22J002-FHLC-2022 General Maintenance\8-CostControl\3-Billings","NT AUTHORITY\SYSTEM","Allow","FullControl","True"
"Y:\ttbntfile1\shared\appsdata\groups\17-Xeroxscans\Allison\Lafayette Job Closes\Done by Allison\22J002-FHLC-2022 General Maintenance\8-CostControl\4-JCTransfers","TONNANDBLANK\AVD Test Users","Allow","FullControl","True"
"Y:\ttbntfile1\shared\appsdata\groups\17-Xeroxscans\Allison\Lafayette Job Closes\Done by Allison\22J002-FHLC-2022 General Maintenance\8-CostControl\4-JCTransfers","TONNANDBLANK\impactadmin","Allow","FullControl","True"
"Y:\ttbntfile1\shared\appsdata\groups\17-Xeroxscans\Allison\Lafayette Job Closes\Done by Allison\22J002-FHLC-2022 General Maintenance\8-CostControl\4-JCTransfers","CREATOR OWNER","Allow","FullControl","True"
"Y:\ttbntfile1\shared\appsdata\groups\17-Xeroxscans\Allison\Lafayette Job Closes\Done by Allison\22J002-FHLC-2022 General Maintenance\8-CostControl\4-JCTransfers","BUILTIN\Administrators","Allow","FullControl","True"
"Y:\ttbntfile1\shared\appsdata\groups\17-Xeroxscans\Allison\Lafayette Job Closes\Done by Allison\22J002-FHLC-2022 General Maintenance\8-CostControl\4-JCTransfers","NT AUTHORITY\SYSTEM","Allow","FullControl","True"
"Y:\ttbntfile1\shared\appsdata\groups\17-Xeroxscans\Allison\Lafayette Job Closes\Done by Allison\22J002-FHLC-2022 General Maintenance\8-CostControl\5-JCReports","TONNANDBLANK\AVD Test Users","Allow","FullControl","True"
"Y:\ttbntfile1\shared\appsdata\groups\17-Xeroxscans\Allison\Lafayette Job Closes\Done by Allison\22J002-FHLC-2022 General Maintenance\8-CostControl\5-JCReports","TONNANDBLANK\impactadmin","Allow","FullControl","True"
"Y:\ttbntfile1\shared\appsdata\groups\17-Xeroxscans\Allison\Lafayette Job Closes\Done by Allison\22J002-FHLC-2022 General Maintenance\8-CostControl\5-JCReports","CREATOR OWNER","Allow","FullControl","True"
"Y:\ttbntfile1\shared\appsdata\groups\17-Xeroxscans\Allison\Lafayette Job Closes\Done by Allison\22J002-FHLC-2022 General Maintenance\8-CostControl\5-JCReports","BUILTIN\Administrators","Allow","FullControl","True"
"Y:\ttbntfile1\shared\appsdata\groups\17-Xeroxscans\Allison\Lafayette Job Closes\Done by Allison\22J002-FHLC-2022 General Maintenance\8-CostControl\5-JCReports","NT AUTHORITY\SYSTEM","Allow","FullControl","True"
"Y:\ttbntfile1\shared\appsdata\groups\17-Xeroxscans\Allison\Lafayette Job Closes\Done by Allison\22J002-FHLC-2022 General Maintenance\8-CostControl\6-ReceivingReports","TONNANDBLANK\AVD Test Users","Allow","FullControl","True"
"Y:\ttbntfile1\shared\appsdata\groups\17-Xeroxscans\Allison\Lafayette Job Closes\Done by Allison\22J002-FHLC-2022 General Maintenance\8-CostControl\6-ReceivingReports","TONNANDBLANK\impactadmin","Allow","FullControl","True"
"Y:\ttbntfile1\shared\appsdata\groups\17-Xeroxscans\Allison\Lafayette Job Closes\Done by Allison\22J002-FHLC-2022 General Maintenance\8-CostControl\6-ReceivingReports","CREATOR OWNER","Allow","FullControl","True"
"Y:\ttbntfile1\shared\appsdata\groups\17-Xeroxscans\Allison\Lafayette Job Closes\Done by Allison\22J002-FHLC-2022 General Maintenance\8-CostControl\6-ReceivingReports","BUILTIN\Administrators","Allow","FullControl","True"
"Y:\ttbntfile1\shared\appsdata\groups\17-Xeroxscans\Allison\Lafayette Job Closes\Done by Allison\22J002-FHLC-2022 General Maintenance\8-CostControl\6-ReceivingReports","NT AUTHORITY\SYSTEM","Allow","FullControl","True"
"Y:\ttbntfile1\shared\appsdata\groups\17-Xeroxscans\Allison\Lafayette Job Closes\Done by Allison\22J002-FHLC-2022 General Maintenance\8-CostControl\7-FieldChecks","TONNANDBLANK\AVD Test Users","Allow","FullControl","True"
"Y:\ttbntfile1\shared\appsdata\groups\17-Xeroxscans\Allison\Lafayette Job Closes\Done by Allison\22J002-FHLC-2022 General Maintenance\8-CostControl\7-FieldChecks","TONNANDBLANK\impactadmin","Allow","FullControl","True"
"Y:\ttbntfile1\shared\appsdata\groups\17-Xeroxscans\Allison\Lafayette Job Closes\Done by Allison\22J002-FHLC-2022 General Maintenance\8-CostControl\7-FieldChecks","CREATOR OWNER","Allow","FullControl","True"
"Y:\ttbntfile1\shared\appsdata\groups\17-Xeroxscans\Allison\Lafayette Job Closes\Done by Allison\22J002-FHLC-2022 General Maintenance\8-CostControl\7-FieldChecks","BUILTIN\Administrators","Allow","FullControl","True"
"Y:\ttbntfile1\shared\appsdata\groups\17-Xeroxscans\Allison\Lafayette Job Closes\Done by Allison\22J002-FHLC-2022 General Maintenance\8-CostControl\7-FieldChecks","NT AUTHORITY\SYSTEM","Allow","FullControl","True"
"Y:\ttbntfile1\shared\appsdata\groups\17-Xeroxscans\Allison\Lafayette Job Closes\Done by Allison\22J002-FHLC-2022 General Maintenance\8-CostControl\8-InterofficeCorr","TONNANDBLANK\AVD Test Users","Allow","FullControl","True"
"Y:\ttbntfile1\shared\appsdata\groups\17-Xeroxscans\Allison\Lafayette Job Closes\Done by Allison\22J002-FHLC-2022 General Maintenance\8-CostControl\8-InterofficeCorr","TONNANDBLANK\impactadmin","Allow","FullControl","True"
"Y:\ttbntfile1\shared\appsdata\groups\17-Xeroxscans\Allison\Lafayette Job Closes\Done by Allison\22J002-FHLC-2022 General Maintenance\8-CostControl\8-InterofficeCorr","CREATOR OWNER","Allow","FullControl","True"
"Y:\ttbntfile1\shared\appsdata\groups\17-Xeroxscans\Allison\Lafayette Job Closes\Done by Allison\22J002-FHLC-2022 General Maintenance\8-CostControl\8-InterofficeCorr","BUILTIN\Administrators","Allow","FullControl","True"
"Y:\ttbntfile1\shared\appsdata\groups\17-Xeroxscans\Allison\Lafayette Job Closes\Done by Allison\22J002-FHLC-2022 General Maintenance\8-CostControl\8-InterofficeCorr","NT AUTHORITY\SYSTEM","Allow","FullControl","True"
"Y:\ttbntfile1\shared\appsdata\groups\17-Xeroxscans\Allison\Lafayette Job Closes\Done by Allison\22J002-FHLC-2022 General Maintenance\8-CostControl\9-ChangeRequests","TONNANDBLANK\AVD Test Users","Allow","FullControl","True"
"Y:\ttbntfile1\shared\appsdata\groups\17-Xeroxscans\Allison\Lafayette Job Closes\Done by Allison\22J002-FHLC-2022 General Maintenance\8-CostControl\9-ChangeRequests","TONNANDBLANK\impactadmin","Allow","FullControl","True"
"Y:\ttbntfile1\shared\appsdata\groups\17-Xeroxscans\Allison\Lafayette Job Closes\Done by Allison\22J002-FHLC-2022 General Maintenance\8-CostControl\9-ChangeRequests","CREATOR OWNER","Allow","FullControl","True"
"Y:\ttbntfile1\shared\appsdata\groups\17-Xeroxscans\Allison\Lafayette Job Closes\Done by Allison\22J002-FHLC-2022 General Maintenance\8-CostControl\9-ChangeRequests","BUILTIN\Administrators","Allow","FullControl","True"
"Y:\ttbntfile1\shared\appsdata\groups\17-Xeroxscans\Allison\Lafayette Job Closes\Done by Allison\22J002-FHLC-2022 General Maintenance\8-CostControl\9-ChangeRequests","NT AUTHORITY\SYSTEM","Allow","FullControl","True"
"Y:\ttbntfile1\shared\appsdata\groups\17-Xeroxscans\Allison\Lafayette Job Closes\Done by Allison\22J002-FHLC-2022 General Maintenance\8-CostControl\3-Billings\1-LaborBillRateCalc","TONNANDBLANK\AVD Test Users","Allow","FullControl","True"
"Y:\ttbntfile1\shared\appsdata\groups\17-Xeroxscans\Allison\Lafayette Job Closes\Done by Allison\22J002-FHLC-2022 General Maintenance\8-CostControl\3-Billings\1-LaborBillRateCalc","TONNANDBLANK\impactadmin","Allow","FullControl","True"
"Y:\ttbntfile1\shared\appsdata\groups\17-Xeroxscans\Allison\Lafayette Job Closes\Done by Allison\22J002-FHLC-2022 General Maintenance\8-CostControl\3-Billings\1-LaborBillRateCalc","CREATOR OWNER","Allow","FullControl","True"
"Y:\ttbntfile1\shared\appsdata\groups\17-Xeroxscans\Allison\Lafayette Job Closes\Done by Allison\22J002-FHLC-2022 General Maintenance\8-CostControl\3-Billings\1-LaborBillRateCalc","BUILTIN\Administrators","Allow","FullControl","True"
"Y:\ttbntfile1\shared\appsdata\groups\17-Xeroxscans\Allison\Lafayette Job Closes\Done by Allison\22J002-FHLC-2022 General Maintenance\8-CostControl\3-Billings\1-LaborBillRateCalc","NT AUTHORITY\SYSTEM","Allow","FullControl","True"
"Y:\ttbntfile1\shared\appsdata\groups\17-Xeroxscans\Allison\Lafayette Job Closes\Done by Allison\22J002-FHLC-2022 General Maintenance\8-CostControl\5-JCReports\1-LaborReports","TONNANDBLANK\AVD Test Users","Allow","FullControl","True"
"Y:\ttbntfile1\shared\appsdata\groups\17-Xeroxscans\Allison\Lafayette Job Closes\Done by Allison\22J002-FHLC-2022 General Maintenance\8-CostControl\5-JCReports\1-LaborReports","TONNANDBLANK\impactadmin","Allow","FullControl","True"
"Y:\ttbntfile1\shared\appsdata\groups\17-Xeroxscans\Allison\Lafayette Job Closes\Done by Allison\22J002-FHLC-2022 General Maintenance\8-CostControl\5-JCReports\1-LaborReports","CREATOR OWNER","Allow","FullControl","True"
"Y:\ttbntfile1\shared\appsdata\groups\17-Xeroxscans\Allison\Lafayette Job Closes\Done by Allison\22J002-FHLC-2022 General Maintenance\8-CostControl\5-JCReports\1-LaborReports","BUILTIN\Administrators","Allow","FullControl","True"
"Y:\ttbntfile1\shared\appsdata\groups\17-Xeroxscans\Allison\Lafayette Job Closes\Done by Allison\22J002-FHLC-2022 General Maintenance\8-CostControl\5-JCReports\1-LaborReports","NT AUTHORITY\SYSTEM","Allow","FullControl","True"
"Y:\ttbntfile1\shared\appsdata\groups\17-Xeroxscans\Allison\Lafayette Job Closes\Done by Allison\22J002-FHLC-2022 General Maintenance\8-CostControl\5-JCReports\1-LaborReports\1-CertifiedPayroll","TONNANDBLANK\AVD Test Users","Allow","FullControl","True"
"Y:\ttbntfile1\shared\appsdata\groups\17-Xeroxscans\Allison\Lafayette Job Closes\Done by Allison\22J002-FHLC-2022 General Maintenance\8-CostControl\5-JCReports\1-LaborReports\1-CertifiedPayroll","TONNANDBLANK\impactadmin","Allow","FullControl","True"
"Y:\ttbntfile1\shared\appsdata\groups\17-Xeroxscans\Allison\Lafayette Job Closes\Done by Allison\22J002-FHLC-2022 General Maintenance\8-CostControl\5-JCReports\1-LaborReports\1-CertifiedPayroll","CREATOR OWNER","Allow","FullControl","True"
"Y:\ttbntfile1\shared\appsdata\groups\17-Xeroxscans\Allison\Lafayette Job Closes\Done by Allison\22J002-FHLC-2022 General Maintenance\8-CostControl\5-JCReports\1-LaborReports\1-CertifiedPayroll","BUILTIN\Administrators","Allow","FullControl","True"
"Y:\ttbntfile1\shared\appsdata\groups\17-Xeroxscans\Allison\Lafayette Job Closes\Done by Allison\22J002-FHLC-2022 General Maintenance\8-CostControl\5-JCReports\1-LaborReports\1-CertifiedPayroll","NT AUTHORITY\SYSTEM","Allow","FullControl","True"
"Y:\ttbntfile1\shared\appsdata\groups\17-Xeroxscans\Allison\Lafayette Job Closes\Done by Allison\22J002-FHLC-2022 General Maintenance\8-CostControl\5-JCReports\1-LaborReports\2-DBEUtilization","TONNANDBLANK\AVD Test Users","Allow","FullControl","True"
"Y:\ttbntfile1\shared\appsdata\groups\17-Xeroxscans\Allison\Lafayette Job Closes\Done by Allison\22J002-FHLC-2022 General Maintenance\8-CostControl\5-JCReports\1-LaborReports\2-DBEUtilization","TONNANDBLANK\impactadmin","Allow","FullControl","True"
"Y:\ttbntfile1\shared\appsdata\groups\17-Xeroxscans\Allison\Lafayette Job Closes\Done by Allison\22J002-FHLC-2022 General Maintenance\8-CostControl\5-JCReports\1-LaborReports\2-DBEUtilization","CREATOR OWNER","Allow","FullControl","True"
"Y:\ttbntfile1\shared\appsdata\groups\17-Xeroxscans\Allison\Lafayette Job Closes\Done by Allison\22J002-FHLC-2022 General Maintenance\8-CostControl\5-JCReports\1-LaborReports\2-DBEUtilization","BUILTIN\Administrators","Allow","FullControl","True"
"Y:\ttbntfile1\shared\appsdata\groups\17-Xeroxscans\Allison\Lafayette Job Closes\Done by Allison\22J002-FHLC-2022 General Maintenance\8-CostControl\5-JCReports\1-LaborReports\2-DBEUtilization","NT AUTHORITY\SYSTEM","Allow","FullControl","True"
"Y:\ttbntfile1\shared\appsdata\groups\17-Xeroxscans\Allison\Lafayette Job Closes\Done by Allison\22J002-FHLC-2022 General Maintenance\9-Safety\1-Site Specific Safety Plan","TONNANDBLANK\AVD Test Users","Allow","FullControl","True"
"Y:\ttbntfile1\shared\appsdata\groups\17-Xeroxscans\Allison\Lafayette Job Closes\Done by Allison\22J002-FHLC-2022 General Maintenance\9-Safety\1-Site Specific Safety Plan","TONNANDBLANK\impactadmin","Allow","FullControl","True"
"Y:\ttbntfile1\shared\appsdata\groups\17-Xeroxscans\Allison\Lafayette Job Closes\Done by Allison\22J002-FHLC-2022 General Maintenance\9-Safety\1-Site Specific Safety Plan","CREATOR OWNER","Allow","FullControl","True"
"Y:\ttbntfile1\shared\appsdata\groups\17-Xeroxscans\Allison\Lafayette Job Closes\Done by Allison\22J002-FHLC-2022 General Maintenance\9-Safety\1-Site Specific Safety Plan","BUILTIN\Administrators","Allow","FullControl","True"
"Y:\ttbntfile1\shared\appsdata\groups\17-Xeroxscans\Allison\Lafayette Job Closes\Done by Allison\22J002-FHLC-2022 General Maintenance\9-Safety\1-Site Specific Safety Plan","NT AUTHORITY\SYSTEM","Allow","FullControl","True"
"Y:\ttbntfile1\shared\appsdata\groups\17-Xeroxscans\Allison\Lafayette Job Closes\Done by Allison\22J002-FHLC-2022 General Maintenance\9-Safety\10-Shut Down Notices","TONNANDBLANK\AVD Test Users","Allow","FullControl","True"
"Y:\ttbntfile1\shared\appsdata\groups\17-Xeroxscans\Allison\Lafayette Job Closes\Done by Allison\22J002-FHLC-2022 General Maintenance\9-Safety\10-Shut Down Notices","TONNANDBLANK\impactadmin","Allow","FullControl","True"
"Y:\ttbntfile1\shared\appsdata\groups\17-Xeroxscans\Allison\Lafayette Job Closes\Done by Allison\22J002-FHLC-2022 General Maintenance\9-Safety\10-Shut Down Notices","CREATOR OWNER","Allow","FullControl","True"
"Y:\ttbntfile1\shared\appsdata\groups\17-Xeroxscans\Allison\Lafayette Job Closes\Done by Allison\22J002-FHLC-2022 General Maintenance\9-Safety\10-Shut Down Notices","BUILTIN\Administrators","Allow","FullControl","True"
"Y:\ttbntfile1\shared\appsdata\groups\17-Xeroxscans\Allison\Lafayette Job Closes\Done by Allison\22J002-FHLC-2022 General Maintenance\9-Safety\10-Shut Down Notices","NT AUTHORITY\SYSTEM","Allow","FullControl","True"
"Y:\ttbntfile1\shared\appsdata\groups\17-Xeroxscans\Allison\Lafayette Job Closes\Done by Allison\22J002-FHLC-2022 General Maintenance\9-Safety\2-3rd Party Health and Safety Inspection Reports","TONNANDBLANK\AVD Test Users","Allow","FullControl","True"
"Y:\ttbntfile1\shared\appsdata\groups\17-Xeroxscans\Allison\Lafayette Job Closes\Done by Allison\22J002-FHLC-2022 General Maintenance\9-Safety\2-3rd Party Health and Safety Inspection Reports","TONNANDBLANK\impactadmin","Allow","FullControl","True"
"Y:\ttbntfile1\shared\appsdata\groups\17-Xeroxscans\Allison\Lafayette Job Closes\Done by Allison\22J002-FHLC-2022 General Maintenance\9-Safety\2-3rd Party Health and Safety Inspection Reports","CREATOR OWNER","Allow","FullControl","True"
"Y:\ttbntfile1\shared\appsdata\groups\17-Xeroxscans\Allison\Lafayette Job Closes\Done by Allison\22J002-FHLC-2022 General Maintenance\9-Safety\2-3rd Party Health and Safety Inspection Reports","BUILTIN\Administrators","Allow","FullControl","True"
"Y:\ttbntfile1\shared\appsdata\groups\17-Xeroxscans\Allison\Lafayette Job Closes\Done by Allison\22J002-FHLC-2022 General Maintenance\9-Safety\2-3rd Party Health and Safety Inspection Reports","NT AUTHORITY\SYSTEM","Allow","FullControl","True"
"Y:\ttbntfile1\shared\appsdata\groups\17-Xeroxscans\Allison\Lafayette Job Closes\Done by Allison\22J002-FHLC-2022 General Maintenance\9-Safety\3-OSHA Inspections","TONNANDBLANK\AVD Test Users","Allow","FullControl","True"
"Y:\ttbntfile1\shared\appsdata\groups\17-Xeroxscans\Allison\Lafayette Job Closes\Done by Allison\22J002-FHLC-2022 General Maintenance\9-Safety\3-OSHA Inspections","TONNANDBLANK\impactadmin","Allow","FullControl","True"
"Y:\ttbntfile1\shared\appsdata\groups\17-Xeroxscans\Allison\Lafayette Job Closes\Done by Allison\22J002-FHLC-2022 General Maintenance\9-Safety\3-OSHA Inspections","CREATOR OWNER","Allow","FullControl","True"
"Y:\ttbntfile1\shared\appsdata\groups\17-Xeroxscans\Allison\Lafayette Job Closes\Done by Allison\22J002-FHLC-2022 General Maintenance\9-Safety\3-OSHA Inspections","BUILTIN\Administrators","Allow","FullControl","True"
"Y:\ttbntfile1\shared\appsdata\groups\17-Xeroxscans\Allison\Lafayette Job Closes\Done by Allison\22J002-FHLC-2022 General Maintenance\9-Safety\3-OSHA Inspections","NT AUTHORITY\SYSTEM","Allow","FullControl","True"
"Y:\ttbntfile1\shared\appsdata\groups\17-Xeroxscans\Allison\Lafayette Job Closes\Done by Allison\22J002-FHLC-2022 General Maintenance\9-Safety\4-Utility Locates","TONNANDBLANK\AVD Test Users","Allow","FullControl","True"
"Y:\ttbntfile1\shared\appsdata\groups\17-Xeroxscans\Allison\Lafayette Job Closes\Done by Allison\22J002-FHLC-2022 General Maintenance\9-Safety\4-Utility Locates","TONNANDBLANK\impactadmin","Allow","FullControl","True"
"Y:\ttbntfile1\shared\appsdata\groups\17-Xeroxscans\Allison\Lafayette Job Closes\Done by Allison\22J002-FHLC-2022 General Maintenance\9-Safety\4-Utility Locates","CREATOR OWNER","Allow","FullControl","True"
"Y:\ttbntfile1\shared\appsdata\groups\17-Xeroxscans\Allison\Lafayette Job Closes\Done by Allison\22J002-FHLC-2022 General Maintenance\9-Safety\4-Utility Locates","BUILTIN\Administrators","Allow","FullControl","True"
"Y:\ttbntfile1\shared\appsdata\groups\17-Xeroxscans\Allison\Lafayette Job Closes\Done by Allison\22J002-FHLC-2022 General Maintenance\9-Safety\4-Utility Locates","NT AUTHORITY\SYSTEM","Allow","FullControl","True"
"Y:\ttbntfile1\shared\appsdata\groups\17-Xeroxscans\Allison\Lafayette Job Closes\Done by Allison\22J002-FHLC-2022 General Maintenance\9-Safety\5-MSDS Sheets","TONNANDBLANK\AVD Test Users","Allow","FullControl","True"
"Y:\ttbntfile1\shared\appsdata\groups\17-Xeroxscans\Allison\Lafayette Job Closes\Done by Allison\22J002-FHLC-2022 General Maintenance\9-Safety\5-MSDS Sheets","TONNANDBLANK\impactadmin","Allow","FullControl","True"
"Y:\ttbntfile1\shared\appsdata\groups\17-Xeroxscans\Allison\Lafayette Job Closes\Done by Allison\22J002-FHLC-2022 General Maintenance\9-Safety\5-MSDS Sheets","CREATOR OWNER","Allow","FullControl","True"
"Y:\ttbntfile1\shared\appsdata\groups\17-Xeroxscans\Allison\Lafayette Job Closes\Done by Allison\22J002-FHLC-2022 General Maintenance\9-Safety\5-MSDS Sheets","BUILTIN\Administrators","Allow","FullControl","True"
"Y:\ttbntfile1\shared\appsdata\groups\17-Xeroxscans\Allison\Lafayette Job Closes\Done by Allison\22J002-FHLC-2022 General Maintenance\9-Safety\5-MSDS Sheets","NT AUTHORITY\SYSTEM","Allow","FullControl","True"
"Y:\ttbntfile1\shared\appsdata\groups\17-Xeroxscans\Allison\Lafayette Job Closes\Done by Allison\22J002-FHLC-2022 General Maintenance\9-Safety\6-Safety Audit","TONNANDBLANK\AVD Test Users","Allow","FullControl","True"
"Y:\ttbntfile1\shared\appsdata\groups\17-Xeroxscans\Allison\Lafayette Job Closes\Done by Allison\22J002-FHLC-2022 General Maintenance\9-Safety\6-Safety Audit","TONNANDBLANK\impactadmin","Allow","FullControl","True"
"Y:\ttbntfile1\shared\appsdata\groups\17-Xeroxscans\Allison\Lafayette Job Closes\Done by Allison\22J002-FHLC-2022 General Maintenance\9-Safety\6-Safety Audit","CREATOR OWNER","Allow","FullControl","True"
"Y:\ttbntfile1\shared\appsdata\groups\17-Xeroxscans\Allison\Lafayette Job Closes\Done by Allison\22J002-FHLC-2022 General Maintenance\9-Safety\6-Safety Audit","BUILTIN\Administrators","Allow","FullControl","True"
"Y:\ttbntfile1\shared\appsdata\groups\17-Xeroxscans\Allison\Lafayette Job Closes\Done by Allison\22J002-FHLC-2022 General Maintenance\9-Safety\6-Safety Audit","NT AUTHORITY\SYSTEM","Allow","FullControl","True"
"Y:\ttbntfile1\shared\appsdata\groups\17-Xeroxscans\Allison\Lafayette Job Closes\Done by Allison\22J002-FHLC-2022 General Maintenance\9-Safety\7-Incident Report","TONNANDBLANK\AVD Test Users","Allow","FullControl","True"
"Y:\ttbntfile1\shared\appsdata\groups\17-Xeroxscans\Allison\Lafayette Job Closes\Done by Allison\22J002-FHLC-2022 General Maintenance\9-Safety\7-Incident Report","TONNANDBLANK\impactadmin","Allow","FullControl","True"
"Y:\ttbntfile1\shared\appsdata\groups\17-Xeroxscans\Allison\Lafayette Job Closes\Done by Allison\22J002-FHLC-2022 General Maintenance\9-Safety\7-Incident Report","CREATOR OWNER","Allow","FullControl","True"
"Y:\ttbntfile1\shared\appsdata\groups\17-Xeroxscans\Allison\Lafayette Job Closes\Done by Allison\22J002-FHLC-2022 General Maintenance\9-Safety\7-Incident Report","BUILTIN\Administrators","Allow","FullControl","True"
"Y:\ttbntfile1\shared\appsdata\groups\17-Xeroxscans\Allison\Lafayette Job Closes\Done by Allison\22J002-FHLC-2022 General Maintenance\9-Safety\7-Incident Report","NT AUTHORITY\SYSTEM","Allow","FullControl","True"
"Y:\ttbntfile1\shared\appsdata\groups\17-Xeroxscans\Allison\Lafayette Job Closes\Done by Allison\22J002-FHLC-2022 General Maintenance\9-Safety\8-Hot Work Permit","TONNANDBLANK\AVD Test Users","Allow","FullControl","True"
"Y:\ttbntfile1\shared\appsdata\groups\17-Xeroxscans\Allison\Lafayette Job Closes\Done by Allison\22J002-FHLC-2022 General Maintenance\9-Safety\8-Hot Work Permit","TONNANDBLANK\impactadmin","Allow","FullControl","True"
"Y:\ttbntfile1\shared\appsdata\groups\17-Xeroxscans\Allison\Lafayette Job Closes\Done by Allison\22J002-FHLC-2022 General Maintenance\9-Safety\8-Hot Work Permit","CREATOR OWNER","Allow","FullControl","True"
"Y:\ttbntfile1\shared\appsdata\groups\17-Xeroxscans\Allison\Lafayette Job Closes\Done by Allison\22J002-FHLC-2022 General Maintenance\9-Safety\8-Hot Work Permit","BUILTIN\Administrators","Allow","FullControl","True"
"Y:\ttbntfile1\shared\appsdata\groups\17-Xeroxscans\Allison\Lafayette Job Closes\Done by Allison\22J002-FHLC-2022 General Maintenance\9-Safety\8-Hot Work Permit","NT AUTHORITY\SYSTEM","Allow","FullControl","True"
"Y:\ttbntfile1\shared\appsdata\groups\17-Xeroxscans\Allison\Lafayette Job Closes\Done by Allison\22J002-FHLC-2022 General Maintenance\9-Safety\9-Excavation Permit","TONNANDBLANK\AVD Test Users","Allow","FullControl","True"
"Y:\ttbntfile1\shared\appsdata\groups\17-Xeroxscans\Allison\Lafayette Job Closes\Done by Allison\22J002-FHLC-2022 General Maintenance\9-Safety\9-Excavation Permit","TONNANDBLANK\impactadmin","Allow","FullControl","True"
"Y:\ttbntfile1\shared\appsdata\groups\17-Xeroxscans\Allison\Lafayette Job Closes\Done by Allison\22J002-FHLC-2022 General Maintenance\9-Safety\9-Excavation Permit","CREATOR OWNER","Allow","FullControl","True"
"Y:\ttbntfile1\shared\appsdata\groups\17-Xeroxscans\Allison\Lafayette Job Closes\Done by Allison\22J002-FHLC-2022 General Maintenance\9-Safety\9-Excavation Permit","BUILTIN\Administrators","Allow","FullControl","True"
"Y:\ttbntfile1\shared\appsdata\groups\17-Xeroxscans\Allison\Lafayette Job Closes\Done by Allison\22J002-FHLC-2022 General Maintenance\9-Safety\9-Excavation Permit","NT AUTHORITY\SYSTEM","Allow","FullControl","True"
"Y:\ttbntfile1\shared\appsdata\groups\17-Xeroxscans\Allison\Lafayette Job Closes\Done by Allison\22J002-FHLC-2022 General Maintenance\9-Safety\6-Safety Audit\01-JSA","TONNANDBLANK\AVD Test Users","Allow","FullControl","True"
"Y:\ttbntfile1\shared\appsdata\groups\17-Xeroxscans\Allison\Lafayette Job Closes\Done by Allison\22J002-FHLC-2022 General Maintenance\9-Safety\6-Safety Audit\01-JSA","TONNANDBLANK\impactadmin","Allow","FullControl","True"
"Y:\ttbntfile1\shared\appsdata\groups\17-Xeroxscans\Allison\Lafayette Job Closes\Done by Allison\22J002-FHLC-2022 General Maintenance\9-Safety\6-Safety Audit\01-JSA","CREATOR OWNER","Allow","FullControl","True"
"Y:\ttbntfile1\shared\appsdata\groups\17-Xeroxscans\Allison\Lafayette Job Closes\Done by Allison\22J002-FHLC-2022 General Maintenance\9-Safety\6-Safety Audit\01-JSA","BUILTIN\Administrators","Allow","FullControl","True"
"Y:\ttbntfile1\shared\appsdata\groups\17-Xeroxscans\Allison\Lafayette Job Closes\Done by Allison\22J002-FHLC-2022 General Maintenance\9-Safety\6-Safety Audit\01-JSA","NT AUTHORITY\SYSTEM","Allow","FullControl","True"
"Y:\ttbntfile1\shared\appsdata\groups\17-Xeroxscans\Allison\Lafayette Job Closes\Done by Allison\22J002-FHLC-2022 General Maintenance\9-Safety\6-Safety Audit\02-Toolbox Talks","TONNANDBLANK\AVD Test Users","Allow","FullControl","True"
"Y:\ttbntfile1\shared\appsdata\groups\17-Xeroxscans\Allison\Lafayette Job Closes\Done by Allison\22J002-FHLC-2022 General Maintenance\9-Safety\6-Safety Audit\02-Toolbox Talks","TONNANDBLANK\impactadmin","Allow","FullControl","True"
"Y:\ttbntfile1\shared\appsdata\groups\17-Xeroxscans\Allison\Lafayette Job Closes\Done by Allison\22J002-FHLC-2022 General Maintenance\9-Safety\6-Safety Audit\02-Toolbox Talks","CREATOR OWNER","Allow","FullControl","True"
"Y:\ttbntfile1\shared\appsdata\groups\17-Xeroxscans\Allison\Lafayette Job Closes\Done by Allison\22J002-FHLC-2022 General Maintenance\9-Safety\6-Safety Audit\02-Toolbox Talks","BUILTIN\Administrators","Allow","FullControl","True"
"Y:\ttbntfile1\shared\appsdata\groups\17-Xeroxscans\Allison\Lafayette Job Closes\Done by Allison\22J002-FHLC-2022 General Maintenance\9-Safety\6-Safety Audit\02-Toolbox Talks","NT AUTHORITY\SYSTEM","Allow","FullControl","True"
"Y:\ttbntfile1\shared\appsdata\groups\17-Xeroxscans\Allison\Lafayette Job Closes\Done by Allison\22J002-FHLC-2022 General Maintenance\9-Safety\6-Safety Audit\03-Weekly Job inspection","TONNANDBLANK\AVD Test Users","Allow","FullControl","True"
"Y:\ttbntfile1\shared\appsdata\groups\17-Xeroxscans\Allison\Lafayette Job Closes\Done by Allison\22J002-FHLC-2022 General Maintenance\9-Safety\6-Safety Audit\03-Weekly Job inspection","TONNANDBLANK\impactadmin","Allow","FullControl","True"
"Y:\ttbntfile1\shared\appsdata\groups\17-Xeroxscans\Allison\Lafayette Job Closes\Done by Allison\22J002-FHLC-2022 General Maintenance\9-Safety\6-Safety Audit\03-Weekly Job inspection","CREATOR OWNER","Allow","FullControl","True"
"Y:\ttbntfile1\shared\appsdata\groups\17-Xeroxscans\Allison\Lafayette Job Closes\Done by Allison\22J002-FHLC-2022 General Maintenance\9-Safety\6-Safety Audit\03-Weekly Job inspection","BUILTIN\Administrators","Allow","FullControl","True"
"Y:\ttbntfile1\shared\appsdata\groups\17-Xeroxscans\Allison\Lafayette Job Closes\Done by Allison\22J002-FHLC-2022 General Maintenance\9-Safety\6-Safety Audit\03-Weekly Job inspection","NT AUTHORITY\SYSTEM","Allow","FullControl","True"
"Y:\ttbntfile1\shared\appsdata\groups\17-Xeroxscans\Allison\Lafayette Job Closes\Done by Allison\22J002-FHLC-2022 General Maintenance\9-Safety\7-Incident Report\01-Near Miss Investigations","TONNANDBLANK\AVD Test Users","Allow","FullControl","True"
"Y:\ttbntfile1\shared\appsdata\groups\17-Xeroxscans\Allison\Lafayette Job Closes\Done by Allison\22J002-FHLC-2022 General Maintenance\9-Safety\7-Incident Report\01-Near Miss Investigations","TONNANDBLANK\impactadmin","Allow","FullControl","True"
"Y:\ttbntfile1\shared\appsdata\groups\17-Xeroxscans\Allison\Lafayette Job Closes\Done by Allison\22J002-FHLC-2022 General Maintenance\9-Safety\7-Incident Report\01-Near Miss Investigations","CREATOR OWNER","Allow","FullControl","True"
"Y:\ttbntfile1\shared\appsdata\groups\17-Xeroxscans\Allison\Lafayette Job Closes\Done by Allison\22J002-FHLC-2022 General Maintenance\9-Safety\7-Incident Report\01-Near Miss Investigations","BUILTIN\Administrators","Allow","FullControl","True"
"Y:\ttbntfile1\shared\appsdata\groups\17-Xeroxscans\Allison\Lafayette Job Closes\Done by Allison\22J002-FHLC-2022 General Maintenance\9-Safety\7-Incident Report\01-Near Miss Investigations","NT AUTHORITY\SYSTEM","Allow","FullControl","True"
"Y:\ttbntfile1\shared\appsdata\groups\17-Xeroxscans\Allison\Lafayette Job Closes\Done by Allison\23T003_FHLE Temp Drive Removal\1-PreconEstimate","TONNANDBLANK\AVD Test Users","Allow","FullControl","True"
"Y:\ttbntfile1\shared\appsdata\groups\17-Xeroxscans\Allison\Lafayette Job Closes\Done by Allison\23T003_FHLE Temp Drive Removal\1-PreconEstimate","TONNANDBLANK\impactadmin","Allow","FullControl","True"
"Y:\ttbntfile1\shared\appsdata\groups\17-Xeroxscans\Allison\Lafayette Job Closes\Done by Allison\23T003_FHLE Temp Drive Removal\1-PreconEstimate","CREATOR OWNER","Allow","FullControl","True"
"Y:\ttbntfile1\shared\appsdata\groups\17-Xeroxscans\Allison\Lafayette Job Closes\Done by Allison\23T003_FHLE Temp Drive Removal\1-PreconEstimate","BUILTIN\Administrators","Allow","FullControl","True"
"Y:\ttbntfile1\shared\appsdata\groups\17-Xeroxscans\Allison\Lafayette Job Closes\Done by Allison\23T003_FHLE Temp Drive Removal\1-PreconEstimate","NT AUTHORITY\SYSTEM","Allow","FullControl","True"
"Y:\ttbntfile1\shared\appsdata\groups\17-Xeroxscans\Allison\Lafayette Job Closes\Done by Allison\23T003_FHLE Temp Drive Removal\10-QualityControl","TONNANDBLANK\AVD Test Users","Allow","FullControl","True"
"Y:\ttbntfile1\shared\appsdata\groups\17-Xeroxscans\Allison\Lafayette Job Closes\Done by Allison\23T003_FHLE Temp Drive Removal\10-QualityControl","TONNANDBLANK\impactadmin","Allow","FullControl","True"
"Y:\ttbntfile1\shared\appsdata\groups\17-Xeroxscans\Allison\Lafayette Job Closes\Done by Allison\23T003_FHLE Temp Drive Removal\10-QualityControl","CREATOR OWNER","Allow","FullControl","True"
"Y:\ttbntfile1\shared\appsdata\groups\17-Xeroxscans\Allison\Lafayette Job Closes\Done by Allison\23T003_FHLE Temp Drive Removal\10-QualityControl","BUILTIN\Administrators","Allow","FullControl","True"
"Y:\ttbntfile1\shared\appsdata\groups\17-Xeroxscans\Allison\Lafayette Job Closes\Done by Allison\23T003_FHLE Temp Drive Removal\10-QualityControl","NT AUTHORITY\SYSTEM","Allow","FullControl","True"
"Y:\ttbntfile1\shared\appsdata\groups\17-Xeroxscans\Allison\Lafayette Job Closes\Done by Allison\23T003_FHLE Temp Drive Removal\11-CloseOut","TONNANDBLANK\AVD Test Users","Allow","FullControl","True"
"Y:\ttbntfile1\shared\appsdata\groups\17-Xeroxscans\Allison\Lafayette Job Closes\Done by Allison\23T003_FHLE Temp Drive Removal\11-CloseOut","TONNANDBLANK\impactadmin","Allow","FullControl","True"
"Y:\ttbntfile1\shared\appsdata\groups\17-Xeroxscans\Allison\Lafayette Job Closes\Done by Allison\23T003_FHLE Temp Drive Removal\11-CloseOut","CREATOR OWNER","Allow","FullControl","True"
"Y:\ttbntfile1\shared\appsdata\groups\17-Xeroxscans\Allison\Lafayette Job Closes\Done by Allison\23T003_FHLE Temp Drive Removal\11-CloseOut","BUILTIN\Administrators","Allow","FullControl","True"
"Y:\ttbntfile1\shared\appsdata\groups\17-Xeroxscans\Allison\Lafayette Job Closes\Done by Allison\23T003_FHLE Temp Drive Removal\11-CloseOut","NT AUTHORITY\SYSTEM","Allow","FullControl","True"
"Y:\ttbntfile1\shared\appsdata\groups\17-Xeroxscans\Allison\Lafayette Job Closes\Done by Allison\23T003_FHLE Temp Drive Removal\12-Miscel","TONNANDBLANK\AVD Test Users","Allow","FullControl","True"
"Y:\ttbntfile1\shared\appsdata\groups\17-Xeroxscans\Allison\Lafayette Job Closes\Done by Allison\23T003_FHLE Temp Drive Removal\12-Miscel","TONNANDBLANK\impactadmin","Allow","FullControl","True"
"Y:\ttbntfile1\shared\appsdata\groups\17-Xeroxscans\Allison\Lafayette Job Closes\Done by Allison\23T003_FHLE Temp Drive Removal\12-Miscel","CREATOR OWNER","Allow","FullControl","True"
"Y:\ttbntfile1\shared\appsdata\groups\17-Xeroxscans\Allison\Lafayette Job Closes\Done by Allison\23T003_FHLE Temp Drive Removal\12-Miscel","BUILTIN\Administrators","Allow","FullControl","True"
"Y:\ttbntfile1\shared\appsdata\groups\17-Xeroxscans\Allison\Lafayette Job Closes\Done by Allison\23T003_FHLE Temp Drive Removal\12-Miscel","NT AUTHORITY\SYSTEM","Allow","FullControl","True"
"Y:\ttbntfile1\shared\appsdata\groups\17-Xeroxscans\Allison\Lafayette Job Closes\Done by Allison\23T003_FHLE Temp Drive Removal\2-OwnerCustomer","TONNANDBLANK\AVD Test Users","Allow","FullControl","True"
"Y:\ttbntfile1\shared\appsdata\groups\17-Xeroxscans\Allison\Lafayette Job Closes\Done by Allison\23T003_FHLE Temp Drive Removal\2-OwnerCustomer","TONNANDBLANK\impactadmin","Allow","FullControl","True"
"Y:\ttbntfile1\shared\appsdata\groups\17-Xeroxscans\Allison\Lafayette Job Closes\Done by Allison\23T003_FHLE Temp Drive Removal\2-OwnerCustomer","CREATOR OWNER","Allow","FullControl","True"
"Y:\ttbntfile1\shared\appsdata\groups\17-Xeroxscans\Allison\Lafayette Job Closes\Done by Allison\23T003_FHLE Temp Drive Removal\2-OwnerCustomer","BUILTIN\Administrators","Allow","FullControl","True"
"Y:\ttbntfile1\shared\appsdata\groups\17-Xeroxscans\Allison\Lafayette Job Closes\Done by Allison\23T003_FHLE Temp Drive Removal\2-OwnerCustomer","NT AUTHORITY\SYSTEM","Allow","FullControl","True"
"Y:\ttbntfile1\shared\appsdata\groups\17-Xeroxscans\Allison\Lafayette Job Closes\Done by Allison\23T003_FHLE Temp Drive Removal\3-ArchitectsEngineers","TONNANDBLANK\AVD Test Users","Allow","FullControl","True"
"Y:\ttbntfile1\shared\appsdata\groups\17-Xeroxscans\Allison\Lafayette Job Closes\Done by Allison\23T003_FHLE Temp Drive Removal\3-ArchitectsEngineers","TONNANDBLANK\impactadmin","Allow","FullControl","True"
"Y:\ttbntfile1\shared\appsdata\groups\17-Xeroxscans\Allison\Lafayette Job Closes\Done by Allison\23T003_FHLE Temp Drive Removal\3-ArchitectsEngineers","CREATOR OWNER","Allow","FullControl","True"
"Y:\ttbntfile1\shared\appsdata\groups\17-Xeroxscans\Allison\Lafayette Job Closes\Done by Allison\23T003_FHLE Temp Drive Removal\3-ArchitectsEngineers","BUILTIN\Administrators","Allow","FullControl","True"
"Y:\ttbntfile1\shared\appsdata\groups\17-Xeroxscans\Allison\Lafayette Job Closes\Done by Allison\23T003_FHLE Temp Drive Removal\3-ArchitectsEngineers","NT AUTHORITY\SYSTEM","Allow","FullControl","True"
"Y:\ttbntfile1\shared\appsdata\groups\17-Xeroxscans\Allison\Lafayette Job Closes\Done by Allison\23T003_FHLE Temp Drive Removal\4-DocumentControl","TONNANDBLANK\AVD Test Users","Allow","FullControl","True"
"Y:\ttbntfile1\shared\appsdata\groups\17-Xeroxscans\Allison\Lafayette Job Closes\Done by Allison\23T003_FHLE Temp Drive Removal\4-DocumentControl","TONNANDBLANK\impactadmin","Allow","FullControl","True"
"Y:\ttbntfile1\shared\appsdata\groups\17-Xeroxscans\Allison\Lafayette Job Closes\Done by Allison\23T003_FHLE Temp Drive Removal\4-DocumentControl","CREATOR OWNER","Allow","FullControl","True"
"Y:\ttbntfile1\shared\appsdata\groups\17-Xeroxscans\Allison\Lafayette Job Closes\Done by Allison\23T003_FHLE Temp Drive Removal\4-DocumentControl","BUILTIN\Administrators","Allow","FullControl","True"
"Y:\ttbntfile1\shared\appsdata\groups\17-Xeroxscans\Allison\Lafayette Job Closes\Done by Allison\23T003_FHLE Temp Drive Removal\4-DocumentControl","NT AUTHORITY\SYSTEM","Allow","FullControl","True"
"Y:\ttbntfile1\shared\appsdata\groups\17-Xeroxscans\Allison\Lafayette Job Closes\Done by Allison\23T003_FHLE Temp Drive Removal\5-GovtCorr","TONNANDBLANK\AVD Test Users","Allow","FullControl","True"
"Y:\ttbntfile1\shared\appsdata\groups\17-Xeroxscans\Allison\Lafayette Job Closes\Done by Allison\23T003_FHLE Temp Drive Removal\5-GovtCorr","TONNANDBLANK\impactadmin","Allow","FullControl","True"
"Y:\ttbntfile1\shared\appsdata\groups\17-Xeroxscans\Allison\Lafayette Job Closes\Done by Allison\23T003_FHLE Temp Drive Removal\5-GovtCorr","CREATOR OWNER","Allow","FullControl","True"
"Y:\ttbntfile1\shared\appsdata\groups\17-Xeroxscans\Allison\Lafayette Job Closes\Done by Allison\23T003_FHLE Temp Drive Removal\5-GovtCorr","BUILTIN\Administrators","Allow","FullControl","True"
"Y:\ttbntfile1\shared\appsdata\groups\17-Xeroxscans\Allison\Lafayette Job Closes\Done by Allison\23T003_FHLE Temp Drive Removal\5-GovtCorr","NT AUTHORITY\SYSTEM","Allow","FullControl","True"
"Y:\ttbntfile1\shared\appsdata\groups\17-Xeroxscans\Allison\Lafayette Job Closes\Done by Allison\23T003_FHLE Temp Drive Removal\6-PO_Sub_Consultants","TONNANDBLANK\AVD Test Users","Allow","FullControl","True"
"Y:\ttbntfile1\shared\appsdata\groups\17-Xeroxscans\Allison\Lafayette Job Closes\Done by Allison\23T003_FHLE Temp Drive Removal\6-PO_Sub_Consultants","TONNANDBLANK\impactadmin","Allow","FullControl","True"
"Y:\ttbntfile1\shared\appsdata\groups\17-Xeroxscans\Allison\Lafayette Job Closes\Done by Allison\23T003_FHLE Temp Drive Removal\6-PO_Sub_Consultants","CREATOR OWNER","Allow","FullControl","True"
"Y:\ttbntfile1\shared\appsdata\groups\17-Xeroxscans\Allison\Lafayette Job Closes\Done by Allison\23T003_FHLE Temp Drive Removal\6-PO_Sub_Consultants","BUILTIN\Administrators","Allow","FullControl","True"
"Y:\ttbntfile1\shared\appsdata\groups\17-Xeroxscans\Allison\Lafayette Job Closes\Done by Allison\23T003_FHLE Temp Drive Removal\6-PO_Sub_Consultants","NT AUTHORITY\SYSTEM","Allow","FullControl","True"
"Y:\ttbntfile1\shared\appsdata\groups\17-Xeroxscans\Allison\Lafayette Job Closes\Done by Allison\23T003_FHLE Temp Drive Removal\7-JobProgress","TONNANDBLANK\AVD Test Users","Allow","FullControl","True"
"Y:\ttbntfile1\shared\appsdata\groups\17-Xeroxscans\Allison\Lafayette Job Closes\Done by Allison\23T003_FHLE Temp Drive Removal\7-JobProgress","TONNANDBLANK\impactadmin","Allow","FullControl","True"
"Y:\ttbntfile1\shared\appsdata\groups\17-Xeroxscans\Allison\Lafayette Job Closes\Done by Allison\23T003_FHLE Temp Drive Removal\7-JobProgress","CREATOR OWNER","Allow","FullControl","True"
"Y:\ttbntfile1\shared\appsdata\groups\17-Xeroxscans\Allison\Lafayette Job Closes\Done by Allison\23T003_FHLE Temp Drive Removal\7-JobProgress","BUILTIN\Administrators","Allow","FullControl","True"
"Y:\ttbntfile1\shared\appsdata\groups\17-Xeroxscans\Allison\Lafayette Job Closes\Done by Allison\23T003_FHLE Temp Drive Removal\7-JobProgress","NT AUTHORITY\SYSTEM","Allow","FullControl","True"
"Y:\ttbntfile1\shared\appsdata\groups\17-Xeroxscans\Allison\Lafayette Job Closes\Done by Allison\23T003_FHLE Temp Drive Removal\8-CostControl","TONNANDBLANK\AVD Test Users","Allow","FullControl","True"
"Y:\ttbntfile1\shared\appsdata\groups\17-Xeroxscans\Allison\Lafayette Job Closes\Done by Allison\23T003_FHLE Temp Drive Removal\8-CostControl","TONNANDBLANK\impactadmin","Allow","FullControl","True"
"Y:\ttbntfile1\shared\appsdata\groups\17-Xeroxscans\Allison\Lafayette Job Closes\Done by Allison\23T003_FHLE Temp Drive Removal\8-CostControl","CREATOR OWNER","Allow","FullControl","True"
"Y:\ttbntfile1\shared\appsdata\groups\17-Xeroxscans\Allison\Lafayette Job Closes\Done by Allison\23T003_FHLE Temp Drive Removal\8-CostControl","BUILTIN\Administrators","Allow","FullControl","True"
"Y:\ttbntfile1\shared\appsdata\groups\17-Xeroxscans\Allison\Lafayette Job Closes\Done by Allison\23T003_FHLE Temp Drive Removal\8-CostControl","NT AUTHORITY\SYSTEM","Allow","FullControl","True"
"Y:\ttbntfile1\shared\appsdata\groups\17-Xeroxscans\Allison\Lafayette Job Closes\Done by Allison\23T003_FHLE Temp Drive Removal\9-Safety","TONNANDBLANK\AVD Test Users","Allow","FullControl","True"
"Y:\ttbntfile1\shared\appsdata\groups\17-Xeroxscans\Allison\Lafayette Job Closes\Done by Allison\23T003_FHLE Temp Drive Removal\9-Safety","TONNANDBLANK\impactadmin","Allow","FullControl","True"
"Y:\ttbntfile1\shared\appsdata\groups\17-Xeroxscans\Allison\Lafayette Job Closes\Done by Allison\23T003_FHLE Temp Drive Removal\9-Safety","CREATOR OWNER","Allow","FullControl","True"
"Y:\ttbntfile1\shared\appsdata\groups\17-Xeroxscans\Allison\Lafayette Job Closes\Done by Allison\23T003_FHLE Temp Drive Removal\9-Safety","BUILTIN\Administrators","Allow","FullControl","True"
"Y:\ttbntfile1\shared\appsdata\groups\17-Xeroxscans\Allison\Lafayette Job Closes\Done by Allison\23T003_FHLE Temp Drive Removal\9-Safety","NT AUTHORITY\SYSTEM","Allow","FullControl","True"
"Y:\ttbntfile1\shared\appsdata\groups\17-Xeroxscans\Allison\Lafayette Job Closes\Done by Allison\23T003_FHLE Temp Drive Removal\1-PreconEstimate\1-Estimate","TONNANDBLANK\AVD Test Users","Allow","FullControl","True"
"Y:\ttbntfile1\shared\appsdata\groups\17-Xeroxscans\Allison\Lafayette Job Closes\Done by Allison\23T003_FHLE Temp Drive Removal\1-PreconEstimate\1-Estimate","TONNANDBLANK\impactadmin","Allow","FullControl","True"
"Y:\ttbntfile1\shared\appsdata\groups\17-Xeroxscans\Allison\Lafayette Job Closes\Done by Allison\23T003_FHLE Temp Drive Removal\1-PreconEstimate\1-Estimate","CREATOR OWNER","Allow","FullControl","True"
"Y:\ttbntfile1\shared\appsdata\groups\17-Xeroxscans\Allison\Lafayette Job Closes\Done by Allison\23T003_FHLE Temp Drive Removal\1-PreconEstimate\1-Estimate","BUILTIN\Administrators","Allow","FullControl","True"
"Y:\ttbntfile1\shared\appsdata\groups\17-Xeroxscans\Allison\Lafayette Job Closes\Done by Allison\23T003_FHLE Temp Drive Removal\1-PreconEstimate\1-Estimate","NT AUTHORITY\SYSTEM","Allow","FullControl","True"
"Y:\ttbntfile1\shared\appsdata\groups\17-Xeroxscans\Allison\Lafayette Job Closes\Done by Allison\23T003_FHLE Temp Drive Removal\1-PreconEstimate\2-Alternates","TONNANDBLANK\AVD Test Users","Allow","FullControl","True"
"Y:\ttbntfile1\shared\appsdata\groups\17-Xeroxscans\Allison\Lafayette Job Closes\Done by Allison\23T003_FHLE Temp Drive Removal\1-PreconEstimate\2-Alternates","TONNANDBLANK\impactadmin","Allow","FullControl","True"
"Y:\ttbntfile1\shared\appsdata\groups\17-Xeroxscans\Allison\Lafayette Job Closes\Done by Allison\23T003_FHLE Temp Drive Removal\1-PreconEstimate\2-Alternates","CREATOR OWNER","Allow","FullControl","True"
"Y:\ttbntfile1\shared\appsdata\groups\17-Xeroxscans\Allison\Lafayette Job Closes\Done by Allison\23T003_FHLE Temp Drive Removal\1-PreconEstimate\2-Alternates","BUILTIN\Administrators","Allow","FullControl","True"
"Y:\ttbntfile1\shared\appsdata\groups\17-Xeroxscans\Allison\Lafayette Job Closes\Done by Allison\23T003_FHLE Temp Drive Removal\1-PreconEstimate\2-Alternates","NT AUTHORITY\SYSTEM","Allow","FullControl","True"
"Y:\ttbntfile1\shared\appsdata\groups\17-Xeroxscans\Allison\Lafayette Job Closes\Done by Allison\23T003_FHLE Temp Drive Removal\1-PreconEstimate\3-SubBids_MatlSupplierQuotes","TONNANDBLANK\AVD Test Users","Allow","FullControl","True"
"Y:\ttbntfile1\shared\appsdata\groups\17-Xeroxscans\Allison\Lafayette Job Closes\Done by Allison\23T003_FHLE Temp Drive Removal\1-PreconEstimate\3-SubBids_MatlSupplierQuotes","TONNANDBLANK\impactadmin","Allow","FullControl","True"
"Y:\ttbntfile1\shared\appsdata\groups\17-Xeroxscans\Allison\Lafayette Job Closes\Done by Allison\23T003_FHLE Temp Drive Removal\1-PreconEstimate\3-SubBids_MatlSupplierQuotes","CREATOR OWNER","Allow","FullControl","True"
"Y:\ttbntfile1\shared\appsdata\groups\17-Xeroxscans\Allison\Lafayette Job Closes\Done by Allison\23T003_FHLE Temp Drive Removal\1-PreconEstimate\3-SubBids_MatlSupplierQuotes","BUILTIN\Administrators","Allow","FullControl","True"
"Y:\ttbntfile1\shared\appsdata\groups\17-Xeroxscans\Allison\Lafayette Job Closes\Done by Allison\23T003_FHLE Temp Drive Removal\1-PreconEstimate\3-SubBids_MatlSupplierQuotes","NT AUTHORITY\SYSTEM","Allow","FullControl","True"
"Y:\ttbntfile1\shared\appsdata\groups\17-Xeroxscans\Allison\Lafayette Job Closes\Done by Allison\23T003_FHLE Temp Drive Removal\1-PreconEstimate\4-UnitPrices","TONNANDBLANK\AVD Test Users","Allow","FullControl","True"
"Y:\ttbntfile1\shared\appsdata\groups\17-Xeroxscans\Allison\Lafayette Job Closes\Done by Allison\23T003_FHLE Temp Drive Removal\1-PreconEstimate\4-UnitPrices","TONNANDBLANK\impactadmin","Allow","FullControl","True"
"Y:\ttbntfile1\shared\appsdata\groups\17-Xeroxscans\Allison\Lafayette Job Closes\Done by Allison\23T003_FHLE Temp Drive Removal\1-PreconEstimate\4-UnitPrices","CREATOR OWNER","Allow","FullControl","True"
"Y:\ttbntfile1\shared\appsdata\groups\17-Xeroxscans\Allison\Lafayette Job Closes\Done by Allison\23T003_FHLE Temp Drive Removal\1-PreconEstimate\4-UnitPrices","BUILTIN\Administrators","Allow","FullControl","True"
"Y:\ttbntfile1\shared\appsdata\groups\17-Xeroxscans\Allison\Lafayette Job Closes\Done by Allison\23T003_FHLE Temp Drive Removal\1-PreconEstimate\4-UnitPrices","NT AUTHORITY\SYSTEM","Allow","FullControl","True"
"Y:\ttbntfile1\shared\appsdata\groups\17-Xeroxscans\Allison\Lafayette Job Closes\Done by Allison\23T003_FHLE Temp Drive Removal\1-PreconEstimate\5-ValueEng","TONNANDBLANK\AVD Test Users","Allow","FullControl","True"
"Y:\ttbntfile1\shared\appsdata\groups\17-Xeroxscans\Allison\Lafayette Job Closes\Done by Allison\23T003_FHLE Temp Drive Removal\1-PreconEstimate\5-ValueEng","TONNANDBLANK\impactadmin","Allow","FullControl","True"
"Y:\ttbntfile1\shared\appsdata\groups\17-Xeroxscans\Allison\Lafayette Job Closes\Done by Allison\23T003_FHLE Temp Drive Removal\1-PreconEstimate\5-ValueEng","CREATOR OWNER","Allow","FullControl","True"
"Y:\ttbntfile1\shared\appsdata\groups\17-Xeroxscans\Allison\Lafayette Job Closes\Done by Allison\23T003_FHLE Temp Drive Removal\1-PreconEstimate\5-ValueEng","BUILTIN\Administrators","Allow","FullControl","True"
"Y:\ttbntfile1\shared\appsdata\groups\17-Xeroxscans\Allison\Lafayette Job Closes\Done by Allison\23T003_FHLE Temp Drive Removal\1-PreconEstimate\5-ValueEng","NT AUTHORITY\SYSTEM","Allow","FullControl","True"
"Y:\ttbntfile1\shared\appsdata\groups\17-Xeroxscans\Allison\Lafayette Job Closes\Done by Allison\23T003_FHLE Temp Drive Removal\1-PreconEstimate\6-Projections","TONNANDBLANK\AVD Test Users","Allow","FullControl","True"
"Y:\ttbntfile1\shared\appsdata\groups\17-Xeroxscans\Allison\Lafayette Job Closes\Done by Allison\23T003_FHLE Temp Drive Removal\1-PreconEstimate\6-Projections","TONNANDBLANK\impactadmin","Allow","FullControl","True"
"Y:\ttbntfile1\shared\appsdata\groups\17-Xeroxscans\Allison\Lafayette Job Closes\Done by Allison\23T003_FHLE Temp Drive Removal\1-PreconEstimate\6-Projections","CREATOR OWNER","Allow","FullControl","True"
"Y:\ttbntfile1\shared\appsdata\groups\17-Xeroxscans\Allison\Lafayette Job Closes\Done by Allison\23T003_FHLE Temp Drive Removal\1-PreconEstimate\6-Projections","BUILTIN\Administrators","Allow","FullControl","True"
"Y:\ttbntfile1\shared\appsdata\groups\17-Xeroxscans\Allison\Lafayette Job Closes\Done by Allison\23T003_FHLE Temp Drive Removal\1-PreconEstimate\6-Projections","NT AUTHORITY\SYSTEM","Allow","FullControl","True"
"Y:\ttbntfile1\shared\appsdata\groups\17-Xeroxscans\Allison\Lafayette Job Closes\Done by Allison\23T003_FHLE Temp Drive Removal\1-PreconEstimate\1-Estimate\Superseded","TONNANDBLANK\AVD Test Users","Allow","FullControl","True"
"Y:\ttbntfile1\shared\appsdata\groups\17-Xeroxscans\Allison\Lafayette Job Closes\Done by Allison\23T003_FHLE Temp Drive Removal\1-PreconEstimate\1-Estimate\Superseded","TONNANDBLANK\impactadmin","Allow","FullControl","True"
"Y:\ttbntfile1\shared\appsdata\groups\17-Xeroxscans\Allison\Lafayette Job Closes\Done by Allison\23T003_FHLE Temp Drive Removal\1-PreconEstimate\1-Estimate\Superseded","CREATOR OWNER","Allow","FullControl","True"
"Y:\ttbntfile1\shared\appsdata\groups\17-Xeroxscans\Allison\Lafayette Job Closes\Done by Allison\23T003_FHLE Temp Drive Removal\1-PreconEstimate\1-Estimate\Superseded","BUILTIN\Administrators","Allow","FullControl","True"
"Y:\ttbntfile1\shared\appsdata\groups\17-Xeroxscans\Allison\Lafayette Job Closes\Done by Allison\23T003_FHLE Temp Drive Removal\1-PreconEstimate\1-Estimate\Superseded","NT AUTHORITY\SYSTEM","Allow","FullControl","True"
"Y:\ttbntfile1\shared\appsdata\groups\17-Xeroxscans\Allison\Lafayette Job Closes\Done by Allison\23T003_FHLE Temp Drive Removal\10-QualityControl\1-QualityControlProgram","TONNANDBLANK\AVD Test Users","Allow","FullControl","True"
"Y:\ttbntfile1\shared\appsdata\groups\17-Xeroxscans\Allison\Lafayette Job Closes\Done by Allison\23T003_FHLE Temp Drive Removal\10-QualityControl\1-QualityControlProgram","TONNANDBLANK\impactadmin","Allow","FullControl","True"
"Y:\ttbntfile1\shared\appsdata\groups\17-Xeroxscans\Allison\Lafayette Job Closes\Done by Allison\23T003_FHLE Temp Drive Removal\10-QualityControl\1-QualityControlProgram","CREATOR OWNER","Allow","FullControl","True"
"Y:\ttbntfile1\shared\appsdata\groups\17-Xeroxscans\Allison\Lafayette Job Closes\Done by Allison\23T003_FHLE Temp Drive Removal\10-QualityControl\1-QualityControlProgram","BUILTIN\Administrators","Allow","FullControl","True"
"Y:\ttbntfile1\shared\appsdata\groups\17-Xeroxscans\Allison\Lafayette Job Closes\Done by Allison\23T003_FHLE Temp Drive Removal\10-QualityControl\1-QualityControlProgram","NT AUTHORITY\SYSTEM","Allow","FullControl","True"
"Y:\ttbntfile1\shared\appsdata\groups\17-Xeroxscans\Allison\Lafayette Job Closes\Done by Allison\23T003_FHLE Temp Drive Removal\10-QualityControl\2-InspectionForms","TONNANDBLANK\AVD Test Users","Allow","FullControl","True"
"Y:\ttbntfile1\shared\appsdata\groups\17-Xeroxscans\Allison\Lafayette Job Closes\Done by Allison\23T003_FHLE Temp Drive Removal\10-QualityControl\2-InspectionForms","TONNANDBLANK\impactadmin","Allow","FullControl","True"
"Y:\ttbntfile1\shared\appsdata\groups\17-Xeroxscans\Allison\Lafayette Job Closes\Done by Allison\23T003_FHLE Temp Drive Removal\10-QualityControl\2-InspectionForms","CREATOR OWNER","Allow","FullControl","True"
"Y:\ttbntfile1\shared\appsdata\groups\17-Xeroxscans\Allison\Lafayette Job Closes\Done by Allison\23T003_FHLE Temp Drive Removal\10-QualityControl\2-InspectionForms","BUILTIN\Administrators","Allow","FullControl","True"
"Y:\ttbntfile1\shared\appsdata\groups\17-Xeroxscans\Allison\Lafayette Job Closes\Done by Allison\23T003_FHLE Temp Drive Removal\10-QualityControl\2-InspectionForms","NT AUTHORITY\SYSTEM","Allow","FullControl","True"
"Y:\ttbntfile1\shared\appsdata\groups\17-Xeroxscans\Allison\Lafayette Job Closes\Done by Allison\23T003_FHLE Temp Drive Removal\10-QualityControl\3-PunchLists","TONNANDBLANK\AVD Test Users","Allow","FullControl","True"
"Y:\ttbntfile1\shared\appsdata\groups\17-Xeroxscans\Allison\Lafayette Job Closes\Done by Allison\23T003_FHLE Temp Drive Removal\10-QualityControl\3-PunchLists","TONNANDBLANK\impactadmin","Allow","FullControl","True"
"Y:\ttbntfile1\shared\appsdata\groups\17-Xeroxscans\Allison\Lafayette Job Closes\Done by Allison\23T003_FHLE Temp Drive Removal\10-QualityControl\3-PunchLists","CREATOR OWNER","Allow","FullControl","True"
"Y:\ttbntfile1\shared\appsdata\groups\17-Xeroxscans\Allison\Lafayette Job Closes\Done by Allison\23T003_FHLE Temp Drive Removal\10-QualityControl\3-PunchLists","BUILTIN\Administrators","Allow","FullControl","True"
"Y:\ttbntfile1\shared\appsdata\groups\17-Xeroxscans\Allison\Lafayette Job Closes\Done by Allison\23T003_FHLE Temp Drive Removal\10-QualityControl\3-PunchLists","NT AUTHORITY\SYSTEM","Allow","FullControl","True"
"Y:\ttbntfile1\shared\appsdata\groups\17-Xeroxscans\Allison\Lafayette Job Closes\Done by Allison\23T003_FHLE Temp Drive Removal\10-QualityControl\4-ReferenceDocuments","TONNANDBLANK\AVD Test Users","Allow","FullControl","True"
"Y:\ttbntfile1\shared\appsdata\groups\17-Xeroxscans\Allison\Lafayette Job Closes\Done by Allison\23T003_FHLE Temp Drive Removal\10-QualityControl\4-ReferenceDocuments","TONNANDBLANK\impactadmin","Allow","FullControl","True"
"Y:\ttbntfile1\shared\appsdata\groups\17-Xeroxscans\Allison\Lafayette Job Closes\Done by Allison\23T003_FHLE Temp Drive Removal\10-QualityControl\4-ReferenceDocuments","CREATOR OWNER","Allow","FullControl","True"
"Y:\ttbntfile1\shared\appsdata\groups\17-Xeroxscans\Allison\Lafayette Job Closes\Done by Allison\23T003_FHLE Temp Drive Removal\10-QualityControl\4-ReferenceDocuments","BUILTIN\Administrators","Allow","FullControl","True"
"Y:\ttbntfile1\shared\appsdata\groups\17-Xeroxscans\Allison\Lafayette Job Closes\Done by Allison\23T003_FHLE Temp Drive Removal\10-QualityControl\4-ReferenceDocuments","NT AUTHORITY\SYSTEM","Allow","FullControl","True"
"Y:\ttbntfile1\shared\appsdata\groups\17-Xeroxscans\Allison\Lafayette Job Closes\Done by Allison\23T003_FHLE Temp Drive Removal\10-QualityControl\5-TestReports","TONNANDBLANK\AVD Test Users","Allow","FullControl","True"
"Y:\ttbntfile1\shared\appsdata\groups\17-Xeroxscans\Allison\Lafayette Job Closes\Done by Allison\23T003_FHLE Temp Drive Removal\10-QualityControl\5-TestReports","TONNANDBLANK\impactadmin","Allow","FullControl","True"
"Y:\ttbntfile1\shared\appsdata\groups\17-Xeroxscans\Allison\Lafayette Job Closes\Done by Allison\23T003_FHLE Temp Drive Removal\10-QualityControl\5-TestReports","CREATOR OWNER","Allow","FullControl","True"
"Y:\ttbntfile1\shared\appsdata\groups\17-Xeroxscans\Allison\Lafayette Job Closes\Done by Allison\23T003_FHLE Temp Drive Removal\10-QualityControl\5-TestReports","BUILTIN\Administrators","Allow","FullControl","True"
"Y:\ttbntfile1\shared\appsdata\groups\17-Xeroxscans\Allison\Lafayette Job Closes\Done by Allison\23T003_FHLE Temp Drive Removal\10-QualityControl\5-TestReports","NT AUTHORITY\SYSTEM","Allow","FullControl","True"
"Y:\ttbntfile1\shared\appsdata\groups\17-Xeroxscans\Allison\Lafayette Job Closes\Done by Allison\23T003_FHLE Temp Drive Removal\10-QualityControl\6-Correspondence","TONNANDBLANK\AVD Test Users","Allow","FullControl","True"
"Y:\ttbntfile1\shared\appsdata\groups\17-Xeroxscans\Allison\Lafayette Job Closes\Done by Allison\23T003_FHLE Temp Drive Removal\10-QualityControl\6-Correspondence","TONNANDBLANK\impactadmin","Allow","FullControl","True"
"Y:\ttbntfile1\shared\appsdata\groups\17-Xeroxscans\Allison\Lafayette Job Closes\Done by Allison\23T003_FHLE Temp Drive Removal\10-QualityControl\6-Correspondence","CREATOR OWNER","Allow","FullControl","True"
"Y:\ttbntfile1\shared\appsdata\groups\17-Xeroxscans\Allison\Lafayette Job Closes\Done by Allison\23T003_FHLE Temp Drive Removal\10-QualityControl\6-Correspondence","BUILTIN\Administrators","Allow","FullControl","True"
"Y:\ttbntfile1\shared\appsdata\groups\17-Xeroxscans\Allison\Lafayette Job Closes\Done by Allison\23T003_FHLE Temp Drive Removal\10-QualityControl\6-Correspondence","NT AUTHORITY\SYSTEM","Allow","FullControl","True"
"Y:\ttbntfile1\shared\appsdata\groups\17-Xeroxscans\Allison\Lafayette Job Closes\Done by Allison\23T003_FHLE Temp Drive Removal\10-QualityControl\2-InspectionForms\Templates","TONNANDBLANK\AVD Test Users","Allow","FullControl","True"
"Y:\ttbntfile1\shared\appsdata\groups\17-Xeroxscans\Allison\Lafayette Job Closes\Done by Allison\23T003_FHLE Temp Drive Removal\10-QualityControl\2-InspectionForms\Templates","TONNANDBLANK\impactadmin","Allow","FullControl","True"
"Y:\ttbntfile1\shared\appsdata\groups\17-Xeroxscans\Allison\Lafayette Job Closes\Done by Allison\23T003_FHLE Temp Drive Removal\10-QualityControl\2-InspectionForms\Templates","CREATOR OWNER","Allow","FullControl","True"
"Y:\ttbntfile1\shared\appsdata\groups\17-Xeroxscans\Allison\Lafayette Job Closes\Done by Allison\23T003_FHLE Temp Drive Removal\10-QualityControl\2-InspectionForms\Templates","BUILTIN\Administrators","Allow","FullControl","True"
"Y:\ttbntfile1\shared\appsdata\groups\17-Xeroxscans\Allison\Lafayette Job Closes\Done by Allison\23T003_FHLE Temp Drive Removal\10-QualityControl\2-InspectionForms\Templates","NT AUTHORITY\SYSTEM","Allow","FullControl","True"
"Y:\ttbntfile1\shared\appsdata\groups\17-Xeroxscans\Allison\Lafayette Job Closes\Done by Allison\23T003_FHLE Temp Drive Removal\10-QualityControl\6-Correspondence\1-Incoming","TONNANDBLANK\AVD Test Users","Allow","FullControl","True"
"Y:\ttbntfile1\shared\appsdata\groups\17-Xeroxscans\Allison\Lafayette Job Closes\Done by Allison\23T003_FHLE Temp Drive Removal\10-QualityControl\6-Correspondence\1-Incoming","TONNANDBLANK\impactadmin","Allow","FullControl","True"
"Y:\ttbntfile1\shared\appsdata\groups\17-Xeroxscans\Allison\Lafayette Job Closes\Done by Allison\23T003_FHLE Temp Drive Removal\10-QualityControl\6-Correspondence\1-Incoming","CREATOR OWNER","Allow","FullControl","True"
"Y:\ttbntfile1\shared\appsdata\groups\17-Xeroxscans\Allison\Lafayette Job Closes\Done by Allison\23T003_FHLE Temp Drive Removal\10-QualityControl\6-Correspondence\1-Incoming","BUILTIN\Administrators","Allow","FullControl","True"
"Y:\ttbntfile1\shared\appsdata\groups\17-Xeroxscans\Allison\Lafayette Job Closes\Done by Allison\23T003_FHLE Temp Drive Removal\10-QualityControl\6-Correspondence\1-Incoming","NT AUTHORITY\SYSTEM","Allow","FullControl","True"
"Y:\ttbntfile1\shared\appsdata\groups\17-Xeroxscans\Allison\Lafayette Job Closes\Done by Allison\23T003_FHLE Temp Drive Removal\10-QualityControl\6-Correspondence\2-Outgoing","TONNANDBLANK\AVD Test Users","Allow","FullControl","True"
"Y:\ttbntfile1\shared\appsdata\groups\17-Xeroxscans\Allison\Lafayette Job Closes\Done by Allison\23T003_FHLE Temp Drive Removal\10-QualityControl\6-Correspondence\2-Outgoing","TONNANDBLANK\impactadmin","Allow","FullControl","True"
"Y:\ttbntfile1\shared\appsdata\groups\17-Xeroxscans\Allison\Lafayette Job Closes\Done by Allison\23T003_FHLE Temp Drive Removal\10-QualityControl\6-Correspondence\2-Outgoing","CREATOR OWNER","Allow","FullControl","True"
"Y:\ttbntfile1\shared\appsdata\groups\17-Xeroxscans\Allison\Lafayette Job Closes\Done by Allison\23T003_FHLE Temp Drive Removal\10-QualityControl\6-Correspondence\2-Outgoing","BUILTIN\Administrators","Allow","FullControl","True"
"Y:\ttbntfile1\shared\appsdata\groups\17-Xeroxscans\Allison\Lafayette Job Closes\Done by Allison\23T003_FHLE Temp Drive Removal\10-QualityControl\6-Correspondence\2-Outgoing","NT AUTHORITY\SYSTEM","Allow","FullControl","True"
"Y:\ttbntfile1\shared\appsdata\groups\17-Xeroxscans\Allison\Lafayette Job Closes\Done by Allison\23T003_FHLE Temp Drive Removal\11-CloseOut\1-Checklist","TONNANDBLANK\AVD Test Users","Allow","FullControl","True"
"Y:\ttbntfile1\shared\appsdata\groups\17-Xeroxscans\Allison\Lafayette Job Closes\Done by Allison\23T003_FHLE Temp Drive Removal\11-CloseOut\1-Checklist","TONNANDBLANK\impactadmin","Allow","FullControl","True"
"Y:\ttbntfile1\shared\appsdata\groups\17-Xeroxscans\Allison\Lafayette Job Closes\Done by Allison\23T003_FHLE Temp Drive Removal\11-CloseOut\1-Checklist","CREATOR OWNER","Allow","FullControl","True"
"Y:\ttbntfile1\shared\appsdata\groups\17-Xeroxscans\Allison\Lafayette Job Closes\Done by Allison\23T003_FHLE Temp Drive Removal\11-CloseOut\1-Checklist","BUILTIN\Administrators","Allow","FullControl","True"
"Y:\ttbntfile1\shared\appsdata\groups\17-Xeroxscans\Allison\Lafayette Job Closes\Done by Allison\23T003_FHLE Temp Drive Removal\11-CloseOut\1-Checklist","NT AUTHORITY\SYSTEM","Allow","FullControl","True"
"Y:\ttbntfile1\shared\appsdata\groups\17-Xeroxscans\Allison\Lafayette Job Closes\Done by Allison\23T003_FHLE Temp Drive Removal\11-CloseOut\2-As-Builts","TONNANDBLANK\AVD Test Users","Allow","FullControl","True"
"Y:\ttbntfile1\shared\appsdata\groups\17-Xeroxscans\Allison\Lafayette Job Closes\Done by Allison\23T003_FHLE Temp Drive Removal\11-CloseOut\2-As-Builts","TONNANDBLANK\impactadmin","Allow","FullControl","True"
"Y:\ttbntfile1\shared\appsdata\groups\17-Xeroxscans\Allison\Lafayette Job Closes\Done by Allison\23T003_FHLE Temp Drive Removal\11-CloseOut\2-As-Builts","CREATOR OWNER","Allow","FullControl","True"
"Y:\ttbntfile1\shared\appsdata\groups\17-Xeroxscans\Allison\Lafayette Job Closes\Done by Allison\23T003_FHLE Temp Drive Removal\11-CloseOut\2-As-Builts","BUILTIN\Administrators","Allow","FullControl","True"
"Y:\ttbntfile1\shared\appsdata\groups\17-Xeroxscans\Allison\Lafayette Job Closes\Done by Allison\23T003_FHLE Temp Drive Removal\11-CloseOut\2-As-Builts","NT AUTHORITY\SYSTEM","Allow","FullControl","True"
"Y:\ttbntfile1\shared\appsdata\groups\17-Xeroxscans\Allison\Lafayette Job Closes\Done by Allison\23T003_FHLE Temp Drive Removal\11-CloseOut\3-Training","TONNANDBLANK\AVD Test Users","Allow","FullControl","True"
"Y:\ttbntfile1\shared\appsdata\groups\17-Xeroxscans\Allison\Lafayette Job Closes\Done by Allison\23T003_FHLE Temp Drive Removal\11-CloseOut\3-Training","TONNANDBLANK\impactadmin","Allow","FullControl","True"
"Y:\ttbntfile1\shared\appsdata\groups\17-Xeroxscans\Allison\Lafayette Job Closes\Done by Allison\23T003_FHLE Temp Drive Removal\11-CloseOut\3-Training","CREATOR OWNER","Allow","FullControl","True"
"Y:\ttbntfile1\shared\appsdata\groups\17-Xeroxscans\Allison\Lafayette Job Closes\Done by Allison\23T003_FHLE Temp Drive Removal\11-CloseOut\3-Training","BUILTIN\Administrators","Allow","FullControl","True"
"Y:\ttbntfile1\shared\appsdata\groups\17-Xeroxscans\Allison\Lafayette Job Closes\Done by Allison\23T003_FHLE Temp Drive Removal\11-CloseOut\3-Training","NT AUTHORITY\SYSTEM","Allow","FullControl","True"
"Y:\ttbntfile1\shared\appsdata\groups\17-Xeroxscans\Allison\Lafayette Job Closes\Done by Allison\23T003_FHLE Temp Drive Removal\11-CloseOut\4-Warranty","TONNANDBLANK\AVD Test Users","Allow","FullControl","True"
"Y:\ttbntfile1\shared\appsdata\groups\17-Xeroxscans\Allison\Lafayette Job Closes\Done by Allison\23T003_FHLE Temp Drive Removal\11-CloseOut\4-Warranty","TONNANDBLANK\impactadmin","Allow","FullControl","True"
"Y:\ttbntfile1\shared\appsdata\groups\17-Xeroxscans\Allison\Lafayette Job Closes\Done by Allison\23T003_FHLE Temp Drive Removal\11-CloseOut\4-Warranty","CREATOR OWNER","Allow","FullControl","True"
"Y:\ttbntfile1\shared\appsdata\groups\17-Xeroxscans\Allison\Lafayette Job Closes\Done by Allison\23T003_FHLE Temp Drive Removal\11-CloseOut\4-Warranty","BUILTIN\Administrators","Allow","FullControl","True"
"Y:\ttbntfile1\shared\appsdata\groups\17-Xeroxscans\Allison\Lafayette Job Closes\Done by Allison\23T003_FHLE Temp Drive Removal\11-CloseOut\4-Warranty","NT AUTHORITY\SYSTEM","Allow","FullControl","True"
"Y:\ttbntfile1\shared\appsdata\groups\17-Xeroxscans\Allison\Lafayette Job Closes\Done by Allison\23T003_FHLE Temp Drive Removal\11-CloseOut\5-AtticStock","TONNANDBLANK\AVD Test Users","Allow","FullControl","True"
"Y:\ttbntfile1\shared\appsdata\groups\17-Xeroxscans\Allison\Lafayette Job Closes\Done by Allison\23T003_FHLE Temp Drive Removal\11-CloseOut\5-AtticStock","TONNANDBLANK\impactadmin","Allow","FullControl","True"
"Y:\ttbntfile1\shared\appsdata\groups\17-Xeroxscans\Allison\Lafayette Job Closes\Done by Allison\23T003_FHLE Temp Drive Removal\11-CloseOut\5-AtticStock","CREATOR OWNER","Allow","FullControl","True"
"Y:\ttbntfile1\shared\appsdata\groups\17-Xeroxscans\Allison\Lafayette Job Closes\Done by Allison\23T003_FHLE Temp Drive Removal\11-CloseOut\5-AtticStock","BUILTIN\Administrators","Allow","FullControl","True"
"Y:\ttbntfile1\shared\appsdata\groups\17-Xeroxscans\Allison\Lafayette Job Closes\Done by Allison\23T003_FHLE Temp Drive Removal\11-CloseOut\5-AtticStock","NT AUTHORITY\SYSTEM","Allow","FullControl","True"
"Y:\ttbntfile1\shared\appsdata\groups\17-Xeroxscans\Allison\Lafayette Job Closes\Done by Allison\23T003_FHLE Temp Drive Removal\11-CloseOut\6-Certifications","TONNANDBLANK\AVD Test Users","Allow","FullControl","True"
"Y:\ttbntfile1\shared\appsdata\groups\17-Xeroxscans\Allison\Lafayette Job Closes\Done by Allison\23T003_FHLE Temp Drive Removal\11-CloseOut\6-Certifications","TONNANDBLANK\impactadmin","Allow","FullControl","True"
"Y:\ttbntfile1\shared\appsdata\groups\17-Xeroxscans\Allison\Lafayette Job Closes\Done by Allison\23T003_FHLE Temp Drive Removal\11-CloseOut\6-Certifications","CREATOR OWNER","Allow","FullControl","True"
"Y:\ttbntfile1\shared\appsdata\groups\17-Xeroxscans\Allison\Lafayette Job Closes\Done by Allison\23T003_FHLE Temp Drive Removal\11-CloseOut\6-Certifications","BUILTIN\Administrators","Allow","FullControl","True"
"Y:\ttbntfile1\shared\appsdata\groups\17-Xeroxscans\Allison\Lafayette Job Closes\Done by Allison\23T003_FHLE Temp Drive Removal\11-CloseOut\6-Certifications","NT AUTHORITY\SYSTEM","Allow","FullControl","True"
"Y:\ttbntfile1\shared\appsdata\groups\17-Xeroxscans\Allison\Lafayette Job Closes\Done by Allison\23T003_FHLE Temp Drive Removal\12-Miscel\1-EmailCorr","TONNANDBLANK\AVD Test Users","Allow","FullControl","True"
"Y:\ttbntfile1\shared\appsdata\groups\17-Xeroxscans\Allison\Lafayette Job Closes\Done by Allison\23T003_FHLE Temp Drive Removal\12-Miscel\1-EmailCorr","TONNANDBLANK\impactadmin","Allow","FullControl","True"
"Y:\ttbntfile1\shared\appsdata\groups\17-Xeroxscans\Allison\Lafayette Job Closes\Done by Allison\23T003_FHLE Temp Drive Removal\12-Miscel\1-EmailCorr","CREATOR OWNER","Allow","FullControl","True"
"Y:\ttbntfile1\shared\appsdata\groups\17-Xeroxscans\Allison\Lafayette Job Closes\Done by Allison\23T003_FHLE Temp Drive Removal\12-Miscel\1-EmailCorr","BUILTIN\Administrators","Allow","FullControl","True"
"Y:\ttbntfile1\shared\appsdata\groups\17-Xeroxscans\Allison\Lafayette Job Closes\Done by Allison\23T003_FHLE Temp Drive Removal\12-Miscel\1-EmailCorr","NT AUTHORITY\SYSTEM","Allow","FullControl","True"
"Y:\ttbntfile1\shared\appsdata\groups\17-Xeroxscans\Allison\Lafayette Job Closes\Done by Allison\23T003_FHLE Temp Drive Removal\2-OwnerCustomer\1-Contract","TONNANDBLANK\AVD Test Users","Allow","FullControl","True"
"Y:\ttbntfile1\shared\appsdata\groups\17-Xeroxscans\Allison\Lafayette Job Closes\Done by Allison\23T003_FHLE Temp Drive Removal\2-OwnerCustomer\1-Contract","TONNANDBLANK\impactadmin","Allow","FullControl","True"
"Y:\ttbntfile1\shared\appsdata\groups\17-Xeroxscans\Allison\Lafayette Job Closes\Done by Allison\23T003_FHLE Temp Drive Removal\2-OwnerCustomer\1-Contract","CREATOR OWNER","Allow","FullControl","True"
"Y:\ttbntfile1\shared\appsdata\groups\17-Xeroxscans\Allison\Lafayette Job Closes\Done by Allison\23T003_FHLE Temp Drive Removal\2-OwnerCustomer\1-Contract","BUILTIN\Administrators","Allow","FullControl","True"
"Y:\ttbntfile1\shared\appsdata\groups\17-Xeroxscans\Allison\Lafayette Job Closes\Done by Allison\23T003_FHLE Temp Drive Removal\2-OwnerCustomer\1-Contract","NT AUTHORITY\SYSTEM","Allow","FullControl","True"
"Y:\ttbntfile1\shared\appsdata\groups\17-Xeroxscans\Allison\Lafayette Job Closes\Done by Allison\23T003_FHLE Temp Drive Removal\2-OwnerCustomer\2-Correspondence","TONNANDBLANK\AVD Test Users","Allow","FullControl","True"
"Y:\ttbntfile1\shared\appsdata\groups\17-Xeroxscans\Allison\Lafayette Job Closes\Done by Allison\23T003_FHLE Temp Drive Removal\2-OwnerCustomer\2-Correspondence","TONNANDBLANK\impactadmin","Allow","FullControl","True"
"Y:\ttbntfile1\shared\appsdata\groups\17-Xeroxscans\Allison\Lafayette Job Closes\Done by Allison\23T003_FHLE Temp Drive Removal\2-OwnerCustomer\2-Correspondence","CREATOR OWNER","Allow","FullControl","True"
"Y:\ttbntfile1\shared\appsdata\groups\17-Xeroxscans\Allison\Lafayette Job Closes\Done by Allison\23T003_FHLE Temp Drive Removal\2-OwnerCustomer\2-Correspondence","BUILTIN\Administrators","Allow","FullControl","True"
"Y:\ttbntfile1\shared\appsdata\groups\17-Xeroxscans\Allison\Lafayette Job Closes\Done by Allison\23T003_FHLE Temp Drive Removal\2-OwnerCustomer\2-Correspondence","NT AUTHORITY\SYSTEM","Allow","FullControl","True"
"Y:\ttbntfile1\shared\appsdata\groups\17-Xeroxscans\Allison\Lafayette Job Closes\Done by Allison\23T003_FHLE Temp Drive Removal\2-OwnerCustomer\3-PymtPerfBond","TONNANDBLANK\AVD Test Users","Allow","FullControl","True"
"Y:\ttbntfile1\shared\appsdata\groups\17-Xeroxscans\Allison\Lafayette Job Closes\Done by Allison\23T003_FHLE Temp Drive Removal\2-OwnerCustomer\3-PymtPerfBond","TONNANDBLANK\impactadmin","Allow","FullControl","True"
"Y:\ttbntfile1\shared\appsdata\groups\17-Xeroxscans\Allison\Lafayette Job Closes\Done by Allison\23T003_FHLE Temp Drive Removal\2-OwnerCustomer\3-PymtPerfBond","CREATOR OWNER","Allow","FullControl","True"
"Y:\ttbntfile1\shared\appsdata\groups\17-Xeroxscans\Allison\Lafayette Job Closes\Done by Allison\23T003_FHLE Temp Drive Removal\2-OwnerCustomer\3-PymtPerfBond","BUILTIN\Administrators","Allow","FullControl","True"
"Y:\ttbntfile1\shared\appsdata\groups\17-Xeroxscans\Allison\Lafayette Job Closes\Done by Allison\23T003_FHLE Temp Drive Removal\2-OwnerCustomer\3-PymtPerfBond","NT AUTHORITY\SYSTEM","Allow","FullControl","True"
"Y:\ttbntfile1\shared\appsdata\groups\17-Xeroxscans\Allison\Lafayette Job Closes\Done by Allison\23T003_FHLE Temp Drive Removal\2-OwnerCustomer\4-Insurance","TONNANDBLANK\AVD Test Users","Allow","FullControl","True"
"Y:\ttbntfile1\shared\appsdata\groups\17-Xeroxscans\Allison\Lafayette Job Closes\Done by Allison\23T003_FHLE Temp Drive Removal\2-OwnerCustomer\4-Insurance","TONNANDBLANK\impactadmin","Allow","FullControl","True"
"Y:\ttbntfile1\shared\appsdata\groups\17-Xeroxscans\Allison\Lafayette Job Closes\Done by Allison\23T003_FHLE Temp Drive Removal\2-OwnerCustomer\4-Insurance","CREATOR OWNER","Allow","FullControl","True"
"Y:\ttbntfile1\shared\appsdata\groups\17-Xeroxscans\Allison\Lafayette Job Closes\Done by Allison\23T003_FHLE Temp Drive Removal\2-OwnerCustomer\4-Insurance","BUILTIN\Administrators","Allow","FullControl","True"
"Y:\ttbntfile1\shared\appsdata\groups\17-Xeroxscans\Allison\Lafayette Job Closes\Done by Allison\23T003_FHLE Temp Drive Removal\2-OwnerCustomer\4-Insurance","NT AUTHORITY\SYSTEM","Allow","FullControl","True"
"Y:\ttbntfile1\shared\appsdata\groups\17-Xeroxscans\Allison\Lafayette Job Closes\Done by Allison\23T003_FHLE Temp Drive Removal\2-OwnerCustomer\2-Correspondence\1-Incoming","TONNANDBLANK\AVD Test Users","Allow","FullControl","True"
"Y:\ttbntfile1\shared\appsdata\groups\17-Xeroxscans\Allison\Lafayette Job Closes\Done by Allison\23T003_FHLE Temp Drive Removal\2-OwnerCustomer\2-Correspondence\1-Incoming","TONNANDBLANK\impactadmin","Allow","FullControl","True"
"Y:\ttbntfile1\shared\appsdata\groups\17-Xeroxscans\Allison\Lafayette Job Closes\Done by Allison\23T003_FHLE Temp Drive Removal\2-OwnerCustomer\2-Correspondence\1-Incoming","CREATOR OWNER","Allow","FullControl","True"
"Y:\ttbntfile1\shared\appsdata\groups\17-Xeroxscans\Allison\Lafayette Job Closes\Done by Allison\23T003_FHLE Temp Drive Removal\2-OwnerCustomer\2-Correspondence\1-Incoming","BUILTIN\Administrators","Allow","FullControl","True"
"Y:\ttbntfile1\shared\appsdata\groups\17-Xeroxscans\Allison\Lafayette Job Closes\Done by Allison\23T003_FHLE Temp Drive Removal\2-OwnerCustomer\2-Correspondence\1-Incoming","NT AUTHORITY\SYSTEM","Allow","FullControl","True"
"Y:\ttbntfile1\shared\appsdata\groups\17-Xeroxscans\Allison\Lafayette Job Closes\Done by Allison\23T003_FHLE Temp Drive Removal\2-OwnerCustomer\2-Correspondence\2-Outgoing","TONNANDBLANK\AVD Test Users","Allow","FullControl","True"
"Y:\ttbntfile1\shared\appsdata\groups\17-Xeroxscans\Allison\Lafayette Job Closes\Done by Allison\23T003_FHLE Temp Drive Removal\2-OwnerCustomer\2-Correspondence\2-Outgoing","TONNANDBLANK\impactadmin","Allow","FullControl","True"
"Y:\ttbntfile1\shared\appsdata\groups\17-Xeroxscans\Allison\Lafayette Job Closes\Done by Allison\23T003_FHLE Temp Drive Removal\2-OwnerCustomer\2-Correspondence\2-Outgoing","CREATOR OWNER","Allow","FullControl","True"
"Y:\ttbntfile1\shared\appsdata\groups\17-Xeroxscans\Allison\Lafayette Job Closes\Done by Allison\23T003_FHLE Temp Drive Removal\2-OwnerCustomer\2-Correspondence\2-Outgoing","BUILTIN\Administrators","Allow","FullControl","True"
"Y:\ttbntfile1\shared\appsdata\groups\17-Xeroxscans\Allison\Lafayette Job Closes\Done by Allison\23T003_FHLE Temp Drive Removal\2-OwnerCustomer\2-Correspondence\2-Outgoing","NT AUTHORITY\SYSTEM","Allow","FullControl","True"
"Y:\ttbntfile1\shared\appsdata\groups\17-Xeroxscans\Allison\Lafayette Job Closes\Done by Allison\23T003_FHLE Temp Drive Removal\2-OwnerCustomer\4-Insurance\1-TBSuppliedCert","TONNANDBLANK\AVD Test Users","Allow","FullControl","True"
"Y:\ttbntfile1\shared\appsdata\groups\17-Xeroxscans\Allison\Lafayette Job Closes\Done by Allison\23T003_FHLE Temp Drive Removal\2-OwnerCustomer\4-Insurance\1-TBSuppliedCert","TONNANDBLANK\impactadmin","Allow","FullControl","True"
"Y:\ttbntfile1\shared\appsdata\groups\17-Xeroxscans\Allison\Lafayette Job Closes\Done by Allison\23T003_FHLE Temp Drive Removal\2-OwnerCustomer\4-Insurance\1-TBSuppliedCert","CREATOR OWNER","Allow","FullControl","True"
"Y:\ttbntfile1\shared\appsdata\groups\17-Xeroxscans\Allison\Lafayette Job Closes\Done by Allison\23T003_FHLE Temp Drive Removal\2-OwnerCustomer\4-Insurance\1-TBSuppliedCert","BUILTIN\Administrators","Allow","FullControl","True"
"Y:\ttbntfile1\shared\appsdata\groups\17-Xeroxscans\Allison\Lafayette Job Closes\Done by Allison\23T003_FHLE Temp Drive Removal\2-OwnerCustomer\4-Insurance\1-TBSuppliedCert","NT AUTHORITY\SYSTEM","Allow","FullControl","True"
"Y:\ttbntfile1\shared\appsdata\groups\17-Xeroxscans\Allison\Lafayette Job Closes\Done by Allison\23T003_FHLE Temp Drive Removal\2-OwnerCustomer\4-Insurance\2-BlderRisk","TONNANDBLANK\AVD Test Users","Allow","FullControl","True"
"Y:\ttbntfile1\shared\appsdata\groups\17-Xeroxscans\Allison\Lafayette Job Closes\Done by Allison\23T003_FHLE Temp Drive Removal\2-OwnerCustomer\4-Insurance\2-BlderRisk","TONNANDBLANK\impactadmin","Allow","FullControl","True"
"Y:\ttbntfile1\shared\appsdata\groups\17-Xeroxscans\Allison\Lafayette Job Closes\Done by Allison\23T003_FHLE Temp Drive Removal\2-OwnerCustomer\4-Insurance\2-BlderRisk","CREATOR OWNER","Allow","FullControl","True"
"Y:\ttbntfile1\shared\appsdata\groups\17-Xeroxscans\Allison\Lafayette Job Closes\Done by Allison\23T003_FHLE Temp Drive Removal\2-OwnerCustomer\4-Insurance\2-BlderRisk","BUILTIN\Administrators","Allow","FullControl","True"
"Y:\ttbntfile1\shared\appsdata\groups\17-Xeroxscans\Allison\Lafayette Job Closes\Done by Allison\23T003_FHLE Temp Drive Removal\2-OwnerCustomer\4-Insurance\2-BlderRisk","NT AUTHORITY\SYSTEM","Allow","FullControl","True"
"Y:\ttbntfile1\shared\appsdata\groups\17-Xeroxscans\Allison\Lafayette Job Closes\Done by Allison\23T003_FHLE Temp Drive Removal\3-ArchitectsEngineers\1-Contracts","TONNANDBLANK\AVD Test Users","Allow","FullControl","True"
"Y:\ttbntfile1\shared\appsdata\groups\17-Xeroxscans\Allison\Lafayette Job Closes\Done by Allison\23T003_FHLE Temp Drive Removal\3-ArchitectsEngineers\1-Contracts","TONNANDBLANK\impactadmin","Allow","FullControl","True"
"Y:\ttbntfile1\shared\appsdata\groups\17-Xeroxscans\Allison\Lafayette Job Closes\Done by Allison\23T003_FHLE Temp Drive Removal\3-ArchitectsEngineers\1-Contracts","CREATOR OWNER","Allow","FullControl","True"
"Y:\ttbntfile1\shared\appsdata\groups\17-Xeroxscans\Allison\Lafayette Job Closes\Done by Allison\23T003_FHLE Temp Drive Removal\3-ArchitectsEngineers\1-Contracts","BUILTIN\Administrators","Allow","FullControl","True"
"Y:\ttbntfile1\shared\appsdata\groups\17-Xeroxscans\Allison\Lafayette Job Closes\Done by Allison\23T003_FHLE Temp Drive Removal\3-ArchitectsEngineers\1-Contracts","NT AUTHORITY\SYSTEM","Allow","FullControl","True"
"Y:\ttbntfile1\shared\appsdata\groups\17-Xeroxscans\Allison\Lafayette Job Closes\Done by Allison\23T003_FHLE Temp Drive Removal\3-ArchitectsEngineers\2-Correspondence","TONNANDBLANK\AVD Test Users","Allow","FullControl","True"
"Y:\ttbntfile1\shared\appsdata\groups\17-Xeroxscans\Allison\Lafayette Job Closes\Done by Allison\23T003_FHLE Temp Drive Removal\3-ArchitectsEngineers\2-Correspondence","TONNANDBLANK\impactadmin","Allow","FullControl","True"
"Y:\ttbntfile1\shared\appsdata\groups\17-Xeroxscans\Allison\Lafayette Job Closes\Done by Allison\23T003_FHLE Temp Drive Removal\3-ArchitectsEngineers\2-Correspondence","CREATOR OWNER","Allow","FullControl","True"
"Y:\ttbntfile1\shared\appsdata\groups\17-Xeroxscans\Allison\Lafayette Job Closes\Done by Allison\23T003_FHLE Temp Drive Removal\3-ArchitectsEngineers\2-Correspondence","BUILTIN\Administrators","Allow","FullControl","True"
"Y:\ttbntfile1\shared\appsdata\groups\17-Xeroxscans\Allison\Lafayette Job Closes\Done by Allison\23T003_FHLE Temp Drive Removal\3-ArchitectsEngineers\2-Correspondence","NT AUTHORITY\SYSTEM","Allow","FullControl","True"
"Y:\ttbntfile1\shared\appsdata\groups\17-Xeroxscans\Allison\Lafayette Job Closes\Done by Allison\23T003_FHLE Temp Drive Removal\3-ArchitectsEngineers\3-FieldReports","TONNANDBLANK\AVD Test Users","Allow","FullControl","True"
"Y:\ttbntfile1\shared\appsdata\groups\17-Xeroxscans\Allison\Lafayette Job Closes\Done by Allison\23T003_FHLE Temp Drive Removal\3-ArchitectsEngineers\3-FieldReports","TONNANDBLANK\impactadmin","Allow","FullControl","True"
"Y:\ttbntfile1\shared\appsdata\groups\17-Xeroxscans\Allison\Lafayette Job Closes\Done by Allison\23T003_FHLE Temp Drive Removal\3-ArchitectsEngineers\3-FieldReports","CREATOR OWNER","Allow","FullControl","True"
"Y:\ttbntfile1\shared\appsdata\groups\17-Xeroxscans\Allison\Lafayette Job Closes\Done by Allison\23T003_FHLE Temp Drive Removal\3-ArchitectsEngineers\3-FieldReports","BUILTIN\Administrators","Allow","FullControl","True"
"Y:\ttbntfile1\shared\appsdata\groups\17-Xeroxscans\Allison\Lafayette Job Closes\Done by Allison\23T003_FHLE Temp Drive Removal\3-ArchitectsEngineers\3-FieldReports","NT AUTHORITY\SYSTEM","Allow","FullControl","True"
"Y:\ttbntfile1\shared\appsdata\groups\17-Xeroxscans\Allison\Lafayette Job Closes\Done by Allison\23T003_FHLE Temp Drive Removal\3-ArchitectsEngineers\2-Correspondence\1-Incoming","TONNANDBLANK\AVD Test Users","Allow","FullControl","True"
"Y:\ttbntfile1\shared\appsdata\groups\17-Xeroxscans\Allison\Lafayette Job Closes\Done by Allison\23T003_FHLE Temp Drive Removal\3-ArchitectsEngineers\2-Correspondence\1-Incoming","TONNANDBLANK\impactadmin","Allow","FullControl","True"
"Y:\ttbntfile1\shared\appsdata\groups\17-Xeroxscans\Allison\Lafayette Job Closes\Done by Allison\23T003_FHLE Temp Drive Removal\3-ArchitectsEngineers\2-Correspondence\1-Incoming","CREATOR OWNER","Allow","FullControl","True"
"Y:\ttbntfile1\shared\appsdata\groups\17-Xeroxscans\Allison\Lafayette Job Closes\Done by Allison\23T003_FHLE Temp Drive Removal\3-ArchitectsEngineers\2-Correspondence\1-Incoming","BUILTIN\Administrators","Allow","FullControl","True"
"Y:\ttbntfile1\shared\appsdata\groups\17-Xeroxscans\Allison\Lafayette Job Closes\Done by Allison\23T003_FHLE Temp Drive Removal\3-ArchitectsEngineers\2-Correspondence\1-Incoming","NT AUTHORITY\SYSTEM","Allow","FullControl","True"
"Y:\ttbntfile1\shared\appsdata\groups\17-Xeroxscans\Allison\Lafayette Job Closes\Done by Allison\23T003_FHLE Temp Drive Removal\3-ArchitectsEngineers\2-Correspondence\2-Outgoing","TONNANDBLANK\AVD Test Users","Allow","FullControl","True"
"Y:\ttbntfile1\shared\appsdata\groups\17-Xeroxscans\Allison\Lafayette Job Closes\Done by Allison\23T003_FHLE Temp Drive Removal\3-ArchitectsEngineers\2-Correspondence\2-Outgoing","TONNANDBLANK\impactadmin","Allow","FullControl","True"
"Y:\ttbntfile1\shared\appsdata\groups\17-Xeroxscans\Allison\Lafayette Job Closes\Done by Allison\23T003_FHLE Temp Drive Removal\3-ArchitectsEngineers\2-Correspondence\2-Outgoing","CREATOR OWNER","Allow","FullControl","True"
"Y:\ttbntfile1\shared\appsdata\groups\17-Xeroxscans\Allison\Lafayette Job Closes\Done by Allison\23T003_FHLE Temp Drive Removal\3-ArchitectsEngineers\2-Correspondence\2-Outgoing","BUILTIN\Administrators","Allow","FullControl","True"
"Y:\ttbntfile1\shared\appsdata\groups\17-Xeroxscans\Allison\Lafayette Job Closes\Done by Allison\23T003_FHLE Temp Drive Removal\3-ArchitectsEngineers\2-Correspondence\2-Outgoing","NT AUTHORITY\SYSTEM","Allow","FullControl","True"
"Y:\ttbntfile1\shared\appsdata\groups\17-Xeroxscans\Allison\Lafayette Job Closes\Done by Allison\23T003_FHLE Temp Drive Removal\4-DocumentControl\1-Drawings","TONNANDBLANK\AVD Test Users","Allow","FullControl","True"
"Y:\ttbntfile1\shared\appsdata\groups\17-Xeroxscans\Allison\Lafayette Job Closes\Done by Allison\23T003_FHLE Temp Drive Removal\4-DocumentControl\1-Drawings","TONNANDBLANK\impactadmin","Allow","FullControl","True"
"Y:\ttbntfile1\shared\appsdata\groups\17-Xeroxscans\Allison\Lafayette Job Closes\Done by Allison\23T003_FHLE Temp Drive Removal\4-DocumentControl\1-Drawings","CREATOR OWNER","Allow","FullControl","True"
"Y:\ttbntfile1\shared\appsdata\groups\17-Xeroxscans\Allison\Lafayette Job Closes\Done by Allison\23T003_FHLE Temp Drive Removal\4-DocumentControl\1-Drawings","BUILTIN\Administrators","Allow","FullControl","True"
"Y:\ttbntfile1\shared\appsdata\groups\17-Xeroxscans\Allison\Lafayette Job Closes\Done by Allison\23T003_FHLE Temp Drive Removal\4-DocumentControl\1-Drawings","NT AUTHORITY\SYSTEM","Allow","FullControl","True"
"Y:\ttbntfile1\shared\appsdata\groups\17-Xeroxscans\Allison\Lafayette Job Closes\Done by Allison\23T003_FHLE Temp Drive Removal\4-DocumentControl\2-Specifications","TONNANDBLANK\AVD Test Users","Allow","FullControl","True"
"Y:\ttbntfile1\shared\appsdata\groups\17-Xeroxscans\Allison\Lafayette Job Closes\Done by Allison\23T003_FHLE Temp Drive Removal\4-DocumentControl\2-Specifications","TONNANDBLANK\impactadmin","Allow","FullControl","True"
"Y:\ttbntfile1\shared\appsdata\groups\17-Xeroxscans\Allison\Lafayette Job Closes\Done by Allison\23T003_FHLE Temp Drive Removal\4-DocumentControl\2-Specifications","CREATOR OWNER","Allow","FullControl","True"
"Y:\ttbntfile1\shared\appsdata\groups\17-Xeroxscans\Allison\Lafayette Job Closes\Done by Allison\23T003_FHLE Temp Drive Removal\4-DocumentControl\2-Specifications","BUILTIN\Administrators","Allow","FullControl","True"
"Y:\ttbntfile1\shared\appsdata\groups\17-Xeroxscans\Allison\Lafayette Job Closes\Done by Allison\23T003_FHLE Temp Drive Removal\4-DocumentControl\2-Specifications","NT AUTHORITY\SYSTEM","Allow","FullControl","True"
"Y:\ttbntfile1\shared\appsdata\groups\17-Xeroxscans\Allison\Lafayette Job Closes\Done by Allison\23T003_FHLE Temp Drive Removal\4-DocumentControl\3-VDC","TONNANDBLANK\AVD Test Users","Allow","FullControl","True"
"Y:\ttbntfile1\shared\appsdata\groups\17-Xeroxscans\Allison\Lafayette Job Closes\Done by Allison\23T003_FHLE Temp Drive Removal\4-DocumentControl\3-VDC","TONNANDBLANK\impactadmin","Allow","FullControl","True"
"Y:\ttbntfile1\shared\appsdata\groups\17-Xeroxscans\Allison\Lafayette Job Closes\Done by Allison\23T003_FHLE Temp Drive Removal\4-DocumentControl\3-VDC","CREATOR OWNER","Allow","FullControl","True"
"Y:\ttbntfile1\shared\appsdata\groups\17-Xeroxscans\Allison\Lafayette Job Closes\Done by Allison\23T003_FHLE Temp Drive Removal\4-DocumentControl\3-VDC","BUILTIN\Administrators","Allow","FullControl","True"
"Y:\ttbntfile1\shared\appsdata\groups\17-Xeroxscans\Allison\Lafayette Job Closes\Done by Allison\23T003_FHLE Temp Drive Removal\4-DocumentControl\3-VDC","NT AUTHORITY\SYSTEM","Allow","FullControl","True"
"Y:\ttbntfile1\shared\appsdata\groups\17-Xeroxscans\Allison\Lafayette Job Closes\Done by Allison\23T003_FHLE Temp Drive Removal\4-DocumentControl\4-RFI","TONNANDBLANK\AVD Test Users","Allow","FullControl","True"
"Y:\ttbntfile1\shared\appsdata\groups\17-Xeroxscans\Allison\Lafayette Job Closes\Done by Allison\23T003_FHLE Temp Drive Removal\4-DocumentControl\4-RFI","TONNANDBLANK\impactadmin","Allow","FullControl","True"
"Y:\ttbntfile1\shared\appsdata\groups\17-Xeroxscans\Allison\Lafayette Job Closes\Done by Allison\23T003_FHLE Temp Drive Removal\4-DocumentControl\4-RFI","CREATOR OWNER","Allow","FullControl","True"
"Y:\ttbntfile1\shared\appsdata\groups\17-Xeroxscans\Allison\Lafayette Job Closes\Done by Allison\23T003_FHLE Temp Drive Removal\4-DocumentControl\4-RFI","BUILTIN\Administrators","Allow","FullControl","True"
"Y:\ttbntfile1\shared\appsdata\groups\17-Xeroxscans\Allison\Lafayette Job Closes\Done by Allison\23T003_FHLE Temp Drive Removal\4-DocumentControl\4-RFI","NT AUTHORITY\SYSTEM","Allow","FullControl","True"
"Y:\ttbntfile1\shared\appsdata\groups\17-Xeroxscans\Allison\Lafayette Job Closes\Done by Allison\23T003_FHLE Temp Drive Removal\4-DocumentControl\5-ConstrPkgs","TONNANDBLANK\AVD Test Users","Allow","FullControl","True"
"Y:\ttbntfile1\shared\appsdata\groups\17-Xeroxscans\Allison\Lafayette Job Closes\Done by Allison\23T003_FHLE Temp Drive Removal\4-DocumentControl\5-ConstrPkgs","TONNANDBLANK\impactadmin","Allow","FullControl","True"
"Y:\ttbntfile1\shared\appsdata\groups\17-Xeroxscans\Allison\Lafayette Job Closes\Done by Allison\23T003_FHLE Temp Drive Removal\4-DocumentControl\5-ConstrPkgs","CREATOR OWNER","Allow","FullControl","True"
"Y:\ttbntfile1\shared\appsdata\groups\17-Xeroxscans\Allison\Lafayette Job Closes\Done by Allison\23T003_FHLE Temp Drive Removal\4-DocumentControl\5-ConstrPkgs","BUILTIN\Administrators","Allow","FullControl","True"
"Y:\ttbntfile1\shared\appsdata\groups\17-Xeroxscans\Allison\Lafayette Job Closes\Done by Allison\23T003_FHLE Temp Drive Removal\4-DocumentControl\5-ConstrPkgs","NT AUTHORITY\SYSTEM","Allow","FullControl","True"
"Y:\ttbntfile1\shared\appsdata\groups\17-Xeroxscans\Allison\Lafayette Job Closes\Done by Allison\23T003_FHLE Temp Drive Removal\4-DocumentControl\6-MedicalEquip","TONNANDBLANK\AVD Test Users","Allow","FullControl","True"
"Y:\ttbntfile1\shared\appsdata\groups\17-Xeroxscans\Allison\Lafayette Job Closes\Done by Allison\23T003_FHLE Temp Drive Removal\4-DocumentControl\6-MedicalEquip","TONNANDBLANK\impactadmin","Allow","FullControl","True"
"Y:\ttbntfile1\shared\appsdata\groups\17-Xeroxscans\Allison\Lafayette Job Closes\Done by Allison\23T003_FHLE Temp Drive Removal\4-DocumentControl\6-MedicalEquip","CREATOR OWNER","Allow","FullControl","True"
"Y:\ttbntfile1\shared\appsdata\groups\17-Xeroxscans\Allison\Lafayette Job Closes\Done by Allison\23T003_FHLE Temp Drive Removal\4-DocumentControl\6-MedicalEquip","BUILTIN\Administrators","Allow","FullControl","True"
"Y:\ttbntfile1\shared\appsdata\groups\17-Xeroxscans\Allison\Lafayette Job Closes\Done by Allison\23T003_FHLE Temp Drive Removal\4-DocumentControl\6-MedicalEquip","NT AUTHORITY\SYSTEM","Allow","FullControl","True"
"Y:\ttbntfile1\shared\appsdata\groups\17-Xeroxscans\Allison\Lafayette Job Closes\Done by Allison\23T003_FHLE Temp Drive Removal\4-DocumentControl\7-Submittals","TONNANDBLANK\AVD Test Users","Allow","FullControl","True"
"Y:\ttbntfile1\shared\appsdata\groups\17-Xeroxscans\Allison\Lafayette Job Closes\Done by Allison\23T003_FHLE Temp Drive Removal\4-DocumentControl\7-Submittals","TONNANDBLANK\impactadmin","Allow","FullControl","True"
"Y:\ttbntfile1\shared\appsdata\groups\17-Xeroxscans\Allison\Lafayette Job Closes\Done by Allison\23T003_FHLE Temp Drive Removal\4-DocumentControl\7-Submittals","CREATOR OWNER","Allow","FullControl","True"
"Y:\ttbntfile1\shared\appsdata\groups\17-Xeroxscans\Allison\Lafayette Job Closes\Done by Allison\23T003_FHLE Temp Drive Removal\4-DocumentControl\7-Submittals","BUILTIN\Administrators","Allow","FullControl","True"
"Y:\ttbntfile1\shared\appsdata\groups\17-Xeroxscans\Allison\Lafayette Job Closes\Done by Allison\23T003_FHLE Temp Drive Removal\4-DocumentControl\7-Submittals","NT AUTHORITY\SYSTEM","Allow","FullControl","True"
"Y:\ttbntfile1\shared\appsdata\groups\17-Xeroxscans\Allison\Lafayette Job Closes\Done by Allison\23T003_FHLE Temp Drive Removal\4-DocumentControl\1-Drawings\1-Current","TONNANDBLANK\AVD Test Users","Allow","FullControl","True"
"Y:\ttbntfile1\shared\appsdata\groups\17-Xeroxscans\Allison\Lafayette Job Closes\Done by Allison\23T003_FHLE Temp Drive Removal\4-DocumentControl\1-Drawings\1-Current","TONNANDBLANK\impactadmin","Allow","FullControl","True"
"Y:\ttbntfile1\shared\appsdata\groups\17-Xeroxscans\Allison\Lafayette Job Closes\Done by Allison\23T003_FHLE Temp Drive Removal\4-DocumentControl\1-Drawings\1-Current","CREATOR OWNER","Allow","FullControl","True"
"Y:\ttbntfile1\shared\appsdata\groups\17-Xeroxscans\Allison\Lafayette Job Closes\Done by Allison\23T003_FHLE Temp Drive Removal\4-DocumentControl\1-Drawings\1-Current","BUILTIN\Administrators","Allow","FullControl","True"
"Y:\ttbntfile1\shared\appsdata\groups\17-Xeroxscans\Allison\Lafayette Job Closes\Done by Allison\23T003_FHLE Temp Drive Removal\4-DocumentControl\1-Drawings\1-Current","NT AUTHORITY\SYSTEM","Allow","FullControl","True"
"Y:\ttbntfile1\shared\appsdata\groups\17-Xeroxscans\Allison\Lafayette Job Closes\Done by Allison\23T003_FHLE Temp Drive Removal\4-DocumentControl\1-Drawings\2-Archived","TONNANDBLANK\AVD Test Users","Allow","FullControl","True"
"Y:\ttbntfile1\shared\appsdata\groups\17-Xeroxscans\Allison\Lafayette Job Closes\Done by Allison\23T003_FHLE Temp Drive Removal\4-DocumentControl\1-Drawings\2-Archived","TONNANDBLANK\impactadmin","Allow","FullControl","True"
"Y:\ttbntfile1\shared\appsdata\groups\17-Xeroxscans\Allison\Lafayette Job Closes\Done by Allison\23T003_FHLE Temp Drive Removal\4-DocumentControl\1-Drawings\2-Archived","CREATOR OWNER","Allow","FullControl","True"
"Y:\ttbntfile1\shared\appsdata\groups\17-Xeroxscans\Allison\Lafayette Job Closes\Done by Allison\23T003_FHLE Temp Drive Removal\4-DocumentControl\1-Drawings\2-Archived","BUILTIN\Administrators","Allow","FullControl","True"
"Y:\ttbntfile1\shared\appsdata\groups\17-Xeroxscans\Allison\Lafayette Job Closes\Done by Allison\23T003_FHLE Temp Drive Removal\4-DocumentControl\1-Drawings\2-Archived","NT AUTHORITY\SYSTEM","Allow","FullControl","True"
"Y:\ttbntfile1\shared\appsdata\groups\17-Xeroxscans\Allison\Lafayette Job Closes\Done by Allison\23T003_FHLE Temp Drive Removal\4-DocumentControl\1-Drawings\3-DrawingLog","TONNANDBLANK\AVD Test Users","Allow","FullControl","True"
"Y:\ttbntfile1\shared\appsdata\groups\17-Xeroxscans\Allison\Lafayette Job Closes\Done by Allison\23T003_FHLE Temp Drive Removal\4-DocumentControl\1-Drawings\3-DrawingLog","TONNANDBLANK\impactadmin","Allow","FullControl","True"
"Y:\ttbntfile1\shared\appsdata\groups\17-Xeroxscans\Allison\Lafayette Job Closes\Done by Allison\23T003_FHLE Temp Drive Removal\4-DocumentControl\1-Drawings\3-DrawingLog","CREATOR OWNER","Allow","FullControl","True"
"Y:\ttbntfile1\shared\appsdata\groups\17-Xeroxscans\Allison\Lafayette Job Closes\Done by Allison\23T003_FHLE Temp Drive Removal\4-DocumentControl\1-Drawings\3-DrawingLog","BUILTIN\Administrators","Allow","FullControl","True"
"Y:\ttbntfile1\shared\appsdata\groups\17-Xeroxscans\Allison\Lafayette Job Closes\Done by Allison\23T003_FHLE Temp Drive Removal\4-DocumentControl\1-Drawings\3-DrawingLog","NT AUTHORITY\SYSTEM","Allow","FullControl","True"
"Y:\ttbntfile1\shared\appsdata\groups\17-Xeroxscans\Allison\Lafayette Job Closes\Done by Allison\23T003_FHLE Temp Drive Removal\4-DocumentControl\2-Specifications\1-Current","TONNANDBLANK\AVD Test Users","Allow","FullControl","True"
"Y:\ttbntfile1\shared\appsdata\groups\17-Xeroxscans\Allison\Lafayette Job Closes\Done by Allison\23T003_FHLE Temp Drive Removal\4-DocumentControl\2-Specifications\1-Current","TONNANDBLANK\impactadmin","Allow","FullControl","True"
"Y:\ttbntfile1\shared\appsdata\groups\17-Xeroxscans\Allison\Lafayette Job Closes\Done by Allison\23T003_FHLE Temp Drive Removal\4-DocumentControl\2-Specifications\1-Current","CREATOR OWNER","Allow","FullControl","True"
"Y:\ttbntfile1\shared\appsdata\groups\17-Xeroxscans\Allison\Lafayette Job Closes\Done by Allison\23T003_FHLE Temp Drive Removal\4-DocumentControl\2-Specifications\1-Current","BUILTIN\Administrators","Allow","FullControl","True"
"Y:\ttbntfile1\shared\appsdata\groups\17-Xeroxscans\Allison\Lafayette Job Closes\Done by Allison\23T003_FHLE Temp Drive Removal\4-DocumentControl\2-Specifications\1-Current","NT AUTHORITY\SYSTEM","Allow","FullControl","True"
"Y:\ttbntfile1\shared\appsdata\groups\17-Xeroxscans\Allison\Lafayette Job Closes\Done by Allison\23T003_FHLE Temp Drive Removal\4-DocumentControl\2-Specifications\2-Archived","TONNANDBLANK\AVD Test Users","Allow","FullControl","True"
"Y:\ttbntfile1\shared\appsdata\groups\17-Xeroxscans\Allison\Lafayette Job Closes\Done by Allison\23T003_FHLE Temp Drive Removal\4-DocumentControl\2-Specifications\2-Archived","TONNANDBLANK\impactadmin","Allow","FullControl","True"
"Y:\ttbntfile1\shared\appsdata\groups\17-Xeroxscans\Allison\Lafayette Job Closes\Done by Allison\23T003_FHLE Temp Drive Removal\4-DocumentControl\2-Specifications\2-Archived","CREATOR OWNER","Allow","FullControl","True"
"Y:\ttbntfile1\shared\appsdata\groups\17-Xeroxscans\Allison\Lafayette Job Closes\Done by Allison\23T003_FHLE Temp Drive Removal\4-DocumentControl\2-Specifications\2-Archived","BUILTIN\Administrators","Allow","FullControl","True"
"Y:\ttbntfile1\shared\appsdata\groups\17-Xeroxscans\Allison\Lafayette Job Closes\Done by Allison\23T003_FHLE Temp Drive Removal\4-DocumentControl\2-Specifications\2-Archived","NT AUTHORITY\SYSTEM","Allow","FullControl","True"
"Y:\ttbntfile1\shared\appsdata\groups\17-Xeroxscans\Allison\Lafayette Job Closes\Done by Allison\23T003_FHLE Temp Drive Removal\4-DocumentControl\3-VDC\1-CAD","TONNANDBLANK\AVD Test Users","Allow","FullControl","True"
"Y:\ttbntfile1\shared\appsdata\groups\17-Xeroxscans\Allison\Lafayette Job Closes\Done by Allison\23T003_FHLE Temp Drive Removal\4-DocumentControl\3-VDC\1-CAD","TONNANDBLANK\impactadmin","Allow","FullControl","True"
"Y:\ttbntfile1\shared\appsdata\groups\17-Xeroxscans\Allison\Lafayette Job Closes\Done by Allison\23T003_FHLE Temp Drive Removal\4-DocumentControl\3-VDC\1-CAD","CREATOR OWNER","Allow","FullControl","True"
"Y:\ttbntfile1\shared\appsdata\groups\17-Xeroxscans\Allison\Lafayette Job Closes\Done by Allison\23T003_FHLE Temp Drive Removal\4-DocumentControl\3-VDC\1-CAD","BUILTIN\Administrators","Allow","FullControl","True"
"Y:\ttbntfile1\shared\appsdata\groups\17-Xeroxscans\Allison\Lafayette Job Closes\Done by Allison\23T003_FHLE Temp Drive Removal\4-DocumentControl\3-VDC\1-CAD","NT AUTHORITY\SYSTEM","Allow","FullControl","True"
"Y:\ttbntfile1\shared\appsdata\groups\17-Xeroxscans\Allison\Lafayette Job Closes\Done by Allison\23T003_FHLE Temp Drive Removal\4-DocumentControl\3-VDC\2-DWF","TONNANDBLANK\AVD Test Users","Allow","FullControl","True"
"Y:\ttbntfile1\shared\appsdata\groups\17-Xeroxscans\Allison\Lafayette Job Closes\Done by Allison\23T003_FHLE Temp Drive Removal\4-DocumentControl\3-VDC\2-DWF","TONNANDBLANK\impactadmin","Allow","FullControl","True"
"Y:\ttbntfile1\shared\appsdata\groups\17-Xeroxscans\Allison\Lafayette Job Closes\Done by Allison\23T003_FHLE Temp Drive Removal\4-DocumentControl\3-VDC\2-DWF","CREATOR OWNER","Allow","FullControl","True"
"Y:\ttbntfile1\shared\appsdata\groups\17-Xeroxscans\Allison\Lafayette Job Closes\Done by Allison\23T003_FHLE Temp Drive Removal\4-DocumentControl\3-VDC\2-DWF","BUILTIN\Administrators","Allow","FullControl","True"
"Y:\ttbntfile1\shared\appsdata\groups\17-Xeroxscans\Allison\Lafayette Job Closes\Done by Allison\23T003_FHLE Temp Drive Removal\4-DocumentControl\3-VDC\2-DWF","NT AUTHORITY\SYSTEM","Allow","FullControl","True"
"Y:\ttbntfile1\shared\appsdata\groups\17-Xeroxscans\Allison\Lafayette Job Closes\Done by Allison\23T003_FHLE Temp Drive Removal\4-DocumentControl\3-VDC\3-Images","TONNANDBLANK\AVD Test Users","Allow","FullControl","True"
"Y:\ttbntfile1\shared\appsdata\groups\17-Xeroxscans\Allison\Lafayette Job Closes\Done by Allison\23T003_FHLE Temp Drive Removal\4-DocumentControl\3-VDC\3-Images","TONNANDBLANK\impactadmin","Allow","FullControl","True"
"Y:\ttbntfile1\shared\appsdata\groups\17-Xeroxscans\Allison\Lafayette Job Closes\Done by Allison\23T003_FHLE Temp Drive Removal\4-DocumentControl\3-VDC\3-Images","CREATOR OWNER","Allow","FullControl","True"
"Y:\ttbntfile1\shared\appsdata\groups\17-Xeroxscans\Allison\Lafayette Job Closes\Done by Allison\23T003_FHLE Temp Drive Removal\4-DocumentControl\3-VDC\3-Images","BUILTIN\Administrators","Allow","FullControl","True"
"Y:\ttbntfile1\shared\appsdata\groups\17-Xeroxscans\Allison\Lafayette Job Closes\Done by Allison\23T003_FHLE Temp Drive Removal\4-DocumentControl\3-VDC\3-Images","NT AUTHORITY\SYSTEM","Allow","FullControl","True"
"Y:\ttbntfile1\shared\appsdata\groups\17-Xeroxscans\Allison\Lafayette Job Closes\Done by Allison\23T003_FHLE Temp Drive Removal\4-DocumentControl\3-VDC\4-Navisworks","TONNANDBLANK\AVD Test Users","Allow","FullControl","True"
"Y:\ttbntfile1\shared\appsdata\groups\17-Xeroxscans\Allison\Lafayette Job Closes\Done by Allison\23T003_FHLE Temp Drive Removal\4-DocumentControl\3-VDC\4-Navisworks","TONNANDBLANK\impactadmin","Allow","FullControl","True"
"Y:\ttbntfile1\shared\appsdata\groups\17-Xeroxscans\Allison\Lafayette Job Closes\Done by Allison\23T003_FHLE Temp Drive Removal\4-DocumentControl\3-VDC\4-Navisworks","CREATOR OWNER","Allow","FullControl","True"
"Y:\ttbntfile1\shared\appsdata\groups\17-Xeroxscans\Allison\Lafayette Job Closes\Done by Allison\23T003_FHLE Temp Drive Removal\4-DocumentControl\3-VDC\4-Navisworks","BUILTIN\Administrators","Allow","FullControl","True"
"Y:\ttbntfile1\shared\appsdata\groups\17-Xeroxscans\Allison\Lafayette Job Closes\Done by Allison\23T003_FHLE Temp Drive Removal\4-DocumentControl\3-VDC\4-Navisworks","NT AUTHORITY\SYSTEM","Allow","FullControl","True"
"Y:\ttbntfile1\shared\appsdata\groups\17-Xeroxscans\Allison\Lafayette Job Closes\Done by Allison\23T003_FHLE Temp Drive Removal\4-DocumentControl\3-VDC\5-PDF","TONNANDBLANK\AVD Test Users","Allow","FullControl","True"
"Y:\ttbntfile1\shared\appsdata\groups\17-Xeroxscans\Allison\Lafayette Job Closes\Done by Allison\23T003_FHLE Temp Drive Removal\4-DocumentControl\3-VDC\5-PDF","TONNANDBLANK\impactadmin","Allow","FullControl","True"
"Y:\ttbntfile1\shared\appsdata\groups\17-Xeroxscans\Allison\Lafayette Job Closes\Done by Allison\23T003_FHLE Temp Drive Removal\4-DocumentControl\3-VDC\5-PDF","CREATOR OWNER","Allow","FullControl","True"
"Y:\ttbntfile1\shared\appsdata\groups\17-Xeroxscans\Allison\Lafayette Job Closes\Done by Allison\23T003_FHLE Temp Drive Removal\4-DocumentControl\3-VDC\5-PDF","BUILTIN\Administrators","Allow","FullControl","True"
"Y:\ttbntfile1\shared\appsdata\groups\17-Xeroxscans\Allison\Lafayette Job Closes\Done by Allison\23T003_FHLE Temp Drive Removal\4-DocumentControl\3-VDC\5-PDF","NT AUTHORITY\SYSTEM","Allow","FullControl","True"
"Y:\ttbntfile1\shared\appsdata\groups\17-Xeroxscans\Allison\Lafayette Job Closes\Done by Allison\23T003_FHLE Temp Drive Removal\4-DocumentControl\3-VDC\6-Revit","TONNANDBLANK\AVD Test Users","Allow","FullControl","True"
"Y:\ttbntfile1\shared\appsdata\groups\17-Xeroxscans\Allison\Lafayette Job Closes\Done by Allison\23T003_FHLE Temp Drive Removal\4-DocumentControl\3-VDC\6-Revit","TONNANDBLANK\impactadmin","Allow","FullControl","True"
"Y:\ttbntfile1\shared\appsdata\groups\17-Xeroxscans\Allison\Lafayette Job Closes\Done by Allison\23T003_FHLE Temp Drive Removal\4-DocumentControl\3-VDC\6-Revit","CREATOR OWNER","Allow","FullControl","True"
"Y:\ttbntfile1\shared\appsdata\groups\17-Xeroxscans\Allison\Lafayette Job Closes\Done by Allison\23T003_FHLE Temp Drive Removal\4-DocumentControl\3-VDC\6-Revit","BUILTIN\Administrators","Allow","FullControl","True"
"Y:\ttbntfile1\shared\appsdata\groups\17-Xeroxscans\Allison\Lafayette Job Closes\Done by Allison\23T003_FHLE Temp Drive Removal\4-DocumentControl\3-VDC\6-Revit","NT AUTHORITY\SYSTEM","Allow","FullControl","True"
"Y:\ttbntfile1\shared\appsdata\groups\17-Xeroxscans\Allison\Lafayette Job Closes\Done by Allison\23T003_FHLE Temp Drive Removal\4-DocumentControl\3-VDC\7-SketchUp","TONNANDBLANK\AVD Test Users","Allow","FullControl","True"
"Y:\ttbntfile1\shared\appsdata\groups\17-Xeroxscans\Allison\Lafayette Job Closes\Done by Allison\23T003_FHLE Temp Drive Removal\4-DocumentControl\3-VDC\7-SketchUp","TONNANDBLANK\impactadmin","Allow","FullControl","True"
"Y:\ttbntfile1\shared\appsdata\groups\17-Xeroxscans\Allison\Lafayette Job Closes\Done by Allison\23T003_FHLE Temp Drive Removal\4-DocumentControl\3-VDC\7-SketchUp","CREATOR OWNER","Allow","FullControl","True"
"Y:\ttbntfile1\shared\appsdata\groups\17-Xeroxscans\Allison\Lafayette Job Closes\Done by Allison\23T003_FHLE Temp Drive Removal\4-DocumentControl\3-VDC\7-SketchUp","BUILTIN\Administrators","Allow","FullControl","True"
"Y:\ttbntfile1\shared\appsdata\groups\17-Xeroxscans\Allison\Lafayette Job Closes\Done by Allison\23T003_FHLE Temp Drive Removal\4-DocumentControl\3-VDC\7-SketchUp","NT AUTHORITY\SYSTEM","Allow","FullControl","True"
"Y:\ttbntfile1\shared\appsdata\groups\17-Xeroxscans\Allison\Lafayette Job Closes\Done by Allison\23T003_FHLE Temp Drive Removal\4-DocumentControl\3-VDC\8-Documents","TONNANDBLANK\AVD Test Users","Allow","FullControl","True"
"Y:\ttbntfile1\shared\appsdata\groups\17-Xeroxscans\Allison\Lafayette Job Closes\Done by Allison\23T003_FHLE Temp Drive Removal\4-DocumentControl\3-VDC\8-Documents","TONNANDBLANK\impactadmin","Allow","FullControl","True"
"Y:\ttbntfile1\shared\appsdata\groups\17-Xeroxscans\Allison\Lafayette Job Closes\Done by Allison\23T003_FHLE Temp Drive Removal\4-DocumentControl\3-VDC\8-Documents","CREATOR OWNER","Allow","FullControl","True"
"Y:\ttbntfile1\shared\appsdata\groups\17-Xeroxscans\Allison\Lafayette Job Closes\Done by Allison\23T003_FHLE Temp Drive Removal\4-DocumentControl\3-VDC\8-Documents","BUILTIN\Administrators","Allow","FullControl","True"
"Y:\ttbntfile1\shared\appsdata\groups\17-Xeroxscans\Allison\Lafayette Job Closes\Done by Allison\23T003_FHLE Temp Drive Removal\4-DocumentControl\3-VDC\8-Documents","NT AUTHORITY\SYSTEM","Allow","FullControl","True"
"Y:\ttbntfile1\shared\appsdata\groups\17-Xeroxscans\Allison\Lafayette Job Closes\Done by Allison\23T003_FHLE Temp Drive Removal\4-DocumentControl\3-VDC\1-CAD\1-2D","TONNANDBLANK\AVD Test Users","Allow","FullControl","True"
"Y:\ttbntfile1\shared\appsdata\groups\17-Xeroxscans\Allison\Lafayette Job Closes\Done by Allison\23T003_FHLE Temp Drive Removal\4-DocumentControl\3-VDC\1-CAD\1-2D","TONNANDBLANK\impactadmin","Allow","FullControl","True"
"Y:\ttbntfile1\shared\appsdata\groups\17-Xeroxscans\Allison\Lafayette Job Closes\Done by Allison\23T003_FHLE Temp Drive Removal\4-DocumentControl\3-VDC\1-CAD\1-2D","CREATOR OWNER","Allow","FullControl","True"
"Y:\ttbntfile1\shared\appsdata\groups\17-Xeroxscans\Allison\Lafayette Job Closes\Done by Allison\23T003_FHLE Temp Drive Removal\4-DocumentControl\3-VDC\1-CAD\1-2D","BUILTIN\Administrators","Allow","FullControl","True"
"Y:\ttbntfile1\shared\appsdata\groups\17-Xeroxscans\Allison\Lafayette Job Closes\Done by Allison\23T003_FHLE Temp Drive Removal\4-DocumentControl\3-VDC\1-CAD\1-2D","NT AUTHORITY\SYSTEM","Allow","FullControl","True"
"Y:\ttbntfile1\shared\appsdata\groups\17-Xeroxscans\Allison\Lafayette Job Closes\Done by Allison\23T003_FHLE Temp Drive Removal\4-DocumentControl\3-VDC\1-CAD\2-3D","TONNANDBLANK\AVD Test Users","Allow","FullControl","True"
"Y:\ttbntfile1\shared\appsdata\groups\17-Xeroxscans\Allison\Lafayette Job Closes\Done by Allison\23T003_FHLE Temp Drive Removal\4-DocumentControl\3-VDC\1-CAD\2-3D","TONNANDBLANK\impactadmin","Allow","FullControl","True"
"Y:\ttbntfile1\shared\appsdata\groups\17-Xeroxscans\Allison\Lafayette Job Closes\Done by Allison\23T003_FHLE Temp Drive Removal\4-DocumentControl\3-VDC\1-CAD\2-3D","CREATOR OWNER","Allow","FullControl","True"
"Y:\ttbntfile1\shared\appsdata\groups\17-Xeroxscans\Allison\Lafayette Job Closes\Done by Allison\23T003_FHLE Temp Drive Removal\4-DocumentControl\3-VDC\1-CAD\2-3D","BUILTIN\Administrators","Allow","FullControl","True"
"Y:\ttbntfile1\shared\appsdata\groups\17-Xeroxscans\Allison\Lafayette Job Closes\Done by Allison\23T003_FHLE Temp Drive Removal\4-DocumentControl\3-VDC\1-CAD\2-3D","NT AUTHORITY\SYSTEM","Allow","FullControl","True"
"Y:\ttbntfile1\shared\appsdata\groups\17-Xeroxscans\Allison\Lafayette Job Closes\Done by Allison\23T003_FHLE Temp Drive Removal\5-GovtCorr\1-PermitsLicensesApplStateReleases","TONNANDBLANK\AVD Test Users","Allow","FullControl","True"
"Y:\ttbntfile1\shared\appsdata\groups\17-Xeroxscans\Allison\Lafayette Job Closes\Done by Allison\23T003_FHLE Temp Drive Removal\5-GovtCorr\1-PermitsLicensesApplStateReleases","TONNANDBLANK\impactadmin","Allow","FullControl","True"
"Y:\ttbntfile1\shared\appsdata\groups\17-Xeroxscans\Allison\Lafayette Job Closes\Done by Allison\23T003_FHLE Temp Drive Removal\5-GovtCorr\1-PermitsLicensesApplStateReleases","CREATOR OWNER","Allow","FullControl","True"
"Y:\ttbntfile1\shared\appsdata\groups\17-Xeroxscans\Allison\Lafayette Job Closes\Done by Allison\23T003_FHLE Temp Drive Removal\5-GovtCorr\1-PermitsLicensesApplStateReleases","BUILTIN\Administrators","Allow","FullControl","True"
"Y:\ttbntfile1\shared\appsdata\groups\17-Xeroxscans\Allison\Lafayette Job Closes\Done by Allison\23T003_FHLE Temp Drive Removal\5-GovtCorr\1-PermitsLicensesApplStateReleases","NT AUTHORITY\SYSTEM","Allow","FullControl","True"
"Y:\ttbntfile1\shared\appsdata\groups\17-Xeroxscans\Allison\Lafayette Job Closes\Done by Allison\23T003_FHLE Temp Drive Removal\5-GovtCorr\2-Correspondence","TONNANDBLANK\AVD Test Users","Allow","FullControl","True"
"Y:\ttbntfile1\shared\appsdata\groups\17-Xeroxscans\Allison\Lafayette Job Closes\Done by Allison\23T003_FHLE Temp Drive Removal\5-GovtCorr\2-Correspondence","TONNANDBLANK\impactadmin","Allow","FullControl","True"
"Y:\ttbntfile1\shared\appsdata\groups\17-Xeroxscans\Allison\Lafayette Job Closes\Done by Allison\23T003_FHLE Temp Drive Removal\5-GovtCorr\2-Correspondence","CREATOR OWNER","Allow","FullControl","True"
"Y:\ttbntfile1\shared\appsdata\groups\17-Xeroxscans\Allison\Lafayette Job Closes\Done by Allison\23T003_FHLE Temp Drive Removal\5-GovtCorr\2-Correspondence","BUILTIN\Administrators","Allow","FullControl","True"
"Y:\ttbntfile1\shared\appsdata\groups\17-Xeroxscans\Allison\Lafayette Job Closes\Done by Allison\23T003_FHLE Temp Drive Removal\5-GovtCorr\2-Correspondence","NT AUTHORITY\SYSTEM","Allow","FullControl","True"
"Y:\ttbntfile1\shared\appsdata\groups\17-Xeroxscans\Allison\Lafayette Job Closes\Done by Allison\23T003_FHLE Temp Drive Removal\5-GovtCorr\3-InspectionReportsCertificates","TONNANDBLANK\AVD Test Users","Allow","FullControl","True"
"Y:\ttbntfile1\shared\appsdata\groups\17-Xeroxscans\Allison\Lafayette Job Closes\Done by Allison\23T003_FHLE Temp Drive Removal\5-GovtCorr\3-InspectionReportsCertificates","TONNANDBLANK\impactadmin","Allow","FullControl","True"
"Y:\ttbntfile1\shared\appsdata\groups\17-Xeroxscans\Allison\Lafayette Job Closes\Done by Allison\23T003_FHLE Temp Drive Removal\5-GovtCorr\3-InspectionReportsCertificates","CREATOR OWNER","Allow","FullControl","True"
"Y:\ttbntfile1\shared\appsdata\groups\17-Xeroxscans\Allison\Lafayette Job Closes\Done by Allison\23T003_FHLE Temp Drive Removal\5-GovtCorr\3-InspectionReportsCertificates","BUILTIN\Administrators","Allow","FullControl","True"
"Y:\ttbntfile1\shared\appsdata\groups\17-Xeroxscans\Allison\Lafayette Job Closes\Done by Allison\23T003_FHLE Temp Drive Removal\5-GovtCorr\3-InspectionReportsCertificates","NT AUTHORITY\SYSTEM","Allow","FullControl","True"
"Y:\ttbntfile1\shared\appsdata\groups\17-Xeroxscans\Allison\Lafayette Job Closes\Done by Allison\23T003_FHLE Temp Drive Removal\5-GovtCorr\4-ST105","TONNANDBLANK\AVD Test Users","Allow","FullControl","True"
"Y:\ttbntfile1\shared\appsdata\groups\17-Xeroxscans\Allison\Lafayette Job Closes\Done by Allison\23T003_FHLE Temp Drive Removal\5-GovtCorr\4-ST105","TONNANDBLANK\impactadmin","Allow","FullControl","True"
"Y:\ttbntfile1\shared\appsdata\groups\17-Xeroxscans\Allison\Lafayette Job Closes\Done by Allison\23T003_FHLE Temp Drive Removal\5-GovtCorr\4-ST105","CREATOR OWNER","Allow","FullControl","True"
"Y:\ttbntfile1\shared\appsdata\groups\17-Xeroxscans\Allison\Lafayette Job Closes\Done by Allison\23T003_FHLE Temp Drive Removal\5-GovtCorr\4-ST105","BUILTIN\Administrators","Allow","FullControl","True"
"Y:\ttbntfile1\shared\appsdata\groups\17-Xeroxscans\Allison\Lafayette Job Closes\Done by Allison\23T003_FHLE Temp Drive Removal\5-GovtCorr\4-ST105","NT AUTHORITY\SYSTEM","Allow","FullControl","True"
"Y:\ttbntfile1\shared\appsdata\groups\17-Xeroxscans\Allison\Lafayette Job Closes\Done by Allison\23T003_FHLE Temp Drive Removal\5-GovtCorr\2-Correspondence\1-Incoming","TONNANDBLANK\AVD Test Users","Allow","FullControl","True"
"Y:\ttbntfile1\shared\appsdata\groups\17-Xeroxscans\Allison\Lafayette Job Closes\Done by Allison\23T003_FHLE Temp Drive Removal\5-GovtCorr\2-Correspondence\1-Incoming","TONNANDBLANK\impactadmin","Allow","FullControl","True"
"Y:\ttbntfile1\shared\appsdata\groups\17-Xeroxscans\Allison\Lafayette Job Closes\Done by Allison\23T003_FHLE Temp Drive Removal\5-GovtCorr\2-Correspondence\1-Incoming","CREATOR OWNER","Allow","FullControl","True"
"Y:\ttbntfile1\shared\appsdata\groups\17-Xeroxscans\Allison\Lafayette Job Closes\Done by Allison\23T003_FHLE Temp Drive Removal\5-GovtCorr\2-Correspondence\1-Incoming","BUILTIN\Administrators","Allow","FullControl","True"
"Y:\ttbntfile1\shared\appsdata\groups\17-Xeroxscans\Allison\Lafayette Job Closes\Done by Allison\23T003_FHLE Temp Drive Removal\5-GovtCorr\2-Correspondence\1-Incoming","NT AUTHORITY\SYSTEM","Allow","FullControl","True"
"Y:\ttbntfile1\shared\appsdata\groups\17-Xeroxscans\Allison\Lafayette Job Closes\Done by Allison\23T003_FHLE Temp Drive Removal\5-GovtCorr\2-Correspondence\2-Outgoing","TONNANDBLANK\AVD Test Users","Allow","FullControl","True"
"Y:\ttbntfile1\shared\appsdata\groups\17-Xeroxscans\Allison\Lafayette Job Closes\Done by Allison\23T003_FHLE Temp Drive Removal\5-GovtCorr\2-Correspondence\2-Outgoing","TONNANDBLANK\impactadmin","Allow","FullControl","True"
"Y:\ttbntfile1\shared\appsdata\groups\17-Xeroxscans\Allison\Lafayette Job Closes\Done by Allison\23T003_FHLE Temp Drive Removal\5-GovtCorr\2-Correspondence\2-Outgoing","CREATOR OWNER","Allow","FullControl","True"
"Y:\ttbntfile1\shared\appsdata\groups\17-Xeroxscans\Allison\Lafayette Job Closes\Done by Allison\23T003_FHLE Temp Drive Removal\5-GovtCorr\2-Correspondence\2-Outgoing","BUILTIN\Administrators","Allow","FullControl","True"
"Y:\ttbntfile1\shared\appsdata\groups\17-Xeroxscans\Allison\Lafayette Job Closes\Done by Allison\23T003_FHLE Temp Drive Removal\5-GovtCorr\2-Correspondence\2-Outgoing","NT AUTHORITY\SYSTEM","Allow","FullControl","True"
"Y:\ttbntfile1\shared\appsdata\groups\17-Xeroxscans\Allison\Lafayette Job Closes\Done by Allison\23T003_FHLE Temp Drive Removal\6-PO_Sub_Consultants\1-ProjectDirectory","TONNANDBLANK\AVD Test Users","Allow","FullControl","True"
"Y:\ttbntfile1\shared\appsdata\groups\17-Xeroxscans\Allison\Lafayette Job Closes\Done by Allison\23T003_FHLE Temp Drive Removal\6-PO_Sub_Consultants\1-ProjectDirectory","TONNANDBLANK\impactadmin","Allow","FullControl","True"
"Y:\ttbntfile1\shared\appsdata\groups\17-Xeroxscans\Allison\Lafayette Job Closes\Done by Allison\23T003_FHLE Temp Drive Removal\6-PO_Sub_Consultants\1-ProjectDirectory","CREATOR OWNER","Allow","FullControl","True"
"Y:\ttbntfile1\shared\appsdata\groups\17-Xeroxscans\Allison\Lafayette Job Closes\Done by Allison\23T003_FHLE Temp Drive Removal\6-PO_Sub_Consultants\1-ProjectDirectory","BUILTIN\Administrators","Allow","FullControl","True"
"Y:\ttbntfile1\shared\appsdata\groups\17-Xeroxscans\Allison\Lafayette Job Closes\Done by Allison\23T003_FHLE Temp Drive Removal\6-PO_Sub_Consultants\1-ProjectDirectory","NT AUTHORITY\SYSTEM","Allow","FullControl","True"
"Y:\ttbntfile1\shared\appsdata\groups\17-Xeroxscans\Allison\Lafayette Job Closes\Done by Allison\23T003_FHLE Temp Drive Removal\6-PO_Sub_Consultants\2-PreContractAwardFiles","TONNANDBLANK\AVD Test Users","Allow","FullControl","True"
"Y:\ttbntfile1\shared\appsdata\groups\17-Xeroxscans\Allison\Lafayette Job Closes\Done by Allison\23T003_FHLE Temp Drive Removal\6-PO_Sub_Consultants\2-PreContractAwardFiles","TONNANDBLANK\impactadmin","Allow","FullControl","True"
"Y:\ttbntfile1\shared\appsdata\groups\17-Xeroxscans\Allison\Lafayette Job Closes\Done by Allison\23T003_FHLE Temp Drive Removal\6-PO_Sub_Consultants\2-PreContractAwardFiles","CREATOR OWNER","Allow","FullControl","True"
"Y:\ttbntfile1\shared\appsdata\groups\17-Xeroxscans\Allison\Lafayette Job Closes\Done by Allison\23T003_FHLE Temp Drive Removal\6-PO_Sub_Consultants\2-PreContractAwardFiles","BUILTIN\Administrators","Allow","FullControl","True"
"Y:\ttbntfile1\shared\appsdata\groups\17-Xeroxscans\Allison\Lafayette Job Closes\Done by Allison\23T003_FHLE Temp Drive Removal\6-PO_Sub_Consultants\2-PreContractAwardFiles","NT AUTHORITY\SYSTEM","Allow","FullControl","True"
"Y:\ttbntfile1\shared\appsdata\groups\17-Xeroxscans\Allison\Lafayette Job Closes\Done by Allison\23T003_FHLE Temp Drive Removal\6-PO_Sub_Consultants\3-SubPSA","TONNANDBLANK\AVD Test Users","Allow","FullControl","True"
"Y:\ttbntfile1\shared\appsdata\groups\17-Xeroxscans\Allison\Lafayette Job Closes\Done by Allison\23T003_FHLE Temp Drive Removal\6-PO_Sub_Consultants\3-SubPSA","TONNANDBLANK\impactadmin","Allow","FullControl","True"
"Y:\ttbntfile1\shared\appsdata\groups\17-Xeroxscans\Allison\Lafayette Job Closes\Done by Allison\23T003_FHLE Temp Drive Removal\6-PO_Sub_Consultants\3-SubPSA","CREATOR OWNER","Allow","FullControl","True"
"Y:\ttbntfile1\shared\appsdata\groups\17-Xeroxscans\Allison\Lafayette Job Closes\Done by Allison\23T003_FHLE Temp Drive Removal\6-PO_Sub_Consultants\3-SubPSA","BUILTIN\Administrators","Allow","FullControl","True"
"Y:\ttbntfile1\shared\appsdata\groups\17-Xeroxscans\Allison\Lafayette Job Closes\Done by Allison\23T003_FHLE Temp Drive Removal\6-PO_Sub_Consultants\3-SubPSA","NT AUTHORITY\SYSTEM","Allow","FullControl","True"
"Y:\ttbntfile1\shared\appsdata\groups\17-Xeroxscans\Allison\Lafayette Job Closes\Done by Allison\23T003_FHLE Temp Drive Removal\6-PO_Sub_Consultants\4-PO","TONNANDBLANK\AVD Test Users","Allow","FullControl","True"
"Y:\ttbntfile1\shared\appsdata\groups\17-Xeroxscans\Allison\Lafayette Job Closes\Done by Allison\23T003_FHLE Temp Drive Removal\6-PO_Sub_Consultants\4-PO","TONNANDBLANK\impactadmin","Allow","FullControl","True"
"Y:\ttbntfile1\shared\appsdata\groups\17-Xeroxscans\Allison\Lafayette Job Closes\Done by Allison\23T003_FHLE Temp Drive Removal\6-PO_Sub_Consultants\4-PO","CREATOR OWNER","Allow","FullControl","True"
"Y:\ttbntfile1\shared\appsdata\groups\17-Xeroxscans\Allison\Lafayette Job Closes\Done by Allison\23T003_FHLE Temp Drive Removal\6-PO_Sub_Consultants\4-PO","BUILTIN\Administrators","Allow","FullControl","True"
"Y:\ttbntfile1\shared\appsdata\groups\17-Xeroxscans\Allison\Lafayette Job Closes\Done by Allison\23T003_FHLE Temp Drive Removal\6-PO_Sub_Consultants\4-PO","NT AUTHORITY\SYSTEM","Allow","FullControl","True"
"Y:\ttbntfile1\shared\appsdata\groups\17-Xeroxscans\Allison\Lafayette Job Closes\Done by Allison\23T003_FHLE Temp Drive Removal\6-PO_Sub_Consultants\1-ProjectDirectory\1-ProjectTeamOrganizationChart","TONNANDBLANK\AVD Test Users","Allow","FullControl","True"
"Y:\ttbntfile1\shared\appsdata\groups\17-Xeroxscans\Allison\Lafayette Job Closes\Done by Allison\23T003_FHLE Temp Drive Removal\6-PO_Sub_Consultants\1-ProjectDirectory\1-ProjectTeamOrganizationChart","TONNANDBLANK\impactadmin","Allow","FullControl","True"
"Y:\ttbntfile1\shared\appsdata\groups\17-Xeroxscans\Allison\Lafayette Job Closes\Done by Allison\23T003_FHLE Temp Drive Removal\6-PO_Sub_Consultants\1-ProjectDirectory\1-ProjectTeamOrganizationChart","CREATOR OWNER","Allow","FullControl","True"
"Y:\ttbntfile1\shared\appsdata\groups\17-Xeroxscans\Allison\Lafayette Job Closes\Done by Allison\23T003_FHLE Temp Drive Removal\6-PO_Sub_Consultants\1-ProjectDirectory\1-ProjectTeamOrganizationChart","BUILTIN\Administrators","Allow","FullControl","True"
"Y:\ttbntfile1\shared\appsdata\groups\17-Xeroxscans\Allison\Lafayette Job Closes\Done by Allison\23T003_FHLE Temp Drive Removal\6-PO_Sub_Consultants\1-ProjectDirectory\1-ProjectTeamOrganizationChart","NT AUTHORITY\SYSTEM","Allow","FullControl","True"
"Y:\ttbntfile1\shared\appsdata\groups\17-Xeroxscans\Allison\Lafayette Job Closes\Done by Allison\23T003_FHLE Temp Drive Removal\6-PO_Sub_Consultants\1-ProjectDirectory\2-EmergencyContactList","TONNANDBLANK\AVD Test Users","Allow","FullControl","True"
"Y:\ttbntfile1\shared\appsdata\groups\17-Xeroxscans\Allison\Lafayette Job Closes\Done by Allison\23T003_FHLE Temp Drive Removal\6-PO_Sub_Consultants\1-ProjectDirectory\2-EmergencyContactList","TONNANDBLANK\impactadmin","Allow","FullControl","True"
"Y:\ttbntfile1\shared\appsdata\groups\17-Xeroxscans\Allison\Lafayette Job Closes\Done by Allison\23T003_FHLE Temp Drive Removal\6-PO_Sub_Consultants\1-ProjectDirectory\2-EmergencyContactList","CREATOR OWNER","Allow","FullControl","True"
"Y:\ttbntfile1\shared\appsdata\groups\17-Xeroxscans\Allison\Lafayette Job Closes\Done by Allison\23T003_FHLE Temp Drive Removal\6-PO_Sub_Consultants\1-ProjectDirectory\2-EmergencyContactList","BUILTIN\Administrators","Allow","FullControl","True"
"Y:\ttbntfile1\shared\appsdata\groups\17-Xeroxscans\Allison\Lafayette Job Closes\Done by Allison\23T003_FHLE Temp Drive Removal\6-PO_Sub_Consultants\1-ProjectDirectory\2-EmergencyContactList","NT AUTHORITY\SYSTEM","Allow","FullControl","True"
"Y:\ttbntfile1\shared\appsdata\groups\17-Xeroxscans\Allison\Lafayette Job Closes\Done by Allison\23T003_FHLE Temp Drive Removal\6-PO_Sub_Consultants\3-SubPSA\0-BI Letter","TONNANDBLANK\AVD Test Users","Allow","FullControl","True"
"Y:\ttbntfile1\shared\appsdata\groups\17-Xeroxscans\Allison\Lafayette Job Closes\Done by Allison\23T003_FHLE Temp Drive Removal\6-PO_Sub_Consultants\3-SubPSA\0-BI Letter","TONNANDBLANK\impactadmin","Allow","FullControl","True"
"Y:\ttbntfile1\shared\appsdata\groups\17-Xeroxscans\Allison\Lafayette Job Closes\Done by Allison\23T003_FHLE Temp Drive Removal\6-PO_Sub_Consultants\3-SubPSA\0-BI Letter","CREATOR OWNER","Allow","FullControl","True"
"Y:\ttbntfile1\shared\appsdata\groups\17-Xeroxscans\Allison\Lafayette Job Closes\Done by Allison\23T003_FHLE Temp Drive Removal\6-PO_Sub_Consultants\3-SubPSA\0-BI Letter","BUILTIN\Administrators","Allow","FullControl","True"
"Y:\ttbntfile1\shared\appsdata\groups\17-Xeroxscans\Allison\Lafayette Job Closes\Done by Allison\23T003_FHLE Temp Drive Removal\6-PO_Sub_Consultants\3-SubPSA\0-BI Letter","NT AUTHORITY\SYSTEM","Allow","FullControl","True"
"Y:\ttbntfile1\shared\appsdata\groups\17-Xeroxscans\Allison\Lafayette Job Closes\Done by Allison\23T003_FHLE Temp Drive Removal\6-PO_Sub_Consultants\3-SubPSA\0-SubcontractorTemplate","TONNANDBLANK\AVD Test Users","Allow","FullControl","True"
"Y:\ttbntfile1\shared\appsdata\groups\17-Xeroxscans\Allison\Lafayette Job Closes\Done by Allison\23T003_FHLE Temp Drive Removal\6-PO_Sub_Consultants\3-SubPSA\0-SubcontractorTemplate","TONNANDBLANK\impactadmin","Allow","FullControl","True"
"Y:\ttbntfile1\shared\appsdata\groups\17-Xeroxscans\Allison\Lafayette Job Closes\Done by Allison\23T003_FHLE Temp Drive Removal\6-PO_Sub_Consultants\3-SubPSA\0-SubcontractorTemplate","CREATOR OWNER","Allow","FullControl","True"
"Y:\ttbntfile1\shared\appsdata\groups\17-Xeroxscans\Allison\Lafayette Job Closes\Done by Allison\23T003_FHLE Temp Drive Removal\6-PO_Sub_Consultants\3-SubPSA\0-SubcontractorTemplate","BUILTIN\Administrators","Allow","FullControl","True"
"Y:\ttbntfile1\shared\appsdata\groups\17-Xeroxscans\Allison\Lafayette Job Closes\Done by Allison\23T003_FHLE Temp Drive Removal\6-PO_Sub_Consultants\3-SubPSA\0-SubcontractorTemplate","NT AUTHORITY\SYSTEM","Allow","FullControl","True"
"Y:\ttbntfile1\shared\appsdata\groups\17-Xeroxscans\Allison\Lafayette Job Closes\Done by Allison\23T003_FHLE Temp Drive Removal\6-PO_Sub_Consultants\3-SubPSA\0-Super Doug Robertson","TONNANDBLANK\AVD Test Users","Allow","FullControl","True"
"Y:\ttbntfile1\shared\appsdata\groups\17-Xeroxscans\Allison\Lafayette Job Closes\Done by Allison\23T003_FHLE Temp Drive Removal\6-PO_Sub_Consultants\3-SubPSA\0-Super Doug Robertson","TONNANDBLANK\impactadmin","Allow","FullControl","True"
"Y:\ttbntfile1\shared\appsdata\groups\17-Xeroxscans\Allison\Lafayette Job Closes\Done by Allison\23T003_FHLE Temp Drive Removal\6-PO_Sub_Consultants\3-SubPSA\0-Super Doug Robertson","CREATOR OWNER","Allow","FullControl","True"
"Y:\ttbntfile1\shared\appsdata\groups\17-Xeroxscans\Allison\Lafayette Job Closes\Done by Allison\23T003_FHLE Temp Drive Removal\6-PO_Sub_Consultants\3-SubPSA\0-Super Doug Robertson","BUILTIN\Administrators","Allow","FullControl","True"
"Y:\ttbntfile1\shared\appsdata\groups\17-Xeroxscans\Allison\Lafayette Job Closes\Done by Allison\23T003_FHLE Temp Drive Removal\6-PO_Sub_Consultants\3-SubPSA\0-Super Doug Robertson","NT AUTHORITY\SYSTEM","Allow","FullControl","True"
"Y:\ttbntfile1\shared\appsdata\groups\17-Xeroxscans\Allison\Lafayette Job Closes\Done by Allison\23T003_FHLE Temp Drive Removal\6-PO_Sub_Consultants\3-SubPSA\R&W Contracting 83012","TONNANDBLANK\AVD Test Users","Allow","FullControl","True"
"Y:\ttbntfile1\shared\appsdata\groups\17-Xeroxscans\Allison\Lafayette Job Closes\Done by Allison\23T003_FHLE Temp Drive Removal\6-PO_Sub_Consultants\3-SubPSA\R&W Contracting 83012","TONNANDBLANK\impactadmin","Allow","FullControl","True"
"Y:\ttbntfile1\shared\appsdata\groups\17-Xeroxscans\Allison\Lafayette Job Closes\Done by Allison\23T003_FHLE Temp Drive Removal\6-PO_Sub_Consultants\3-SubPSA\R&W Contracting 83012","CREATOR OWNER","Allow","FullControl","True"
"Y:\ttbntfile1\shared\appsdata\groups\17-Xeroxscans\Allison\Lafayette Job Closes\Done by Allison\23T003_FHLE Temp Drive Removal\6-PO_Sub_Consultants\3-SubPSA\R&W Contracting 83012","BUILTIN\Administrators","Allow","FullControl","True"
"Y:\ttbntfile1\shared\appsdata\groups\17-Xeroxscans\Allison\Lafayette Job Closes\Done by Allison\23T003_FHLE Temp Drive Removal\6-PO_Sub_Consultants\3-SubPSA\R&W Contracting 83012","NT AUTHORITY\SYSTEM","Allow","FullControl","True"
"Y:\ttbntfile1\shared\appsdata\groups\17-Xeroxscans\Allison\Lafayette Job Closes\Done by Allison\23T003_FHLE Temp Drive Removal\6-PO_Sub_Consultants\3-SubPSA\0-SubcontractorTemplate\1-ExecutedSubcontract","TONNANDBLANK\AVD Test Users","Allow","FullControl","True"
"Y:\ttbntfile1\shared\appsdata\groups\17-Xeroxscans\Allison\Lafayette Job Closes\Done by Allison\23T003_FHLE Temp Drive Removal\6-PO_Sub_Consultants\3-SubPSA\0-SubcontractorTemplate\1-ExecutedSubcontract","TONNANDBLANK\impactadmin","Allow","FullControl","True"
"Y:\ttbntfile1\shared\appsdata\groups\17-Xeroxscans\Allison\Lafayette Job Closes\Done by Allison\23T003_FHLE Temp Drive Removal\6-PO_Sub_Consultants\3-SubPSA\0-SubcontractorTemplate\1-ExecutedSubcontract","CREATOR OWNER","Allow","FullControl","True"
"Y:\ttbntfile1\shared\appsdata\groups\17-Xeroxscans\Allison\Lafayette Job Closes\Done by Allison\23T003_FHLE Temp Drive Removal\6-PO_Sub_Consultants\3-SubPSA\0-SubcontractorTemplate\1-ExecutedSubcontract","BUILTIN\Administrators","Allow","FullControl","True"
"Y:\ttbntfile1\shared\appsdata\groups\17-Xeroxscans\Allison\Lafayette Job Closes\Done by Allison\23T003_FHLE Temp Drive Removal\6-PO_Sub_Consultants\3-SubPSA\0-SubcontractorTemplate\1-ExecutedSubcontract","NT AUTHORITY\SYSTEM","Allow","FullControl","True"
"Y:\ttbntfile1\shared\appsdata\groups\17-Xeroxscans\Allison\Lafayette Job Closes\Done by Allison\23T003_FHLE Temp Drive Removal\6-PO_Sub_Consultants\3-SubPSA\0-SubcontractorTemplate\10-EEOUtilization","TONNANDBLANK\AVD Test Users","Allow","FullControl","True"
"Y:\ttbntfile1\shared\appsdata\groups\17-Xeroxscans\Allison\Lafayette Job Closes\Done by Allison\23T003_FHLE Temp Drive Removal\6-PO_Sub_Consultants\3-SubPSA\0-SubcontractorTemplate\10-EEOUtilization","TONNANDBLANK\impactadmin","Allow","FullControl","True"
"Y:\ttbntfile1\shared\appsdata\groups\17-Xeroxscans\Allison\Lafayette Job Closes\Done by Allison\23T003_FHLE Temp Drive Removal\6-PO_Sub_Consultants\3-SubPSA\0-SubcontractorTemplate\10-EEOUtilization","CREATOR OWNER","Allow","FullControl","True"
"Y:\ttbntfile1\shared\appsdata\groups\17-Xeroxscans\Allison\Lafayette Job Closes\Done by Allison\23T003_FHLE Temp Drive Removal\6-PO_Sub_Consultants\3-SubPSA\0-SubcontractorTemplate\10-EEOUtilization","BUILTIN\Administrators","Allow","FullControl","True"
"Y:\ttbntfile1\shared\appsdata\groups\17-Xeroxscans\Allison\Lafayette Job Closes\Done by Allison\23T003_FHLE Temp Drive Removal\6-PO_Sub_Consultants\3-SubPSA\0-SubcontractorTemplate\10-EEOUtilization","NT AUTHORITY\SYSTEM","Allow","FullControl","True"
"Y:\ttbntfile1\shared\appsdata\groups\17-Xeroxscans\Allison\Lafayette Job Closes\Done by Allison\23T003_FHLE Temp Drive Removal\6-PO_Sub_Consultants\3-SubPSA\0-SubcontractorTemplate\11-Correspondence","TONNANDBLANK\AVD Test Users","Allow","FullControl","True"
"Y:\ttbntfile1\shared\appsdata\groups\17-Xeroxscans\Allison\Lafayette Job Closes\Done by Allison\23T003_FHLE Temp Drive Removal\6-PO_Sub_Consultants\3-SubPSA\0-SubcontractorTemplate\11-Correspondence","TONNANDBLANK\impactadmin","Allow","FullControl","True"
"Y:\ttbntfile1\shared\appsdata\groups\17-Xeroxscans\Allison\Lafayette Job Closes\Done by Allison\23T003_FHLE Temp Drive Removal\6-PO_Sub_Consultants\3-SubPSA\0-SubcontractorTemplate\11-Correspondence","CREATOR OWNER","Allow","FullControl","True"
"Y:\ttbntfile1\shared\appsdata\groups\17-Xeroxscans\Allison\Lafayette Job Closes\Done by Allison\23T003_FHLE Temp Drive Removal\6-PO_Sub_Consultants\3-SubPSA\0-SubcontractorTemplate\11-Correspondence","BUILTIN\Administrators","Allow","FullControl","True"
"Y:\ttbntfile1\shared\appsdata\groups\17-Xeroxscans\Allison\Lafayette Job Closes\Done by Allison\23T003_FHLE Temp Drive Removal\6-PO_Sub_Consultants\3-SubPSA\0-SubcontractorTemplate\11-Correspondence","NT AUTHORITY\SYSTEM","Allow","FullControl","True"
"Y:\ttbntfile1\shared\appsdata\groups\17-Xeroxscans\Allison\Lafayette Job Closes\Done by Allison\23T003_FHLE Temp Drive Removal\6-PO_Sub_Consultants\3-SubPSA\0-SubcontractorTemplate\2-PymtPerfBond","TONNANDBLANK\AVD Test Users","Allow","FullControl","True"
"Y:\ttbntfile1\shared\appsdata\groups\17-Xeroxscans\Allison\Lafayette Job Closes\Done by Allison\23T003_FHLE Temp Drive Removal\6-PO_Sub_Consultants\3-SubPSA\0-SubcontractorTemplate\2-PymtPerfBond","TONNANDBLANK\impactadmin","Allow","FullControl","True"
"Y:\ttbntfile1\shared\appsdata\groups\17-Xeroxscans\Allison\Lafayette Job Closes\Done by Allison\23T003_FHLE Temp Drive Removal\6-PO_Sub_Consultants\3-SubPSA\0-SubcontractorTemplate\2-PymtPerfBond","CREATOR OWNER","Allow","FullControl","True"
"Y:\ttbntfile1\shared\appsdata\groups\17-Xeroxscans\Allison\Lafayette Job Closes\Done by Allison\23T003_FHLE Temp Drive Removal\6-PO_Sub_Consultants\3-SubPSA\0-SubcontractorTemplate\2-PymtPerfBond","BUILTIN\Administrators","Allow","FullControl","True"
"Y:\ttbntfile1\shared\appsdata\groups\17-Xeroxscans\Allison\Lafayette Job Closes\Done by Allison\23T003_FHLE Temp Drive Removal\6-PO_Sub_Consultants\3-SubPSA\0-SubcontractorTemplate\2-PymtPerfBond","NT AUTHORITY\SYSTEM","Allow","FullControl","True"
"Y:\ttbntfile1\shared\appsdata\groups\17-Xeroxscans\Allison\Lafayette Job Closes\Done by Allison\23T003_FHLE Temp Drive Removal\6-PO_Sub_Consultants\3-SubPSA\0-SubcontractorTemplate\3-InsuranceCertificate","TONNANDBLANK\AVD Test Users","Allow","FullControl","True"
"Y:\ttbntfile1\shared\appsdata\groups\17-Xeroxscans\Allison\Lafayette Job Closes\Done by Allison\23T003_FHLE Temp Drive Removal\6-PO_Sub_Consultants\3-SubPSA\0-SubcontractorTemplate\3-InsuranceCertificate","TONNANDBLANK\impactadmin","Allow","FullControl","True"
"Y:\ttbntfile1\shared\appsdata\groups\17-Xeroxscans\Allison\Lafayette Job Closes\Done by Allison\23T003_FHLE Temp Drive Removal\6-PO_Sub_Consultants\3-SubPSA\0-SubcontractorTemplate\3-InsuranceCertificate","CREATOR OWNER","Allow","FullControl","True"
"Y:\ttbntfile1\shared\appsdata\groups\17-Xeroxscans\Allison\Lafayette Job Closes\Done by Allison\23T003_FHLE Temp Drive Removal\6-PO_Sub_Consultants\3-SubPSA\0-SubcontractorTemplate\3-InsuranceCertificate","BUILTIN\Administrators","Allow","FullControl","True"
"Y:\ttbntfile1\shared\appsdata\groups\17-Xeroxscans\Allison\Lafayette Job Closes\Done by Allison\23T003_FHLE Temp Drive Removal\6-PO_Sub_Consultants\3-SubPSA\0-SubcontractorTemplate\3-InsuranceCertificate","NT AUTHORITY\SYSTEM","Allow","FullControl","True"
"Y:\ttbntfile1\shared\appsdata\groups\17-Xeroxscans\Allison\Lafayette Job Closes\Done by Allison\23T003_FHLE Temp Drive Removal\6-PO_Sub_Consultants\3-SubPSA\0-SubcontractorTemplate\4-RFP","TONNANDBLANK\AVD Test Users","Allow","FullControl","True"
"Y:\ttbntfile1\shared\appsdata\groups\17-Xeroxscans\Allison\Lafayette Job Closes\Done by Allison\23T003_FHLE Temp Drive Removal\6-PO_Sub_Consultants\3-SubPSA\0-SubcontractorTemplate\4-RFP","TONNANDBLANK\impactadmin","Allow","FullControl","True"
"Y:\ttbntfile1\shared\appsdata\groups\17-Xeroxscans\Allison\Lafayette Job Closes\Done by Allison\23T003_FHLE Temp Drive Removal\6-PO_Sub_Consultants\3-SubPSA\0-SubcontractorTemplate\4-RFP","CREATOR OWNER","Allow","FullControl","True"
"Y:\ttbntfile1\shared\appsdata\groups\17-Xeroxscans\Allison\Lafayette Job Closes\Done by Allison\23T003_FHLE Temp Drive Removal\6-PO_Sub_Consultants\3-SubPSA\0-SubcontractorTemplate\4-RFP","BUILTIN\Administrators","Allow","FullControl","True"
"Y:\ttbntfile1\shared\appsdata\groups\17-Xeroxscans\Allison\Lafayette Job Closes\Done by Allison\23T003_FHLE Temp Drive Removal\6-PO_Sub_Consultants\3-SubPSA\0-SubcontractorTemplate\4-RFP","NT AUTHORITY\SYSTEM","Allow","FullControl","True"
"Y:\ttbntfile1\shared\appsdata\groups\17-Xeroxscans\Allison\Lafayette Job Closes\Done by Allison\23T003_FHLE Temp Drive Removal\6-PO_Sub_Consultants\3-SubPSA\0-SubcontractorTemplate\5-PayAppl","TONNANDBLANK\AVD Test Users","Allow","FullControl","True"
"Y:\ttbntfile1\shared\appsdata\groups\17-Xeroxscans\Allison\Lafayette Job Closes\Done by Allison\23T003_FHLE Temp Drive Removal\6-PO_Sub_Consultants\3-SubPSA\0-SubcontractorTemplate\5-PayAppl","TONNANDBLANK\impactadmin","Allow","FullControl","True"
"Y:\ttbntfile1\shared\appsdata\groups\17-Xeroxscans\Allison\Lafayette Job Closes\Done by Allison\23T003_FHLE Temp Drive Removal\6-PO_Sub_Consultants\3-SubPSA\0-SubcontractorTemplate\5-PayAppl","CREATOR OWNER","Allow","FullControl","True"
"Y:\ttbntfile1\shared\appsdata\groups\17-Xeroxscans\Allison\Lafayette Job Closes\Done by Allison\23T003_FHLE Temp Drive Removal\6-PO_Sub_Consultants\3-SubPSA\0-SubcontractorTemplate\5-PayAppl","BUILTIN\Administrators","Allow","FullControl","True"
"Y:\ttbntfile1\shared\appsdata\groups\17-Xeroxscans\Allison\Lafayette Job Closes\Done by Allison\23T003_FHLE Temp Drive Removal\6-PO_Sub_Consultants\3-SubPSA\0-SubcontractorTemplate\5-PayAppl","NT AUTHORITY\SYSTEM","Allow","FullControl","True"
"Y:\ttbntfile1\shared\appsdata\groups\17-Xeroxscans\Allison\Lafayette Job Closes\Done by Allison\23T003_FHLE Temp Drive Removal\6-PO_Sub_Consultants\3-SubPSA\0-SubcontractorTemplate\6-ChangeOrderSummary","TONNANDBLANK\AVD Test Users","Allow","FullControl","True"
"Y:\ttbntfile1\shared\appsdata\groups\17-Xeroxscans\Allison\Lafayette Job Closes\Done by Allison\23T003_FHLE Temp Drive Removal\6-PO_Sub_Consultants\3-SubPSA\0-SubcontractorTemplate\6-ChangeOrderSummary","TONNANDBLANK\impactadmin","Allow","FullControl","True"
"Y:\ttbntfile1\shared\appsdata\groups\17-Xeroxscans\Allison\Lafayette Job Closes\Done by Allison\23T003_FHLE Temp Drive Removal\6-PO_Sub_Consultants\3-SubPSA\0-SubcontractorTemplate\6-ChangeOrderSummary","CREATOR OWNER","Allow","FullControl","True"
"Y:\ttbntfile1\shared\appsdata\groups\17-Xeroxscans\Allison\Lafayette Job Closes\Done by Allison\23T003_FHLE Temp Drive Removal\6-PO_Sub_Consultants\3-SubPSA\0-SubcontractorTemplate\6-ChangeOrderSummary","BUILTIN\Administrators","Allow","FullControl","True"
"Y:\ttbntfile1\shared\appsdata\groups\17-Xeroxscans\Allison\Lafayette Job Closes\Done by Allison\23T003_FHLE Temp Drive Removal\6-PO_Sub_Consultants\3-SubPSA\0-SubcontractorTemplate\6-ChangeOrderSummary","NT AUTHORITY\SYSTEM","Allow","FullControl","True"
"Y:\ttbntfile1\shared\appsdata\groups\17-Xeroxscans\Allison\Lafayette Job Closes\Done by Allison\23T003_FHLE Temp Drive Removal\6-PO_Sub_Consultants\3-SubPSA\0-SubcontractorTemplate\7-ChangeOrders","TONNANDBLANK\AVD Test Users","Allow","FullControl","True"
"Y:\ttbntfile1\shared\appsdata\groups\17-Xeroxscans\Allison\Lafayette Job Closes\Done by Allison\23T003_FHLE Temp Drive Removal\6-PO_Sub_Consultants\3-SubPSA\0-SubcontractorTemplate\7-ChangeOrders","TONNANDBLANK\impactadmin","Allow","FullControl","True"
"Y:\ttbntfile1\shared\appsdata\groups\17-Xeroxscans\Allison\Lafayette Job Closes\Done by Allison\23T003_FHLE Temp Drive Removal\6-PO_Sub_Consultants\3-SubPSA\0-SubcontractorTemplate\7-ChangeOrders","CREATOR OWNER","Allow","FullControl","True"
"Y:\ttbntfile1\shared\appsdata\groups\17-Xeroxscans\Allison\Lafayette Job Closes\Done by Allison\23T003_FHLE Temp Drive Removal\6-PO_Sub_Consultants\3-SubPSA\0-SubcontractorTemplate\7-ChangeOrders","BUILTIN\Administrators","Allow","FullControl","True"
"Y:\ttbntfile1\shared\appsdata\groups\17-Xeroxscans\Allison\Lafayette Job Closes\Done by Allison\23T003_FHLE Temp Drive Removal\6-PO_Sub_Consultants\3-SubPSA\0-SubcontractorTemplate\7-ChangeOrders","NT AUTHORITY\SYSTEM","Allow","FullControl","True"
"Y:\ttbntfile1\shared\appsdata\groups\17-Xeroxscans\Allison\Lafayette Job Closes\Done by Allison\23T003_FHLE Temp Drive Removal\6-PO_Sub_Consultants\3-SubPSA\0-SubcontractorTemplate\8-Closeout","TONNANDBLANK\AVD Test Users","Allow","FullControl","True"
"Y:\ttbntfile1\shared\appsdata\groups\17-Xeroxscans\Allison\Lafayette Job Closes\Done by Allison\23T003_FHLE Temp Drive Removal\6-PO_Sub_Consultants\3-SubPSA\0-SubcontractorTemplate\8-Closeout","TONNANDBLANK\impactadmin","Allow","FullControl","True"
"Y:\ttbntfile1\shared\appsdata\groups\17-Xeroxscans\Allison\Lafayette Job Closes\Done by Allison\23T003_FHLE Temp Drive Removal\6-PO_Sub_Consultants\3-SubPSA\0-SubcontractorTemplate\8-Closeout","CREATOR OWNER","Allow","FullControl","True"
"Y:\ttbntfile1\shared\appsdata\groups\17-Xeroxscans\Allison\Lafayette Job Closes\Done by Allison\23T003_FHLE Temp Drive Removal\6-PO_Sub_Consultants\3-SubPSA\0-SubcontractorTemplate\8-Closeout","BUILTIN\Administrators","Allow","FullControl","True"
"Y:\ttbntfile1\shared\appsdata\groups\17-Xeroxscans\Allison\Lafayette Job Closes\Done by Allison\23T003_FHLE Temp Drive Removal\6-PO_Sub_Consultants\3-SubPSA\0-SubcontractorTemplate\8-Closeout","NT AUTHORITY\SYSTEM","Allow","FullControl","True"
"Y:\ttbntfile1\shared\appsdata\groups\17-Xeroxscans\Allison\Lafayette Job Closes\Done by Allison\23T003_FHLE Temp Drive Removal\6-PO_Sub_Consultants\3-SubPSA\0-SubcontractorTemplate\9-CertifiedPayroll","TONNANDBLANK\AVD Test Users","Allow","FullControl","True"
"Y:\ttbntfile1\shared\appsdata\groups\17-Xeroxscans\Allison\Lafayette Job Closes\Done by Allison\23T003_FHLE Temp Drive Removal\6-PO_Sub_Consultants\3-SubPSA\0-SubcontractorTemplate\9-CertifiedPayroll","TONNANDBLANK\impactadmin","Allow","FullControl","True"
"Y:\ttbntfile1\shared\appsdata\groups\17-Xeroxscans\Allison\Lafayette Job Closes\Done by Allison\23T003_FHLE Temp Drive Removal\6-PO_Sub_Consultants\3-SubPSA\0-SubcontractorTemplate\9-CertifiedPayroll","CREATOR OWNER","Allow","FullControl","True"
"Y:\ttbntfile1\shared\appsdata\groups\17-Xeroxscans\Allison\Lafayette Job Closes\Done by Allison\23T003_FHLE Temp Drive Removal\6-PO_Sub_Consultants\3-SubPSA\0-SubcontractorTemplate\9-CertifiedPayroll","BUILTIN\Administrators","Allow","FullControl","True"
"Y:\ttbntfile1\shared\appsdata\groups\17-Xeroxscans\Allison\Lafayette Job Closes\Done by Allison\23T003_FHLE Temp Drive Removal\6-PO_Sub_Consultants\3-SubPSA\0-SubcontractorTemplate\9-CertifiedPayroll","NT AUTHORITY\SYSTEM","Allow","FullControl","True"
"Y:\ttbntfile1\shared\appsdata\groups\17-Xeroxscans\Allison\Lafayette Job Closes\Done by Allison\23T003_FHLE Temp Drive Removal\6-PO_Sub_Consultants\3-SubPSA\0-SubcontractorTemplate\11-Correspondence\1-Incoming","TONNANDBLANK\AVD Test Users","Allow","FullControl","True"
"Y:\ttbntfile1\shared\appsdata\groups\17-Xeroxscans\Allison\Lafayette Job Closes\Done by Allison\23T003_FHLE Temp Drive Removal\6-PO_Sub_Consultants\3-SubPSA\0-SubcontractorTemplate\11-Correspondence\1-Incoming","TONNANDBLANK\impactadmin","Allow","FullControl","True"
"Y:\ttbntfile1\shared\appsdata\groups\17-Xeroxscans\Allison\Lafayette Job Closes\Done by Allison\23T003_FHLE Temp Drive Removal\6-PO_Sub_Consultants\3-SubPSA\0-SubcontractorTemplate\11-Correspondence\1-Incoming","CREATOR OWNER","Allow","FullControl","True"
"Y:\ttbntfile1\shared\appsdata\groups\17-Xeroxscans\Allison\Lafayette Job Closes\Done by Allison\23T003_FHLE Temp Drive Removal\6-PO_Sub_Consultants\3-SubPSA\0-SubcontractorTemplate\11-Correspondence\1-Incoming","BUILTIN\Administrators","Allow","FullControl","True"
"Y:\ttbntfile1\shared\appsdata\groups\17-Xeroxscans\Allison\Lafayette Job Closes\Done by Allison\23T003_FHLE Temp Drive Removal\6-PO_Sub_Consultants\3-SubPSA\0-SubcontractorTemplate\11-Correspondence\1-Incoming","NT AUTHORITY\SYSTEM","Allow","FullControl","True"
"Y:\ttbntfile1\shared\appsdata\groups\17-Xeroxscans\Allison\Lafayette Job Closes\Done by Allison\23T003_FHLE Temp Drive Removal\6-PO_Sub_Consultants\3-SubPSA\0-SubcontractorTemplate\11-Correspondence\2-Outgoing","TONNANDBLANK\AVD Test Users","Allow","FullControl","True"
"Y:\ttbntfile1\shared\appsdata\groups\17-Xeroxscans\Allison\Lafayette Job Closes\Done by Allison\23T003_FHLE Temp Drive Removal\6-PO_Sub_Consultants\3-SubPSA\0-SubcontractorTemplate\11-Correspondence\2-Outgoing","TONNANDBLANK\impactadmin","Allow","FullControl","True"
"Y:\ttbntfile1\shared\appsdata\groups\17-Xeroxscans\Allison\Lafayette Job Closes\Done by Allison\23T003_FHLE Temp Drive Removal\6-PO_Sub_Consultants\3-SubPSA\0-SubcontractorTemplate\11-Correspondence\2-Outgoing","CREATOR OWNER","Allow","FullControl","True"
"Y:\ttbntfile1\shared\appsdata\groups\17-Xeroxscans\Allison\Lafayette Job Closes\Done by Allison\23T003_FHLE Temp Drive Removal\6-PO_Sub_Consultants\3-SubPSA\0-SubcontractorTemplate\11-Correspondence\2-Outgoing","BUILTIN\Administrators","Allow","FullControl","True"
"Y:\ttbntfile1\shared\appsdata\groups\17-Xeroxscans\Allison\Lafayette Job Closes\Done by Allison\23T003_FHLE Temp Drive Removal\6-PO_Sub_Consultants\3-SubPSA\0-SubcontractorTemplate\11-Correspondence\2-Outgoing","NT AUTHORITY\SYSTEM","Allow","FullControl","True"
"Y:\ttbntfile1\shared\appsdata\groups\17-Xeroxscans\Allison\Lafayette Job Closes\Done by Allison\23T003_FHLE Temp Drive Removal\6-PO_Sub_Consultants\3-SubPSA\R&W Contracting 83012\1-ExecutedSubcontract","TONNANDBLANK\AVD Test Users","Allow","FullControl","True"
"Y:\ttbntfile1\shared\appsdata\groups\17-Xeroxscans\Allison\Lafayette Job Closes\Done by Allison\23T003_FHLE Temp Drive Removal\6-PO_Sub_Consultants\3-SubPSA\R&W Contracting 83012\1-ExecutedSubcontract","TONNANDBLANK\impactadmin","Allow","FullControl","True"
"Y:\ttbntfile1\shared\appsdata\groups\17-Xeroxscans\Allison\Lafayette Job Closes\Done by Allison\23T003_FHLE Temp Drive Removal\6-PO_Sub_Consultants\3-SubPSA\R&W Contracting 83012\1-ExecutedSubcontract","CREATOR OWNER","Allow","FullControl","True"
"Y:\ttbntfile1\shared\appsdata\groups\17-Xeroxscans\Allison\Lafayette Job Closes\Done by Allison\23T003_FHLE Temp Drive Removal\6-PO_Sub_Consultants\3-SubPSA\R&W Contracting 83012\1-ExecutedSubcontract","BUILTIN\Administrators","Allow","FullControl","True"
"Y:\ttbntfile1\shared\appsdata\groups\17-Xeroxscans\Allison\Lafayette Job Closes\Done by Allison\23T003_FHLE Temp Drive Removal\6-PO_Sub_Consultants\3-SubPSA\R&W Contracting 83012\1-ExecutedSubcontract","NT AUTHORITY\SYSTEM","Allow","FullControl","True"
"Y:\ttbntfile1\shared\appsdata\groups\17-Xeroxscans\Allison\Lafayette Job Closes\Done by Allison\23T003_FHLE Temp Drive Removal\6-PO_Sub_Consultants\3-SubPSA\R&W Contracting 83012\10-EEOUtilization","TONNANDBLANK\AVD Test Users","Allow","FullControl","True"
"Y:\ttbntfile1\shared\appsdata\groups\17-Xeroxscans\Allison\Lafayette Job Closes\Done by Allison\23T003_FHLE Temp Drive Removal\6-PO_Sub_Consultants\3-SubPSA\R&W Contracting 83012\10-EEOUtilization","TONNANDBLANK\impactadmin","Allow","FullControl","True"
"Y:\ttbntfile1\shared\appsdata\groups\17-Xeroxscans\Allison\Lafayette Job Closes\Done by Allison\23T003_FHLE Temp Drive Removal\6-PO_Sub_Consultants\3-SubPSA\R&W Contracting 83012\10-EEOUtilization","CREATOR OWNER","Allow","FullControl","True"
"Y:\ttbntfile1\shared\appsdata\groups\17-Xeroxscans\Allison\Lafayette Job Closes\Done by Allison\23T003_FHLE Temp Drive Removal\6-PO_Sub_Consultants\3-SubPSA\R&W Contracting 83012\10-EEOUtilization","BUILTIN\Administrators","Allow","FullControl","True"
"Y:\ttbntfile1\shared\appsdata\groups\17-Xeroxscans\Allison\Lafayette Job Closes\Done by Allison\23T003_FHLE Temp Drive Removal\6-PO_Sub_Consultants\3-SubPSA\R&W Contracting 83012\10-EEOUtilization","NT AUTHORITY\SYSTEM","Allow","FullControl","True"
"Y:\ttbntfile1\shared\appsdata\groups\17-Xeroxscans\Allison\Lafayette Job Closes\Done by Allison\23T003_FHLE Temp Drive Removal\6-PO_Sub_Consultants\3-SubPSA\R&W Contracting 83012\11-Correspondence","TONNANDBLANK\AVD Test Users","Allow","FullControl","True"
"Y:\ttbntfile1\shared\appsdata\groups\17-Xeroxscans\Allison\Lafayette Job Closes\Done by Allison\23T003_FHLE Temp Drive Removal\6-PO_Sub_Consultants\3-SubPSA\R&W Contracting 83012\11-Correspondence","TONNANDBLANK\impactadmin","Allow","FullControl","True"
"Y:\ttbntfile1\shared\appsdata\groups\17-Xeroxscans\Allison\Lafayette Job Closes\Done by Allison\23T003_FHLE Temp Drive Removal\6-PO_Sub_Consultants\3-SubPSA\R&W Contracting 83012\11-Correspondence","CREATOR OWNER","Allow","FullControl","True"
"Y:\ttbntfile1\shared\appsdata\groups\17-Xeroxscans\Allison\Lafayette Job Closes\Done by Allison\23T003_FHLE Temp Drive Removal\6-PO_Sub_Consultants\3-SubPSA\R&W Contracting 83012\11-Correspondence","BUILTIN\Administrators","Allow","FullControl","True"
"Y:\ttbntfile1\shared\appsdata\groups\17-Xeroxscans\Allison\Lafayette Job Closes\Done by Allison\23T003_FHLE Temp Drive Removal\6-PO_Sub_Consultants\3-SubPSA\R&W Contracting 83012\11-Correspondence","NT AUTHORITY\SYSTEM","Allow","FullControl","True"
"Y:\ttbntfile1\shared\appsdata\groups\17-Xeroxscans\Allison\Lafayette Job Closes\Done by Allison\23T003_FHLE Temp Drive Removal\6-PO_Sub_Consultants\3-SubPSA\R&W Contracting 83012\2-PymtPerfBond","TONNANDBLANK\AVD Test Users","Allow","FullControl","True"
"Y:\ttbntfile1\shared\appsdata\groups\17-Xeroxscans\Allison\Lafayette Job Closes\Done by Allison\23T003_FHLE Temp Drive Removal\6-PO_Sub_Consultants\3-SubPSA\R&W Contracting 83012\2-PymtPerfBond","TONNANDBLANK\impactadmin","Allow","FullControl","True"
"Y:\ttbntfile1\shared\appsdata\groups\17-Xeroxscans\Allison\Lafayette Job Closes\Done by Allison\23T003_FHLE Temp Drive Removal\6-PO_Sub_Consultants\3-SubPSA\R&W Contracting 83012\2-PymtPerfBond","CREATOR OWNER","Allow","FullControl","True"
"Y:\ttbntfile1\shared\appsdata\groups\17-Xeroxscans\Allison\Lafayette Job Closes\Done by Allison\23T003_FHLE Temp Drive Removal\6-PO_Sub_Consultants\3-SubPSA\R&W Contracting 83012\2-PymtPerfBond","BUILTIN\Administrators","Allow","FullControl","True"
"Y:\ttbntfile1\shared\appsdata\groups\17-Xeroxscans\Allison\Lafayette Job Closes\Done by Allison\23T003_FHLE Temp Drive Removal\6-PO_Sub_Consultants\3-SubPSA\R&W Contracting 83012\2-PymtPerfBond","NT AUTHORITY\SYSTEM","Allow","FullControl","True"
"Y:\ttbntfile1\shared\appsdata\groups\17-Xeroxscans\Allison\Lafayette Job Closes\Done by Allison\23T003_FHLE Temp Drive Removal\6-PO_Sub_Consultants\3-SubPSA\R&W Contracting 83012\3-InsuranceCertificate","TONNANDBLANK\AVD Test Users","Allow","FullControl","True"
"Y:\ttbntfile1\shared\appsdata\groups\17-Xeroxscans\Allison\Lafayette Job Closes\Done by Allison\23T003_FHLE Temp Drive Removal\6-PO_Sub_Consultants\3-SubPSA\R&W Contracting 83012\3-InsuranceCertificate","TONNANDBLANK\impactadmin","Allow","FullControl","True"
"Y:\ttbntfile1\shared\appsdata\groups\17-Xeroxscans\Allison\Lafayette Job Closes\Done by Allison\23T003_FHLE Temp Drive Removal\6-PO_Sub_Consultants\3-SubPSA\R&W Contracting 83012\3-InsuranceCertificate","CREATOR OWNER","Allow","FullControl","True"
"Y:\ttbntfile1\shared\appsdata\groups\17-Xeroxscans\Allison\Lafayette Job Closes\Done by Allison\23T003_FHLE Temp Drive Removal\6-PO_Sub_Consultants\3-SubPSA\R&W Contracting 83012\3-InsuranceCertificate","BUILTIN\Administrators","Allow","FullControl","True"
"Y:\ttbntfile1\shared\appsdata\groups\17-Xeroxscans\Allison\Lafayette Job Closes\Done by Allison\23T003_FHLE Temp Drive Removal\6-PO_Sub_Consultants\3-SubPSA\R&W Contracting 83012\3-InsuranceCertificate","NT AUTHORITY\SYSTEM","Allow","FullControl","True"
"Y:\ttbntfile1\shared\appsdata\groups\17-Xeroxscans\Allison\Lafayette Job Closes\Done by Allison\23T003_FHLE Temp Drive Removal\6-PO_Sub_Consultants\3-SubPSA\R&W Contracting 83012\4-RFP","TONNANDBLANK\AVD Test Users","Allow","FullControl","True"
"Y:\ttbntfile1\shared\appsdata\groups\17-Xeroxscans\Allison\Lafayette Job Closes\Done by Allison\23T003_FHLE Temp Drive Removal\6-PO_Sub_Consultants\3-SubPSA\R&W Contracting 83012\4-RFP","TONNANDBLANK\impactadmin","Allow","FullControl","True"
"Y:\ttbntfile1\shared\appsdata\groups\17-Xeroxscans\Allison\Lafayette Job Closes\Done by Allison\23T003_FHLE Temp Drive Removal\6-PO_Sub_Consultants\3-SubPSA\R&W Contracting 83012\4-RFP","CREATOR OWNER","Allow","FullControl","True"
"Y:\ttbntfile1\shared\appsdata\groups\17-Xeroxscans\Allison\Lafayette Job Closes\Done by Allison\23T003_FHLE Temp Drive Removal\6-PO_Sub_Consultants\3-SubPSA\R&W Contracting 83012\4-RFP","BUILTIN\Administrators","Allow","FullControl","True"
"Y:\ttbntfile1\shared\appsdata\groups\17-Xeroxscans\Allison\Lafayette Job Closes\Done by Allison\23T003_FHLE Temp Drive Removal\6-PO_Sub_Consultants\3-SubPSA\R&W Contracting 83012\4-RFP","NT AUTHORITY\SYSTEM","Allow","FullControl","True"
"Y:\ttbntfile1\shared\appsdata\groups\17-Xeroxscans\Allison\Lafayette Job Closes\Done by Allison\23T003_FHLE Temp Drive Removal\6-PO_Sub_Consultants\3-SubPSA\R&W Contracting 83012\5-PayAppl","TONNANDBLANK\AVD Test Users","Allow","FullControl","True"
"Y:\ttbntfile1\shared\appsdata\groups\17-Xeroxscans\Allison\Lafayette Job Closes\Done by Allison\23T003_FHLE Temp Drive Removal\6-PO_Sub_Consultants\3-SubPSA\R&W Contracting 83012\5-PayAppl","TONNANDBLANK\impactadmin","Allow","FullControl","True"
"Y:\ttbntfile1\shared\appsdata\groups\17-Xeroxscans\Allison\Lafayette Job Closes\Done by Allison\23T003_FHLE Temp Drive Removal\6-PO_Sub_Consultants\3-SubPSA\R&W Contracting 83012\5-PayAppl","CREATOR OWNER","Allow","FullControl","True"
"Y:\ttbntfile1\shared\appsdata\groups\17-Xeroxscans\Allison\Lafayette Job Closes\Done by Allison\23T003_FHLE Temp Drive Removal\6-PO_Sub_Consultants\3-SubPSA\R&W Contracting 83012\5-PayAppl","BUILTIN\Administrators","Allow","FullControl","True"
"Y:\ttbntfile1\shared\appsdata\groups\17-Xeroxscans\Allison\Lafayette Job Closes\Done by Allison\23T003_FHLE Temp Drive Removal\6-PO_Sub_Consultants\3-SubPSA\R&W Contracting 83012\5-PayAppl","NT AUTHORITY\SYSTEM","Allow","FullControl","True"
"Y:\ttbntfile1\shared\appsdata\groups\17-Xeroxscans\Allison\Lafayette Job Closes\Done by Allison\23T003_FHLE Temp Drive Removal\6-PO_Sub_Consultants\3-SubPSA\R&W Contracting 83012\6-ChangeOrderSummary","TONNANDBLANK\AVD Test Users","Allow","FullControl","True"
"Y:\ttbntfile1\shared\appsdata\groups\17-Xeroxscans\Allison\Lafayette Job Closes\Done by Allison\23T003_FHLE Temp Drive Removal\6-PO_Sub_Consultants\3-SubPSA\R&W Contracting 83012\6-ChangeOrderSummary","TONNANDBLANK\impactadmin","Allow","FullControl","True"
"Y:\ttbntfile1\shared\appsdata\groups\17-Xeroxscans\Allison\Lafayette Job Closes\Done by Allison\23T003_FHLE Temp Drive Removal\6-PO_Sub_Consultants\3-SubPSA\R&W Contracting 83012\6-ChangeOrderSummary","CREATOR OWNER","Allow","FullControl","True"
"Y:\ttbntfile1\shared\appsdata\groups\17-Xeroxscans\Allison\Lafayette Job Closes\Done by Allison\23T003_FHLE Temp Drive Removal\6-PO_Sub_Consultants\3-SubPSA\R&W Contracting 83012\6-ChangeOrderSummary","BUILTIN\Administrators","Allow","FullControl","True"
"Y:\ttbntfile1\shared\appsdata\groups\17-Xeroxscans\Allison\Lafayette Job Closes\Done by Allison\23T003_FHLE Temp Drive Removal\6-PO_Sub_Consultants\3-SubPSA\R&W Contracting 83012\6-ChangeOrderSummary","NT AUTHORITY\SYSTEM","Allow","FullControl","True"
"Y:\ttbntfile1\shared\appsdata\groups\17-Xeroxscans\Allison\Lafayette Job Closes\Done by Allison\23T003_FHLE Temp Drive Removal\6-PO_Sub_Consultants\3-SubPSA\R&W Contracting 83012\7-ChangeOrders","TONNANDBLANK\AVD Test Users","Allow","FullControl","True"
"Y:\ttbntfile1\shared\appsdata\groups\17-Xeroxscans\Allison\Lafayette Job Closes\Done by Allison\23T003_FHLE Temp Drive Removal\6-PO_Sub_Consultants\3-SubPSA\R&W Contracting 83012\7-ChangeOrders","TONNANDBLANK\impactadmin","Allow","FullControl","True"
"Y:\ttbntfile1\shared\appsdata\groups\17-Xeroxscans\Allison\Lafayette Job Closes\Done by Allison\23T003_FHLE Temp Drive Removal\6-PO_Sub_Consultants\3-SubPSA\R&W Contracting 83012\7-ChangeOrders","CREATOR OWNER","Allow","FullControl","True"
"Y:\ttbntfile1\shared\appsdata\groups\17-Xeroxscans\Allison\Lafayette Job Closes\Done by Allison\23T003_FHLE Temp Drive Removal\6-PO_Sub_Consultants\3-SubPSA\R&W Contracting 83012\7-ChangeOrders","BUILTIN\Administrators","Allow","FullControl","True"
"Y:\ttbntfile1\shared\appsdata\groups\17-Xeroxscans\Allison\Lafayette Job Closes\Done by Allison\23T003_FHLE Temp Drive Removal\6-PO_Sub_Consultants\3-SubPSA\R&W Contracting 83012\7-ChangeOrders","NT AUTHORITY\SYSTEM","Allow","FullControl","True"
"Y:\ttbntfile1\shared\appsdata\groups\17-Xeroxscans\Allison\Lafayette Job Closes\Done by Allison\23T003_FHLE Temp Drive Removal\6-PO_Sub_Consultants\3-SubPSA\R&W Contracting 83012\8-Closeout","TONNANDBLANK\AVD Test Users","Allow","FullControl","True"
"Y:\ttbntfile1\shared\appsdata\groups\17-Xeroxscans\Allison\Lafayette Job Closes\Done by Allison\23T003_FHLE Temp Drive Removal\6-PO_Sub_Consultants\3-SubPSA\R&W Contracting 83012\8-Closeout","TONNANDBLANK\impactadmin","Allow","FullControl","True"
"Y:\ttbntfile1\shared\appsdata\groups\17-Xeroxscans\Allison\Lafayette Job Closes\Done by Allison\23T003_FHLE Temp Drive Removal\6-PO_Sub_Consultants\3-SubPSA\R&W Contracting 83012\8-Closeout","CREATOR OWNER","Allow","FullControl","True"
"Y:\ttbntfile1\shared\appsdata\groups\17-Xeroxscans\Allison\Lafayette Job Closes\Done by Allison\23T003_FHLE Temp Drive Removal\6-PO_Sub_Consultants\3-SubPSA\R&W Contracting 83012\8-Closeout","BUILTIN\Administrators","Allow","FullControl","True"
"Y:\ttbntfile1\shared\appsdata\groups\17-Xeroxscans\Allison\Lafayette Job Closes\Done by Allison\23T003_FHLE Temp Drive Removal\6-PO_Sub_Consultants\3-SubPSA\R&W Contracting 83012\8-Closeout","NT AUTHORITY\SYSTEM","Allow","FullControl","True"
"Y:\ttbntfile1\shared\appsdata\groups\17-Xeroxscans\Allison\Lafayette Job Closes\Done by Allison\23T003_FHLE Temp Drive Removal\6-PO_Sub_Consultants\3-SubPSA\R&W Contracting 83012\9-CertifiedPayroll","TONNANDBLANK\AVD Test Users","Allow","FullControl","True"
"Y:\ttbntfile1\shared\appsdata\groups\17-Xeroxscans\Allison\Lafayette Job Closes\Done by Allison\23T003_FHLE Temp Drive Removal\6-PO_Sub_Consultants\3-SubPSA\R&W Contracting 83012\9-CertifiedPayroll","TONNANDBLANK\impactadmin","Allow","FullControl","True"
"Y:\ttbntfile1\shared\appsdata\groups\17-Xeroxscans\Allison\Lafayette Job Closes\Done by Allison\23T003_FHLE Temp Drive Removal\6-PO_Sub_Consultants\3-SubPSA\R&W Contracting 83012\9-CertifiedPayroll","CREATOR OWNER","Allow","FullControl","True"
"Y:\ttbntfile1\shared\appsdata\groups\17-Xeroxscans\Allison\Lafayette Job Closes\Done by Allison\23T003_FHLE Temp Drive Removal\6-PO_Sub_Consultants\3-SubPSA\R&W Contracting 83012\9-CertifiedPayroll","BUILTIN\Administrators","Allow","FullControl","True"
"Y:\ttbntfile1\shared\appsdata\groups\17-Xeroxscans\Allison\Lafayette Job Closes\Done by Allison\23T003_FHLE Temp Drive Removal\6-PO_Sub_Consultants\3-SubPSA\R&W Contracting 83012\9-CertifiedPayroll","NT AUTHORITY\SYSTEM","Allow","FullControl","True"
"Y:\ttbntfile1\shared\appsdata\groups\17-Xeroxscans\Allison\Lafayette Job Closes\Done by Allison\23T003_FHLE Temp Drive Removal\6-PO_Sub_Consultants\3-SubPSA\R&W Contracting 83012\11-Correspondence\1-Incoming","TONNANDBLANK\AVD Test Users","Allow","FullControl","True"
"Y:\ttbntfile1\shared\appsdata\groups\17-Xeroxscans\Allison\Lafayette Job Closes\Done by Allison\23T003_FHLE Temp Drive Removal\6-PO_Sub_Consultants\3-SubPSA\R&W Contracting 83012\11-Correspondence\1-Incoming","TONNANDBLANK\impactadmin","Allow","FullControl","True"
"Y:\ttbntfile1\shared\appsdata\groups\17-Xeroxscans\Allison\Lafayette Job Closes\Done by Allison\23T003_FHLE Temp Drive Removal\6-PO_Sub_Consultants\3-SubPSA\R&W Contracting 83012\11-Correspondence\1-Incoming","CREATOR OWNER","Allow","FullControl","True"
"Y:\ttbntfile1\shared\appsdata\groups\17-Xeroxscans\Allison\Lafayette Job Closes\Done by Allison\23T003_FHLE Temp Drive Removal\6-PO_Sub_Consultants\3-SubPSA\R&W Contracting 83012\11-Correspondence\1-Incoming","BUILTIN\Administrators","Allow","FullControl","True"
"Y:\ttbntfile1\shared\appsdata\groups\17-Xeroxscans\Allison\Lafayette Job Closes\Done by Allison\23T003_FHLE Temp Drive Removal\6-PO_Sub_Consultants\3-SubPSA\R&W Contracting 83012\11-Correspondence\1-Incoming","NT AUTHORITY\SYSTEM","Allow","FullControl","True"
"Y:\ttbntfile1\shared\appsdata\groups\17-Xeroxscans\Allison\Lafayette Job Closes\Done by Allison\23T003_FHLE Temp Drive Removal\6-PO_Sub_Consultants\3-SubPSA\R&W Contracting 83012\11-Correspondence\2-Outgoing","TONNANDBLANK\AVD Test Users","Allow","FullControl","True"
"Y:\ttbntfile1\shared\appsdata\groups\17-Xeroxscans\Allison\Lafayette Job Closes\Done by Allison\23T003_FHLE Temp Drive Removal\6-PO_Sub_Consultants\3-SubPSA\R&W Contracting 83012\11-Correspondence\2-Outgoing","TONNANDBLANK\impactadmin","Allow","FullControl","True"
"Y:\ttbntfile1\shared\appsdata\groups\17-Xeroxscans\Allison\Lafayette Job Closes\Done by Allison\23T003_FHLE Temp Drive Removal\6-PO_Sub_Consultants\3-SubPSA\R&W Contracting 83012\11-Correspondence\2-Outgoing","CREATOR OWNER","Allow","FullControl","True"
"Y:\ttbntfile1\shared\appsdata\groups\17-Xeroxscans\Allison\Lafayette Job Closes\Done by Allison\23T003_FHLE Temp Drive Removal\6-PO_Sub_Consultants\3-SubPSA\R&W Contracting 83012\11-Correspondence\2-Outgoing","BUILTIN\Administrators","Allow","FullControl","True"
"Y:\ttbntfile1\shared\appsdata\groups\17-Xeroxscans\Allison\Lafayette Job Closes\Done by Allison\23T003_FHLE Temp Drive Removal\6-PO_Sub_Consultants\3-SubPSA\R&W Contracting 83012\11-Correspondence\2-Outgoing","NT AUTHORITY\SYSTEM","Allow","FullControl","True"
"Y:\ttbntfile1\shared\appsdata\groups\17-Xeroxscans\Allison\Lafayette Job Closes\Done by Allison\23T003_FHLE Temp Drive Removal\6-PO_Sub_Consultants\4-PO\0-ItemsForFolders","TONNANDBLANK\AVD Test Users","Allow","FullControl","True"
"Y:\ttbntfile1\shared\appsdata\groups\17-Xeroxscans\Allison\Lafayette Job Closes\Done by Allison\23T003_FHLE Temp Drive Removal\6-PO_Sub_Consultants\4-PO\0-ItemsForFolders","TONNANDBLANK\impactadmin","Allow","FullControl","True"
"Y:\ttbntfile1\shared\appsdata\groups\17-Xeroxscans\Allison\Lafayette Job Closes\Done by Allison\23T003_FHLE Temp Drive Removal\6-PO_Sub_Consultants\4-PO\0-ItemsForFolders","CREATOR OWNER","Allow","FullControl","True"
"Y:\ttbntfile1\shared\appsdata\groups\17-Xeroxscans\Allison\Lafayette Job Closes\Done by Allison\23T003_FHLE Temp Drive Removal\6-PO_Sub_Consultants\4-PO\0-ItemsForFolders","BUILTIN\Administrators","Allow","FullControl","True"
"Y:\ttbntfile1\shared\appsdata\groups\17-Xeroxscans\Allison\Lafayette Job Closes\Done by Allison\23T003_FHLE Temp Drive Removal\6-PO_Sub_Consultants\4-PO\0-ItemsForFolders","NT AUTHORITY\SYSTEM","Allow","FullControl","True"
"Y:\ttbntfile1\shared\appsdata\groups\17-Xeroxscans\Allison\Lafayette Job Closes\Done by Allison\23T003_FHLE Temp Drive Removal\6-PO_Sub_Consultants\4-PO\0-ItemsForFolders\1-ExecutedPO","TONNANDBLANK\AVD Test Users","Allow","FullControl","True"
"Y:\ttbntfile1\shared\appsdata\groups\17-Xeroxscans\Allison\Lafayette Job Closes\Done by Allison\23T003_FHLE Temp Drive Removal\6-PO_Sub_Consultants\4-PO\0-ItemsForFolders\1-ExecutedPO","TONNANDBLANK\impactadmin","Allow","FullControl","True"
"Y:\ttbntfile1\shared\appsdata\groups\17-Xeroxscans\Allison\Lafayette Job Closes\Done by Allison\23T003_FHLE Temp Drive Removal\6-PO_Sub_Consultants\4-PO\0-ItemsForFolders\1-ExecutedPO","CREATOR OWNER","Allow","FullControl","True"
"Y:\ttbntfile1\shared\appsdata\groups\17-Xeroxscans\Allison\Lafayette Job Closes\Done by Allison\23T003_FHLE Temp Drive Removal\6-PO_Sub_Consultants\4-PO\0-ItemsForFolders\1-ExecutedPO","BUILTIN\Administrators","Allow","FullControl","True"
"Y:\ttbntfile1\shared\appsdata\groups\17-Xeroxscans\Allison\Lafayette Job Closes\Done by Allison\23T003_FHLE Temp Drive Removal\6-PO_Sub_Consultants\4-PO\0-ItemsForFolders\1-ExecutedPO","NT AUTHORITY\SYSTEM","Allow","FullControl","True"
"Y:\ttbntfile1\shared\appsdata\groups\17-Xeroxscans\Allison\Lafayette Job Closes\Done by Allison\23T003_FHLE Temp Drive Removal\6-PO_Sub_Consultants\4-PO\0-ItemsForFolders\2-RFP","TONNANDBLANK\AVD Test Users","Allow","FullControl","True"
"Y:\ttbntfile1\shared\appsdata\groups\17-Xeroxscans\Allison\Lafayette Job Closes\Done by Allison\23T003_FHLE Temp Drive Removal\6-PO_Sub_Consultants\4-PO\0-ItemsForFolders\2-RFP","TONNANDBLANK\impactadmin","Allow","FullControl","True"
"Y:\ttbntfile1\shared\appsdata\groups\17-Xeroxscans\Allison\Lafayette Job Closes\Done by Allison\23T003_FHLE Temp Drive Removal\6-PO_Sub_Consultants\4-PO\0-ItemsForFolders\2-RFP","CREATOR OWNER","Allow","FullControl","True"
"Y:\ttbntfile1\shared\appsdata\groups\17-Xeroxscans\Allison\Lafayette Job Closes\Done by Allison\23T003_FHLE Temp Drive Removal\6-PO_Sub_Consultants\4-PO\0-ItemsForFolders\2-RFP","BUILTIN\Administrators","Allow","FullControl","True"
"Y:\ttbntfile1\shared\appsdata\groups\17-Xeroxscans\Allison\Lafayette Job Closes\Done by Allison\23T003_FHLE Temp Drive Removal\6-PO_Sub_Consultants\4-PO\0-ItemsForFolders\2-RFP","NT AUTHORITY\SYSTEM","Allow","FullControl","True"
"Y:\ttbntfile1\shared\appsdata\groups\17-Xeroxscans\Allison\Lafayette Job Closes\Done by Allison\23T003_FHLE Temp Drive Removal\6-PO_Sub_Consultants\4-PO\0-ItemsForFolders\3-ChangeOrderSummary","TONNANDBLANK\AVD Test Users","Allow","FullControl","True"
"Y:\ttbntfile1\shared\appsdata\groups\17-Xeroxscans\Allison\Lafayette Job Closes\Done by Allison\23T003_FHLE Temp Drive Removal\6-PO_Sub_Consultants\4-PO\0-ItemsForFolders\3-ChangeOrderSummary","TONNANDBLANK\impactadmin","Allow","FullControl","True"
"Y:\ttbntfile1\shared\appsdata\groups\17-Xeroxscans\Allison\Lafayette Job Closes\Done by Allison\23T003_FHLE Temp Drive Removal\6-PO_Sub_Consultants\4-PO\0-ItemsForFolders\3-ChangeOrderSummary","CREATOR OWNER","Allow","FullControl","True"
"Y:\ttbntfile1\shared\appsdata\groups\17-Xeroxscans\Allison\Lafayette Job Closes\Done by Allison\23T003_FHLE Temp Drive Removal\6-PO_Sub_Consultants\4-PO\0-ItemsForFolders\3-ChangeOrderSummary","BUILTIN\Administrators","Allow","FullControl","True"
"Y:\ttbntfile1\shared\appsdata\groups\17-Xeroxscans\Allison\Lafayette Job Closes\Done by Allison\23T003_FHLE Temp Drive Removal\6-PO_Sub_Consultants\4-PO\0-ItemsForFolders\3-ChangeOrderSummary","NT AUTHORITY\SYSTEM","Allow","FullControl","True"
"Y:\ttbntfile1\shared\appsdata\groups\17-Xeroxscans\Allison\Lafayette Job Closes\Done by Allison\23T003_FHLE Temp Drive Removal\6-PO_Sub_Consultants\4-PO\0-ItemsForFolders\4-ChangeOrders","TONNANDBLANK\AVD Test Users","Allow","FullControl","True"
"Y:\ttbntfile1\shared\appsdata\groups\17-Xeroxscans\Allison\Lafayette Job Closes\Done by Allison\23T003_FHLE Temp Drive Removal\6-PO_Sub_Consultants\4-PO\0-ItemsForFolders\4-ChangeOrders","TONNANDBLANK\impactadmin","Allow","FullControl","True"
"Y:\ttbntfile1\shared\appsdata\groups\17-Xeroxscans\Allison\Lafayette Job Closes\Done by Allison\23T003_FHLE Temp Drive Removal\6-PO_Sub_Consultants\4-PO\0-ItemsForFolders\4-ChangeOrders","CREATOR OWNER","Allow","FullControl","True"
"Y:\ttbntfile1\shared\appsdata\groups\17-Xeroxscans\Allison\Lafayette Job Closes\Done by Allison\23T003_FHLE Temp Drive Removal\6-PO_Sub_Consultants\4-PO\0-ItemsForFolders\4-ChangeOrders","BUILTIN\Administrators","Allow","FullControl","True"
"Y:\ttbntfile1\shared\appsdata\groups\17-Xeroxscans\Allison\Lafayette Job Closes\Done by Allison\23T003_FHLE Temp Drive Removal\6-PO_Sub_Consultants\4-PO\0-ItemsForFolders\4-ChangeOrders","NT AUTHORITY\SYSTEM","Allow","FullControl","True"
"Y:\ttbntfile1\shared\appsdata\groups\17-Xeroxscans\Allison\Lafayette Job Closes\Done by Allison\23T003_FHLE Temp Drive Removal\6-PO_Sub_Consultants\4-PO\0-ItemsForFolders\5-Closeout","TONNANDBLANK\AVD Test Users","Allow","FullControl","True"
"Y:\ttbntfile1\shared\appsdata\groups\17-Xeroxscans\Allison\Lafayette Job Closes\Done by Allison\23T003_FHLE Temp Drive Removal\6-PO_Sub_Consultants\4-PO\0-ItemsForFolders\5-Closeout","TONNANDBLANK\impactadmin","Allow","FullControl","True"
"Y:\ttbntfile1\shared\appsdata\groups\17-Xeroxscans\Allison\Lafayette Job Closes\Done by Allison\23T003_FHLE Temp Drive Removal\6-PO_Sub_Consultants\4-PO\0-ItemsForFolders\5-Closeout","CREATOR OWNER","Allow","FullControl","True"
"Y:\ttbntfile1\shared\appsdata\groups\17-Xeroxscans\Allison\Lafayette Job Closes\Done by Allison\23T003_FHLE Temp Drive Removal\6-PO_Sub_Consultants\4-PO\0-ItemsForFolders\5-Closeout","BUILTIN\Administrators","Allow","FullControl","True"
"Y:\ttbntfile1\shared\appsdata\groups\17-Xeroxscans\Allison\Lafayette Job Closes\Done by Allison\23T003_FHLE Temp Drive Removal\6-PO_Sub_Consultants\4-PO\0-ItemsForFolders\5-Closeout","NT AUTHORITY\SYSTEM","Allow","FullControl","True"
"Y:\ttbntfile1\shared\appsdata\groups\17-Xeroxscans\Allison\Lafayette Job Closes\Done by Allison\23T003_FHLE Temp Drive Removal\6-PO_Sub_Consultants\4-PO\0-ItemsForFolders\6-Correspondence","TONNANDBLANK\AVD Test Users","Allow","FullControl","True"
"Y:\ttbntfile1\shared\appsdata\groups\17-Xeroxscans\Allison\Lafayette Job Closes\Done by Allison\23T003_FHLE Temp Drive Removal\6-PO_Sub_Consultants\4-PO\0-ItemsForFolders\6-Correspondence","TONNANDBLANK\impactadmin","Allow","FullControl","True"
"Y:\ttbntfile1\shared\appsdata\groups\17-Xeroxscans\Allison\Lafayette Job Closes\Done by Allison\23T003_FHLE Temp Drive Removal\6-PO_Sub_Consultants\4-PO\0-ItemsForFolders\6-Correspondence","CREATOR OWNER","Allow","FullControl","True"
"Y:\ttbntfile1\shared\appsdata\groups\17-Xeroxscans\Allison\Lafayette Job Closes\Done by Allison\23T003_FHLE Temp Drive Removal\6-PO_Sub_Consultants\4-PO\0-ItemsForFolders\6-Correspondence","BUILTIN\Administrators","Allow","FullControl","True"
"Y:\ttbntfile1\shared\appsdata\groups\17-Xeroxscans\Allison\Lafayette Job Closes\Done by Allison\23T003_FHLE Temp Drive Removal\6-PO_Sub_Consultants\4-PO\0-ItemsForFolders\6-Correspondence","NT AUTHORITY\SYSTEM","Allow","FullControl","True"
"Y:\ttbntfile1\shared\appsdata\groups\17-Xeroxscans\Allison\Lafayette Job Closes\Done by Allison\23T003_FHLE Temp Drive Removal\6-PO_Sub_Consultants\4-PO\0-ItemsForFolders\6-Correspondence\1-Incoming","TONNANDBLANK\AVD Test Users","Allow","FullControl","True"
"Y:\ttbntfile1\shared\appsdata\groups\17-Xeroxscans\Allison\Lafayette Job Closes\Done by Allison\23T003_FHLE Temp Drive Removal\6-PO_Sub_Consultants\4-PO\0-ItemsForFolders\6-Correspondence\1-Incoming","TONNANDBLANK\impactadmin","Allow","FullControl","True"
"Y:\ttbntfile1\shared\appsdata\groups\17-Xeroxscans\Allison\Lafayette Job Closes\Done by Allison\23T003_FHLE Temp Drive Removal\6-PO_Sub_Consultants\4-PO\0-ItemsForFolders\6-Correspondence\1-Incoming","CREATOR OWNER","Allow","FullControl","True"
"Y:\ttbntfile1\shared\appsdata\groups\17-Xeroxscans\Allison\Lafayette Job Closes\Done by Allison\23T003_FHLE Temp Drive Removal\6-PO_Sub_Consultants\4-PO\0-ItemsForFolders\6-Correspondence\1-Incoming","BUILTIN\Administrators","Allow","FullControl","True"
"Y:\ttbntfile1\shared\appsdata\groups\17-Xeroxscans\Allison\Lafayette Job Closes\Done by Allison\23T003_FHLE Temp Drive Removal\6-PO_Sub_Consultants\4-PO\0-ItemsForFolders\6-Correspondence\1-Incoming","NT AUTHORITY\SYSTEM","Allow","FullControl","True"
"Y:\ttbntfile1\shared\appsdata\groups\17-Xeroxscans\Allison\Lafayette Job Closes\Done by Allison\23T003_FHLE Temp Drive Removal\6-PO_Sub_Consultants\4-PO\0-ItemsForFolders\6-Correspondence\2-Outgoing","TONNANDBLANK\AVD Test Users","Allow","FullControl","True"
"Y:\ttbntfile1\shared\appsdata\groups\17-Xeroxscans\Allison\Lafayette Job Closes\Done by Allison\23T003_FHLE Temp Drive Removal\6-PO_Sub_Consultants\4-PO\0-ItemsForFolders\6-Correspondence\2-Outgoing","TONNANDBLANK\impactadmin","Allow","FullControl","True"
"Y:\ttbntfile1\shared\appsdata\groups\17-Xeroxscans\Allison\Lafayette Job Closes\Done by Allison\23T003_FHLE Temp Drive Removal\6-PO_Sub_Consultants\4-PO\0-ItemsForFolders\6-Correspondence\2-Outgoing","CREATOR OWNER","Allow","FullControl","True"
"Y:\ttbntfile1\shared\appsdata\groups\17-Xeroxscans\Allison\Lafayette Job Closes\Done by Allison\23T003_FHLE Temp Drive Removal\6-PO_Sub_Consultants\4-PO\0-ItemsForFolders\6-Correspondence\2-Outgoing","BUILTIN\Administrators","Allow","FullControl","True"
"Y:\ttbntfile1\shared\appsdata\groups\17-Xeroxscans\Allison\Lafayette Job Closes\Done by Allison\23T003_FHLE Temp Drive Removal\6-PO_Sub_Consultants\4-PO\0-ItemsForFolders\6-Correspondence\2-Outgoing","NT AUTHORITY\SYSTEM","Allow","FullControl","True"
"Y:\ttbntfile1\shared\appsdata\groups\17-Xeroxscans\Allison\Lafayette Job Closes\Done by Allison\23T003_FHLE Temp Drive Removal\7-JobProgress\1-Schedules","TONNANDBLANK\AVD Test Users","Allow","FullControl","True"
"Y:\ttbntfile1\shared\appsdata\groups\17-Xeroxscans\Allison\Lafayette Job Closes\Done by Allison\23T003_FHLE Temp Drive Removal\7-JobProgress\1-Schedules","TONNANDBLANK\impactadmin","Allow","FullControl","True"
"Y:\ttbntfile1\shared\appsdata\groups\17-Xeroxscans\Allison\Lafayette Job Closes\Done by Allison\23T003_FHLE Temp Drive Removal\7-JobProgress\1-Schedules","CREATOR OWNER","Allow","FullControl","True"
"Y:\ttbntfile1\shared\appsdata\groups\17-Xeroxscans\Allison\Lafayette Job Closes\Done by Allison\23T003_FHLE Temp Drive Removal\7-JobProgress\1-Schedules","BUILTIN\Administrators","Allow","FullControl","True"
"Y:\ttbntfile1\shared\appsdata\groups\17-Xeroxscans\Allison\Lafayette Job Closes\Done by Allison\23T003_FHLE Temp Drive Removal\7-JobProgress\1-Schedules","NT AUTHORITY\SYSTEM","Allow","FullControl","True"
"Y:\ttbntfile1\shared\appsdata\groups\17-Xeroxscans\Allison\Lafayette Job Closes\Done by Allison\23T003_FHLE Temp Drive Removal\7-JobProgress\2-DailyReports","TONNANDBLANK\AVD Test Users","Allow","FullControl","True"
"Y:\ttbntfile1\shared\appsdata\groups\17-Xeroxscans\Allison\Lafayette Job Closes\Done by Allison\23T003_FHLE Temp Drive Removal\7-JobProgress\2-DailyReports","TONNANDBLANK\impactadmin","Allow","FullControl","True"
"Y:\ttbntfile1\shared\appsdata\groups\17-Xeroxscans\Allison\Lafayette Job Closes\Done by Allison\23T003_FHLE Temp Drive Removal\7-JobProgress\2-DailyReports","CREATOR OWNER","Allow","FullControl","True"
"Y:\ttbntfile1\shared\appsdata\groups\17-Xeroxscans\Allison\Lafayette Job Closes\Done by Allison\23T003_FHLE Temp Drive Removal\7-JobProgress\2-DailyReports","BUILTIN\Administrators","Allow","FullControl","True"
"Y:\ttbntfile1\shared\appsdata\groups\17-Xeroxscans\Allison\Lafayette Job Closes\Done by Allison\23T003_FHLE Temp Drive Removal\7-JobProgress\2-DailyReports","NT AUTHORITY\SYSTEM","Allow","FullControl","True"
"Y:\ttbntfile1\shared\appsdata\groups\17-Xeroxscans\Allison\Lafayette Job Closes\Done by Allison\23T003_FHLE Temp Drive Removal\7-JobProgress\3-Photos","TONNANDBLANK\AVD Test Users","Allow","FullControl","True"
"Y:\ttbntfile1\shared\appsdata\groups\17-Xeroxscans\Allison\Lafayette Job Closes\Done by Allison\23T003_FHLE Temp Drive Removal\7-JobProgress\3-Photos","TONNANDBLANK\impactadmin","Allow","FullControl","True"
"Y:\ttbntfile1\shared\appsdata\groups\17-Xeroxscans\Allison\Lafayette Job Closes\Done by Allison\23T003_FHLE Temp Drive Removal\7-JobProgress\3-Photos","CREATOR OWNER","Allow","FullControl","True"
"Y:\ttbntfile1\shared\appsdata\groups\17-Xeroxscans\Allison\Lafayette Job Closes\Done by Allison\23T003_FHLE Temp Drive Removal\7-JobProgress\3-Photos","BUILTIN\Administrators","Allow","FullControl","True"
"Y:\ttbntfile1\shared\appsdata\groups\17-Xeroxscans\Allison\Lafayette Job Closes\Done by Allison\23T003_FHLE Temp Drive Removal\7-JobProgress\3-Photos","NT AUTHORITY\SYSTEM","Allow","FullControl","True"
"Y:\ttbntfile1\shared\appsdata\groups\17-Xeroxscans\Allison\Lafayette Job Closes\Done by Allison\23T003_FHLE Temp Drive Removal\7-JobProgress\4-Video","TONNANDBLANK\AVD Test Users","Allow","FullControl","True"
"Y:\ttbntfile1\shared\appsdata\groups\17-Xeroxscans\Allison\Lafayette Job Closes\Done by Allison\23T003_FHLE Temp Drive Removal\7-JobProgress\4-Video","TONNANDBLANK\impactadmin","Allow","FullControl","True"
"Y:\ttbntfile1\shared\appsdata\groups\17-Xeroxscans\Allison\Lafayette Job Closes\Done by Allison\23T003_FHLE Temp Drive Removal\7-JobProgress\4-Video","CREATOR OWNER","Allow","FullControl","True"
"Y:\ttbntfile1\shared\appsdata\groups\17-Xeroxscans\Allison\Lafayette Job Closes\Done by Allison\23T003_FHLE Temp Drive Removal\7-JobProgress\4-Video","BUILTIN\Administrators","Allow","FullControl","True"
"Y:\ttbntfile1\shared\appsdata\groups\17-Xeroxscans\Allison\Lafayette Job Closes\Done by Allison\23T003_FHLE Temp Drive Removal\7-JobProgress\4-Video","NT AUTHORITY\SYSTEM","Allow","FullControl","True"
"Y:\ttbntfile1\shared\appsdata\groups\17-Xeroxscans\Allison\Lafayette Job Closes\Done by Allison\23T003_FHLE Temp Drive Removal\7-JobProgress\5-MeetingMinutes","TONNANDBLANK\AVD Test Users","Allow","FullControl","True"
"Y:\ttbntfile1\shared\appsdata\groups\17-Xeroxscans\Allison\Lafayette Job Closes\Done by Allison\23T003_FHLE Temp Drive Removal\7-JobProgress\5-MeetingMinutes","TONNANDBLANK\impactadmin","Allow","FullControl","True"
"Y:\ttbntfile1\shared\appsdata\groups\17-Xeroxscans\Allison\Lafayette Job Closes\Done by Allison\23T003_FHLE Temp Drive Removal\7-JobProgress\5-MeetingMinutes","CREATOR OWNER","Allow","FullControl","True"
"Y:\ttbntfile1\shared\appsdata\groups\17-Xeroxscans\Allison\Lafayette Job Closes\Done by Allison\23T003_FHLE Temp Drive Removal\7-JobProgress\5-MeetingMinutes","BUILTIN\Administrators","Allow","FullControl","True"
"Y:\ttbntfile1\shared\appsdata\groups\17-Xeroxscans\Allison\Lafayette Job Closes\Done by Allison\23T003_FHLE Temp Drive Removal\7-JobProgress\5-MeetingMinutes","NT AUTHORITY\SYSTEM","Allow","FullControl","True"
"Y:\ttbntfile1\shared\appsdata\groups\17-Xeroxscans\Allison\Lafayette Job Closes\Done by Allison\23T003_FHLE Temp Drive Removal\7-JobProgress\3-Photos\Scope Development","TONNANDBLANK\AVD Test Users","Allow","FullControl","True"
"Y:\ttbntfile1\shared\appsdata\groups\17-Xeroxscans\Allison\Lafayette Job Closes\Done by Allison\23T003_FHLE Temp Drive Removal\7-JobProgress\3-Photos\Scope Development","TONNANDBLANK\impactadmin","Allow","FullControl","True"
"Y:\ttbntfile1\shared\appsdata\groups\17-Xeroxscans\Allison\Lafayette Job Closes\Done by Allison\23T003_FHLE Temp Drive Removal\7-JobProgress\3-Photos\Scope Development","CREATOR OWNER","Allow","FullControl","True"
"Y:\ttbntfile1\shared\appsdata\groups\17-Xeroxscans\Allison\Lafayette Job Closes\Done by Allison\23T003_FHLE Temp Drive Removal\7-JobProgress\3-Photos\Scope Development","BUILTIN\Administrators","Allow","FullControl","True"
"Y:\ttbntfile1\shared\appsdata\groups\17-Xeroxscans\Allison\Lafayette Job Closes\Done by Allison\23T003_FHLE Temp Drive Removal\7-JobProgress\3-Photos\Scope Development","NT AUTHORITY\SYSTEM","Allow","FullControl","True"
"Y:\ttbntfile1\shared\appsdata\groups\17-Xeroxscans\Allison\Lafayette Job Closes\Done by Allison\23T003_FHLE Temp Drive Removal\7-JobProgress\5-MeetingMinutes\1-Preconstruction","TONNANDBLANK\AVD Test Users","Allow","FullControl","True"
"Y:\ttbntfile1\shared\appsdata\groups\17-Xeroxscans\Allison\Lafayette Job Closes\Done by Allison\23T003_FHLE Temp Drive Removal\7-JobProgress\5-MeetingMinutes\1-Preconstruction","TONNANDBLANK\impactadmin","Allow","FullControl","True"
"Y:\ttbntfile1\shared\appsdata\groups\17-Xeroxscans\Allison\Lafayette Job Closes\Done by Allison\23T003_FHLE Temp Drive Removal\7-JobProgress\5-MeetingMinutes\1-Preconstruction","CREATOR OWNER","Allow","FullControl","True"
"Y:\ttbntfile1\shared\appsdata\groups\17-Xeroxscans\Allison\Lafayette Job Closes\Done by Allison\23T003_FHLE Temp Drive Removal\7-JobProgress\5-MeetingMinutes\1-Preconstruction","BUILTIN\Administrators","Allow","FullControl","True"
"Y:\ttbntfile1\shared\appsdata\groups\17-Xeroxscans\Allison\Lafayette Job Closes\Done by Allison\23T003_FHLE Temp Drive Removal\7-JobProgress\5-MeetingMinutes\1-Preconstruction","NT AUTHORITY\SYSTEM","Allow","FullControl","True"
"Y:\ttbntfile1\shared\appsdata\groups\17-Xeroxscans\Allison\Lafayette Job Closes\Done by Allison\23T003_FHLE Temp Drive Removal\7-JobProgress\5-MeetingMinutes\2-OwnerArchitectContractor","TONNANDBLANK\AVD Test Users","Allow","FullControl","True"
"Y:\ttbntfile1\shared\appsdata\groups\17-Xeroxscans\Allison\Lafayette Job Closes\Done by Allison\23T003_FHLE Temp Drive Removal\7-JobProgress\5-MeetingMinutes\2-OwnerArchitectContractor","TONNANDBLANK\impactadmin","Allow","FullControl","True"
"Y:\ttbntfile1\shared\appsdata\groups\17-Xeroxscans\Allison\Lafayette Job Closes\Done by Allison\23T003_FHLE Temp Drive Removal\7-JobProgress\5-MeetingMinutes\2-OwnerArchitectContractor","CREATOR OWNER","Allow","FullControl","True"
"Y:\ttbntfile1\shared\appsdata\groups\17-Xeroxscans\Allison\Lafayette Job Closes\Done by Allison\23T003_FHLE Temp Drive Removal\7-JobProgress\5-MeetingMinutes\2-OwnerArchitectContractor","BUILTIN\Administrators","Allow","FullControl","True"
"Y:\ttbntfile1\shared\appsdata\groups\17-Xeroxscans\Allison\Lafayette Job Closes\Done by Allison\23T003_FHLE Temp Drive Removal\7-JobProgress\5-MeetingMinutes\2-OwnerArchitectContractor","NT AUTHORITY\SYSTEM","Allow","FullControl","True"
"Y:\ttbntfile1\shared\appsdata\groups\17-Xeroxscans\Allison\Lafayette Job Closes\Done by Allison\23T003_FHLE Temp Drive Removal\7-JobProgress\5-MeetingMinutes\3-MEPCoordination","TONNANDBLANK\AVD Test Users","Allow","FullControl","True"
"Y:\ttbntfile1\shared\appsdata\groups\17-Xeroxscans\Allison\Lafayette Job Closes\Done by Allison\23T003_FHLE Temp Drive Removal\7-JobProgress\5-MeetingMinutes\3-MEPCoordination","TONNANDBLANK\impactadmin","Allow","FullControl","True"
"Y:\ttbntfile1\shared\appsdata\groups\17-Xeroxscans\Allison\Lafayette Job Closes\Done by Allison\23T003_FHLE Temp Drive Removal\7-JobProgress\5-MeetingMinutes\3-MEPCoordination","CREATOR OWNER","Allow","FullControl","True"
"Y:\ttbntfile1\shared\appsdata\groups\17-Xeroxscans\Allison\Lafayette Job Closes\Done by Allison\23T003_FHLE Temp Drive Removal\7-JobProgress\5-MeetingMinutes\3-MEPCoordination","BUILTIN\Administrators","Allow","FullControl","True"
"Y:\ttbntfile1\shared\appsdata\groups\17-Xeroxscans\Allison\Lafayette Job Closes\Done by Allison\23T003_FHLE Temp Drive Removal\7-JobProgress\5-MeetingMinutes\3-MEPCoordination","NT AUTHORITY\SYSTEM","Allow","FullControl","True"
"Y:\ttbntfile1\shared\appsdata\groups\17-Xeroxscans\Allison\Lafayette Job Closes\Done by Allison\23T003_FHLE Temp Drive Removal\7-JobProgress\5-MeetingMinutes\4-Subcontractor","TONNANDBLANK\AVD Test Users","Allow","FullControl","True"
"Y:\ttbntfile1\shared\appsdata\groups\17-Xeroxscans\Allison\Lafayette Job Closes\Done by Allison\23T003_FHLE Temp Drive Removal\7-JobProgress\5-MeetingMinutes\4-Subcontractor","TONNANDBLANK\impactadmin","Allow","FullControl","True"
"Y:\ttbntfile1\shared\appsdata\groups\17-Xeroxscans\Allison\Lafayette Job Closes\Done by Allison\23T003_FHLE Temp Drive Removal\7-JobProgress\5-MeetingMinutes\4-Subcontractor","CREATOR OWNER","Allow","FullControl","True"
"Y:\ttbntfile1\shared\appsdata\groups\17-Xeroxscans\Allison\Lafayette Job Closes\Done by Allison\23T003_FHLE Temp Drive Removal\7-JobProgress\5-MeetingMinutes\4-Subcontractor","BUILTIN\Administrators","Allow","FullControl","True"
"Y:\ttbntfile1\shared\appsdata\groups\17-Xeroxscans\Allison\Lafayette Job Closes\Done by Allison\23T003_FHLE Temp Drive Removal\7-JobProgress\5-MeetingMinutes\4-Subcontractor","NT AUTHORITY\SYSTEM","Allow","FullControl","True"
"Y:\ttbntfile1\shared\appsdata\groups\17-Xeroxscans\Allison\Lafayette Job Closes\Done by Allison\23T003_FHLE Temp Drive Removal\7-JobProgress\5-MeetingMinutes\5-ITCoordination","TONNANDBLANK\AVD Test Users","Allow","FullControl","True"
"Y:\ttbntfile1\shared\appsdata\groups\17-Xeroxscans\Allison\Lafayette Job Closes\Done by Allison\23T003_FHLE Temp Drive Removal\7-JobProgress\5-MeetingMinutes\5-ITCoordination","TONNANDBLANK\impactadmin","Allow","FullControl","True"
"Y:\ttbntfile1\shared\appsdata\groups\17-Xeroxscans\Allison\Lafayette Job Closes\Done by Allison\23T003_FHLE Temp Drive Removal\7-JobProgress\5-MeetingMinutes\5-ITCoordination","CREATOR OWNER","Allow","FullControl","True"
"Y:\ttbntfile1\shared\appsdata\groups\17-Xeroxscans\Allison\Lafayette Job Closes\Done by Allison\23T003_FHLE Temp Drive Removal\7-JobProgress\5-MeetingMinutes\5-ITCoordination","BUILTIN\Administrators","Allow","FullControl","True"
"Y:\ttbntfile1\shared\appsdata\groups\17-Xeroxscans\Allison\Lafayette Job Closes\Done by Allison\23T003_FHLE Temp Drive Removal\7-JobProgress\5-MeetingMinutes\5-ITCoordination","NT AUTHORITY\SYSTEM","Allow","FullControl","True"
"Y:\ttbntfile1\shared\appsdata\groups\17-Xeroxscans\Allison\Lafayette Job Closes\Done by Allison\23T003_FHLE Temp Drive Removal\7-JobProgress\5-MeetingMinutes\6-Quality","TONNANDBLANK\AVD Test Users","Allow","FullControl","True"
"Y:\ttbntfile1\shared\appsdata\groups\17-Xeroxscans\Allison\Lafayette Job Closes\Done by Allison\23T003_FHLE Temp Drive Removal\7-JobProgress\5-MeetingMinutes\6-Quality","TONNANDBLANK\impactadmin","Allow","FullControl","True"
"Y:\ttbntfile1\shared\appsdata\groups\17-Xeroxscans\Allison\Lafayette Job Closes\Done by Allison\23T003_FHLE Temp Drive Removal\7-JobProgress\5-MeetingMinutes\6-Quality","CREATOR OWNER","Allow","FullControl","True"
"Y:\ttbntfile1\shared\appsdata\groups\17-Xeroxscans\Allison\Lafayette Job Closes\Done by Allison\23T003_FHLE Temp Drive Removal\7-JobProgress\5-MeetingMinutes\6-Quality","BUILTIN\Administrators","Allow","FullControl","True"
"Y:\ttbntfile1\shared\appsdata\groups\17-Xeroxscans\Allison\Lafayette Job Closes\Done by Allison\23T003_FHLE Temp Drive Removal\7-JobProgress\5-MeetingMinutes\6-Quality","NT AUTHORITY\SYSTEM","Allow","FullControl","True"
"Y:\ttbntfile1\shared\appsdata\groups\17-Xeroxscans\Allison\Lafayette Job Closes\Done by Allison\23T003_FHLE Temp Drive Removal\7-JobProgress\5-MeetingMinutes\7-Miscel","TONNANDBLANK\AVD Test Users","Allow","FullControl","True"
"Y:\ttbntfile1\shared\appsdata\groups\17-Xeroxscans\Allison\Lafayette Job Closes\Done by Allison\23T003_FHLE Temp Drive Removal\7-JobProgress\5-MeetingMinutes\7-Miscel","TONNANDBLANK\impactadmin","Allow","FullControl","True"
"Y:\ttbntfile1\shared\appsdata\groups\17-Xeroxscans\Allison\Lafayette Job Closes\Done by Allison\23T003_FHLE Temp Drive Removal\7-JobProgress\5-MeetingMinutes\7-Miscel","CREATOR OWNER","Allow","FullControl","True"
"Y:\ttbntfile1\shared\appsdata\groups\17-Xeroxscans\Allison\Lafayette Job Closes\Done by Allison\23T003_FHLE Temp Drive Removal\7-JobProgress\5-MeetingMinutes\7-Miscel","BUILTIN\Administrators","Allow","FullControl","True"
"Y:\ttbntfile1\shared\appsdata\groups\17-Xeroxscans\Allison\Lafayette Job Closes\Done by Allison\23T003_FHLE Temp Drive Removal\7-JobProgress\5-MeetingMinutes\7-Miscel","NT AUTHORITY\SYSTEM","Allow","FullControl","True"
"Y:\ttbntfile1\shared\appsdata\groups\17-Xeroxscans\Allison\Lafayette Job Closes\Done by Allison\23T003_FHLE Temp Drive Removal\8-CostControl\1-JobSetUp","TONNANDBLANK\AVD Test Users","Allow","FullControl","True"
"Y:\ttbntfile1\shared\appsdata\groups\17-Xeroxscans\Allison\Lafayette Job Closes\Done by Allison\23T003_FHLE Temp Drive Removal\8-CostControl\1-JobSetUp","TONNANDBLANK\impactadmin","Allow","FullControl","True"
"Y:\ttbntfile1\shared\appsdata\groups\17-Xeroxscans\Allison\Lafayette Job Closes\Done by Allison\23T003_FHLE Temp Drive Removal\8-CostControl\1-JobSetUp","CREATOR OWNER","Allow","FullControl","True"
"Y:\ttbntfile1\shared\appsdata\groups\17-Xeroxscans\Allison\Lafayette Job Closes\Done by Allison\23T003_FHLE Temp Drive Removal\8-CostControl\1-JobSetUp","BUILTIN\Administrators","Allow","FullControl","True"
"Y:\ttbntfile1\shared\appsdata\groups\17-Xeroxscans\Allison\Lafayette Job Closes\Done by Allison\23T003_FHLE Temp Drive Removal\8-CostControl\1-JobSetUp","NT AUTHORITY\SYSTEM","Allow","FullControl","True"
"Y:\ttbntfile1\shared\appsdata\groups\17-Xeroxscans\Allison\Lafayette Job Closes\Done by Allison\23T003_FHLE Temp Drive Removal\8-CostControl\2-SOV","TONNANDBLANK\AVD Test Users","Allow","FullControl","True"
"Y:\ttbntfile1\shared\appsdata\groups\17-Xeroxscans\Allison\Lafayette Job Closes\Done by Allison\23T003_FHLE Temp Drive Removal\8-CostControl\2-SOV","TONNANDBLANK\impactadmin","Allow","FullControl","True"
"Y:\ttbntfile1\shared\appsdata\groups\17-Xeroxscans\Allison\Lafayette Job Closes\Done by Allison\23T003_FHLE Temp Drive Removal\8-CostControl\2-SOV","CREATOR OWNER","Allow","FullControl","True"
"Y:\ttbntfile1\shared\appsdata\groups\17-Xeroxscans\Allison\Lafayette Job Closes\Done by Allison\23T003_FHLE Temp Drive Removal\8-CostControl\2-SOV","BUILTIN\Administrators","Allow","FullControl","True"
"Y:\ttbntfile1\shared\appsdata\groups\17-Xeroxscans\Allison\Lafayette Job Closes\Done by Allison\23T003_FHLE Temp Drive Removal\8-CostControl\2-SOV","NT AUTHORITY\SYSTEM","Allow","FullControl","True"
"Y:\ttbntfile1\shared\appsdata\groups\17-Xeroxscans\Allison\Lafayette Job Closes\Done by Allison\23T003_FHLE Temp Drive Removal\8-CostControl\3-Billings","TONNANDBLANK\AVD Test Users","Allow","FullControl","True"
"Y:\ttbntfile1\shared\appsdata\groups\17-Xeroxscans\Allison\Lafayette Job Closes\Done by Allison\23T003_FHLE Temp Drive Removal\8-CostControl\3-Billings","TONNANDBLANK\impactadmin","Allow","FullControl","True"
"Y:\ttbntfile1\shared\appsdata\groups\17-Xeroxscans\Allison\Lafayette Job Closes\Done by Allison\23T003_FHLE Temp Drive Removal\8-CostControl\3-Billings","CREATOR OWNER","Allow","FullControl","True"
"Y:\ttbntfile1\shared\appsdata\groups\17-Xeroxscans\Allison\Lafayette Job Closes\Done by Allison\23T003_FHLE Temp Drive Removal\8-CostControl\3-Billings","BUILTIN\Administrators","Allow","FullControl","True"
"Y:\ttbntfile1\shared\appsdata\groups\17-Xeroxscans\Allison\Lafayette Job Closes\Done by Allison\23T003_FHLE Temp Drive Removal\8-CostControl\3-Billings","NT AUTHORITY\SYSTEM","Allow","FullControl","True"
"Y:\ttbntfile1\shared\appsdata\groups\17-Xeroxscans\Allison\Lafayette Job Closes\Done by Allison\23T003_FHLE Temp Drive Removal\8-CostControl\4-JCTransfers","TONNANDBLANK\AVD Test Users","Allow","FullControl","True"
"Y:\ttbntfile1\shared\appsdata\groups\17-Xeroxscans\Allison\Lafayette Job Closes\Done by Allison\23T003_FHLE Temp Drive Removal\8-CostControl\4-JCTransfers","TONNANDBLANK\impactadmin","Allow","FullControl","True"
"Y:\ttbntfile1\shared\appsdata\groups\17-Xeroxscans\Allison\Lafayette Job Closes\Done by Allison\23T003_FHLE Temp Drive Removal\8-CostControl\4-JCTransfers","CREATOR OWNER","Allow","FullControl","True"
"Y:\ttbntfile1\shared\appsdata\groups\17-Xeroxscans\Allison\Lafayette Job Closes\Done by Allison\23T003_FHLE Temp Drive Removal\8-CostControl\4-JCTransfers","BUILTIN\Administrators","Allow","FullControl","True"
"Y:\ttbntfile1\shared\appsdata\groups\17-Xeroxscans\Allison\Lafayette Job Closes\Done by Allison\23T003_FHLE Temp Drive Removal\8-CostControl\4-JCTransfers","NT AUTHORITY\SYSTEM","Allow","FullControl","True"
"Y:\ttbntfile1\shared\appsdata\groups\17-Xeroxscans\Allison\Lafayette Job Closes\Done by Allison\23T003_FHLE Temp Drive Removal\8-CostControl\5-JCReports","TONNANDBLANK\AVD Test Users","Allow","FullControl","True"
"Y:\ttbntfile1\shared\appsdata\groups\17-Xeroxscans\Allison\Lafayette Job Closes\Done by Allison\23T003_FHLE Temp Drive Removal\8-CostControl\5-JCReports","TONNANDBLANK\impactadmin","Allow","FullControl","True"
"Y:\ttbntfile1\shared\appsdata\groups\17-Xeroxscans\Allison\Lafayette Job Closes\Done by Allison\23T003_FHLE Temp Drive Removal\8-CostControl\5-JCReports","CREATOR OWNER","Allow","FullControl","True"
"Y:\ttbntfile1\shared\appsdata\groups\17-Xeroxscans\Allison\Lafayette Job Closes\Done by Allison\23T003_FHLE Temp Drive Removal\8-CostControl\5-JCReports","BUILTIN\Administrators","Allow","FullControl","True"
"Y:\ttbntfile1\shared\appsdata\groups\17-Xeroxscans\Allison\Lafayette Job Closes\Done by Allison\23T003_FHLE Temp Drive Removal\8-CostControl\5-JCReports","NT AUTHORITY\SYSTEM","Allow","FullControl","True"
"Y:\ttbntfile1\shared\appsdata\groups\17-Xeroxscans\Allison\Lafayette Job Closes\Done by Allison\23T003_FHLE Temp Drive Removal\8-CostControl\6-ReceivingReports","TONNANDBLANK\AVD Test Users","Allow","FullControl","True"
"Y:\ttbntfile1\shared\appsdata\groups\17-Xeroxscans\Allison\Lafayette Job Closes\Done by Allison\23T003_FHLE Temp Drive Removal\8-CostControl\6-ReceivingReports","TONNANDBLANK\impactadmin","Allow","FullControl","True"
"Y:\ttbntfile1\shared\appsdata\groups\17-Xeroxscans\Allison\Lafayette Job Closes\Done by Allison\23T003_FHLE Temp Drive Removal\8-CostControl\6-ReceivingReports","CREATOR OWNER","Allow","FullControl","True"
"Y:\ttbntfile1\shared\appsdata\groups\17-Xeroxscans\Allison\Lafayette Job Closes\Done by Allison\23T003_FHLE Temp Drive Removal\8-CostControl\6-ReceivingReports","BUILTIN\Administrators","Allow","FullControl","True"
"Y:\ttbntfile1\shared\appsdata\groups\17-Xeroxscans\Allison\Lafayette Job Closes\Done by Allison\23T003_FHLE Temp Drive Removal\8-CostControl\6-ReceivingReports","NT AUTHORITY\SYSTEM","Allow","FullControl","True"
"Y:\ttbntfile1\shared\appsdata\groups\17-Xeroxscans\Allison\Lafayette Job Closes\Done by Allison\23T003_FHLE Temp Drive Removal\8-CostControl\7-FieldChecks","TONNANDBLANK\AVD Test Users","Allow","FullControl","True"
"Y:\ttbntfile1\shared\appsdata\groups\17-Xeroxscans\Allison\Lafayette Job Closes\Done by Allison\23T003_FHLE Temp Drive Removal\8-CostControl\7-FieldChecks","TONNANDBLANK\impactadmin","Allow","FullControl","True"
"Y:\ttbntfile1\shared\appsdata\groups\17-Xeroxscans\Allison\Lafayette Job Closes\Done by Allison\23T003_FHLE Temp Drive Removal\8-CostControl\7-FieldChecks","CREATOR OWNER","Allow","FullControl","True"
"Y:\ttbntfile1\shared\appsdata\groups\17-Xeroxscans\Allison\Lafayette Job Closes\Done by Allison\23T003_FHLE Temp Drive Removal\8-CostControl\7-FieldChecks","BUILTIN\Administrators","Allow","FullControl","True"
"Y:\ttbntfile1\shared\appsdata\groups\17-Xeroxscans\Allison\Lafayette Job Closes\Done by Allison\23T003_FHLE Temp Drive Removal\8-CostControl\7-FieldChecks","NT AUTHORITY\SYSTEM","Allow","FullControl","True"
"Y:\ttbntfile1\shared\appsdata\groups\17-Xeroxscans\Allison\Lafayette Job Closes\Done by Allison\23T003_FHLE Temp Drive Removal\8-CostControl\8-InterofficeCorr","TONNANDBLANK\AVD Test Users","Allow","FullControl","True"
"Y:\ttbntfile1\shared\appsdata\groups\17-Xeroxscans\Allison\Lafayette Job Closes\Done by Allison\23T003_FHLE Temp Drive Removal\8-CostControl\8-InterofficeCorr","TONNANDBLANK\impactadmin","Allow","FullControl","True"
"Y:\ttbntfile1\shared\appsdata\groups\17-Xeroxscans\Allison\Lafayette Job Closes\Done by Allison\23T003_FHLE Temp Drive Removal\8-CostControl\8-InterofficeCorr","CREATOR OWNER","Allow","FullControl","True"
"Y:\ttbntfile1\shared\appsdata\groups\17-Xeroxscans\Allison\Lafayette Job Closes\Done by Allison\23T003_FHLE Temp Drive Removal\8-CostControl\8-InterofficeCorr","BUILTIN\Administrators","Allow","FullControl","True"
"Y:\ttbntfile1\shared\appsdata\groups\17-Xeroxscans\Allison\Lafayette Job Closes\Done by Allison\23T003_FHLE Temp Drive Removal\8-CostControl\8-InterofficeCorr","NT AUTHORITY\SYSTEM","Allow","FullControl","True"
"Y:\ttbntfile1\shared\appsdata\groups\17-Xeroxscans\Allison\Lafayette Job Closes\Done by Allison\23T003_FHLE Temp Drive Removal\8-CostControl\9-ChangeRequests","TONNANDBLANK\AVD Test Users","Allow","FullControl","True"
"Y:\ttbntfile1\shared\appsdata\groups\17-Xeroxscans\Allison\Lafayette Job Closes\Done by Allison\23T003_FHLE Temp Drive Removal\8-CostControl\9-ChangeRequests","TONNANDBLANK\impactadmin","Allow","FullControl","True"
"Y:\ttbntfile1\shared\appsdata\groups\17-Xeroxscans\Allison\Lafayette Job Closes\Done by Allison\23T003_FHLE Temp Drive Removal\8-CostControl\9-ChangeRequests","CREATOR OWNER","Allow","FullControl","True"
"Y:\ttbntfile1\shared\appsdata\groups\17-Xeroxscans\Allison\Lafayette Job Closes\Done by Allison\23T003_FHLE Temp Drive Removal\8-CostControl\9-ChangeRequests","BUILTIN\Administrators","Allow","FullControl","True"
"Y:\ttbntfile1\shared\appsdata\groups\17-Xeroxscans\Allison\Lafayette Job Closes\Done by Allison\23T003_FHLE Temp Drive Removal\8-CostControl\9-ChangeRequests","NT AUTHORITY\SYSTEM","Allow","FullControl","True"
"Y:\ttbntfile1\shared\appsdata\groups\17-Xeroxscans\Allison\Lafayette Job Closes\Done by Allison\23T003_FHLE Temp Drive Removal\8-CostControl\3-Billings\1-LaborBillRateCalc","TONNANDBLANK\AVD Test Users","Allow","FullControl","True"
"Y:\ttbntfile1\shared\appsdata\groups\17-Xeroxscans\Allison\Lafayette Job Closes\Done by Allison\23T003_FHLE Temp Drive Removal\8-CostControl\3-Billings\1-LaborBillRateCalc","TONNANDBLANK\impactadmin","Allow","FullControl","True"
"Y:\ttbntfile1\shared\appsdata\groups\17-Xeroxscans\Allison\Lafayette Job Closes\Done by Allison\23T003_FHLE Temp Drive Removal\8-CostControl\3-Billings\1-LaborBillRateCalc","CREATOR OWNER","Allow","FullControl","True"
"Y:\ttbntfile1\shared\appsdata\groups\17-Xeroxscans\Allison\Lafayette Job Closes\Done by Allison\23T003_FHLE Temp Drive Removal\8-CostControl\3-Billings\1-LaborBillRateCalc","BUILTIN\Administrators","Allow","FullControl","True"
"Y:\ttbntfile1\shared\appsdata\groups\17-Xeroxscans\Allison\Lafayette Job Closes\Done by Allison\23T003_FHLE Temp Drive Removal\8-CostControl\3-Billings\1-LaborBillRateCalc","NT AUTHORITY\SYSTEM","Allow","FullControl","True"
"Y:\ttbntfile1\shared\appsdata\groups\17-Xeroxscans\Allison\Lafayette Job Closes\Done by Allison\23T003_FHLE Temp Drive Removal\8-CostControl\5-JCReports\1-LaborReports","TONNANDBLANK\AVD Test Users","Allow","FullControl","True"
"Y:\ttbntfile1\shared\appsdata\groups\17-Xeroxscans\Allison\Lafayette Job Closes\Done by Allison\23T003_FHLE Temp Drive Removal\8-CostControl\5-JCReports\1-LaborReports","TONNANDBLANK\impactadmin","Allow","FullControl","True"
"Y:\ttbntfile1\shared\appsdata\groups\17-Xeroxscans\Allison\Lafayette Job Closes\Done by Allison\23T003_FHLE Temp Drive Removal\8-CostControl\5-JCReports\1-LaborReports","CREATOR OWNER","Allow","FullControl","True"
"Y:\ttbntfile1\shared\appsdata\groups\17-Xeroxscans\Allison\Lafayette Job Closes\Done by Allison\23T003_FHLE Temp Drive Removal\8-CostControl\5-JCReports\1-LaborReports","BUILTIN\Administrators","Allow","FullControl","True"
"Y:\ttbntfile1\shared\appsdata\groups\17-Xeroxscans\Allison\Lafayette Job Closes\Done by Allison\23T003_FHLE Temp Drive Removal\8-CostControl\5-JCReports\1-LaborReports","NT AUTHORITY\SYSTEM","Allow","FullControl","True"
"Y:\ttbntfile1\shared\appsdata\groups\17-Xeroxscans\Allison\Lafayette Job Closes\Done by Allison\23T003_FHLE Temp Drive Removal\8-CostControl\5-JCReports\1-LaborReports\1-CertifiedPayroll","TONNANDBLANK\AVD Test Users","Allow","FullControl","True"
"Y:\ttbntfile1\shared\appsdata\groups\17-Xeroxscans\Allison\Lafayette Job Closes\Done by Allison\23T003_FHLE Temp Drive Removal\8-CostControl\5-JCReports\1-LaborReports\1-CertifiedPayroll","TONNANDBLANK\impactadmin","Allow","FullControl","True"
"Y:\ttbntfile1\shared\appsdata\groups\17-Xeroxscans\Allison\Lafayette Job Closes\Done by Allison\23T003_FHLE Temp Drive Removal\8-CostControl\5-JCReports\1-LaborReports\1-CertifiedPayroll","CREATOR OWNER","Allow","FullControl","True"
"Y:\ttbntfile1\shared\appsdata\groups\17-Xeroxscans\Allison\Lafayette Job Closes\Done by Allison\23T003_FHLE Temp Drive Removal\8-CostControl\5-JCReports\1-LaborReports\1-CertifiedPayroll","BUILTIN\Administrators","Allow","FullControl","True"
"Y:\ttbntfile1\shared\appsdata\groups\17-Xeroxscans\Allison\Lafayette Job Closes\Done by Allison\23T003_FHLE Temp Drive Removal\8-CostControl\5-JCReports\1-LaborReports\1-CertifiedPayroll","NT AUTHORITY\SYSTEM","Allow","FullControl","True"
"Y:\ttbntfile1\shared\appsdata\groups\17-Xeroxscans\Allison\Lafayette Job Closes\Done by Allison\23T003_FHLE Temp Drive Removal\8-CostControl\5-JCReports\1-LaborReports\2-DBEUtilization","TONNANDBLANK\AVD Test Users","Allow","FullControl","True"
"Y:\ttbntfile1\shared\appsdata\groups\17-Xeroxscans\Allison\Lafayette Job Closes\Done by Allison\23T003_FHLE Temp Drive Removal\8-CostControl\5-JCReports\1-LaborReports\2-DBEUtilization","TONNANDBLANK\impactadmin","Allow","FullControl","True"
"Y:\ttbntfile1\shared\appsdata\groups\17-Xeroxscans\Allison\Lafayette Job Closes\Done by Allison\23T003_FHLE Temp Drive Removal\8-CostControl\5-JCReports\1-LaborReports\2-DBEUtilization","CREATOR OWNER","Allow","FullControl","True"
"Y:\ttbntfile1\shared\appsdata\groups\17-Xeroxscans\Allison\Lafayette Job Closes\Done by Allison\23T003_FHLE Temp Drive Removal\8-CostControl\5-JCReports\1-LaborReports\2-DBEUtilization","BUILTIN\Administrators","Allow","FullControl","True"
"Y:\ttbntfile1\shared\appsdata\groups\17-Xeroxscans\Allison\Lafayette Job Closes\Done by Allison\23T003_FHLE Temp Drive Removal\8-CostControl\5-JCReports\1-LaborReports\2-DBEUtilization","NT AUTHORITY\SYSTEM","Allow","FullControl","True"
"Y:\ttbntfile1\shared\appsdata\groups\17-Xeroxscans\Allison\Lafayette Job Closes\Done by Allison\23T003_FHLE Temp Drive Removal\9-Safety\1-Site Specific Safety Plan","TONNANDBLANK\AVD Test Users","Allow","FullControl","True"
"Y:\ttbntfile1\shared\appsdata\groups\17-Xeroxscans\Allison\Lafayette Job Closes\Done by Allison\23T003_FHLE Temp Drive Removal\9-Safety\1-Site Specific Safety Plan","TONNANDBLANK\impactadmin","Allow","FullControl","True"
"Y:\ttbntfile1\shared\appsdata\groups\17-Xeroxscans\Allison\Lafayette Job Closes\Done by Allison\23T003_FHLE Temp Drive Removal\9-Safety\1-Site Specific Safety Plan","CREATOR OWNER","Allow","FullControl","True"
"Y:\ttbntfile1\shared\appsdata\groups\17-Xeroxscans\Allison\Lafayette Job Closes\Done by Allison\23T003_FHLE Temp Drive Removal\9-Safety\1-Site Specific Safety Plan","BUILTIN\Administrators","Allow","FullControl","True"
"Y:\ttbntfile1\shared\appsdata\groups\17-Xeroxscans\Allison\Lafayette Job Closes\Done by Allison\23T003_FHLE Temp Drive Removal\9-Safety\1-Site Specific Safety Plan","NT AUTHORITY\SYSTEM","Allow","FullControl","True"
"Y:\ttbntfile1\shared\appsdata\groups\17-Xeroxscans\Allison\Lafayette Job Closes\Done by Allison\23T003_FHLE Temp Drive Removal\9-Safety\10-Shut Down Notices","TONNANDBLANK\AVD Test Users","Allow","FullControl","True"
"Y:\ttbntfile1\shared\appsdata\groups\17-Xeroxscans\Allison\Lafayette Job Closes\Done by Allison\23T003_FHLE Temp Drive Removal\9-Safety\10-Shut Down Notices","TONNANDBLANK\impactadmin","Allow","FullControl","True"
"Y:\ttbntfile1\shared\appsdata\groups\17-Xeroxscans\Allison\Lafayette Job Closes\Done by Allison\23T003_FHLE Temp Drive Removal\9-Safety\10-Shut Down Notices","CREATOR OWNER","Allow","FullControl","True"
"Y:\ttbntfile1\shared\appsdata\groups\17-Xeroxscans\Allison\Lafayette Job Closes\Done by Allison\23T003_FHLE Temp Drive Removal\9-Safety\10-Shut Down Notices","BUILTIN\Administrators","Allow","FullControl","True"
"Y:\ttbntfile1\shared\appsdata\groups\17-Xeroxscans\Allison\Lafayette Job Closes\Done by Allison\23T003_FHLE Temp Drive Removal\9-Safety\10-Shut Down Notices","NT AUTHORITY\SYSTEM","Allow","FullControl","True"
"Y:\ttbntfile1\shared\appsdata\groups\17-Xeroxscans\Allison\Lafayette Job Closes\Done by Allison\23T003_FHLE Temp Drive Removal\9-Safety\2-3rd Party Health and Safety Inspection Reports","TONNANDBLANK\AVD Test Users","Allow","FullControl","True"
"Y:\ttbntfile1\shared\appsdata\groups\17-Xeroxscans\Allison\Lafayette Job Closes\Done by Allison\23T003_FHLE Temp Drive Removal\9-Safety\2-3rd Party Health and Safety Inspection Reports","TONNANDBLANK\impactadmin","Allow","FullControl","True"
"Y:\ttbntfile1\shared\appsdata\groups\17-Xeroxscans\Allison\Lafayette Job Closes\Done by Allison\23T003_FHLE Temp Drive Removal\9-Safety\2-3rd Party Health and Safety Inspection Reports","CREATOR OWNER","Allow","FullControl","True"
"Y:\ttbntfile1\shared\appsdata\groups\17-Xeroxscans\Allison\Lafayette Job Closes\Done by Allison\23T003_FHLE Temp Drive Removal\9-Safety\2-3rd Party Health and Safety Inspection Reports","BUILTIN\Administrators","Allow","FullControl","True"
"Y:\ttbntfile1\shared\appsdata\groups\17-Xeroxscans\Allison\Lafayette Job Closes\Done by Allison\23T003_FHLE Temp Drive Removal\9-Safety\2-3rd Party Health and Safety Inspection Reports","NT AUTHORITY\SYSTEM","Allow","FullControl","True"
"Y:\ttbntfile1\shared\appsdata\groups\17-Xeroxscans\Allison\Lafayette Job Closes\Done by Allison\23T003_FHLE Temp Drive Removal\9-Safety\3-OSHA Inspections","TONNANDBLANK\AVD Test Users","Allow","FullControl","True"
"Y:\ttbntfile1\shared\appsdata\groups\17-Xeroxscans\Allison\Lafayette Job Closes\Done by Allison\23T003_FHLE Temp Drive Removal\9-Safety\3-OSHA Inspections","TONNANDBLANK\impactadmin","Allow","FullControl","True"
"Y:\ttbntfile1\shared\appsdata\groups\17-Xeroxscans\Allison\Lafayette Job Closes\Done by Allison\23T003_FHLE Temp Drive Removal\9-Safety\3-OSHA Inspections","CREATOR OWNER","Allow","FullControl","True"
"Y:\ttbntfile1\shared\appsdata\groups\17-Xeroxscans\Allison\Lafayette Job Closes\Done by Allison\23T003_FHLE Temp Drive Removal\9-Safety\3-OSHA Inspections","BUILTIN\Administrators","Allow","FullControl","True"
"Y:\ttbntfile1\shared\appsdata\groups\17-Xeroxscans\Allison\Lafayette Job Closes\Done by Allison\23T003_FHLE Temp Drive Removal\9-Safety\3-OSHA Inspections","NT AUTHORITY\SYSTEM","Allow","FullControl","True"
"Y:\ttbntfile1\shared\appsdata\groups\17-Xeroxscans\Allison\Lafayette Job Closes\Done by Allison\23T003_FHLE Temp Drive Removal\9-Safety\4-Utility Locates","TONNANDBLANK\AVD Test Users","Allow","FullControl","True"
"Y:\ttbntfile1\shared\appsdata\groups\17-Xeroxscans\Allison\Lafayette Job Closes\Done by Allison\23T003_FHLE Temp Drive Removal\9-Safety\4-Utility Locates","TONNANDBLANK\impactadmin","Allow","FullControl","True"
"Y:\ttbntfile1\shared\appsdata\groups\17-Xeroxscans\Allison\Lafayette Job Closes\Done by Allison\23T003_FHLE Temp Drive Removal\9-Safety\4-Utility Locates","CREATOR OWNER","Allow","FullControl","True"
"Y:\ttbntfile1\shared\appsdata\groups\17-Xeroxscans\Allison\Lafayette Job Closes\Done by Allison\23T003_FHLE Temp Drive Removal\9-Safety\4-Utility Locates","BUILTIN\Administrators","Allow","FullControl","True"
"Y:\ttbntfile1\shared\appsdata\groups\17-Xeroxscans\Allison\Lafayette Job Closes\Done by Allison\23T003_FHLE Temp Drive Removal\9-Safety\4-Utility Locates","NT AUTHORITY\SYSTEM","Allow","FullControl","True"
"Y:\ttbntfile1\shared\appsdata\groups\17-Xeroxscans\Allison\Lafayette Job Closes\Done by Allison\23T003_FHLE Temp Drive Removal\9-Safety\5-MSDS Sheets","TONNANDBLANK\AVD Test Users","Allow","FullControl","True"
"Y:\ttbntfile1\shared\appsdata\groups\17-Xeroxscans\Allison\Lafayette Job Closes\Done by Allison\23T003_FHLE Temp Drive Removal\9-Safety\5-MSDS Sheets","TONNANDBLANK\impactadmin","Allow","FullControl","True"
"Y:\ttbntfile1\shared\appsdata\groups\17-Xeroxscans\Allison\Lafayette Job Closes\Done by Allison\23T003_FHLE Temp Drive Removal\9-Safety\5-MSDS Sheets","CREATOR OWNER","Allow","FullControl","True"
"Y:\ttbntfile1\shared\appsdata\groups\17-Xeroxscans\Allison\Lafayette Job Closes\Done by Allison\23T003_FHLE Temp Drive Removal\9-Safety\5-MSDS Sheets","BUILTIN\Administrators","Allow","FullControl","True"
"Y:\ttbntfile1\shared\appsdata\groups\17-Xeroxscans\Allison\Lafayette Job Closes\Done by Allison\23T003_FHLE Temp Drive Removal\9-Safety\5-MSDS Sheets","NT AUTHORITY\SYSTEM","Allow","FullControl","True"
"Y:\ttbntfile1\shared\appsdata\groups\17-Xeroxscans\Allison\Lafayette Job Closes\Done by Allison\23T003_FHLE Temp Drive Removal\9-Safety\6-Safety Audit","TONNANDBLANK\AVD Test Users","Allow","FullControl","True"
"Y:\ttbntfile1\shared\appsdata\groups\17-Xeroxscans\Allison\Lafayette Job Closes\Done by Allison\23T003_FHLE Temp Drive Removal\9-Safety\6-Safety Audit","TONNANDBLANK\impactadmin","Allow","FullControl","True"
"Y:\ttbntfile1\shared\appsdata\groups\17-Xeroxscans\Allison\Lafayette Job Closes\Done by Allison\23T003_FHLE Temp Drive Removal\9-Safety\6-Safety Audit","CREATOR OWNER","Allow","FullControl","True"
"Y:\ttbntfile1\shared\appsdata\groups\17-Xeroxscans\Allison\Lafayette Job Closes\Done by Allison\23T003_FHLE Temp Drive Removal\9-Safety\6-Safety Audit","BUILTIN\Administrators","Allow","FullControl","True"
"Y:\ttbntfile1\shared\appsdata\groups\17-Xeroxscans\Allison\Lafayette Job Closes\Done by Allison\23T003_FHLE Temp Drive Removal\9-Safety\6-Safety Audit","NT AUTHORITY\SYSTEM","Allow","FullControl","True"
"Y:\ttbntfile1\shared\appsdata\groups\17-Xeroxscans\Allison\Lafayette Job Closes\Done by Allison\23T003_FHLE Temp Drive Removal\9-Safety\7-Incident Report","TONNANDBLANK\AVD Test Users","Allow","FullControl","True"
"Y:\ttbntfile1\shared\appsdata\groups\17-Xeroxscans\Allison\Lafayette Job Closes\Done by Allison\23T003_FHLE Temp Drive Removal\9-Safety\7-Incident Report","TONNANDBLANK\impactadmin","Allow","FullControl","True"
"Y:\ttbntfile1\shared\appsdata\groups\17-Xeroxscans\Allison\Lafayette Job Closes\Done by Allison\23T003_FHLE Temp Drive Removal\9-Safety\7-Incident Report","CREATOR OWNER","Allow","FullControl","True"
"Y:\ttbntfile1\shared\appsdata\groups\17-Xeroxscans\Allison\Lafayette Job Closes\Done by Allison\23T003_FHLE Temp Drive Removal\9-Safety\7-Incident Report","BUILTIN\Administrators","Allow","FullControl","True"
"Y:\ttbntfile1\shared\appsdata\groups\17-Xeroxscans\Allison\Lafayette Job Closes\Done by Allison\23T003_FHLE Temp Drive Removal\9-Safety\7-Incident Report","NT AUTHORITY\SYSTEM","Allow","FullControl","True"
"Y:\ttbntfile1\shared\appsdata\groups\17-Xeroxscans\Allison\Lafayette Job Closes\Done by Allison\23T003_FHLE Temp Drive Removal\9-Safety\8-Hot Work Permit","TONNANDBLANK\AVD Test Users","Allow","FullControl","True"
"Y:\ttbntfile1\shared\appsdata\groups\17-Xeroxscans\Allison\Lafayette Job Closes\Done by Allison\23T003_FHLE Temp Drive Removal\9-Safety\8-Hot Work Permit","TONNANDBLANK\impactadmin","Allow","FullControl","True"
"Y:\ttbntfile1\shared\appsdata\groups\17-Xeroxscans\Allison\Lafayette Job Closes\Done by Allison\23T003_FHLE Temp Drive Removal\9-Safety\8-Hot Work Permit","CREATOR OWNER","Allow","FullControl","True"
"Y:\ttbntfile1\shared\appsdata\groups\17-Xeroxscans\Allison\Lafayette Job Closes\Done by Allison\23T003_FHLE Temp Drive Removal\9-Safety\8-Hot Work Permit","BUILTIN\Administrators","Allow","FullControl","True"
"Y:\ttbntfile1\shared\appsdata\groups\17-Xeroxscans\Allison\Lafayette Job Closes\Done by Allison\23T003_FHLE Temp Drive Removal\9-Safety\8-Hot Work Permit","NT AUTHORITY\SYSTEM","Allow","FullControl","True"
"Y:\ttbntfile1\shared\appsdata\groups\17-Xeroxscans\Allison\Lafayette Job Closes\Done by Allison\23T003_FHLE Temp Drive Removal\9-Safety\9-Excavation Permit","TONNANDBLANK\AVD Test Users","Allow","FullControl","True"
"Y:\ttbntfile1\shared\appsdata\groups\17-Xeroxscans\Allison\Lafayette Job Closes\Done by Allison\23T003_FHLE Temp Drive Removal\9-Safety\9-Excavation Permit","TONNANDBLANK\impactadmin","Allow","FullControl","True"
"Y:\ttbntfile1\shared\appsdata\groups\17-Xeroxscans\Allison\Lafayette Job Closes\Done by Allison\23T003_FHLE Temp Drive Removal\9-Safety\9-Excavation Permit","CREATOR OWNER","Allow","FullControl","True"
"Y:\ttbntfile1\shared\appsdata\groups\17-Xeroxscans\Allison\Lafayette Job Closes\Done by Allison\23T003_FHLE Temp Drive Removal\9-Safety\9-Excavation Permit","BUILTIN\Administrators","Allow","FullControl","True"
"Y:\ttbntfile1\shared\appsdata\groups\17-Xeroxscans\Allison\Lafayette Job Closes\Done by Allison\23T003_FHLE Temp Drive Removal\9-Safety\9-Excavation Permit","NT AUTHORITY\SYSTEM","Allow","FullControl","True"
"Y:\ttbntfile1\shared\appsdata\groups\17-Xeroxscans\Allison\Lafayette Job Closes\Done by Allison\23T003_FHLE Temp Drive Removal\9-Safety\6-Safety Audit\1-JSA","TONNANDBLANK\AVD Test Users","Allow","FullControl","True"
"Y:\ttbntfile1\shared\appsdata\groups\17-Xeroxscans\Allison\Lafayette Job Closes\Done by Allison\23T003_FHLE Temp Drive Removal\9-Safety\6-Safety Audit\1-JSA","TONNANDBLANK\impactadmin","Allow","FullControl","True"
"Y:\ttbntfile1\shared\appsdata\groups\17-Xeroxscans\Allison\Lafayette Job Closes\Done by Allison\23T003_FHLE Temp Drive Removal\9-Safety\6-Safety Audit\1-JSA","CREATOR OWNER","Allow","FullControl","True"
"Y:\ttbntfile1\shared\appsdata\groups\17-Xeroxscans\Allison\Lafayette Job Closes\Done by Allison\23T003_FHLE Temp Drive Removal\9-Safety\6-Safety Audit\1-JSA","BUILTIN\Administrators","Allow","FullControl","True"
"Y:\ttbntfile1\shared\appsdata\groups\17-Xeroxscans\Allison\Lafayette Job Closes\Done by Allison\23T003_FHLE Temp Drive Removal\9-Safety\6-Safety Audit\1-JSA","NT AUTHORITY\SYSTEM","Allow","FullControl","True"
"Y:\ttbntfile1\shared\appsdata\groups\17-Xeroxscans\Allison\Lafayette Job Closes\Done by Allison\23T003_FHLE Temp Drive Removal\9-Safety\6-Safety Audit\2-Toolbox Talks","TONNANDBLANK\AVD Test Users","Allow","FullControl","True"
"Y:\ttbntfile1\shared\appsdata\groups\17-Xeroxscans\Allison\Lafayette Job Closes\Done by Allison\23T003_FHLE Temp Drive Removal\9-Safety\6-Safety Audit\2-Toolbox Talks","TONNANDBLANK\impactadmin","Allow","FullControl","True"
"Y:\ttbntfile1\shared\appsdata\groups\17-Xeroxscans\Allison\Lafayette Job Closes\Done by Allison\23T003_FHLE Temp Drive Removal\9-Safety\6-Safety Audit\2-Toolbox Talks","CREATOR OWNER","Allow","FullControl","True"
"Y:\ttbntfile1\shared\appsdata\groups\17-Xeroxscans\Allison\Lafayette Job Closes\Done by Allison\23T003_FHLE Temp Drive Removal\9-Safety\6-Safety Audit\2-Toolbox Talks","BUILTIN\Administrators","Allow","FullControl","True"
"Y:\ttbntfile1\shared\appsdata\groups\17-Xeroxscans\Allison\Lafayette Job Closes\Done by Allison\23T003_FHLE Temp Drive Removal\9-Safety\6-Safety Audit\2-Toolbox Talks","NT AUTHORITY\SYSTEM","Allow","FullControl","True"
"Y:\ttbntfile1\shared\appsdata\groups\17-Xeroxscans\Allison\Lafayette Job Closes\Done by Allison\23T003_FHLE Temp Drive Removal\9-Safety\6-Safety Audit\3-Weekly Job inspection","TONNANDBLANK\AVD Test Users","Allow","FullControl","True"
"Y:\ttbntfile1\shared\appsdata\groups\17-Xeroxscans\Allison\Lafayette Job Closes\Done by Allison\23T003_FHLE Temp Drive Removal\9-Safety\6-Safety Audit\3-Weekly Job inspection","TONNANDBLANK\impactadmin","Allow","FullControl","True"
"Y:\ttbntfile1\shared\appsdata\groups\17-Xeroxscans\Allison\Lafayette Job Closes\Done by Allison\23T003_FHLE Temp Drive Removal\9-Safety\6-Safety Audit\3-Weekly Job inspection","CREATOR OWNER","Allow","FullControl","True"
"Y:\ttbntfile1\shared\appsdata\groups\17-Xeroxscans\Allison\Lafayette Job Closes\Done by Allison\23T003_FHLE Temp Drive Removal\9-Safety\6-Safety Audit\3-Weekly Job inspection","BUILTIN\Administrators","Allow","FullControl","True"
"Y:\ttbntfile1\shared\appsdata\groups\17-Xeroxscans\Allison\Lafayette Job Closes\Done by Allison\23T003_FHLE Temp Drive Removal\9-Safety\6-Safety Audit\3-Weekly Job inspection","NT AUTHORITY\SYSTEM","Allow","FullControl","True"
"Y:\ttbntfile1\shared\appsdata\groups\17-Xeroxscans\Allison\Lafayette Job Closes\Done by Allison\23T003_FHLE Temp Drive Removal\9-Safety\7-Incident Report\1-Near Miss Investigations","TONNANDBLANK\AVD Test Users","Allow","FullControl","True"
"Y:\ttbntfile1\shared\appsdata\groups\17-Xeroxscans\Allison\Lafayette Job Closes\Done by Allison\23T003_FHLE Temp Drive Removal\9-Safety\7-Incident Report\1-Near Miss Investigations","TONNANDBLANK\impactadmin","Allow","FullControl","True"
"Y:\ttbntfile1\shared\appsdata\groups\17-Xeroxscans\Allison\Lafayette Job Closes\Done by Allison\23T003_FHLE Temp Drive Removal\9-Safety\7-Incident Report\1-Near Miss Investigations","CREATOR OWNER","Allow","FullControl","True"
"Y:\ttbntfile1\shared\appsdata\groups\17-Xeroxscans\Allison\Lafayette Job Closes\Done by Allison\23T003_FHLE Temp Drive Removal\9-Safety\7-Incident Report\1-Near Miss Investigations","BUILTIN\Administrators","Allow","FullControl","True"
"Y:\ttbntfile1\shared\appsdata\groups\17-Xeroxscans\Allison\Lafayette Job Closes\Done by Allison\23T003_FHLE Temp Drive Removal\9-Safety\7-Incident Report\1-Near Miss Investigations","NT AUTHORITY\SYSTEM","Allow","FullControl","True"
"Y:\ttbntfile1\shared\appsdata\groups\17-Xeroxscans\Allison\NWI Job Closes\Done by Allison","TONNANDBLANK\AVD Test Users","Allow","FullControl","True"
"Y:\ttbntfile1\shared\appsdata\groups\17-Xeroxscans\Allison\NWI Job Closes\Done by Allison","TONNANDBLANK\impactadmin","Allow","FullControl","True"
"Y:\ttbntfile1\shared\appsdata\groups\17-Xeroxscans\Allison\NWI Job Closes\Done by Allison","CREATOR OWNER","Allow","FullControl","True"
"Y:\ttbntfile1\shared\appsdata\groups\17-Xeroxscans\Allison\NWI Job Closes\Done by Allison","BUILTIN\Administrators","Allow","FullControl","True"
"Y:\ttbntfile1\shared\appsdata\groups\17-Xeroxscans\Allison\NWI Job Closes\Done by Allison","NT AUTHORITY\SYSTEM","Allow","FullControl","True"
"Y:\ttbntfile1\shared\appsdata\groups\17-Xeroxscans\Allison\NWI Job Closes\Done by Allison\2021","TONNANDBLANK\AVD Test Users","Allow","FullControl","True"
"Y:\ttbntfile1\shared\appsdata\groups\17-Xeroxscans\Allison\NWI Job Closes\Done by Allison\2021","TONNANDBLANK\impactadmin","Allow","FullControl","True"
"Y:\ttbntfile1\shared\appsdata\groups\17-Xeroxscans\Allison\NWI Job Closes\Done by Allison\2021","CREATOR OWNER","Allow","FullControl","True"
"Y:\ttbntfile1\shared\appsdata\groups\17-Xeroxscans\Allison\NWI Job Closes\Done by Allison\2021","BUILTIN\Administrators","Allow","FullControl","True"
"Y:\ttbntfile1\shared\appsdata\groups\17-Xeroxscans\Allison\NWI Job Closes\Done by Allison\2021","NT AUTHORITY\SYSTEM","Allow","FullControl","True"
"Y:\ttbntfile1\shared\appsdata\groups\17-Xeroxscans\Allison\NWI Job Closes\Done by Allison\2022","TONNANDBLANK\AVD Test Users","Allow","FullControl","True"
"Y:\ttbntfile1\shared\appsdata\groups\17-Xeroxscans\Allison\NWI Job Closes\Done by Allison\2022","TONNANDBLANK\impactadmin","Allow","FullControl","True"
"Y:\ttbntfile1\shared\appsdata\groups\17-Xeroxscans\Allison\NWI Job Closes\Done by Allison\2022","CREATOR OWNER","Allow","FullControl","True"
"Y:\ttbntfile1\shared\appsdata\groups\17-Xeroxscans\Allison\NWI Job Closes\Done by Allison\2022","BUILTIN\Administrators","Allow","FullControl","True"
"Y:\ttbntfile1\shared\appsdata\groups\17-Xeroxscans\Allison\NWI Job Closes\Done by Allison\2022","NT AUTHORITY\SYSTEM","Allow","FullControl","True"
"Y:\ttbntfile1\shared\appsdata\groups\17-Xeroxscans\Allison\NWI Job Closes\Done by Allison\2023","TONNANDBLANK\AVD Test Users","Allow","FullControl","True"
"Y:\ttbntfile1\shared\appsdata\groups\17-Xeroxscans\Allison\NWI Job Closes\Done by Allison\2023","TONNANDBLANK\impactadmin","Allow","FullControl","True"
"Y:\ttbntfile1\shared\appsdata\groups\17-Xeroxscans\Allison\NWI Job Closes\Done by Allison\2023","CREATOR OWNER","Allow","FullControl","True"
"Y:\ttbntfile1\shared\appsdata\groups\17-Xeroxscans\Allison\NWI Job Closes\Done by Allison\2023","BUILTIN\Administrators","Allow","FullControl","True"
"Y:\ttbntfile1\shared\appsdata\groups\17-Xeroxscans\Allison\NWI Job Closes\Done by Allison\2023","NT AUTHORITY\SYSTEM","Allow","FullControl","True"
"Y:\ttbntfile1\shared\appsdata\groups\17-Xeroxscans\Becky\AIA G702 & G703 forms","TONNANDBLANK\AVD Test Users","Allow","FullControl","True"
"Y:\ttbntfile1\shared\appsdata\groups\17-Xeroxscans\Becky\AIA G702 & G703 forms","TONNANDBLANK\impactadmin","Allow","FullControl","True"
"Y:\ttbntfile1\shared\appsdata\groups\17-Xeroxscans\Becky\AIA G702 & G703 forms","CREATOR OWNER","Allow","FullControl","True"
"Y:\ttbntfile1\shared\appsdata\groups\17-Xeroxscans\Becky\AIA G702 & G703 forms","BUILTIN\Administrators","Allow","FullControl","True"
"Y:\ttbntfile1\shared\appsdata\groups\17-Xeroxscans\Becky\AIA G702 & G703 forms","NT AUTHORITY\SYSTEM","Allow","FullControl","True"
"Y:\ttbntfile1\shared\appsdata\groups\17-Xeroxscans\Becky\Fringe Backup","TONNANDBLANK\AVD Test Users","Allow","FullControl","True"
"Y:\ttbntfile1\shared\appsdata\groups\17-Xeroxscans\Becky\Fringe Backup","TONNANDBLANK\impactadmin","Allow","FullControl","True"
"Y:\ttbntfile1\shared\appsdata\groups\17-Xeroxscans\Becky\Fringe Backup","CREATOR OWNER","Allow","FullControl","True"
"Y:\ttbntfile1\shared\appsdata\groups\17-Xeroxscans\Becky\Fringe Backup","BUILTIN\Administrators","Allow","FullControl","True"
"Y:\ttbntfile1\shared\appsdata\groups\17-Xeroxscans\Becky\Fringe Backup","NT AUTHORITY\SYSTEM","Allow","FullControl","True"
"Y:\ttbntfile1\shared\appsdata\groups\17-Xeroxscans\Becky\Stored Matl for FOCE Projects ONLY","TONNANDBLANK\AVD Test Users","Allow","FullControl","True"
"Y:\ttbntfile1\shared\appsdata\groups\17-Xeroxscans\Becky\Stored Matl for FOCE Projects ONLY","TONNANDBLANK\impactadmin","Allow","FullControl","True"
"Y:\ttbntfile1\shared\appsdata\groups\17-Xeroxscans\Becky\Stored Matl for FOCE Projects ONLY","CREATOR OWNER","Allow","FullControl","True"
"Y:\ttbntfile1\shared\appsdata\groups\17-Xeroxscans\Becky\Stored Matl for FOCE Projects ONLY","BUILTIN\Administrators","Allow","FullControl","True"
"Y:\ttbntfile1\shared\appsdata\groups\17-Xeroxscans\Becky\Stored Matl for FOCE Projects ONLY","NT AUTHORITY\SYSTEM","Allow","FullControl","True"
"Y:\ttbntfile1\shared\appsdata\groups\17-Xeroxscans\Brien\Brien's billing worksheets","TONNANDBLANK\AVD Test Users","Allow","FullControl","True"
"Y:\ttbntfile1\shared\appsdata\groups\17-Xeroxscans\Brien\Brien's billing worksheets","TONNANDBLANK\impactadmin","Allow","FullControl","True"
"Y:\ttbntfile1\shared\appsdata\groups\17-Xeroxscans\Brien\Brien's billing worksheets","CREATOR OWNER","Allow","FullControl","True"
"Y:\ttbntfile1\shared\appsdata\groups\17-Xeroxscans\Brien\Brien's billing worksheets","BUILTIN\Administrators","Allow","FullControl","True"
"Y:\ttbntfile1\shared\appsdata\groups\17-Xeroxscans\Brien\Brien's billing worksheets","NT AUTHORITY\SYSTEM","Allow","FullControl","True"
"Y:\ttbntfile1\shared\appsdata\groups\17-Xeroxscans\Brien\Brien's billing worksheets\1-20-21","TONNANDBLANK\AVD Test Users","Allow","FullControl","True"
"Y:\ttbntfile1\shared\appsdata\groups\17-Xeroxscans\Brien\Brien's billing worksheets\1-20-21","TONNANDBLANK\impactadmin","Allow","FullControl","True"
"Y:\ttbntfile1\shared\appsdata\groups\17-Xeroxscans\Brien\Brien's billing worksheets\1-20-21","CREATOR OWNER","Allow","FullControl","True"
"Y:\ttbntfile1\shared\appsdata\groups\17-Xeroxscans\Brien\Brien's billing worksheets\1-20-21","BUILTIN\Administrators","Allow","FullControl","True"
"Y:\ttbntfile1\shared\appsdata\groups\17-Xeroxscans\Brien\Brien's billing worksheets\1-20-21","NT AUTHORITY\SYSTEM","Allow","FullControl","True"
"Y:\ttbntfile1\shared\appsdata\groups\17-Xeroxscans\Diane\Excise & Deisel Tax","TONNANDBLANK\AVD Test Users","Allow","FullControl","True"
"Y:\ttbntfile1\shared\appsdata\groups\17-Xeroxscans\Diane\Excise & Deisel Tax","TONNANDBLANK\impactadmin","Allow","FullControl","True"
"Y:\ttbntfile1\shared\appsdata\groups\17-Xeroxscans\Diane\Excise & Deisel Tax","CREATOR OWNER","Allow","FullControl","True"
"Y:\ttbntfile1\shared\appsdata\groups\17-Xeroxscans\Diane\Excise & Deisel Tax","BUILTIN\Administrators","Allow","FullControl","True"
"Y:\ttbntfile1\shared\appsdata\groups\17-Xeroxscans\Diane\Excise & Deisel Tax","NT AUTHORITY\SYSTEM","Allow","FullControl","True"
"Y:\ttbntfile1\shared\appsdata\groups\17-Xeroxscans\Diane\Fastenal revised invoices","TONNANDBLANK\AVD Test Users","Allow","FullControl","True"
"Y:\ttbntfile1\shared\appsdata\groups\17-Xeroxscans\Diane\Fastenal revised invoices","TONNANDBLANK\impactadmin","Allow","FullControl","True"
"Y:\ttbntfile1\shared\appsdata\groups\17-Xeroxscans\Diane\Fastenal revised invoices","CREATOR OWNER","Allow","FullControl","True"
"Y:\ttbntfile1\shared\appsdata\groups\17-Xeroxscans\Diane\Fastenal revised invoices","BUILTIN\Administrators","Allow","FullControl","True"
"Y:\ttbntfile1\shared\appsdata\groups\17-Xeroxscans\Diane\Fastenal revised invoices","NT AUTHORITY\SYSTEM","Allow","FullControl","True"
"Y:\ttbntfile1\shared\appsdata\groups\17-Xeroxscans\Diane\Fastenal ST105s","TONNANDBLANK\AVD Test Users","Allow","FullControl","True"
"Y:\ttbntfile1\shared\appsdata\groups\17-Xeroxscans\Diane\Fastenal ST105s","TONNANDBLANK\impactadmin","Allow","FullControl","True"
"Y:\ttbntfile1\shared\appsdata\groups\17-Xeroxscans\Diane\Fastenal ST105s","CREATOR OWNER","Allow","FullControl","True"
"Y:\ttbntfile1\shared\appsdata\groups\17-Xeroxscans\Diane\Fastenal ST105s","BUILTIN\Administrators","Allow","FullControl","True"
"Y:\ttbntfile1\shared\appsdata\groups\17-Xeroxscans\Diane\Fastenal ST105s","NT AUTHORITY\SYSTEM","Allow","FullControl","True"
"Y:\ttbntfile1\shared\appsdata\groups\17-Xeroxscans\Diane\Fax Templates","TONNANDBLANK\AVD Test Users","Allow","FullControl","True"
"Y:\ttbntfile1\shared\appsdata\groups\17-Xeroxscans\Diane\Fax Templates","TONNANDBLANK\impactadmin","Allow","FullControl","True"
"Y:\ttbntfile1\shared\appsdata\groups\17-Xeroxscans\Diane\Fax Templates","CREATOR OWNER","Allow","FullControl","True"
"Y:\ttbntfile1\shared\appsdata\groups\17-Xeroxscans\Diane\Fax Templates","BUILTIN\Administrators","Allow","FullControl","True"
"Y:\ttbntfile1\shared\appsdata\groups\17-Xeroxscans\Diane\Fax Templates","NT AUTHORITY\SYSTEM","Allow","FullControl","True"
"Y:\ttbntfile1\shared\appsdata\groups\17-Xeroxscans\Diane\Gregory & Appel","TONNANDBLANK\AVD Test Users","Allow","FullControl","True"
"Y:\ttbntfile1\shared\appsdata\groups\17-Xeroxscans\Diane\Gregory & Appel","TONNANDBLANK\impactadmin","Allow","FullControl","True"
"Y:\ttbntfile1\shared\appsdata\groups\17-Xeroxscans\Diane\Gregory & Appel","CREATOR OWNER","Allow","FullControl","True"
"Y:\ttbntfile1\shared\appsdata\groups\17-Xeroxscans\Diane\Gregory & Appel","BUILTIN\Administrators","Allow","FullControl","True"
"Y:\ttbntfile1\shared\appsdata\groups\17-Xeroxscans\Diane\Gregory & Appel","NT AUTHORITY\SYSTEM","Allow","FullControl","True"
"Y:\ttbntfile1\shared\appsdata\groups\17-Xeroxscans\Diane\HD - Carter Waters copies and details","TONNANDBLANK\AVD Test Users","Allow","FullControl","True"
"Y:\ttbntfile1\shared\appsdata\groups\17-Xeroxscans\Diane\HD - Carter Waters copies and details","TONNANDBLANK\impactadmin","Allow","FullControl","True"
"Y:\ttbntfile1\shared\appsdata\groups\17-Xeroxscans\Diane\HD - Carter Waters copies and details","CREATOR OWNER","Allow","FullControl","True"
"Y:\ttbntfile1\shared\appsdata\groups\17-Xeroxscans\Diane\HD - Carter Waters copies and details","BUILTIN\Administrators","Allow","FullControl","True"
"Y:\ttbntfile1\shared\appsdata\groups\17-Xeroxscans\Diane\HD - Carter Waters copies and details","NT AUTHORITY\SYSTEM","Allow","FullControl","True"
"Y:\ttbntfile1\shared\appsdata\groups\17-Xeroxscans\Diane\HD Balnket ST105","TONNANDBLANK\AVD Test Users","Allow","FullControl","True"
"Y:\ttbntfile1\shared\appsdata\groups\17-Xeroxscans\Diane\HD Balnket ST105","TONNANDBLANK\impactadmin","Allow","FullControl","True"
"Y:\ttbntfile1\shared\appsdata\groups\17-Xeroxscans\Diane\HD Balnket ST105","CREATOR OWNER","Allow","FullControl","True"
"Y:\ttbntfile1\shared\appsdata\groups\17-Xeroxscans\Diane\HD Balnket ST105","BUILTIN\Administrators","Allow","FullControl","True"
"Y:\ttbntfile1\shared\appsdata\groups\17-Xeroxscans\Diane\HD Balnket ST105","NT AUTHORITY\SYSTEM","Allow","FullControl","True"
"Y:\ttbntfile1\shared\appsdata\groups\17-Xeroxscans\Diane\HD IL Tax Exempt Cert","TONNANDBLANK\AVD Test Users","Allow","FullControl","True"
"Y:\ttbntfile1\shared\appsdata\groups\17-Xeroxscans\Diane\HD IL Tax Exempt Cert","TONNANDBLANK\impactadmin","Allow","FullControl","True"
"Y:\ttbntfile1\shared\appsdata\groups\17-Xeroxscans\Diane\HD IL Tax Exempt Cert","CREATOR OWNER","Allow","FullControl","True"
"Y:\ttbntfile1\shared\appsdata\groups\17-Xeroxscans\Diane\HD IL Tax Exempt Cert","BUILTIN\Administrators","Allow","FullControl","True"
"Y:\ttbntfile1\shared\appsdata\groups\17-Xeroxscans\Diane\HD IL Tax Exempt Cert","NT AUTHORITY\SYSTEM","Allow","FullControl","True"
"Y:\ttbntfile1\shared\appsdata\groups\17-Xeroxscans\Diane\HD IL Tax Exemptions","TONNANDBLANK\AVD Test Users","Allow","FullControl","True"
"Y:\ttbntfile1\shared\appsdata\groups\17-Xeroxscans\Diane\HD IL Tax Exemptions","TONNANDBLANK\impactadmin","Allow","FullControl","True"
"Y:\ttbntfile1\shared\appsdata\groups\17-Xeroxscans\Diane\HD IL Tax Exemptions","CREATOR OWNER","Allow","FullControl","True"
"Y:\ttbntfile1\shared\appsdata\groups\17-Xeroxscans\Diane\HD IL Tax Exemptions","BUILTIN\Administrators","Allow","FullControl","True"
"Y:\ttbntfile1\shared\appsdata\groups\17-Xeroxscans\Diane\HD IL Tax Exemptions","NT AUTHORITY\SYSTEM","Allow","FullControl","True"
"Y:\ttbntfile1\shared\appsdata\groups\17-Xeroxscans\Diane\IL Tax exemption","TONNANDBLANK\AVD Test Users","Allow","FullControl","True"
"Y:\ttbntfile1\shared\appsdata\groups\17-Xeroxscans\Diane\IL Tax exemption","TONNANDBLANK\impactadmin","Allow","FullControl","True"
"Y:\ttbntfile1\shared\appsdata\groups\17-Xeroxscans\Diane\IL Tax exemption","CREATOR OWNER","Allow","FullControl","True"
"Y:\ttbntfile1\shared\appsdata\groups\17-Xeroxscans\Diane\IL Tax exemption","BUILTIN\Administrators","Allow","FullControl","True"
"Y:\ttbntfile1\shared\appsdata\groups\17-Xeroxscans\Diane\IL Tax exemption","NT AUTHORITY\SYSTEM","Allow","FullControl","True"
"Y:\ttbntfile1\shared\appsdata\groups\17-Xeroxscans\Diane\Incident Reports","TONNANDBLANK\AVD Test Users","Allow","FullControl","True"
"Y:\ttbntfile1\shared\appsdata\groups\17-Xeroxscans\Diane\Incident Reports","TONNANDBLANK\impactadmin","Allow","FullControl","True"
"Y:\ttbntfile1\shared\appsdata\groups\17-Xeroxscans\Diane\Incident Reports","CREATOR OWNER","Allow","FullControl","True"
"Y:\ttbntfile1\shared\appsdata\groups\17-Xeroxscans\Diane\Incident Reports","BUILTIN\Administrators","Allow","FullControl","True"
"Y:\ttbntfile1\shared\appsdata\groups\17-Xeroxscans\Diane\Incident Reports","NT AUTHORITY\SYSTEM","Allow","FullControl","True"
"Y:\ttbntfile1\shared\appsdata\groups\17-Xeroxscans\Diane\Keyme","TONNANDBLANK\AVD Test Users","Allow","FullControl","True"
"Y:\ttbntfile1\shared\appsdata\groups\17-Xeroxscans\Diane\Keyme","TONNANDBLANK\impactadmin","Allow","FullControl","True"
"Y:\ttbntfile1\shared\appsdata\groups\17-Xeroxscans\Diane\Keyme","CREATOR OWNER","Allow","FullControl","True"
"Y:\ttbntfile1\shared\appsdata\groups\17-Xeroxscans\Diane\Keyme","BUILTIN\Administrators","Allow","FullControl","True"
"Y:\ttbntfile1\shared\appsdata\groups\17-Xeroxscans\Diane\Keyme","NT AUTHORITY\SYSTEM","Allow","FullControl","True"
"Y:\ttbntfile1\shared\appsdata\groups\17-Xeroxscans\Diane\L&W ST105's","TONNANDBLANK\AVD Test Users","Allow","FullControl","True"
"Y:\ttbntfile1\shared\appsdata\groups\17-Xeroxscans\Diane\L&W ST105's","TONNANDBLANK\impactadmin","Allow","FullControl","True"
"Y:\ttbntfile1\shared\appsdata\groups\17-Xeroxscans\Diane\L&W ST105's","CREATOR OWNER","Allow","FullControl","True"
"Y:\ttbntfile1\shared\appsdata\groups\17-Xeroxscans\Diane\L&W ST105's","BUILTIN\Administrators","Allow","FullControl","True"
"Y:\ttbntfile1\shared\appsdata\groups\17-Xeroxscans\Diane\L&W ST105's","NT AUTHORITY\SYSTEM","Allow","FullControl","True"
"Y:\ttbntfile1\shared\appsdata\groups\17-Xeroxscans\Diane\Leeps","TONNANDBLANK\AVD Test Users","Allow","FullControl","True"
"Y:\ttbntfile1\shared\appsdata\groups\17-Xeroxscans\Diane\Leeps","TONNANDBLANK\impactadmin","Allow","FullControl","True"
"Y:\ttbntfile1\shared\appsdata\groups\17-Xeroxscans\Diane\Leeps","CREATOR OWNER","Allow","FullControl","True"
"Y:\ttbntfile1\shared\appsdata\groups\17-Xeroxscans\Diane\Leeps","BUILTIN\Administrators","Allow","FullControl","True"
"Y:\ttbntfile1\shared\appsdata\groups\17-Xeroxscans\Diane\Leeps","NT AUTHORITY\SYSTEM","Allow","FullControl","True"
"Y:\ttbntfile1\shared\appsdata\groups\17-Xeroxscans\Diane\Leeps invoice copies","TONNANDBLANK\AVD Test Users","Allow","FullControl","True"
"Y:\ttbntfile1\shared\appsdata\groups\17-Xeroxscans\Diane\Leeps invoice copies","TONNANDBLANK\impactadmin","Allow","FullControl","True"
"Y:\ttbntfile1\shared\appsdata\groups\17-Xeroxscans\Diane\Leeps invoice copies","CREATOR OWNER","Allow","FullControl","True"
"Y:\ttbntfile1\shared\appsdata\groups\17-Xeroxscans\Diane\Leeps invoice copies","BUILTIN\Administrators","Allow","FullControl","True"
"Y:\ttbntfile1\shared\appsdata\groups\17-Xeroxscans\Diane\Leeps invoice copies","NT AUTHORITY\SYSTEM","Allow","FullControl","True"
"Y:\ttbntfile1\shared\appsdata\groups\17-Xeroxscans\Diane\Louis T","TONNANDBLANK\AVD Test Users","Allow","FullControl","True"
"Y:\ttbntfile1\shared\appsdata\groups\17-Xeroxscans\Diane\Louis T","TONNANDBLANK\impactadmin","Allow","FullControl","True"
"Y:\ttbntfile1\shared\appsdata\groups\17-Xeroxscans\Diane\Louis T","CREATOR OWNER","Allow","FullControl","True"
"Y:\ttbntfile1\shared\appsdata\groups\17-Xeroxscans\Diane\Louis T","BUILTIN\Administrators","Allow","FullControl","True"
"Y:\ttbntfile1\shared\appsdata\groups\17-Xeroxscans\Diane\Louis T","NT AUTHORITY\SYSTEM","Allow","FullControl","True"
"Y:\ttbntfile1\shared\appsdata\groups\17-Xeroxscans\Diane\Macallister wrong invoices","TONNANDBLANK\AVD Test Users","Allow","FullControl","True"
"Y:\ttbntfile1\shared\appsdata\groups\17-Xeroxscans\Diane\Macallister wrong invoices","TONNANDBLANK\impactadmin","Allow","FullControl","True"
"Y:\ttbntfile1\shared\appsdata\groups\17-Xeroxscans\Diane\Macallister wrong invoices","CREATOR OWNER","Allow","FullControl","True"
"Y:\ttbntfile1\shared\appsdata\groups\17-Xeroxscans\Diane\Macallister wrong invoices","BUILTIN\Administrators","Allow","FullControl","True"
"Y:\ttbntfile1\shared\appsdata\groups\17-Xeroxscans\Diane\Macallister wrong invoices","NT AUTHORITY\SYSTEM","Allow","FullControl","True"
"Y:\ttbntfile1\shared\appsdata\groups\17-Xeroxscans\Diane\Menards","TONNANDBLANK\AVD Test Users","Allow","FullControl","True"
"Y:\ttbntfile1\shared\appsdata\groups\17-Xeroxscans\Diane\Menards","TONNANDBLANK\impactadmin","Allow","FullControl","True"
"Y:\ttbntfile1\shared\appsdata\groups\17-Xeroxscans\Diane\Menards","CREATOR OWNER","Allow","FullControl","True"
"Y:\ttbntfile1\shared\appsdata\groups\17-Xeroxscans\Diane\Menards","BUILTIN\Administrators","Allow","FullControl","True"
"Y:\ttbntfile1\shared\appsdata\groups\17-Xeroxscans\Diane\Menards","NT AUTHORITY\SYSTEM","Allow","FullControl","True"
"Y:\ttbntfile1\shared\appsdata\groups\17-Xeroxscans\Diane\MI tax","TONNANDBLANK\AVD Test Users","Allow","FullControl","True"
"Y:\ttbntfile1\shared\appsdata\groups\17-Xeroxscans\Diane\MI tax","TONNANDBLANK\impactadmin","Allow","FullControl","True"
"Y:\ttbntfile1\shared\appsdata\groups\17-Xeroxscans\Diane\MI tax","CREATOR OWNER","Allow","FullControl","True"
"Y:\ttbntfile1\shared\appsdata\groups\17-Xeroxscans\Diane\MI tax","BUILTIN\Administrators","Allow","FullControl","True"
"Y:\ttbntfile1\shared\appsdata\groups\17-Xeroxscans\Diane\MI tax","NT AUTHORITY\SYSTEM","Allow","FullControl","True"
"Y:\ttbntfile1\shared\appsdata\groups\17-Xeroxscans\Diane\MI Tax Exempt","TONNANDBLANK\AVD Test Users","Allow","FullControl","True"
"Y:\ttbntfile1\shared\appsdata\groups\17-Xeroxscans\Diane\MI Tax Exempt","TONNANDBLANK\impactadmin","Allow","FullControl","True"
"Y:\ttbntfile1\shared\appsdata\groups\17-Xeroxscans\Diane\MI Tax Exempt","CREATOR OWNER","Allow","FullControl","True"
"Y:\ttbntfile1\shared\appsdata\groups\17-Xeroxscans\Diane\MI Tax Exempt","BUILTIN\Administrators","Allow","FullControl","True"
"Y:\ttbntfile1\shared\appsdata\groups\17-Xeroxscans\Diane\MI Tax Exempt","NT AUTHORITY\SYSTEM","Allow","FullControl","True"
"Y:\ttbntfile1\shared\appsdata\groups\17-Xeroxscans\Diane\Moss","TONNANDBLANK\AVD Test Users","Allow","FullControl","True"
"Y:\ttbntfile1\shared\appsdata\groups\17-Xeroxscans\Diane\Moss","TONNANDBLANK\impactadmin","Allow","FullControl","True"
"Y:\ttbntfile1\shared\appsdata\groups\17-Xeroxscans\Diane\Moss","CREATOR OWNER","Allow","FullControl","True"
"Y:\ttbntfile1\shared\appsdata\groups\17-Xeroxscans\Diane\Moss","BUILTIN\Administrators","Allow","FullControl","True"
"Y:\ttbntfile1\shared\appsdata\groups\17-Xeroxscans\Diane\Moss","NT AUTHORITY\SYSTEM","Allow","FullControl","True"
"Y:\ttbntfile1\shared\appsdata\groups\17-Xeroxscans\Diane\Mulhaupts Store Materials","TONNANDBLANK\AVD Test Users","Allow","FullControl","True"
"Y:\ttbntfile1\shared\appsdata\groups\17-Xeroxscans\Diane\Mulhaupts Store Materials","TONNANDBLANK\impactadmin","Allow","FullControl","True"
"Y:\ttbntfile1\shared\appsdata\groups\17-Xeroxscans\Diane\Mulhaupts Store Materials","CREATOR OWNER","Allow","FullControl","True"
"Y:\ttbntfile1\shared\appsdata\groups\17-Xeroxscans\Diane\Mulhaupts Store Materials","BUILTIN\Administrators","Allow","FullControl","True"
"Y:\ttbntfile1\shared\appsdata\groups\17-Xeroxscans\Diane\Mulhaupts Store Materials","NT AUTHORITY\SYSTEM","Allow","FullControl","True"
"Y:\ttbntfile1\shared\appsdata\groups\17-Xeroxscans\Diane\Paid by CC","TONNANDBLANK\AVD Test Users","Allow","FullControl","True"
"Y:\ttbntfile1\shared\appsdata\groups\17-Xeroxscans\Diane\Paid by CC","TONNANDBLANK\impactadmin","Allow","FullControl","True"
"Y:\ttbntfile1\shared\appsdata\groups\17-Xeroxscans\Diane\Paid by CC","CREATOR OWNER","Allow","FullControl","True"
"Y:\ttbntfile1\shared\appsdata\groups\17-Xeroxscans\Diane\Paid by CC","BUILTIN\Administrators","Allow","FullControl","True"
"Y:\ttbntfile1\shared\appsdata\groups\17-Xeroxscans\Diane\Paid by CC","NT AUTHORITY\SYSTEM","Allow","FullControl","True"
"Y:\ttbntfile1\shared\appsdata\groups\17-Xeroxscans\Diane\Reissue check","TONNANDBLANK\AVD Test Users","Allow","FullControl","True"
"Y:\ttbntfile1\shared\appsdata\groups\17-Xeroxscans\Diane\Reissue check","TONNANDBLANK\impactadmin","Allow","FullControl","True"
"Y:\ttbntfile1\shared\appsdata\groups\17-Xeroxscans\Diane\Reissue check","CREATOR OWNER","Allow","FullControl","True"
"Y:\ttbntfile1\shared\appsdata\groups\17-Xeroxscans\Diane\Reissue check","BUILTIN\Administrators","Allow","FullControl","True"
"Y:\ttbntfile1\shared\appsdata\groups\17-Xeroxscans\Diane\Reissue check","NT AUTHORITY\SYSTEM","Allow","FullControl","True"
"Y:\ttbntfile1\shared\appsdata\groups\17-Xeroxscans\Diane\Rentals add","TONNANDBLANK\AVD Test Users","Allow","FullControl","True"
"Y:\ttbntfile1\shared\appsdata\groups\17-Xeroxscans\Diane\Rentals add","TONNANDBLANK\impactadmin","Allow","FullControl","True"
"Y:\ttbntfile1\shared\appsdata\groups\17-Xeroxscans\Diane\Rentals add","CREATOR OWNER","Allow","FullControl","True"
"Y:\ttbntfile1\shared\appsdata\groups\17-Xeroxscans\Diane\Rentals add","BUILTIN\Administrators","Allow","FullControl","True"
"Y:\ttbntfile1\shared\appsdata\groups\17-Xeroxscans\Diane\Rentals add","NT AUTHORITY\SYSTEM","Allow","FullControl","True"
"Y:\ttbntfile1\shared\appsdata\groups\17-Xeroxscans\Diane\ST105 faxes","TONNANDBLANK\AVD Test Users","Allow","FullControl","True"
"Y:\ttbntfile1\shared\appsdata\groups\17-Xeroxscans\Diane\ST105 faxes","TONNANDBLANK\impactadmin","Allow","FullControl","True"
"Y:\ttbntfile1\shared\appsdata\groups\17-Xeroxscans\Diane\ST105 faxes","CREATOR OWNER","Allow","FullControl","True"
"Y:\ttbntfile1\shared\appsdata\groups\17-Xeroxscans\Diane\ST105 faxes","BUILTIN\Administrators","Allow","FullControl","True"
"Y:\ttbntfile1\shared\appsdata\groups\17-Xeroxscans\Diane\ST105 faxes","NT AUTHORITY\SYSTEM","Allow","FullControl","True"
"Y:\ttbntfile1\shared\appsdata\groups\17-Xeroxscans\Diane\ST105 Template 2017 - Box 6 & spec inst","TONNANDBLANK\AVD Test Users","Allow","FullControl","True"
"Y:\ttbntfile1\shared\appsdata\groups\17-Xeroxscans\Diane\ST105 Template 2017 - Box 6 & spec inst","TONNANDBLANK\impactadmin","Allow","FullControl","True"
"Y:\ttbntfile1\shared\appsdata\groups\17-Xeroxscans\Diane\ST105 Template 2017 - Box 6 & spec inst","CREATOR OWNER","Allow","FullControl","True"
"Y:\ttbntfile1\shared\appsdata\groups\17-Xeroxscans\Diane\ST105 Template 2017 - Box 6 & spec inst","BUILTIN\Administrators","Allow","FullControl","True"
"Y:\ttbntfile1\shared\appsdata\groups\17-Xeroxscans\Diane\ST105 Template 2017 - Box 6 & spec inst","NT AUTHORITY\SYSTEM","Allow","FullControl","True"
"Y:\ttbntfile1\shared\appsdata\groups\17-Xeroxscans\Diane\Stop Payments","TONNANDBLANK\AVD Test Users","Allow","FullControl","True"
"Y:\ttbntfile1\shared\appsdata\groups\17-Xeroxscans\Diane\Stop Payments","TONNANDBLANK\impactadmin","Allow","FullControl","True"
"Y:\ttbntfile1\shared\appsdata\groups\17-Xeroxscans\Diane\Stop Payments","CREATOR OWNER","Allow","FullControl","True"
"Y:\ttbntfile1\shared\appsdata\groups\17-Xeroxscans\Diane\Stop Payments","BUILTIN\Administrators","Allow","FullControl","True"
"Y:\ttbntfile1\shared\appsdata\groups\17-Xeroxscans\Diane\Stop Payments","NT AUTHORITY\SYSTEM","Allow","FullControl","True"
"Y:\ttbntfile1\shared\appsdata\groups\17-Xeroxscans\Diane\Stored Materials","TONNANDBLANK\AVD Test Users","Allow","FullControl","True"
"Y:\ttbntfile1\shared\appsdata\groups\17-Xeroxscans\Diane\Stored Materials","TONNANDBLANK\impactadmin","Allow","FullControl","True"
"Y:\ttbntfile1\shared\appsdata\groups\17-Xeroxscans\Diane\Stored Materials","CREATOR OWNER","Allow","FullControl","True"
"Y:\ttbntfile1\shared\appsdata\groups\17-Xeroxscans\Diane\Stored Materials","BUILTIN\Administrators","Allow","FullControl","True"
"Y:\ttbntfile1\shared\appsdata\groups\17-Xeroxscans\Diane\Stored Materials","NT AUTHORITY\SYSTEM","Allow","FullControl","True"
"Y:\ttbntfile1\shared\appsdata\groups\17-Xeroxscans\Diane\Sub Waiver templates","TONNANDBLANK\AVD Test Users","Allow","FullControl","True"
"Y:\ttbntfile1\shared\appsdata\groups\17-Xeroxscans\Diane\Sub Waiver templates","TONNANDBLANK\impactadmin","Allow","FullControl","True"
"Y:\ttbntfile1\shared\appsdata\groups\17-Xeroxscans\Diane\Sub Waiver templates","CREATOR OWNER","Allow","FullControl","True"
"Y:\ttbntfile1\shared\appsdata\groups\17-Xeroxscans\Diane\Sub Waiver templates","BUILTIN\Administrators","Allow","FullControl","True"
"Y:\ttbntfile1\shared\appsdata\groups\17-Xeroxscans\Diane\Sub Waiver templates","NT AUTHORITY\SYSTEM","Allow","FullControl","True"
"Y:\ttbntfile1\shared\appsdata\groups\17-Xeroxscans\Diane\To Jill","TONNANDBLANK\AVD Test Users","Allow","FullControl","True"
"Y:\ttbntfile1\shared\appsdata\groups\17-Xeroxscans\Diane\To Jill","TONNANDBLANK\impactadmin","Allow","FullControl","True"
"Y:\ttbntfile1\shared\appsdata\groups\17-Xeroxscans\Diane\To Jill","CREATOR OWNER","Allow","FullControl","True"
"Y:\ttbntfile1\shared\appsdata\groups\17-Xeroxscans\Diane\To Jill","BUILTIN\Administrators","Allow","FullControl","True"
"Y:\ttbntfile1\shared\appsdata\groups\17-Xeroxscans\Diane\To Jill","NT AUTHORITY\SYSTEM","Allow","FullControl","True"
"Y:\ttbntfile1\shared\appsdata\groups\17-Xeroxscans\Diane\Utilities add","TONNANDBLANK\AVD Test Users","Allow","FullControl","True"
"Y:\ttbntfile1\shared\appsdata\groups\17-Xeroxscans\Diane\Utilities add","TONNANDBLANK\impactadmin","Allow","FullControl","True"
"Y:\ttbntfile1\shared\appsdata\groups\17-Xeroxscans\Diane\Utilities add","CREATOR OWNER","Allow","FullControl","True"
"Y:\ttbntfile1\shared\appsdata\groups\17-Xeroxscans\Diane\Utilities add","BUILTIN\Administrators","Allow","FullControl","True"
"Y:\ttbntfile1\shared\appsdata\groups\17-Xeroxscans\Diane\Utilities add","NT AUTHORITY\SYSTEM","Allow","FullControl","True"
"Y:\ttbntfile1\shared\appsdata\groups\17-Xeroxscans\Diane\Excise & Deisel Tax\Aluma","TONNANDBLANK\AVD Test Users","Allow","FullControl","True"
"Y:\ttbntfile1\shared\appsdata\groups\17-Xeroxscans\Diane\Excise & Deisel Tax\Aluma","TONNANDBLANK\impactadmin","Allow","FullControl","True"
"Y:\ttbntfile1\shared\appsdata\groups\17-Xeroxscans\Diane\Excise & Deisel Tax\Aluma","CREATOR OWNER","Allow","FullControl","True"
"Y:\ttbntfile1\shared\appsdata\groups\17-Xeroxscans\Diane\Excise & Deisel Tax\Aluma","BUILTIN\Administrators","Allow","FullControl","True"
"Y:\ttbntfile1\shared\appsdata\groups\17-Xeroxscans\Diane\Excise & Deisel Tax\Aluma","NT AUTHORITY\SYSTEM","Allow","FullControl","True"
"Y:\ttbntfile1\shared\appsdata\groups\17-Xeroxscans\Diane\HD IL Tax Exempt Cert\Abatement","TONNANDBLANK\AVD Test Users","Allow","FullControl","True"
"Y:\ttbntfile1\shared\appsdata\groups\17-Xeroxscans\Diane\HD IL Tax Exempt Cert\Abatement","TONNANDBLANK\impactadmin","Allow","FullControl","True"
"Y:\ttbntfile1\shared\appsdata\groups\17-Xeroxscans\Diane\HD IL Tax Exempt Cert\Abatement","CREATOR OWNER","Allow","FullControl","True"
"Y:\ttbntfile1\shared\appsdata\groups\17-Xeroxscans\Diane\HD IL Tax Exempt Cert\Abatement","BUILTIN\Administrators","Allow","FullControl","True"
"Y:\ttbntfile1\shared\appsdata\groups\17-Xeroxscans\Diane\HD IL Tax Exempt Cert\Abatement","NT AUTHORITY\SYSTEM","Allow","FullControl","True"
"Y:\ttbntfile1\shared\appsdata\groups\17-Xeroxscans\Disabled\Anthony","TONNANDBLANK\AVD Test Users","Allow","FullControl","True"
"Y:\ttbntfile1\shared\appsdata\groups\17-Xeroxscans\Disabled\Anthony","TONNANDBLANK\impactadmin","Allow","FullControl","True"
"Y:\ttbntfile1\shared\appsdata\groups\17-Xeroxscans\Disabled\Anthony","CREATOR OWNER","Allow","FullControl","True"
"Y:\ttbntfile1\shared\appsdata\groups\17-Xeroxscans\Disabled\Anthony","BUILTIN\Administrators","Allow","FullControl","True"
"Y:\ttbntfile1\shared\appsdata\groups\17-Xeroxscans\Disabled\Anthony","NT AUTHORITY\SYSTEM","Allow","FullControl","True"
"Y:\ttbntfile1\shared\appsdata\groups\17-Xeroxscans\Disabled\Bill","TONNANDBLANK\AVD Test Users","Allow","FullControl","True"
"Y:\ttbntfile1\shared\appsdata\groups\17-Xeroxscans\Disabled\Bill","TONNANDBLANK\impactadmin","Allow","FullControl","True"
"Y:\ttbntfile1\shared\appsdata\groups\17-Xeroxscans\Disabled\Bill","CREATOR OWNER","Allow","FullControl","True"
"Y:\ttbntfile1\shared\appsdata\groups\17-Xeroxscans\Disabled\Bill","BUILTIN\Administrators","Allow","FullControl","True"
"Y:\ttbntfile1\shared\appsdata\groups\17-Xeroxscans\Disabled\Bill","NT AUTHORITY\SYSTEM","Allow","FullControl","True"
"Y:\ttbntfile1\shared\appsdata\groups\17-Xeroxscans\Disabled\Brian","TONNANDBLANK\AVD Test Users","Allow","FullControl","True"
"Y:\ttbntfile1\shared\appsdata\groups\17-Xeroxscans\Disabled\Brian","TONNANDBLANK\impactadmin","Allow","FullControl","True"
"Y:\ttbntfile1\shared\appsdata\groups\17-Xeroxscans\Disabled\Brian","CREATOR OWNER","Allow","FullControl","True"
"Y:\ttbntfile1\shared\appsdata\groups\17-Xeroxscans\Disabled\Brian","BUILTIN\Administrators","Allow","FullControl","True"
"Y:\ttbntfile1\shared\appsdata\groups\17-Xeroxscans\Disabled\Brian","NT AUTHORITY\SYSTEM","Allow","FullControl","True"
"Y:\ttbntfile1\shared\appsdata\groups\17-Xeroxscans\Disabled\Bridgette","TONNANDBLANK\AVD Test Users","Allow","FullControl","True"
"Y:\ttbntfile1\shared\appsdata\groups\17-Xeroxscans\Disabled\Bridgette","TONNANDBLANK\impactadmin","Allow","FullControl","True"
"Y:\ttbntfile1\shared\appsdata\groups\17-Xeroxscans\Disabled\Bridgette","CREATOR OWNER","Allow","FullControl","True"
"Y:\ttbntfile1\shared\appsdata\groups\17-Xeroxscans\Disabled\Bridgette","BUILTIN\Administrators","Allow","FullControl","True"
"Y:\ttbntfile1\shared\appsdata\groups\17-Xeroxscans\Disabled\Bridgette","NT AUTHORITY\SYSTEM","Allow","FullControl","True"
"Y:\ttbntfile1\shared\appsdata\groups\17-Xeroxscans\Disabled\Brock","TONNANDBLANK\AVD Test Users","Allow","FullControl","True"
"Y:\ttbntfile1\shared\appsdata\groups\17-Xeroxscans\Disabled\Brock","TONNANDBLANK\impactadmin","Allow","FullControl","True"
"Y:\ttbntfile1\shared\appsdata\groups\17-Xeroxscans\Disabled\Brock","CREATOR OWNER","Allow","FullControl","True"
"Y:\ttbntfile1\shared\appsdata\groups\17-Xeroxscans\Disabled\Brock","BUILTIN\Administrators","Allow","FullControl","True"
"Y:\ttbntfile1\shared\appsdata\groups\17-Xeroxscans\Disabled\Brock","NT AUTHORITY\SYSTEM","Allow","FullControl","True"
"Y:\ttbntfile1\shared\appsdata\groups\17-Xeroxscans\Disabled\Bruce","TONNANDBLANK\AVD Test Users","Allow","FullControl","True"
"Y:\ttbntfile1\shared\appsdata\groups\17-Xeroxscans\Disabled\Bruce","TONNANDBLANK\impactadmin","Allow","FullControl","True"
"Y:\ttbntfile1\shared\appsdata\groups\17-Xeroxscans\Disabled\Bruce","CREATOR OWNER","Allow","FullControl","True"
"Y:\ttbntfile1\shared\appsdata\groups\17-Xeroxscans\Disabled\Bruce","BUILTIN\Administrators","Allow","FullControl","True"
"Y:\ttbntfile1\shared\appsdata\groups\17-Xeroxscans\Disabled\Bruce","NT AUTHORITY\SYSTEM","Allow","FullControl","True"
"Y:\ttbntfile1\shared\appsdata\groups\17-Xeroxscans\Disabled\Bud","TONNANDBLANK\AVD Test Users","Allow","FullControl","True"
"Y:\ttbntfile1\shared\appsdata\groups\17-Xeroxscans\Disabled\Bud","TONNANDBLANK\impactadmin","Allow","FullControl","True"
"Y:\ttbntfile1\shared\appsdata\groups\17-Xeroxscans\Disabled\Bud","CREATOR OWNER","Allow","FullControl","True"
"Y:\ttbntfile1\shared\appsdata\groups\17-Xeroxscans\Disabled\Bud","BUILTIN\Administrators","Allow","FullControl","True"
"Y:\ttbntfile1\shared\appsdata\groups\17-Xeroxscans\Disabled\Bud","NT AUTHORITY\SYSTEM","Allow","FullControl","True"
"Y:\ttbntfile1\shared\appsdata\groups\17-Xeroxscans\Disabled\Carolyn","TONNANDBLANK\AVD Test Users","Allow","FullControl","True"
"Y:\ttbntfile1\shared\appsdata\groups\17-Xeroxscans\Disabled\Carolyn","TONNANDBLANK\impactadmin","Allow","FullControl","True"
"Y:\ttbntfile1\shared\appsdata\groups\17-Xeroxscans\Disabled\Carolyn","CREATOR OWNER","Allow","FullControl","True"
"Y:\ttbntfile1\shared\appsdata\groups\17-Xeroxscans\Disabled\Carolyn","BUILTIN\Administrators","Allow","FullControl","True"
"Y:\ttbntfile1\shared\appsdata\groups\17-Xeroxscans\Disabled\Carolyn","NT AUTHORITY\SYSTEM","Allow","FullControl","True"
"Y:\ttbntfile1\shared\appsdata\groups\17-Xeroxscans\Disabled\Chad","TONNANDBLANK\AVD Test Users","Allow","FullControl","True"
"Y:\ttbntfile1\shared\appsdata\groups\17-Xeroxscans\Disabled\Chad","TONNANDBLANK\impactadmin","Allow","FullControl","True"
"Y:\ttbntfile1\shared\appsdata\groups\17-Xeroxscans\Disabled\Chad","CREATOR OWNER","Allow","FullControl","True"
"Y:\ttbntfile1\shared\appsdata\groups\17-Xeroxscans\Disabled\Chad","BUILTIN\Administrators","Allow","FullControl","True"
"Y:\ttbntfile1\shared\appsdata\groups\17-Xeroxscans\Disabled\Chad","NT AUTHORITY\SYSTEM","Allow","FullControl","True"
"Y:\ttbntfile1\shared\appsdata\groups\17-Xeroxscans\Disabled\Chris","TONNANDBLANK\AVD Test Users","Allow","FullControl","True"
"Y:\ttbntfile1\shared\appsdata\groups\17-Xeroxscans\Disabled\Chris","TONNANDBLANK\impactadmin","Allow","FullControl","True"
"Y:\ttbntfile1\shared\appsdata\groups\17-Xeroxscans\Disabled\Chris","CREATOR OWNER","Allow","FullControl","True"
"Y:\ttbntfile1\shared\appsdata\groups\17-Xeroxscans\Disabled\Chris","BUILTIN\Administrators","Allow","FullControl","True"
"Y:\ttbntfile1\shared\appsdata\groups\17-Xeroxscans\Disabled\Chris","NT AUTHORITY\SYSTEM","Allow","FullControl","True"
"Y:\ttbntfile1\shared\appsdata\groups\17-Xeroxscans\Disabled\Christine","TONNANDBLANK\AVD Test Users","Allow","FullControl","True"
"Y:\ttbntfile1\shared\appsdata\groups\17-Xeroxscans\Disabled\Christine","TONNANDBLANK\impactadmin","Allow","FullControl","True"
"Y:\ttbntfile1\shared\appsdata\groups\17-Xeroxscans\Disabled\Christine","CREATOR OWNER","Allow","FullControl","True"
"Y:\ttbntfile1\shared\appsdata\groups\17-Xeroxscans\Disabled\Christine","BUILTIN\Administrators","Allow","FullControl","True"
"Y:\ttbntfile1\shared\appsdata\groups\17-Xeroxscans\Disabled\Christine","NT AUTHORITY\SYSTEM","Allow","FullControl","True"
"Y:\ttbntfile1\shared\appsdata\groups\17-Xeroxscans\Disabled\Chrystina","TONNANDBLANK\AVD Test Users","Allow","FullControl","True"
"Y:\ttbntfile1\shared\appsdata\groups\17-Xeroxscans\Disabled\Chrystina","TONNANDBLANK\impactadmin","Allow","FullControl","True"
"Y:\ttbntfile1\shared\appsdata\groups\17-Xeroxscans\Disabled\Chrystina","CREATOR OWNER","Allow","FullControl","True"
"Y:\ttbntfile1\shared\appsdata\groups\17-Xeroxscans\Disabled\Chrystina","BUILTIN\Administrators","Allow","FullControl","True"
"Y:\ttbntfile1\shared\appsdata\groups\17-Xeroxscans\Disabled\Chrystina","NT AUTHORITY\SYSTEM","Allow","FullControl","True"
"Y:\ttbntfile1\shared\appsdata\groups\17-Xeroxscans\Disabled\Connie","TONNANDBLANK\AVD Test Users","Allow","FullControl","True"
"Y:\ttbntfile1\shared\appsdata\groups\17-Xeroxscans\Disabled\Connie","TONNANDBLANK\impactadmin","Allow","FullControl","True"
"Y:\ttbntfile1\shared\appsdata\groups\17-Xeroxscans\Disabled\Connie","CREATOR OWNER","Allow","FullControl","True"
"Y:\ttbntfile1\shared\appsdata\groups\17-Xeroxscans\Disabled\Connie","BUILTIN\Administrators","Allow","FullControl","True"
"Y:\ttbntfile1\shared\appsdata\groups\17-Xeroxscans\Disabled\Connie","NT AUTHORITY\SYSTEM","Allow","FullControl","True"
"Y:\ttbntfile1\shared\appsdata\groups\17-Xeroxscans\Disabled\Curt","TONNANDBLANK\AVD Test Users","Allow","FullControl","True"
"Y:\ttbntfile1\shared\appsdata\groups\17-Xeroxscans\Disabled\Curt","TONNANDBLANK\impactadmin","Allow","FullControl","True"
"Y:\ttbntfile1\shared\appsdata\groups\17-Xeroxscans\Disabled\Curt","CREATOR OWNER","Allow","FullControl","True"
"Y:\ttbntfile1\shared\appsdata\groups\17-Xeroxscans\Disabled\Curt","BUILTIN\Administrators","Allow","FullControl","True"
"Y:\ttbntfile1\shared\appsdata\groups\17-Xeroxscans\Disabled\Curt","NT AUTHORITY\SYSTEM","Allow","FullControl","True"
"Y:\ttbntfile1\shared\appsdata\groups\17-Xeroxscans\Disabled\DaveD","TONNANDBLANK\AVD Test Users","Allow","FullControl","True"
"Y:\ttbntfile1\shared\appsdata\groups\17-Xeroxscans\Disabled\DaveD","TONNANDBLANK\impactadmin","Allow","FullControl","True"
"Y:\ttbntfile1\shared\appsdata\groups\17-Xeroxscans\Disabled\DaveD","CREATOR OWNER","Allow","FullControl","True"
"Y:\ttbntfile1\shared\appsdata\groups\17-Xeroxscans\Disabled\DaveD","BUILTIN\Administrators","Allow","FullControl","True"
"Y:\ttbntfile1\shared\appsdata\groups\17-Xeroxscans\Disabled\DaveD","NT AUTHORITY\SYSTEM","Allow","FullControl","True"
"Y:\ttbntfile1\shared\appsdata\groups\17-Xeroxscans\Disabled\DavidB","TONNANDBLANK\AVD Test Users","Allow","FullControl","True"
"Y:\ttbntfile1\shared\appsdata\groups\17-Xeroxscans\Disabled\DavidB","TONNANDBLANK\impactadmin","Allow","FullControl","True"
"Y:\ttbntfile1\shared\appsdata\groups\17-Xeroxscans\Disabled\DavidB","CREATOR OWNER","Allow","FullControl","True"
"Y:\ttbntfile1\shared\appsdata\groups\17-Xeroxscans\Disabled\DavidB","BUILTIN\Administrators","Allow","FullControl","True"
"Y:\ttbntfile1\shared\appsdata\groups\17-Xeroxscans\Disabled\DavidB","NT AUTHORITY\SYSTEM","Allow","FullControl","True"
"Y:\ttbntfile1\shared\appsdata\groups\17-Xeroxscans\Disabled\Dennis","TONNANDBLANK\AVD Test Users","Allow","FullControl","True"
"Y:\ttbntfile1\shared\appsdata\groups\17-Xeroxscans\Disabled\Dennis","TONNANDBLANK\impactadmin","Allow","FullControl","True"
"Y:\ttbntfile1\shared\appsdata\groups\17-Xeroxscans\Disabled\Dennis","CREATOR OWNER","Allow","FullControl","True"
"Y:\ttbntfile1\shared\appsdata\groups\17-Xeroxscans\Disabled\Dennis","BUILTIN\Administrators","Allow","FullControl","True"
"Y:\ttbntfile1\shared\appsdata\groups\17-Xeroxscans\Disabled\Dennis","NT AUTHORITY\SYSTEM","Allow","FullControl","True"
"Y:\ttbntfile1\shared\appsdata\groups\17-Xeroxscans\Disabled\Dianne","TONNANDBLANK\AVD Test Users","Allow","FullControl","True"
"Y:\ttbntfile1\shared\appsdata\groups\17-Xeroxscans\Disabled\Dianne","TONNANDBLANK\impactadmin","Allow","FullControl","True"
"Y:\ttbntfile1\shared\appsdata\groups\17-Xeroxscans\Disabled\Dianne","CREATOR OWNER","Allow","FullControl","True"
"Y:\ttbntfile1\shared\appsdata\groups\17-Xeroxscans\Disabled\Dianne","BUILTIN\Administrators","Allow","FullControl","True"
"Y:\ttbntfile1\shared\appsdata\groups\17-Xeroxscans\Disabled\Dianne","NT AUTHORITY\SYSTEM","Allow","FullControl","True"
"Y:\ttbntfile1\shared\appsdata\groups\17-Xeroxscans\Disabled\Don","TONNANDBLANK\AVD Test Users","Allow","FullControl","True"
"Y:\ttbntfile1\shared\appsdata\groups\17-Xeroxscans\Disabled\Don","TONNANDBLANK\impactadmin","Allow","FullControl","True"
"Y:\ttbntfile1\shared\appsdata\groups\17-Xeroxscans\Disabled\Don","CREATOR OWNER","Allow","FullControl","True"
"Y:\ttbntfile1\shared\appsdata\groups\17-Xeroxscans\Disabled\Don","BUILTIN\Administrators","Allow","FullControl","True"
"Y:\ttbntfile1\shared\appsdata\groups\17-Xeroxscans\Disabled\Don","NT AUTHORITY\SYSTEM","Allow","FullControl","True"
"Y:\ttbntfile1\shared\appsdata\groups\17-Xeroxscans\Disabled\Donna","TONNANDBLANK\AVD Test Users","Allow","FullControl","True"
"Y:\ttbntfile1\shared\appsdata\groups\17-Xeroxscans\Disabled\Donna","TONNANDBLANK\impactadmin","Allow","FullControl","True"
"Y:\ttbntfile1\shared\appsdata\groups\17-Xeroxscans\Disabled\Donna","CREATOR OWNER","Allow","FullControl","True"
"Y:\ttbntfile1\shared\appsdata\groups\17-Xeroxscans\Disabled\Donna","BUILTIN\Administrators","Allow","FullControl","True"
"Y:\ttbntfile1\shared\appsdata\groups\17-Xeroxscans\Disabled\Donna","NT AUTHORITY\SYSTEM","Allow","FullControl","True"
"Y:\ttbntfile1\shared\appsdata\groups\17-Xeroxscans\Disabled\Ernest","TONNANDBLANK\AVD Test Users","Allow","FullControl","True"
"Y:\ttbntfile1\shared\appsdata\groups\17-Xeroxscans\Disabled\Ernest","TONNANDBLANK\impactadmin","Allow","FullControl","True"
"Y:\ttbntfile1\shared\appsdata\groups\17-Xeroxscans\Disabled\Ernest","CREATOR OWNER","Allow","FullControl","True"
"Y:\ttbntfile1\shared\appsdata\groups\17-Xeroxscans\Disabled\Ernest","BUILTIN\Administrators","Allow","FullControl","True"
"Y:\ttbntfile1\shared\appsdata\groups\17-Xeroxscans\Disabled\Ernest","NT AUTHORITY\SYSTEM","Allow","FullControl","True"
"Y:\ttbntfile1\shared\appsdata\groups\17-Xeroxscans\Disabled\Frank","TONNANDBLANK\AVD Test Users","Allow","FullControl","True"
"Y:\ttbntfile1\shared\appsdata\groups\17-Xeroxscans\Disabled\Frank","TONNANDBLANK\impactadmin","Allow","FullControl","True"
"Y:\ttbntfile1\shared\appsdata\groups\17-Xeroxscans\Disabled\Frank","CREATOR OWNER","Allow","FullControl","True"
"Y:\ttbntfile1\shared\appsdata\groups\17-Xeroxscans\Disabled\Frank","BUILTIN\Administrators","Allow","FullControl","True"
"Y:\ttbntfile1\shared\appsdata\groups\17-Xeroxscans\Disabled\Frank","NT AUTHORITY\SYSTEM","Allow","FullControl","True"
"Y:\ttbntfile1\shared\appsdata\groups\17-Xeroxscans\Disabled\Glenn","TONNANDBLANK\AVD Test Users","Allow","FullControl","True"
"Y:\ttbntfile1\shared\appsdata\groups\17-Xeroxscans\Disabled\Glenn","TONNANDBLANK\impactadmin","Allow","FullControl","True"
"Y:\ttbntfile1\shared\appsdata\groups\17-Xeroxscans\Disabled\Glenn","CREATOR OWNER","Allow","FullControl","True"
"Y:\ttbntfile1\shared\appsdata\groups\17-Xeroxscans\Disabled\Glenn","BUILTIN\Administrators","Allow","FullControl","True"
"Y:\ttbntfile1\shared\appsdata\groups\17-Xeroxscans\Disabled\Glenn","NT AUTHORITY\SYSTEM","Allow","FullControl","True"
"Y:\ttbntfile1\shared\appsdata\groups\17-Xeroxscans\Disabled\Jacob","TONNANDBLANK\AVD Test Users","Allow","FullControl","True"
"Y:\ttbntfile1\shared\appsdata\groups\17-Xeroxscans\Disabled\Jacob","TONNANDBLANK\impactadmin","Allow","FullControl","True"
"Y:\ttbntfile1\shared\appsdata\groups\17-Xeroxscans\Disabled\Jacob","CREATOR OWNER","Allow","FullControl","True"
"Y:\ttbntfile1\shared\appsdata\groups\17-Xeroxscans\Disabled\Jacob","BUILTIN\Administrators","Allow","FullControl","True"
"Y:\ttbntfile1\shared\appsdata\groups\17-Xeroxscans\Disabled\Jacob","NT AUTHORITY\SYSTEM","Allow","FullControl","True"
"Y:\ttbntfile1\shared\appsdata\groups\17-Xeroxscans\Disabled\JeffW","TONNANDBLANK\AVD Test Users","Allow","FullControl","True"
"Y:\ttbntfile1\shared\appsdata\groups\17-Xeroxscans\Disabled\JeffW","TONNANDBLANK\impactadmin","Allow","FullControl","True"
"Y:\ttbntfile1\shared\appsdata\groups\17-Xeroxscans\Disabled\JeffW","CREATOR OWNER","Allow","FullControl","True"
"Y:\ttbntfile1\shared\appsdata\groups\17-Xeroxscans\Disabled\JeffW","BUILTIN\Administrators","Allow","FullControl","True"
"Y:\ttbntfile1\shared\appsdata\groups\17-Xeroxscans\Disabled\JeffW","NT AUTHORITY\SYSTEM","Allow","FullControl","True"
"Y:\ttbntfile1\shared\appsdata\groups\17-Xeroxscans\Disabled\Jenn","TONNANDBLANK\AVD Test Users","Allow","FullControl","True"
"Y:\ttbntfile1\shared\appsdata\groups\17-Xeroxscans\Disabled\Jenn","TONNANDBLANK\impactadmin","Allow","FullControl","True"
"Y:\ttbntfile1\shared\appsdata\groups\17-Xeroxscans\Disabled\Jenn","CREATOR OWNER","Allow","FullControl","True"
"Y:\ttbntfile1\shared\appsdata\groups\17-Xeroxscans\Disabled\Jenn","BUILTIN\Administrators","Allow","FullControl","True"
"Y:\ttbntfile1\shared\appsdata\groups\17-Xeroxscans\Disabled\Jenn","NT AUTHORITY\SYSTEM","Allow","FullControl","True"
"Y:\ttbntfile1\shared\appsdata\groups\17-Xeroxscans\Disabled\Jeremy","TONNANDBLANK\AVD Test Users","Allow","FullControl","True"
"Y:\ttbntfile1\shared\appsdata\groups\17-Xeroxscans\Disabled\Jeremy","TONNANDBLANK\impactadmin","Allow","FullControl","True"
"Y:\ttbntfile1\shared\appsdata\groups\17-Xeroxscans\Disabled\Jeremy","CREATOR OWNER","Allow","FullControl","True"
"Y:\ttbntfile1\shared\appsdata\groups\17-Xeroxscans\Disabled\Jeremy","BUILTIN\Administrators","Allow","FullControl","True"
"Y:\ttbntfile1\shared\appsdata\groups\17-Xeroxscans\Disabled\Jeremy","NT AUTHORITY\SYSTEM","Allow","FullControl","True"
"Y:\ttbntfile1\shared\appsdata\groups\17-Xeroxscans\Disabled\JohnT","TONNANDBLANK\AVD Test Users","Allow","FullControl","True"
"Y:\ttbntfile1\shared\appsdata\groups\17-Xeroxscans\Disabled\JohnT","TONNANDBLANK\impactadmin","Allow","FullControl","True"
"Y:\ttbntfile1\shared\appsdata\groups\17-Xeroxscans\Disabled\JohnT","CREATOR OWNER","Allow","FullControl","True"
"Y:\ttbntfile1\shared\appsdata\groups\17-Xeroxscans\Disabled\JohnT","BUILTIN\Administrators","Allow","FullControl","True"
"Y:\ttbntfile1\shared\appsdata\groups\17-Xeroxscans\Disabled\JohnT","NT AUTHORITY\SYSTEM","Allow","FullControl","True"
"Y:\ttbntfile1\shared\appsdata\groups\17-Xeroxscans\Disabled\Joshua","TONNANDBLANK\AVD Test Users","Allow","FullControl","True"
"Y:\ttbntfile1\shared\appsdata\groups\17-Xeroxscans\Disabled\Joshua","TONNANDBLANK\impactadmin","Allow","FullControl","True"
"Y:\ttbntfile1\shared\appsdata\groups\17-Xeroxscans\Disabled\Joshua","CREATOR OWNER","Allow","FullControl","True"
"Y:\ttbntfile1\shared\appsdata\groups\17-Xeroxscans\Disabled\Joshua","BUILTIN\Administrators","Allow","FullControl","True"
"Y:\ttbntfile1\shared\appsdata\groups\17-Xeroxscans\Disabled\Joshua","NT AUTHORITY\SYSTEM","Allow","FullControl","True"
"Y:\ttbntfile1\shared\appsdata\groups\17-Xeroxscans\Disabled\Karol","TONNANDBLANK\AVD Test Users","Allow","FullControl","True"
"Y:\ttbntfile1\shared\appsdata\groups\17-Xeroxscans\Disabled\Karol","TONNANDBLANK\impactadmin","Allow","FullControl","True"
"Y:\ttbntfile1\shared\appsdata\groups\17-Xeroxscans\Disabled\Karol","CREATOR OWNER","Allow","FullControl","True"
"Y:\ttbntfile1\shared\appsdata\groups\17-Xeroxscans\Disabled\Karol","BUILTIN\Administrators","Allow","FullControl","True"
"Y:\ttbntfile1\shared\appsdata\groups\17-Xeroxscans\Disabled\Karol","NT AUTHORITY\SYSTEM","Allow","FullControl","True"
"Y:\ttbntfile1\shared\appsdata\groups\17-Xeroxscans\Disabled\Kim","TONNANDBLANK\AVD Test Users","Allow","FullControl","True"
"Y:\ttbntfile1\shared\appsdata\groups\17-Xeroxscans\Disabled\Kim","TONNANDBLANK\impactadmin","Allow","FullControl","True"
"Y:\ttbntfile1\shared\appsdata\groups\17-Xeroxscans\Disabled\Kim","CREATOR OWNER","Allow","FullControl","True"
"Y:\ttbntfile1\shared\appsdata\groups\17-Xeroxscans\Disabled\Kim","BUILTIN\Administrators","Allow","FullControl","True"
"Y:\ttbntfile1\shared\appsdata\groups\17-Xeroxscans\Disabled\Kim","NT AUTHORITY\SYSTEM","Allow","FullControl","True"
"Y:\ttbntfile1\shared\appsdata\groups\17-Xeroxscans\Disabled\Kristina","TONNANDBLANK\AVD Test Users","Allow","FullControl","True"
"Y:\ttbntfile1\shared\appsdata\groups\17-Xeroxscans\Disabled\Kristina","TONNANDBLANK\impactadmin","Allow","FullControl","True"
"Y:\ttbntfile1\shared\appsdata\groups\17-Xeroxscans\Disabled\Kristina","CREATOR OWNER","Allow","FullControl","True"
"Y:\ttbntfile1\shared\appsdata\groups\17-Xeroxscans\Disabled\Kristina","BUILTIN\Administrators","Allow","FullControl","True"
"Y:\ttbntfile1\shared\appsdata\groups\17-Xeroxscans\Disabled\Kristina","NT AUTHORITY\SYSTEM","Allow","FullControl","True"
"Y:\ttbntfile1\shared\appsdata\groups\17-Xeroxscans\Disabled\Larry","TONNANDBLANK\AVD Test Users","Allow","FullControl","True"
"Y:\ttbntfile1\shared\appsdata\groups\17-Xeroxscans\Disabled\Larry","TONNANDBLANK\impactadmin","Allow","FullControl","True"
"Y:\ttbntfile1\shared\appsdata\groups\17-Xeroxscans\Disabled\Larry","CREATOR OWNER","Allow","FullControl","True"
"Y:\ttbntfile1\shared\appsdata\groups\17-Xeroxscans\Disabled\Larry","BUILTIN\Administrators","Allow","FullControl","True"
"Y:\ttbntfile1\shared\appsdata\groups\17-Xeroxscans\Disabled\Larry","NT AUTHORITY\SYSTEM","Allow","FullControl","True"
"Y:\ttbntfile1\shared\appsdata\groups\17-Xeroxscans\Disabled\Latisha","TONNANDBLANK\AVD Test Users","Allow","FullControl","True"
"Y:\ttbntfile1\shared\appsdata\groups\17-Xeroxscans\Disabled\Latisha","TONNANDBLANK\impactadmin","Allow","FullControl","True"
"Y:\ttbntfile1\shared\appsdata\groups\17-Xeroxscans\Disabled\Latisha","CREATOR OWNER","Allow","FullControl","True"
"Y:\ttbntfile1\shared\appsdata\groups\17-Xeroxscans\Disabled\Latisha","BUILTIN\Administrators","Allow","FullControl","True"
"Y:\ttbntfile1\shared\appsdata\groups\17-Xeroxscans\Disabled\Latisha","NT AUTHORITY\SYSTEM","Allow","FullControl","True"
"Y:\ttbntfile1\shared\appsdata\groups\17-Xeroxscans\Disabled\Lori","TONNANDBLANK\AVD Test Users","Allow","FullControl","True"
"Y:\ttbntfile1\shared\appsdata\groups\17-Xeroxscans\Disabled\Lori","TONNANDBLANK\impactadmin","Allow","FullControl","True"
"Y:\ttbntfile1\shared\appsdata\groups\17-Xeroxscans\Disabled\Lori","CREATOR OWNER","Allow","FullControl","True"
"Y:\ttbntfile1\shared\appsdata\groups\17-Xeroxscans\Disabled\Lori","BUILTIN\Administrators","Allow","FullControl","True"
"Y:\ttbntfile1\shared\appsdata\groups\17-Xeroxscans\Disabled\Lori","NT AUTHORITY\SYSTEM","Allow","FullControl","True"
"Y:\ttbntfile1\shared\appsdata\groups\17-Xeroxscans\Disabled\Lynn","TONNANDBLANK\AVD Test Users","Allow","FullControl","True"
"Y:\ttbntfile1\shared\appsdata\groups\17-Xeroxscans\Disabled\Lynn","TONNANDBLANK\impactadmin","Allow","FullControl","True"
"Y:\ttbntfile1\shared\appsdata\groups\17-Xeroxscans\Disabled\Lynn","CREATOR OWNER","Allow","FullControl","True"
"Y:\ttbntfile1\shared\appsdata\groups\17-Xeroxscans\Disabled\Lynn","BUILTIN\Administrators","Allow","FullControl","True"
"Y:\ttbntfile1\shared\appsdata\groups\17-Xeroxscans\Disabled\Lynn","NT AUTHORITY\SYSTEM","Allow","FullControl","True"
"Y:\ttbntfile1\shared\appsdata\groups\17-Xeroxscans\Disabled\Marc","TONNANDBLANK\AVD Test Users","Allow","FullControl","True"
"Y:\ttbntfile1\shared\appsdata\groups\17-Xeroxscans\Disabled\Marc","TONNANDBLANK\impactadmin","Allow","FullControl","True"
"Y:\ttbntfile1\shared\appsdata\groups\17-Xeroxscans\Disabled\Marc","CREATOR OWNER","Allow","FullControl","True"
"Y:\ttbntfile1\shared\appsdata\groups\17-Xeroxscans\Disabled\Marc","BUILTIN\Administrators","Allow","FullControl","True"
"Y:\ttbntfile1\shared\appsdata\groups\17-Xeroxscans\Disabled\Marc","NT AUTHORITY\SYSTEM","Allow","FullControl","True"
"Y:\ttbntfile1\shared\appsdata\groups\17-Xeroxscans\Disabled\Mark","TONNANDBLANK\AVD Test Users","Allow","FullControl","True"
"Y:\ttbntfile1\shared\appsdata\groups\17-Xeroxscans\Disabled\Mark","TONNANDBLANK\impactadmin","Allow","FullControl","True"
"Y:\ttbntfile1\shared\appsdata\groups\17-Xeroxscans\Disabled\Mark","CREATOR OWNER","Allow","FullControl","True"
"Y:\ttbntfile1\shared\appsdata\groups\17-Xeroxscans\Disabled\Mark","BUILTIN\Administrators","Allow","FullControl","True"
"Y:\ttbntfile1\shared\appsdata\groups\17-Xeroxscans\Disabled\Mark","NT AUTHORITY\SYSTEM","Allow","FullControl","True"
"Y:\ttbntfile1\shared\appsdata\groups\17-Xeroxscans\Disabled\MaryP","TONNANDBLANK\AVD Test Users","Allow","FullControl","True"
"Y:\ttbntfile1\shared\appsdata\groups\17-Xeroxscans\Disabled\MaryP","TONNANDBLANK\impactadmin","Allow","FullControl","True"
"Y:\ttbntfile1\shared\appsdata\groups\17-Xeroxscans\Disabled\MaryP","CREATOR OWNER","Allow","FullControl","True"
"Y:\ttbntfile1\shared\appsdata\groups\17-Xeroxscans\Disabled\MaryP","BUILTIN\Administrators","Allow","FullControl","True"
"Y:\ttbntfile1\shared\appsdata\groups\17-Xeroxscans\Disabled\MaryP","NT AUTHORITY\SYSTEM","Allow","FullControl","True"
"Y:\ttbntfile1\shared\appsdata\groups\17-Xeroxscans\Disabled\MaryS","TONNANDBLANK\AVD Test Users","Allow","FullControl","True"
"Y:\ttbntfile1\shared\appsdata\groups\17-Xeroxscans\Disabled\MaryS","TONNANDBLANK\impactadmin","Allow","FullControl","True"
"Y:\ttbntfile1\shared\appsdata\groups\17-Xeroxscans\Disabled\MaryS","CREATOR OWNER","Allow","FullControl","True"
"Y:\ttbntfile1\shared\appsdata\groups\17-Xeroxscans\Disabled\MaryS","BUILTIN\Administrators","Allow","FullControl","True"
"Y:\ttbntfile1\shared\appsdata\groups\17-Xeroxscans\Disabled\MaryS","NT AUTHORITY\SYSTEM","Allow","FullControl","True"
"Y:\ttbntfile1\shared\appsdata\groups\17-Xeroxscans\Disabled\MattH","TONNANDBLANK\AVD Test Users","Allow","FullControl","True"
"Y:\ttbntfile1\shared\appsdata\groups\17-Xeroxscans\Disabled\MattH","TONNANDBLANK\impactadmin","Allow","FullControl","True"
"Y:\ttbntfile1\shared\appsdata\groups\17-Xeroxscans\Disabled\MattH","CREATOR OWNER","Allow","FullControl","True"
"Y:\ttbntfile1\shared\appsdata\groups\17-Xeroxscans\Disabled\MattH","BUILTIN\Administrators","Allow","FullControl","True"
"Y:\ttbntfile1\shared\appsdata\groups\17-Xeroxscans\Disabled\MattH","NT AUTHORITY\SYSTEM","Allow","FullControl","True"
"Y:\ttbntfile1\shared\appsdata\groups\17-Xeroxscans\Disabled\MattK","TONNANDBLANK\AVD Test Users","Allow","FullControl","True"
"Y:\ttbntfile1\shared\appsdata\groups\17-Xeroxscans\Disabled\MattK","TONNANDBLANK\impactadmin","Allow","FullControl","True"
"Y:\ttbntfile1\shared\appsdata\groups\17-Xeroxscans\Disabled\MattK","CREATOR OWNER","Allow","FullControl","True"
"Y:\ttbntfile1\shared\appsdata\groups\17-Xeroxscans\Disabled\MattK","BUILTIN\Administrators","Allow","FullControl","True"
"Y:\ttbntfile1\shared\appsdata\groups\17-Xeroxscans\Disabled\MattK","NT AUTHORITY\SYSTEM","Allow","FullControl","True"
"Y:\ttbntfile1\shared\appsdata\groups\17-Xeroxscans\Disabled\Michele","TONNANDBLANK\AVD Test Users","Allow","FullControl","True"
"Y:\ttbntfile1\shared\appsdata\groups\17-Xeroxscans\Disabled\Michele","TONNANDBLANK\impactadmin","Allow","FullControl","True"
"Y:\ttbntfile1\shared\appsdata\groups\17-Xeroxscans\Disabled\Michele","CREATOR OWNER","Allow","FullControl","True"
"Y:\ttbntfile1\shared\appsdata\groups\17-Xeroxscans\Disabled\Michele","BUILTIN\Administrators","Allow","FullControl","True"
"Y:\ttbntfile1\shared\appsdata\groups\17-Xeroxscans\Disabled\Michele","NT AUTHORITY\SYSTEM","Allow","FullControl","True"
"Y:\ttbntfile1\shared\appsdata\groups\17-Xeroxscans\Disabled\MikeS","TONNANDBLANK\AVD Test Users","Allow","FullControl","True"
"Y:\ttbntfile1\shared\appsdata\groups\17-Xeroxscans\Disabled\MikeS","TONNANDBLANK\impactadmin","Allow","FullControl","True"
"Y:\ttbntfile1\shared\appsdata\groups\17-Xeroxscans\Disabled\MikeS","CREATOR OWNER","Allow","FullControl","True"
"Y:\ttbntfile1\shared\appsdata\groups\17-Xeroxscans\Disabled\MikeS","BUILTIN\Administrators","Allow","FullControl","True"
"Y:\ttbntfile1\shared\appsdata\groups\17-Xeroxscans\Disabled\MikeS","NT AUTHORITY\SYSTEM","Allow","FullControl","True"
"Y:\ttbntfile1\shared\appsdata\groups\17-Xeroxscans\Disabled\NateL","TONNANDBLANK\AVD Test Users","Allow","FullControl","True"
"Y:\ttbntfile1\shared\appsdata\groups\17-Xeroxscans\Disabled\NateL","TONNANDBLANK\impactadmin","Allow","FullControl","True"
"Y:\ttbntfile1\shared\appsdata\groups\17-Xeroxscans\Disabled\NateL","CREATOR OWNER","Allow","FullControl","True"
"Y:\ttbntfile1\shared\appsdata\groups\17-Xeroxscans\Disabled\NateL","BUILTIN\Administrators","Allow","FullControl","True"
"Y:\ttbntfile1\shared\appsdata\groups\17-Xeroxscans\Disabled\NateL","NT AUTHORITY\SYSTEM","Allow","FullControl","True"
"Y:\ttbntfile1\shared\appsdata\groups\17-Xeroxscans\Disabled\Nick","TONNANDBLANK\AVD Test Users","Allow","FullControl","True"
"Y:\ttbntfile1\shared\appsdata\groups\17-Xeroxscans\Disabled\Nick","TONNANDBLANK\impactadmin","Allow","FullControl","True"
"Y:\ttbntfile1\shared\appsdata\groups\17-Xeroxscans\Disabled\Nick","CREATOR OWNER","Allow","FullControl","True"
"Y:\ttbntfile1\shared\appsdata\groups\17-Xeroxscans\Disabled\Nick","BUILTIN\Administrators","Allow","FullControl","True"
"Y:\ttbntfile1\shared\appsdata\groups\17-Xeroxscans\Disabled\Nick","NT AUTHORITY\SYSTEM","Allow","FullControl","True"
"Y:\ttbntfile1\shared\appsdata\groups\17-Xeroxscans\Disabled\Penelope","TONNANDBLANK\AVD Test Users","Allow","FullControl","True"
"Y:\ttbntfile1\shared\appsdata\groups\17-Xeroxscans\Disabled\Penelope","TONNANDBLANK\impactadmin","Allow","FullControl","True"
"Y:\ttbntfile1\shared\appsdata\groups\17-Xeroxscans\Disabled\Penelope","CREATOR OWNER","Allow","FullControl","True"
"Y:\ttbntfile1\shared\appsdata\groups\17-Xeroxscans\Disabled\Penelope","BUILTIN\Administrators","Allow","FullControl","True"
"Y:\ttbntfile1\shared\appsdata\groups\17-Xeroxscans\Disabled\Penelope","NT AUTHORITY\SYSTEM","Allow","FullControl","True"
"Y:\ttbntfile1\shared\appsdata\groups\17-Xeroxscans\Disabled\Rafael","TONNANDBLANK\AVD Test Users","Allow","FullControl","True"
"Y:\ttbntfile1\shared\appsdata\groups\17-Xeroxscans\Disabled\Rafael","TONNANDBLANK\impactadmin","Allow","FullControl","True"
"Y:\ttbntfile1\shared\appsdata\groups\17-Xeroxscans\Disabled\Rafael","CREATOR OWNER","Allow","FullControl","True"
"Y:\ttbntfile1\shared\appsdata\groups\17-Xeroxscans\Disabled\Rafael","BUILTIN\Administrators","Allow","FullControl","True"
"Y:\ttbntfile1\shared\appsdata\groups\17-Xeroxscans\Disabled\Rafael","NT AUTHORITY\SYSTEM","Allow","FullControl","True"
"Y:\ttbntfile1\shared\appsdata\groups\17-Xeroxscans\Disabled\Ray","TONNANDBLANK\AVD Test Users","Allow","FullControl","True"
"Y:\ttbntfile1\shared\appsdata\groups\17-Xeroxscans\Disabled\Ray","TONNANDBLANK\impactadmin","Allow","FullControl","True"
"Y:\ttbntfile1\shared\appsdata\groups\17-Xeroxscans\Disabled\Ray","CREATOR OWNER","Allow","FullControl","True"
"Y:\ttbntfile1\shared\appsdata\groups\17-Xeroxscans\Disabled\Ray","BUILTIN\Administrators","Allow","FullControl","True"
"Y:\ttbntfile1\shared\appsdata\groups\17-Xeroxscans\Disabled\Ray","NT AUTHORITY\SYSTEM","Allow","FullControl","True"
"Y:\ttbntfile1\shared\appsdata\groups\17-Xeroxscans\Disabled\Rich","TONNANDBLANK\AVD Test Users","Allow","FullControl","True"
"Y:\ttbntfile1\shared\appsdata\groups\17-Xeroxscans\Disabled\Rich","TONNANDBLANK\impactadmin","Allow","FullControl","True"
"Y:\ttbntfile1\shared\appsdata\groups\17-Xeroxscans\Disabled\Rich","CREATOR OWNER","Allow","FullControl","True"
"Y:\ttbntfile1\shared\appsdata\groups\17-Xeroxscans\Disabled\Rich","BUILTIN\Administrators","Allow","FullControl","True"
"Y:\ttbntfile1\shared\appsdata\groups\17-Xeroxscans\Disabled\Rich","NT AUTHORITY\SYSTEM","Allow","FullControl","True"
"Y:\ttbntfile1\shared\appsdata\groups\17-Xeroxscans\Disabled\RyanB","TONNANDBLANK\AVD Test Users","Allow","FullControl","True"
"Y:\ttbntfile1\shared\appsdata\groups\17-Xeroxscans\Disabled\RyanB","TONNANDBLANK\impactadmin","Allow","FullControl","True"
"Y:\ttbntfile1\shared\appsdata\groups\17-Xeroxscans\Disabled\RyanB","CREATOR OWNER","Allow","FullControl","True"
"Y:\ttbntfile1\shared\appsdata\groups\17-Xeroxscans\Disabled\RyanB","BUILTIN\Administrators","Allow","FullControl","True"
"Y:\ttbntfile1\shared\appsdata\groups\17-Xeroxscans\Disabled\RyanB","NT AUTHORITY\SYSTEM","Allow","FullControl","True"
"Y:\ttbntfile1\shared\appsdata\groups\17-Xeroxscans\Disabled\Scott","TONNANDBLANK\AVD Test Users","Allow","FullControl","True"
"Y:\ttbntfile1\shared\appsdata\groups\17-Xeroxscans\Disabled\Scott","TONNANDBLANK\impactadmin","Allow","FullControl","True"
"Y:\ttbntfile1\shared\appsdata\groups\17-Xeroxscans\Disabled\Scott","CREATOR OWNER","Allow","FullControl","True"
"Y:\ttbntfile1\shared\appsdata\groups\17-Xeroxscans\Disabled\Scott","BUILTIN\Administrators","Allow","FullControl","True"
"Y:\ttbntfile1\shared\appsdata\groups\17-Xeroxscans\Disabled\Scott","NT AUTHORITY\SYSTEM","Allow","FullControl","True"
"Y:\ttbntfile1\shared\appsdata\groups\17-Xeroxscans\Disabled\ScottG","TONNANDBLANK\AVD Test Users","Allow","FullControl","True"
"Y:\ttbntfile1\shared\appsdata\groups\17-Xeroxscans\Disabled\ScottG","TONNANDBLANK\impactadmin","Allow","FullControl","True"
"Y:\ttbntfile1\shared\appsdata\groups\17-Xeroxscans\Disabled\ScottG","CREATOR OWNER","Allow","FullControl","True"
"Y:\ttbntfile1\shared\appsdata\groups\17-Xeroxscans\Disabled\ScottG","BUILTIN\Administrators","Allow","FullControl","True"
"Y:\ttbntfile1\shared\appsdata\groups\17-Xeroxscans\Disabled\ScottG","NT AUTHORITY\SYSTEM","Allow","FullControl","True"
"Y:\ttbntfile1\shared\appsdata\groups\17-Xeroxscans\Disabled\ScottW","TONNANDBLANK\AVD Test Users","Allow","FullControl","True"
"Y:\ttbntfile1\shared\appsdata\groups\17-Xeroxscans\Disabled\ScottW","TONNANDBLANK\impactadmin","Allow","FullControl","True"
"Y:\ttbntfile1\shared\appsdata\groups\17-Xeroxscans\Disabled\ScottW","CREATOR OWNER","Allow","FullControl","True"
"Y:\ttbntfile1\shared\appsdata\groups\17-Xeroxscans\Disabled\ScottW","BUILTIN\Administrators","Allow","FullControl","True"
"Y:\ttbntfile1\shared\appsdata\groups\17-Xeroxscans\Disabled\ScottW","NT AUTHORITY\SYSTEM","Allow","FullControl","True"
"Y:\ttbntfile1\shared\appsdata\groups\17-Xeroxscans\Disabled\Shawn","TONNANDBLANK\AVD Test Users","Allow","FullControl","True"
"Y:\ttbntfile1\shared\appsdata\groups\17-Xeroxscans\Disabled\Shawn","TONNANDBLANK\impactadmin","Allow","FullControl","True"
"Y:\ttbntfile1\shared\appsdata\groups\17-Xeroxscans\Disabled\Shawn","CREATOR OWNER","Allow","FullControl","True"
"Y:\ttbntfile1\shared\appsdata\groups\17-Xeroxscans\Disabled\Shawn","BUILTIN\Administrators","Allow","FullControl","True"
"Y:\ttbntfile1\shared\appsdata\groups\17-Xeroxscans\Disabled\Shawn","NT AUTHORITY\SYSTEM","Allow","FullControl","True"
"Y:\ttbntfile1\shared\appsdata\groups\17-Xeroxscans\Disabled\SteveH","TONNANDBLANK\AVD Test Users","Allow","FullControl","True"
"Y:\ttbntfile1\shared\appsdata\groups\17-Xeroxscans\Disabled\SteveH","TONNANDBLANK\impactadmin","Allow","FullControl","True"
"Y:\ttbntfile1\shared\appsdata\groups\17-Xeroxscans\Disabled\SteveH","CREATOR OWNER","Allow","FullControl","True"
"Y:\ttbntfile1\shared\appsdata\groups\17-Xeroxscans\Disabled\SteveH","BUILTIN\Administrators","Allow","FullControl","True"
"Y:\ttbntfile1\shared\appsdata\groups\17-Xeroxscans\Disabled\SteveH","NT AUTHORITY\SYSTEM","Allow","FullControl","True"
"Y:\ttbntfile1\shared\appsdata\groups\17-Xeroxscans\Disabled\SteveM","TONNANDBLANK\AVD Test Users","Allow","FullControl","True"
"Y:\ttbntfile1\shared\appsdata\groups\17-Xeroxscans\Disabled\SteveM","TONNANDBLANK\impactadmin","Allow","FullControl","True"
"Y:\ttbntfile1\shared\appsdata\groups\17-Xeroxscans\Disabled\SteveM","CREATOR OWNER","Allow","FullControl","True"
"Y:\ttbntfile1\shared\appsdata\groups\17-Xeroxscans\Disabled\SteveM","BUILTIN\Administrators","Allow","FullControl","True"
"Y:\ttbntfile1\shared\appsdata\groups\17-Xeroxscans\Disabled\SteveM","NT AUTHORITY\SYSTEM","Allow","FullControl","True"
"Y:\ttbntfile1\shared\appsdata\groups\17-Xeroxscans\Disabled\SteveN","TONNANDBLANK\AVD Test Users","Allow","FullControl","True"
"Y:\ttbntfile1\shared\appsdata\groups\17-Xeroxscans\Disabled\SteveN","TONNANDBLANK\impactadmin","Allow","FullControl","True"
"Y:\ttbntfile1\shared\appsdata\groups\17-Xeroxscans\Disabled\SteveN","CREATOR OWNER","Allow","FullControl","True"
"Y:\ttbntfile1\shared\appsdata\groups\17-Xeroxscans\Disabled\SteveN","BUILTIN\Administrators","Allow","FullControl","True"
"Y:\ttbntfile1\shared\appsdata\groups\17-Xeroxscans\Disabled\SteveN","NT AUTHORITY\SYSTEM","Allow","FullControl","True"
"Y:\ttbntfile1\shared\appsdata\groups\17-Xeroxscans\Disabled\SteveS","TONNANDBLANK\AVD Test Users","Allow","FullControl","True"
"Y:\ttbntfile1\shared\appsdata\groups\17-Xeroxscans\Disabled\SteveS","TONNANDBLANK\impactadmin","Allow","FullControl","True"
"Y:\ttbntfile1\shared\appsdata\groups\17-Xeroxscans\Disabled\SteveS","CREATOR OWNER","Allow","FullControl","True"
"Y:\ttbntfile1\shared\appsdata\groups\17-Xeroxscans\Disabled\SteveS","BUILTIN\Administrators","Allow","FullControl","True"
"Y:\ttbntfile1\shared\appsdata\groups\17-Xeroxscans\Disabled\SteveS","NT AUTHORITY\SYSTEM","Allow","FullControl","True"
"Y:\ttbntfile1\shared\appsdata\groups\17-Xeroxscans\Disabled\Susan","TONNANDBLANK\AVD Test Users","Allow","FullControl","True"
"Y:\ttbntfile1\shared\appsdata\groups\17-Xeroxscans\Disabled\Susan","TONNANDBLANK\impactadmin","Allow","FullControl","True"
"Y:\ttbntfile1\shared\appsdata\groups\17-Xeroxscans\Disabled\Susan","CREATOR OWNER","Allow","FullControl","True"
"Y:\ttbntfile1\shared\appsdata\groups\17-Xeroxscans\Disabled\Susan","BUILTIN\Administrators","Allow","FullControl","True"
"Y:\ttbntfile1\shared\appsdata\groups\17-Xeroxscans\Disabled\Susan","NT AUTHORITY\SYSTEM","Allow","FullControl","True"
"Y:\ttbntfile1\shared\appsdata\groups\17-Xeroxscans\Disabled\Taimoor","TONNANDBLANK\AVD Test Users","Allow","FullControl","True"
"Y:\ttbntfile1\shared\appsdata\groups\17-Xeroxscans\Disabled\Taimoor","TONNANDBLANK\impactadmin","Allow","FullControl","True"
"Y:\ttbntfile1\shared\appsdata\groups\17-Xeroxscans\Disabled\Taimoor","CREATOR OWNER","Allow","FullControl","True"
"Y:\ttbntfile1\shared\appsdata\groups\17-Xeroxscans\Disabled\Taimoor","BUILTIN\Administrators","Allow","FullControl","True"
"Y:\ttbntfile1\shared\appsdata\groups\17-Xeroxscans\Disabled\Taimoor","NT AUTHORITY\SYSTEM","Allow","FullControl","True"
"Y:\ttbntfile1\shared\appsdata\groups\17-Xeroxscans\Disabled\Thomas","TONNANDBLANK\AVD Test Users","Allow","FullControl","True"
"Y:\ttbntfile1\shared\appsdata\groups\17-Xeroxscans\Disabled\Thomas","TONNANDBLANK\impactadmin","Allow","FullControl","True"
"Y:\ttbntfile1\shared\appsdata\groups\17-Xeroxscans\Disabled\Thomas","CREATOR OWNER","Allow","FullControl","True"
"Y:\ttbntfile1\shared\appsdata\groups\17-Xeroxscans\Disabled\Thomas","BUILTIN\Administrators","Allow","FullControl","True"
"Y:\ttbntfile1\shared\appsdata\groups\17-Xeroxscans\Disabled\Thomas","NT AUTHORITY\SYSTEM","Allow","FullControl","True"
"Y:\ttbntfile1\shared\appsdata\groups\17-Xeroxscans\Disabled\Tom","TONNANDBLANK\AVD Test Users","Allow","FullControl","True"
"Y:\ttbntfile1\shared\appsdata\groups\17-Xeroxscans\Disabled\Tom","TONNANDBLANK\impactadmin","Allow","FullControl","True"
"Y:\ttbntfile1\shared\appsdata\groups\17-Xeroxscans\Disabled\Tom","CREATOR OWNER","Allow","FullControl","True"
"Y:\ttbntfile1\shared\appsdata\groups\17-Xeroxscans\Disabled\Tom","BUILTIN\Administrators","Allow","FullControl","True"
"Y:\ttbntfile1\shared\appsdata\groups\17-Xeroxscans\Disabled\Tom","NT AUTHORITY\SYSTEM","Allow","FullControl","True"
"Y:\ttbntfile1\shared\appsdata\groups\17-Xeroxscans\Disabled\Will","TONNANDBLANK\AVD Test Users","Allow","FullControl","True"
"Y:\ttbntfile1\shared\appsdata\groups\17-Xeroxscans\Disabled\Will","TONNANDBLANK\impactadmin","Allow","FullControl","True"
"Y:\ttbntfile1\shared\appsdata\groups\17-Xeroxscans\Disabled\Will","CREATOR OWNER","Allow","FullControl","True"
"Y:\ttbntfile1\shared\appsdata\groups\17-Xeroxscans\Disabled\Will","BUILTIN\Administrators","Allow","FullControl","True"
"Y:\ttbntfile1\shared\appsdata\groups\17-Xeroxscans\Disabled\Will","NT AUTHORITY\SYSTEM","Allow","FullControl","True"
"Y:\ttbntfile1\shared\appsdata\groups\17-Xeroxscans\Disabled\Bridgette\DOC.XSM","TONNANDBLANK\AVD Test Users","Allow","FullControl","True"
"Y:\ttbntfile1\shared\appsdata\groups\17-Xeroxscans\Disabled\Bridgette\DOC.XSM","TONNANDBLANK\impactadmin","Allow","FullControl","True"
"Y:\ttbntfile1\shared\appsdata\groups\17-Xeroxscans\Disabled\Bridgette\DOC.XSM","CREATOR OWNER","Allow","FullControl","True"
"Y:\ttbntfile1\shared\appsdata\groups\17-Xeroxscans\Disabled\Bridgette\DOC.XSM","BUILTIN\Administrators","Allow","FullControl","True"
"Y:\ttbntfile1\shared\appsdata\groups\17-Xeroxscans\Disabled\Bridgette\DOC.XSM","NT AUTHORITY\SYSTEM","Allow","FullControl","True"
"Y:\ttbntfile1\shared\appsdata\groups\17-Xeroxscans\Disabled\Bud\Direct Pay Permits","TONNANDBLANK\AVD Test Users","Allow","FullControl","True"
"Y:\ttbntfile1\shared\appsdata\groups\17-Xeroxscans\Disabled\Bud\Direct Pay Permits","TONNANDBLANK\impactadmin","Allow","FullControl","True"
"Y:\ttbntfile1\shared\appsdata\groups\17-Xeroxscans\Disabled\Bud\Direct Pay Permits","CREATOR OWNER","Allow","FullControl","True"
"Y:\ttbntfile1\shared\appsdata\groups\17-Xeroxscans\Disabled\Bud\Direct Pay Permits","BUILTIN\Administrators","Allow","FullControl","True"
"Y:\ttbntfile1\shared\appsdata\groups\17-Xeroxscans\Disabled\Bud\Direct Pay Permits","NT AUTHORITY\SYSTEM","Allow","FullControl","True"
"Y:\ttbntfile1\shared\appsdata\groups\17-Xeroxscans\Disabled\Bud\Misc","TONNANDBLANK\AVD Test Users","Allow","FullControl","True"
"Y:\ttbntfile1\shared\appsdata\groups\17-Xeroxscans\Disabled\Bud\Misc","TONNANDBLANK\impactadmin","Allow","FullControl","True"
"Y:\ttbntfile1\shared\appsdata\groups\17-Xeroxscans\Disabled\Bud\Misc","CREATOR OWNER","Allow","FullControl","True"
"Y:\ttbntfile1\shared\appsdata\groups\17-Xeroxscans\Disabled\Bud\Misc","BUILTIN\Administrators","Allow","FullControl","True"
"Y:\ttbntfile1\shared\appsdata\groups\17-Xeroxscans\Disabled\Bud\Misc","NT AUTHORITY\SYSTEM","Allow","FullControl","True"
"Y:\ttbntfile1\shared\appsdata\groups\17-Xeroxscans\Disabled\Bud\ST 105s","TONNANDBLANK\AVD Test Users","Allow","FullControl","True"
"Y:\ttbntfile1\shared\appsdata\groups\17-Xeroxscans\Disabled\Bud\ST 105s","TONNANDBLANK\impactadmin","Allow","FullControl","True"
"Y:\ttbntfile1\shared\appsdata\groups\17-Xeroxscans\Disabled\Bud\ST 105s","CREATOR OWNER","Allow","FullControl","True"
"Y:\ttbntfile1\shared\appsdata\groups\17-Xeroxscans\Disabled\Bud\ST 105s","BUILTIN\Administrators","Allow","FullControl","True"
"Y:\ttbntfile1\shared\appsdata\groups\17-Xeroxscans\Disabled\Bud\ST 105s","NT AUTHORITY\SYSTEM","Allow","FullControl","True"
"Y:\ttbntfile1\shared\appsdata\groups\17-Xeroxscans\Disabled\Bud\Sub Selection Aging Reports","TONNANDBLANK\AVD Test Users","Allow","FullControl","True"
"Y:\ttbntfile1\shared\appsdata\groups\17-Xeroxscans\Disabled\Bud\Sub Selection Aging Reports","TONNANDBLANK\impactadmin","Allow","FullControl","True"
"Y:\ttbntfile1\shared\appsdata\groups\17-Xeroxscans\Disabled\Bud\Sub Selection Aging Reports","CREATOR OWNER","Allow","FullControl","True"
"Y:\ttbntfile1\shared\appsdata\groups\17-Xeroxscans\Disabled\Bud\Sub Selection Aging Reports","BUILTIN\Administrators","Allow","FullControl","True"
"Y:\ttbntfile1\shared\appsdata\groups\17-Xeroxscans\Disabled\Bud\Sub Selection Aging Reports","NT AUTHORITY\SYSTEM","Allow","FullControl","True"
"Y:\ttbntfile1\shared\appsdata\groups\17-Xeroxscans\Disabled\Bud\Sub Selection Aging Reports\01 - January","TONNANDBLANK\AVD Test Users","Allow","FullControl","True"
"Y:\ttbntfile1\shared\appsdata\groups\17-Xeroxscans\Disabled\Bud\Sub Selection Aging Reports\01 - January","TONNANDBLANK\impactadmin","Allow","FullControl","True"
"Y:\ttbntfile1\shared\appsdata\groups\17-Xeroxscans\Disabled\Bud\Sub Selection Aging Reports\01 - January","CREATOR OWNER","Allow","FullControl","True"
"Y:\ttbntfile1\shared\appsdata\groups\17-Xeroxscans\Disabled\Bud\Sub Selection Aging Reports\01 - January","BUILTIN\Administrators","Allow","FullControl","True"
"Y:\ttbntfile1\shared\appsdata\groups\17-Xeroxscans\Disabled\Bud\Sub Selection Aging Reports\01 - January","NT AUTHORITY\SYSTEM","Allow","FullControl","True"
"Y:\ttbntfile1\shared\appsdata\groups\17-Xeroxscans\Disabled\Bud\Sub Selection Aging Reports\02 - February","TONNANDBLANK\AVD Test Users","Allow","FullControl","True"
"Y:\ttbntfile1\shared\appsdata\groups\17-Xeroxscans\Disabled\Bud\Sub Selection Aging Reports\02 - February","TONNANDBLANK\impactadmin","Allow","FullControl","True"
"Y:\ttbntfile1\shared\appsdata\groups\17-Xeroxscans\Disabled\Bud\Sub Selection Aging Reports\02 - February","CREATOR OWNER","Allow","FullControl","True"
"Y:\ttbntfile1\shared\appsdata\groups\17-Xeroxscans\Disabled\Bud\Sub Selection Aging Reports\02 - February","BUILTIN\Administrators","Allow","FullControl","True"
"Y:\ttbntfile1\shared\appsdata\groups\17-Xeroxscans\Disabled\Bud\Sub Selection Aging Reports\02 - February","NT AUTHORITY\SYSTEM","Allow","FullControl","True"
"Y:\ttbntfile1\shared\appsdata\groups\17-Xeroxscans\Disabled\Bud\Sub Selection Aging Reports\03 - March","TONNANDBLANK\AVD Test Users","Allow","FullControl","True"
"Y:\ttbntfile1\shared\appsdata\groups\17-Xeroxscans\Disabled\Bud\Sub Selection Aging Reports\03 - March","TONNANDBLANK\impactadmin","Allow","FullControl","True"
"Y:\ttbntfile1\shared\appsdata\groups\17-Xeroxscans\Disabled\Bud\Sub Selection Aging Reports\03 - March","CREATOR OWNER","Allow","FullControl","True"
"Y:\ttbntfile1\shared\appsdata\groups\17-Xeroxscans\Disabled\Bud\Sub Selection Aging Reports\03 - March","BUILTIN\Administrators","Allow","FullControl","True"
"Y:\ttbntfile1\shared\appsdata\groups\17-Xeroxscans\Disabled\Bud\Sub Selection Aging Reports\03 - March","NT AUTHORITY\SYSTEM","Allow","FullControl","True"
"Y:\ttbntfile1\shared\appsdata\groups\17-Xeroxscans\Disabled\Bud\Sub Selection Aging Reports\04 - April","TONNANDBLANK\AVD Test Users","Allow","FullControl","True"
"Y:\ttbntfile1\shared\appsdata\groups\17-Xeroxscans\Disabled\Bud\Sub Selection Aging Reports\04 - April","TONNANDBLANK\impactadmin","Allow","FullControl","True"
"Y:\ttbntfile1\shared\appsdata\groups\17-Xeroxscans\Disabled\Bud\Sub Selection Aging Reports\04 - April","CREATOR OWNER","Allow","FullControl","True"
"Y:\ttbntfile1\shared\appsdata\groups\17-Xeroxscans\Disabled\Bud\Sub Selection Aging Reports\04 - April","BUILTIN\Administrators","Allow","FullControl","True"
"Y:\ttbntfile1\shared\appsdata\groups\17-Xeroxscans\Disabled\Bud\Sub Selection Aging Reports\04 - April","NT AUTHORITY\SYSTEM","Allow","FullControl","True"
"Y:\ttbntfile1\shared\appsdata\groups\17-Xeroxscans\Disabled\Bud\Sub Selection Aging Reports\Prior Months","TONNANDBLANK\AVD Test Users","Allow","FullControl","True"
"Y:\ttbntfile1\shared\appsdata\groups\17-Xeroxscans\Disabled\Bud\Sub Selection Aging Reports\Prior Months","TONNANDBLANK\impactadmin","Allow","FullControl","True"
"Y:\ttbntfile1\shared\appsdata\groups\17-Xeroxscans\Disabled\Bud\Sub Selection Aging Reports\Prior Months","CREATOR OWNER","Allow","FullControl","True"
"Y:\ttbntfile1\shared\appsdata\groups\17-Xeroxscans\Disabled\Bud\Sub Selection Aging Reports\Prior Months","BUILTIN\Administrators","Allow","FullControl","True"
"Y:\ttbntfile1\shared\appsdata\groups\17-Xeroxscans\Disabled\Bud\Sub Selection Aging Reports\Prior Months","NT AUTHORITY\SYSTEM","Allow","FullControl","True"
"Y:\ttbntfile1\shared\appsdata\groups\17-Xeroxscans\Disabled\Chris\Chris Scans","TONNANDBLANK\AVD Test Users","Allow","FullControl","True"
"Y:\ttbntfile1\shared\appsdata\groups\17-Xeroxscans\Disabled\Chris\Chris Scans","TONNANDBLANK\impactadmin","Allow","FullControl","True"
"Y:\ttbntfile1\shared\appsdata\groups\17-Xeroxscans\Disabled\Chris\Chris Scans","CREATOR OWNER","Allow","FullControl","True"
"Y:\ttbntfile1\shared\appsdata\groups\17-Xeroxscans\Disabled\Chris\Chris Scans","BUILTIN\Administrators","Allow","FullControl","True"
"Y:\ttbntfile1\shared\appsdata\groups\17-Xeroxscans\Disabled\Chris\Chris Scans","NT AUTHORITY\SYSTEM","Allow","FullControl","True"
"Y:\ttbntfile1\shared\appsdata\groups\17-Xeroxscans\Disabled\Chris\Chris Scans 2","TONNANDBLANK\AVD Test Users","Allow","FullControl","True"
"Y:\ttbntfile1\shared\appsdata\groups\17-Xeroxscans\Disabled\Chris\Chris Scans 2","TONNANDBLANK\impactadmin","Allow","FullControl","True"
"Y:\ttbntfile1\shared\appsdata\groups\17-Xeroxscans\Disabled\Chris\Chris Scans 2","CREATOR OWNER","Allow","FullControl","True"
"Y:\ttbntfile1\shared\appsdata\groups\17-Xeroxscans\Disabled\Chris\Chris Scans 2","BUILTIN\Administrators","Allow","FullControl","True"
"Y:\ttbntfile1\shared\appsdata\groups\17-Xeroxscans\Disabled\Chris\Chris Scans 2","NT AUTHORITY\SYSTEM","Allow","FullControl","True"
"Y:\ttbntfile1\shared\appsdata\groups\17-Xeroxscans\Disabled\Chris\Desktop","TONNANDBLANK\AVD Test Users","Allow","FullControl","True"
"Y:\ttbntfile1\shared\appsdata\groups\17-Xeroxscans\Disabled\Chris\Desktop","TONNANDBLANK\impactadmin","Allow","FullControl","True"
"Y:\ttbntfile1\shared\appsdata\groups\17-Xeroxscans\Disabled\Chris\Desktop","CREATOR OWNER","Allow","FullControl","True"
"Y:\ttbntfile1\shared\appsdata\groups\17-Xeroxscans\Disabled\Chris\Desktop","BUILTIN\Administrators","Allow","FullControl","True"
"Y:\ttbntfile1\shared\appsdata\groups\17-Xeroxscans\Disabled\Chris\Desktop","NT AUTHORITY\SYSTEM","Allow","FullControl","True"
"Y:\ttbntfile1\shared\appsdata\groups\17-Xeroxscans\Disabled\Chris\Desktop\Base","TONNANDBLANK\AVD Test Users","Allow","FullControl","True"
"Y:\ttbntfile1\shared\appsdata\groups\17-Xeroxscans\Disabled\Chris\Desktop\Base","TONNANDBLANK\impactadmin","Allow","FullControl","True"
"Y:\ttbntfile1\shared\appsdata\groups\17-Xeroxscans\Disabled\Chris\Desktop\Base","CREATOR OWNER","Allow","FullControl","True"
"Y:\ttbntfile1\shared\appsdata\groups\17-Xeroxscans\Disabled\Chris\Desktop\Base","BUILTIN\Administrators","Allow","FullControl","True"
"Y:\ttbntfile1\shared\appsdata\groups\17-Xeroxscans\Disabled\Chris\Desktop\Base","NT AUTHORITY\SYSTEM","Allow","FullControl","True"
"Y:\ttbntfile1\shared\appsdata\groups\17-Xeroxscans\Disabled\Chris\Desktop\FHM CC","TONNANDBLANK\AVD Test Users","Allow","FullControl","True"
"Y:\ttbntfile1\shared\appsdata\groups\17-Xeroxscans\Disabled\Chris\Desktop\FHM CC","TONNANDBLANK\impactadmin","Allow","FullControl","True"
"Y:\ttbntfile1\shared\appsdata\groups\17-Xeroxscans\Disabled\Chris\Desktop\FHM CC","CREATOR OWNER","Allow","FullControl","True"
"Y:\ttbntfile1\shared\appsdata\groups\17-Xeroxscans\Disabled\Chris\Desktop\FHM CC","BUILTIN\Administrators","Allow","FullControl","True"
"Y:\ttbntfile1\shared\appsdata\groups\17-Xeroxscans\Disabled\Chris\Desktop\FHM CC","NT AUTHORITY\SYSTEM","Allow","FullControl","True"
"Y:\ttbntfile1\shared\appsdata\groups\17-Xeroxscans\Disabled\Chris\Desktop\Green Roof","TONNANDBLANK\AVD Test Users","Allow","FullControl","True"
"Y:\ttbntfile1\shared\appsdata\groups\17-Xeroxscans\Disabled\Chris\Desktop\Green Roof","TONNANDBLANK\impactadmin","Allow","FullControl","True"
"Y:\ttbntfile1\shared\appsdata\groups\17-Xeroxscans\Disabled\Chris\Desktop\Green Roof","CREATOR OWNER","Allow","FullControl","True"
"Y:\ttbntfile1\shared\appsdata\groups\17-Xeroxscans\Disabled\Chris\Desktop\Green Roof","BUILTIN\Administrators","Allow","FullControl","True"
"Y:\ttbntfile1\shared\appsdata\groups\17-Xeroxscans\Disabled\Chris\Desktop\Green Roof","NT AUTHORITY\SYSTEM","Allow","FullControl","True"
"Y:\ttbntfile1\shared\appsdata\groups\17-Xeroxscans\Disabled\Chris\Desktop\Product Data","TONNANDBLANK\AVD Test Users","Allow","FullControl","True"
"Y:\ttbntfile1\shared\appsdata\groups\17-Xeroxscans\Disabled\Chris\Desktop\Product Data","TONNANDBLANK\impactadmin","Allow","FullControl","True"
"Y:\ttbntfile1\shared\appsdata\groups\17-Xeroxscans\Disabled\Chris\Desktop\Product Data","CREATOR OWNER","Allow","FullControl","True"
"Y:\ttbntfile1\shared\appsdata\groups\17-Xeroxscans\Disabled\Chris\Desktop\Product Data","BUILTIN\Administrators","Allow","FullControl","True"
"Y:\ttbntfile1\shared\appsdata\groups\17-Xeroxscans\Disabled\Chris\Desktop\Product Data","NT AUTHORITY\SYSTEM","Allow","FullControl","True"
"Y:\ttbntfile1\shared\appsdata\groups\17-Xeroxscans\Disabled\Chris\Desktop\Base\15R003_FSMH Elevator Modernization","TONNANDBLANK\AVD Test Users","Allow","FullControl","True"
"Y:\ttbntfile1\shared\appsdata\groups\17-Xeroxscans\Disabled\Chris\Desktop\Base\15R003_FSMH Elevator Modernization","TONNANDBLANK\impactadmin","Allow","FullControl","True"
"Y:\ttbntfile1\shared\appsdata\groups\17-Xeroxscans\Disabled\Chris\Desktop\Base\15R003_FSMH Elevator Modernization","CREATOR OWNER","Allow","FullControl","True"
"Y:\ttbntfile1\shared\appsdata\groups\17-Xeroxscans\Disabled\Chris\Desktop\Base\15R003_FSMH Elevator Modernization","BUILTIN\Administrators","Allow","FullControl","True"
"Y:\ttbntfile1\shared\appsdata\groups\17-Xeroxscans\Disabled\Chris\Desktop\Base\15R003_FSMH Elevator Modernization","NT AUTHORITY\SYSTEM","Allow","FullControl","True"
"Y:\ttbntfile1\shared\appsdata\groups\17-Xeroxscans\Disabled\Chris\Desktop\Base\15R00X_FSJH OF and CH Consolidation","TONNANDBLANK\AVD Test Users","Allow","FullControl","True"
"Y:\ttbntfile1\shared\appsdata\groups\17-Xeroxscans\Disabled\Chris\Desktop\Base\15R00X_FSJH OF and CH Consolidation","TONNANDBLANK\impactadmin","Allow","FullControl","True"
"Y:\ttbntfile1\shared\appsdata\groups\17-Xeroxscans\Disabled\Chris\Desktop\Base\15R00X_FSJH OF and CH Consolidation","CREATOR OWNER","Allow","FullControl","True"
"Y:\ttbntfile1\shared\appsdata\groups\17-Xeroxscans\Disabled\Chris\Desktop\Base\15R00X_FSJH OF and CH Consolidation","BUILTIN\Administrators","Allow","FullControl","True"
"Y:\ttbntfile1\shared\appsdata\groups\17-Xeroxscans\Disabled\Chris\Desktop\Base\15R00X_FSJH OF and CH Consolidation","NT AUTHORITY\SYSTEM","Allow","FullControl","True"
"Y:\ttbntfile1\shared\appsdata\groups\17-Xeroxscans\Disabled\Chris\Desktop\Base\Bids","TONNANDBLANK\AVD Test Users","Allow","FullControl","True"
"Y:\ttbntfile1\shared\appsdata\groups\17-Xeroxscans\Disabled\Chris\Desktop\Base\Bids","TONNANDBLANK\impactadmin","Allow","FullControl","True"
"Y:\ttbntfile1\shared\appsdata\groups\17-Xeroxscans\Disabled\Chris\Desktop\Base\Bids","CREATOR OWNER","Allow","FullControl","True"
"Y:\ttbntfile1\shared\appsdata\groups\17-Xeroxscans\Disabled\Chris\Desktop\Base\Bids","BUILTIN\Administrators","Allow","FullControl","True"
"Y:\ttbntfile1\shared\appsdata\groups\17-Xeroxscans\Disabled\Chris\Desktop\Base\Bids","NT AUTHORITY\SYSTEM","Allow","FullControl","True"
"Y:\ttbntfile1\shared\appsdata\groups\17-Xeroxscans\Disabled\Chris\Desktop\Base\Expenses","TONNANDBLANK\AVD Test Users","Allow","FullControl","True"
"Y:\ttbntfile1\shared\appsdata\groups\17-Xeroxscans\Disabled\Chris\Desktop\Base\Expenses","TONNANDBLANK\impactadmin","Allow","FullControl","True"
"Y:\ttbntfile1\shared\appsdata\groups\17-Xeroxscans\Disabled\Chris\Desktop\Base\Expenses","CREATOR OWNER","Allow","FullControl","True"
"Y:\ttbntfile1\shared\appsdata\groups\17-Xeroxscans\Disabled\Chris\Desktop\Base\Expenses","BUILTIN\Administrators","Allow","FullControl","True"
"Y:\ttbntfile1\shared\appsdata\groups\17-Xeroxscans\Disabled\Chris\Desktop\Base\Expenses","NT AUTHORITY\SYSTEM","Allow","FullControl","True"
"Y:\ttbntfile1\shared\appsdata\groups\17-Xeroxscans\Disabled\Chris\Desktop\Base\15R00X_FSJH OF and CH Consolidation\00_Preconsruction","TONNANDBLANK\AVD Test Users","Allow","FullControl","True"
"Y:\ttbntfile1\shared\appsdata\groups\17-Xeroxscans\Disabled\Chris\Desktop\Base\15R00X_FSJH OF and CH Consolidation\00_Preconsruction","TONNANDBLANK\impactadmin","Allow","FullControl","True"
"Y:\ttbntfile1\shared\appsdata\groups\17-Xeroxscans\Disabled\Chris\Desktop\Base\15R00X_FSJH OF and CH Consolidation\00_Preconsruction","CREATOR OWNER","Allow","FullControl","True"
"Y:\ttbntfile1\shared\appsdata\groups\17-Xeroxscans\Disabled\Chris\Desktop\Base\15R00X_FSJH OF and CH Consolidation\00_Preconsruction","BUILTIN\Administrators","Allow","FullControl","True"
"Y:\ttbntfile1\shared\appsdata\groups\17-Xeroxscans\Disabled\Chris\Desktop\Base\15R00X_FSJH OF and CH Consolidation\00_Preconsruction","NT AUTHORITY\SYSTEM","Allow","FullControl","True"
"Y:\ttbntfile1\shared\appsdata\groups\17-Xeroxscans\Disabled\Chris\Desktop\Base\15R00X_FSJH OF and CH Consolidation\01_Consruction","TONNANDBLANK\AVD Test Users","Allow","FullControl","True"
"Y:\ttbntfile1\shared\appsdata\groups\17-Xeroxscans\Disabled\Chris\Desktop\Base\15R00X_FSJH OF and CH Consolidation\01_Consruction","TONNANDBLANK\impactadmin","Allow","FullControl","True"
"Y:\ttbntfile1\shared\appsdata\groups\17-Xeroxscans\Disabled\Chris\Desktop\Base\15R00X_FSJH OF and CH Consolidation\01_Consruction","CREATOR OWNER","Allow","FullControl","True"
"Y:\ttbntfile1\shared\appsdata\groups\17-Xeroxscans\Disabled\Chris\Desktop\Base\15R00X_FSJH OF and CH Consolidation\01_Consruction","BUILTIN\Administrators","Allow","FullControl","True"
"Y:\ttbntfile1\shared\appsdata\groups\17-Xeroxscans\Disabled\Chris\Desktop\Base\15R00X_FSJH OF and CH Consolidation\01_Consruction","NT AUTHORITY\SYSTEM","Allow","FullControl","True"
"Y:\ttbntfile1\shared\appsdata\groups\17-Xeroxscans\Disabled\Chris\Desktop\Base\15R00X_FSJH OF and CH Consolidation\02_Closeout","TONNANDBLANK\AVD Test Users","Allow","FullControl","True"
"Y:\ttbntfile1\shared\appsdata\groups\17-Xeroxscans\Disabled\Chris\Desktop\Base\15R00X_FSJH OF and CH Consolidation\02_Closeout","TONNANDBLANK\impactadmin","Allow","FullControl","True"
"Y:\ttbntfile1\shared\appsdata\groups\17-Xeroxscans\Disabled\Chris\Desktop\Base\15R00X_FSJH OF and CH Consolidation\02_Closeout","CREATOR OWNER","Allow","FullControl","True"
"Y:\ttbntfile1\shared\appsdata\groups\17-Xeroxscans\Disabled\Chris\Desktop\Base\15R00X_FSJH OF and CH Consolidation\02_Closeout","BUILTIN\Administrators","Allow","FullControl","True"
"Y:\ttbntfile1\shared\appsdata\groups\17-Xeroxscans\Disabled\Chris\Desktop\Base\15R00X_FSJH OF and CH Consolidation\02_Closeout","NT AUTHORITY\SYSTEM","Allow","FullControl","True"
"Y:\ttbntfile1\shared\appsdata\groups\17-Xeroxscans\Disabled\Chris\Desktop\Base\15R00X_FSJH OF and CH Consolidation\00_Preconsruction\00_Meeting Minutes","TONNANDBLANK\AVD Test Users","Allow","FullControl","True"
"Y:\ttbntfile1\shared\appsdata\groups\17-Xeroxscans\Disabled\Chris\Desktop\Base\15R00X_FSJH OF and CH Consolidation\00_Preconsruction\00_Meeting Minutes","TONNANDBLANK\impactadmin","Allow","FullControl","True"
"Y:\ttbntfile1\shared\appsdata\groups\17-Xeroxscans\Disabled\Chris\Desktop\Base\15R00X_FSJH OF and CH Consolidation\00_Preconsruction\00_Meeting Minutes","CREATOR OWNER","Allow","FullControl","True"
"Y:\ttbntfile1\shared\appsdata\groups\17-Xeroxscans\Disabled\Chris\Desktop\Base\15R00X_FSJH OF and CH Consolidation\00_Preconsruction\00_Meeting Minutes","BUILTIN\Administrators","Allow","FullControl","True"
"Y:\ttbntfile1\shared\appsdata\groups\17-Xeroxscans\Disabled\Chris\Desktop\Base\15R00X_FSJH OF and CH Consolidation\00_Preconsruction\00_Meeting Minutes","NT AUTHORITY\SYSTEM","Allow","FullControl","True"
"Y:\ttbntfile1\shared\appsdata\groups\17-Xeroxscans\Disabled\Chris\Desktop\FHM CC\BP 1","TONNANDBLANK\AVD Test Users","Allow","FullControl","True"
"Y:\ttbntfile1\shared\appsdata\groups\17-Xeroxscans\Disabled\Chris\Desktop\FHM CC\BP 1","TONNANDBLANK\impactadmin","Allow","FullControl","True"
"Y:\ttbntfile1\shared\appsdata\groups\17-Xeroxscans\Disabled\Chris\Desktop\FHM CC\BP 1","CREATOR OWNER","Allow","FullControl","True"
"Y:\ttbntfile1\shared\appsdata\groups\17-Xeroxscans\Disabled\Chris\Desktop\FHM CC\BP 1","BUILTIN\Administrators","Allow","FullControl","True"
"Y:\ttbntfile1\shared\appsdata\groups\17-Xeroxscans\Disabled\Chris\Desktop\FHM CC\BP 1","NT AUTHORITY\SYSTEM","Allow","FullControl","True"
"Y:\ttbntfile1\shared\appsdata\groups\17-Xeroxscans\Disabled\Christine\Christine Items on Desk Scanned 10.15.20","TONNANDBLANK\AVD Test Users","Allow","FullControl","True"
"Y:\ttbntfile1\shared\appsdata\groups\17-Xeroxscans\Disabled\Christine\Christine Items on Desk Scanned 10.15.20","TONNANDBLANK\impactadmin","Allow","FullControl","True"
"Y:\ttbntfile1\shared\appsdata\groups\17-Xeroxscans\Disabled\Christine\Christine Items on Desk Scanned 10.15.20","CREATOR OWNER","Allow","FullControl","True"
"Y:\ttbntfile1\shared\appsdata\groups\17-Xeroxscans\Disabled\Christine\Christine Items on Desk Scanned 10.15.20","BUILTIN\Administrators","Allow","FullControl","True"
"Y:\ttbntfile1\shared\appsdata\groups\17-Xeroxscans\Disabled\Christine\Christine Items on Desk Scanned 10.15.20","NT AUTHORITY\SYSTEM","Allow","FullControl","True"
"Y:\ttbntfile1\shared\appsdata\groups\17-Xeroxscans\Disabled\Christine\Christine Items on Desk Scanned 10.16.20","TONNANDBLANK\AVD Test Users","Allow","FullControl","True"
"Y:\ttbntfile1\shared\appsdata\groups\17-Xeroxscans\Disabled\Christine\Christine Items on Desk Scanned 10.16.20","TONNANDBLANK\impactadmin","Allow","FullControl","True"
"Y:\ttbntfile1\shared\appsdata\groups\17-Xeroxscans\Disabled\Christine\Christine Items on Desk Scanned 10.16.20","CREATOR OWNER","Allow","FullControl","True"
"Y:\ttbntfile1\shared\appsdata\groups\17-Xeroxscans\Disabled\Christine\Christine Items on Desk Scanned 10.16.20","BUILTIN\Administrators","Allow","FullControl","True"
"Y:\ttbntfile1\shared\appsdata\groups\17-Xeroxscans\Disabled\Christine\Christine Items on Desk Scanned 10.16.20","NT AUTHORITY\SYSTEM","Allow","FullControl","True"
"Y:\ttbntfile1\shared\appsdata\groups\17-Xeroxscans\Disabled\Connie\12Q048 Submittals","TONNANDBLANK\AVD Test Users","Allow","FullControl","True"
"Y:\ttbntfile1\shared\appsdata\groups\17-Xeroxscans\Disabled\Connie\12Q048 Submittals","TONNANDBLANK\impactadmin","Allow","FullControl","True"
"Y:\ttbntfile1\shared\appsdata\groups\17-Xeroxscans\Disabled\Connie\12Q048 Submittals","CREATOR OWNER","Allow","FullControl","True"
"Y:\ttbntfile1\shared\appsdata\groups\17-Xeroxscans\Disabled\Connie\12Q048 Submittals","BUILTIN\Administrators","Allow","FullControl","True"
"Y:\ttbntfile1\shared\appsdata\groups\17-Xeroxscans\Disabled\Connie\12Q048 Submittals","NT AUTHORITY\SYSTEM","Allow","FullControl","True"
"Y:\ttbntfile1\shared\appsdata\groups\17-Xeroxscans\Disabled\Connie\13T002 Vendor Payroll","TONNANDBLANK\AVD Test Users","Allow","FullControl","True"
"Y:\ttbntfile1\shared\appsdata\groups\17-Xeroxscans\Disabled\Connie\13T002 Vendor Payroll","TONNANDBLANK\impactadmin","Allow","FullControl","True"
"Y:\ttbntfile1\shared\appsdata\groups\17-Xeroxscans\Disabled\Connie\13T002 Vendor Payroll","CREATOR OWNER","Allow","FullControl","True"
"Y:\ttbntfile1\shared\appsdata\groups\17-Xeroxscans\Disabled\Connie\13T002 Vendor Payroll","BUILTIN\Administrators","Allow","FullControl","True"
"Y:\ttbntfile1\shared\appsdata\groups\17-Xeroxscans\Disabled\Connie\13T002 Vendor Payroll","NT AUTHORITY\SYSTEM","Allow","FullControl","True"
"Y:\ttbntfile1\shared\appsdata\groups\17-Xeroxscans\Disabled\Connie\BD 12.3.13","TONNANDBLANK\AVD Test Users","Allow","FullControl","True"
"Y:\ttbntfile1\shared\appsdata\groups\17-Xeroxscans\Disabled\Connie\BD 12.3.13","TONNANDBLANK\impactadmin","Allow","FullControl","True"
"Y:\ttbntfile1\shared\appsdata\groups\17-Xeroxscans\Disabled\Connie\BD 12.3.13","CREATOR OWNER","Allow","FullControl","True"
"Y:\ttbntfile1\shared\appsdata\groups\17-Xeroxscans\Disabled\Connie\BD 12.3.13","BUILTIN\Administrators","Allow","FullControl","True"
"Y:\ttbntfile1\shared\appsdata\groups\17-Xeroxscans\Disabled\Connie\BD 12.3.13","NT AUTHORITY\SYSTEM","Allow","FullControl","True"
"Y:\ttbntfile1\shared\appsdata\groups\17-Xeroxscans\Disabled\Connie\Contracts - Misc","TONNANDBLANK\AVD Test Users","Allow","FullControl","True"
"Y:\ttbntfile1\shared\appsdata\groups\17-Xeroxscans\Disabled\Connie\Contracts - Misc","TONNANDBLANK\impactadmin","Allow","FullControl","True"
"Y:\ttbntfile1\shared\appsdata\groups\17-Xeroxscans\Disabled\Connie\Contracts - Misc","CREATOR OWNER","Allow","FullControl","True"
"Y:\ttbntfile1\shared\appsdata\groups\17-Xeroxscans\Disabled\Connie\Contracts - Misc","BUILTIN\Administrators","Allow","FullControl","True"
"Y:\ttbntfile1\shared\appsdata\groups\17-Xeroxscans\Disabled\Connie\Contracts - Misc","NT AUTHORITY\SYSTEM","Allow","FullControl","True"
"Y:\ttbntfile1\shared\appsdata\groups\17-Xeroxscans\Disabled\Connie\Criterion Misc","TONNANDBLANK\AVD Test Users","Allow","FullControl","True"
"Y:\ttbntfile1\shared\appsdata\groups\17-Xeroxscans\Disabled\Connie\Criterion Misc","TONNANDBLANK\impactadmin","Allow","FullControl","True"
"Y:\ttbntfile1\shared\appsdata\groups\17-Xeroxscans\Disabled\Connie\Criterion Misc","CREATOR OWNER","Allow","FullControl","True"
"Y:\ttbntfile1\shared\appsdata\groups\17-Xeroxscans\Disabled\Connie\Criterion Misc","BUILTIN\Administrators","Allow","FullControl","True"
"Y:\ttbntfile1\shared\appsdata\groups\17-Xeroxscans\Disabled\Connie\Criterion Misc","NT AUTHORITY\SYSTEM","Allow","FullControl","True"
"Y:\ttbntfile1\shared\appsdata\groups\17-Xeroxscans\Disabled\Connie\Gilbane 2013 Rates","TONNANDBLANK\AVD Test Users","Allow","FullControl","True"
"Y:\ttbntfile1\shared\appsdata\groups\17-Xeroxscans\Disabled\Connie\Gilbane 2013 Rates","TONNANDBLANK\impactadmin","Allow","FullControl","True"
"Y:\ttbntfile1\shared\appsdata\groups\17-Xeroxscans\Disabled\Connie\Gilbane 2013 Rates","CREATOR OWNER","Allow","FullControl","True"
"Y:\ttbntfile1\shared\appsdata\groups\17-Xeroxscans\Disabled\Connie\Gilbane 2013 Rates","BUILTIN\Administrators","Allow","FullControl","True"
"Y:\ttbntfile1\shared\appsdata\groups\17-Xeroxscans\Disabled\Connie\Gilbane 2013 Rates","NT AUTHORITY\SYSTEM","Allow","FullControl","True"
"Y:\ttbntfile1\shared\appsdata\groups\17-Xeroxscans\Disabled\Connie\Gilbane 2014 Rates","TONNANDBLANK\AVD Test Users","Allow","FullControl","True"
"Y:\ttbntfile1\shared\appsdata\groups\17-Xeroxscans\Disabled\Connie\Gilbane 2014 Rates","TONNANDBLANK\impactadmin","Allow","FullControl","True"
"Y:\ttbntfile1\shared\appsdata\groups\17-Xeroxscans\Disabled\Connie\Gilbane 2014 Rates","CREATOR OWNER","Allow","FullControl","True"
"Y:\ttbntfile1\shared\appsdata\groups\17-Xeroxscans\Disabled\Connie\Gilbane 2014 Rates","BUILTIN\Administrators","Allow","FullControl","True"
"Y:\ttbntfile1\shared\appsdata\groups\17-Xeroxscans\Disabled\Connie\Gilbane 2014 Rates","NT AUTHORITY\SYSTEM","Allow","FullControl","True"
"Y:\ttbntfile1\shared\appsdata\groups\17-Xeroxscans\Disabled\Connie\Misc Bids","TONNANDBLANK\AVD Test Users","Allow","FullControl","True"
"Y:\ttbntfile1\shared\appsdata\groups\17-Xeroxscans\Disabled\Connie\Misc Bids","TONNANDBLANK\impactadmin","Allow","FullControl","True"
"Y:\ttbntfile1\shared\appsdata\groups\17-Xeroxscans\Disabled\Connie\Misc Bids","CREATOR OWNER","Allow","FullControl","True"
"Y:\ttbntfile1\shared\appsdata\groups\17-Xeroxscans\Disabled\Connie\Misc Bids","BUILTIN\Administrators","Allow","FullControl","True"
"Y:\ttbntfile1\shared\appsdata\groups\17-Xeroxscans\Disabled\Connie\Misc Bids","NT AUTHORITY\SYSTEM","Allow","FullControl","True"
"Y:\ttbntfile1\shared\appsdata\groups\17-Xeroxscans\Disabled\Don\13H019 1-22-15","TONNANDBLANK\AVD Test Users","Allow","FullControl","True"
"Y:\ttbntfile1\shared\appsdata\groups\17-Xeroxscans\Disabled\Don\13H019 1-22-15","TONNANDBLANK\impactadmin","Allow","FullControl","True"
"Y:\ttbntfile1\shared\appsdata\groups\17-Xeroxscans\Disabled\Don\13H019 1-22-15","CREATOR OWNER","Allow","FullControl","True"
"Y:\ttbntfile1\shared\appsdata\groups\17-Xeroxscans\Disabled\Don\13H019 1-22-15","BUILTIN\Administrators","Allow","FullControl","True"
"Y:\ttbntfile1\shared\appsdata\groups\17-Xeroxscans\Disabled\Don\13H019 1-22-15","NT AUTHORITY\SYSTEM","Allow","FullControl","True"
"Y:\ttbntfile1\shared\appsdata\groups\17-Xeroxscans\Disabled\Donna\ST105 faxes","TONNANDBLANK\AVD Test Users","Allow","FullControl","True"
"Y:\ttbntfile1\shared\appsdata\groups\17-Xeroxscans\Disabled\Donna\ST105 faxes","TONNANDBLANK\impactadmin","Allow","FullControl","True"
"Y:\ttbntfile1\shared\appsdata\groups\17-Xeroxscans\Disabled\Donna\ST105 faxes","CREATOR OWNER","Allow","FullControl","True"
"Y:\ttbntfile1\shared\appsdata\groups\17-Xeroxscans\Disabled\Donna\ST105 faxes","BUILTIN\Administrators","Allow","FullControl","True"
"Y:\ttbntfile1\shared\appsdata\groups\17-Xeroxscans\Disabled\Donna\ST105 faxes","NT AUTHORITY\SYSTEM","Allow","FullControl","True"
"Y:\ttbntfile1\shared\appsdata\groups\17-Xeroxscans\Disabled\Ernest\Misc","TONNANDBLANK\AVD Test Users","Allow","FullControl","True"
"Y:\ttbntfile1\shared\appsdata\groups\17-Xeroxscans\Disabled\Ernest\Misc","TONNANDBLANK\impactadmin","Allow","FullControl","True"
"Y:\ttbntfile1\shared\appsdata\groups\17-Xeroxscans\Disabled\Ernest\Misc","CREATOR OWNER","Allow","FullControl","True"
"Y:\ttbntfile1\shared\appsdata\groups\17-Xeroxscans\Disabled\Ernest\Misc","BUILTIN\Administrators","Allow","FullControl","True"
"Y:\ttbntfile1\shared\appsdata\groups\17-Xeroxscans\Disabled\Ernest\Misc","NT AUTHORITY\SYSTEM","Allow","FullControl","True"
"Y:\ttbntfile1\shared\appsdata\groups\17-Xeroxscans\Disabled\Jacob\Jacob Billing worksheets - 1-13-21","TONNANDBLANK\AVD Test Users","Allow","FullControl","True"
"Y:\ttbntfile1\shared\appsdata\groups\17-Xeroxscans\Disabled\Jacob\Jacob Billing worksheets - 1-13-21","TONNANDBLANK\impactadmin","Allow","FullControl","True"
"Y:\ttbntfile1\shared\appsdata\groups\17-Xeroxscans\Disabled\Jacob\Jacob Billing worksheets - 1-13-21","CREATOR OWNER","Allow","FullControl","True"
"Y:\ttbntfile1\shared\appsdata\groups\17-Xeroxscans\Disabled\Jacob\Jacob Billing worksheets - 1-13-21","BUILTIN\Administrators","Allow","FullControl","True"
"Y:\ttbntfile1\shared\appsdata\groups\17-Xeroxscans\Disabled\Jacob\Jacob Billing worksheets - 1-13-21","NT AUTHORITY\SYSTEM","Allow","FullControl","True"
"Y:\ttbntfile1\shared\appsdata\groups\17-Xeroxscans\Disabled\Jacob\Jeff","TONNANDBLANK\AVD Test Users","Allow","FullControl","True"
"Y:\ttbntfile1\shared\appsdata\groups\17-Xeroxscans\Disabled\Jacob\Jeff","TONNANDBLANK\impactadmin","Allow","FullControl","True"
"Y:\ttbntfile1\shared\appsdata\groups\17-Xeroxscans\Disabled\Jacob\Jeff","CREATOR OWNER","Allow","FullControl","True"
"Y:\ttbntfile1\shared\appsdata\groups\17-Xeroxscans\Disabled\Jacob\Jeff","BUILTIN\Administrators","Allow","FullControl","True"
"Y:\ttbntfile1\shared\appsdata\groups\17-Xeroxscans\Disabled\Jacob\Jeff","NT AUTHORITY\SYSTEM","Allow","FullControl","True"
"Y:\ttbntfile1\shared\appsdata\groups\17-Xeroxscans\Disabled\Jacob\Jeff\WURTH","TONNANDBLANK\AVD Test Users","Allow","FullControl","True"
"Y:\ttbntfile1\shared\appsdata\groups\17-Xeroxscans\Disabled\Jacob\Jeff\WURTH","TONNANDBLANK\impactadmin","Allow","FullControl","True"
"Y:\ttbntfile1\shared\appsdata\groups\17-Xeroxscans\Disabled\Jacob\Jeff\WURTH","CREATOR OWNER","Allow","FullControl","True"
"Y:\ttbntfile1\shared\appsdata\groups\17-Xeroxscans\Disabled\Jacob\Jeff\WURTH","BUILTIN\Administrators","Allow","FullControl","True"
"Y:\ttbntfile1\shared\appsdata\groups\17-Xeroxscans\Disabled\Jacob\Jeff\WURTH","NT AUTHORITY\SYSTEM","Allow","FullControl","True"
"Y:\ttbntfile1\shared\appsdata\groups\17-Xeroxscans\Disabled\JeffW\Billing Worksheets","TONNANDBLANK\AVD Test Users","Allow","FullControl","True"
"Y:\ttbntfile1\shared\appsdata\groups\17-Xeroxscans\Disabled\JeffW\Billing Worksheets","TONNANDBLANK\impactadmin","Allow","FullControl","True"
"Y:\ttbntfile1\shared\appsdata\groups\17-Xeroxscans\Disabled\JeffW\Billing Worksheets","CREATOR OWNER","Allow","FullControl","True"
"Y:\ttbntfile1\shared\appsdata\groups\17-Xeroxscans\Disabled\JeffW\Billing Worksheets","BUILTIN\Administrators","Allow","FullControl","True"
"Y:\ttbntfile1\shared\appsdata\groups\17-Xeroxscans\Disabled\JeffW\Billing Worksheets","NT AUTHORITY\SYSTEM","Allow","FullControl","True"
"Y:\ttbntfile1\shared\appsdata\groups\17-Xeroxscans\Disabled\JeffW\Billings","TONNANDBLANK\AVD Test Users","Allow","FullControl","True"
"Y:\ttbntfile1\shared\appsdata\groups\17-Xeroxscans\Disabled\JeffW\Billings","TONNANDBLANK\impactadmin","Allow","FullControl","True"
"Y:\ttbntfile1\shared\appsdata\groups\17-Xeroxscans\Disabled\JeffW\Billings","CREATOR OWNER","Allow","FullControl","True"
"Y:\ttbntfile1\shared\appsdata\groups\17-Xeroxscans\Disabled\JeffW\Billings","BUILTIN\Administrators","Allow","FullControl","True"
"Y:\ttbntfile1\shared\appsdata\groups\17-Xeroxscans\Disabled\JeffW\Billings","NT AUTHORITY\SYSTEM","Allow","FullControl","True"
"Y:\ttbntfile1\shared\appsdata\groups\17-Xeroxscans\Disabled\JeffW\Cash Receipts","TONNANDBLANK\AVD Test Users","Allow","FullControl","True"
"Y:\ttbntfile1\shared\appsdata\groups\17-Xeroxscans\Disabled\JeffW\Cash Receipts","TONNANDBLANK\impactadmin","Allow","FullControl","True"
"Y:\ttbntfile1\shared\appsdata\groups\17-Xeroxscans\Disabled\JeffW\Cash Receipts","CREATOR OWNER","Allow","FullControl","True"
"Y:\ttbntfile1\shared\appsdata\groups\17-Xeroxscans\Disabled\JeffW\Cash Receipts","BUILTIN\Administrators","Allow","FullControl","True"
"Y:\ttbntfile1\shared\appsdata\groups\17-Xeroxscans\Disabled\JeffW\Cash Receipts","NT AUTHORITY\SYSTEM","Allow","FullControl","True"
"Y:\ttbntfile1\shared\appsdata\groups\17-Xeroxscans\Disabled\JeffW\COVID Invoices","TONNANDBLANK\AVD Test Users","Allow","FullControl","True"
"Y:\ttbntfile1\shared\appsdata\groups\17-Xeroxscans\Disabled\JeffW\COVID Invoices","TONNANDBLANK\impactadmin","Allow","FullControl","True"
"Y:\ttbntfile1\shared\appsdata\groups\17-Xeroxscans\Disabled\JeffW\COVID Invoices","CREATOR OWNER","Allow","FullControl","True"
"Y:\ttbntfile1\shared\appsdata\groups\17-Xeroxscans\Disabled\JeffW\COVID Invoices","BUILTIN\Administrators","Allow","FullControl","True"
"Y:\ttbntfile1\shared\appsdata\groups\17-Xeroxscans\Disabled\JeffW\COVID Invoices","NT AUTHORITY\SYSTEM","Allow","FullControl","True"
"Y:\ttbntfile1\shared\appsdata\groups\17-Xeroxscans\Disabled\JeffW\Insurance","TONNANDBLANK\AVD Test Users","Allow","FullControl","True"
"Y:\ttbntfile1\shared\appsdata\groups\17-Xeroxscans\Disabled\JeffW\Insurance","TONNANDBLANK\impactadmin","Allow","FullControl","True"
"Y:\ttbntfile1\shared\appsdata\groups\17-Xeroxscans\Disabled\JeffW\Insurance","CREATOR OWNER","Allow","FullControl","True"
"Y:\ttbntfile1\shared\appsdata\groups\17-Xeroxscans\Disabled\JeffW\Insurance","BUILTIN\Administrators","Allow","FullControl","True"
"Y:\ttbntfile1\shared\appsdata\groups\17-Xeroxscans\Disabled\JeffW\Insurance","NT AUTHORITY\SYSTEM","Allow","FullControl","True"
"Y:\ttbntfile1\shared\appsdata\groups\17-Xeroxscans\Disabled\JeffW\January Invoice for jobs over 1.5 million","TONNANDBLANK\AVD Test Users","Allow","FullControl","True"
"Y:\ttbntfile1\shared\appsdata\groups\17-Xeroxscans\Disabled\JeffW\January Invoice for jobs over 1.5 million","TONNANDBLANK\impactadmin","Allow","FullControl","True"
"Y:\ttbntfile1\shared\appsdata\groups\17-Xeroxscans\Disabled\JeffW\January Invoice for jobs over 1.5 million","CREATOR OWNER","Allow","FullControl","True"
"Y:\ttbntfile1\shared\appsdata\groups\17-Xeroxscans\Disabled\JeffW\January Invoice for jobs over 1.5 million","BUILTIN\Administrators","Allow","FullControl","True"
"Y:\ttbntfile1\shared\appsdata\groups\17-Xeroxscans\Disabled\JeffW\January Invoice for jobs over 1.5 million","NT AUTHORITY\SYSTEM","Allow","FullControl","True"
"Y:\ttbntfile1\shared\appsdata\groups\17-Xeroxscans\Disabled\JeffW\Misc. Forms","TONNANDBLANK\AVD Test Users","Allow","FullControl","True"
"Y:\ttbntfile1\shared\appsdata\groups\17-Xeroxscans\Disabled\JeffW\Misc. Forms","TONNANDBLANK\impactadmin","Allow","FullControl","True"
"Y:\ttbntfile1\shared\appsdata\groups\17-Xeroxscans\Disabled\JeffW\Misc. Forms","CREATOR OWNER","Allow","FullControl","True"
"Y:\ttbntfile1\shared\appsdata\groups\17-Xeroxscans\Disabled\JeffW\Misc. Forms","BUILTIN\Administrators","Allow","FullControl","True"
"Y:\ttbntfile1\shared\appsdata\groups\17-Xeroxscans\Disabled\JeffW\Misc. Forms","NT AUTHORITY\SYSTEM","Allow","FullControl","True"
"Y:\ttbntfile1\shared\appsdata\groups\17-Xeroxscans\Disabled\JeffW\Non-Verified COI's","TONNANDBLANK\AVD Test Users","Allow","FullControl","True"
"Y:\ttbntfile1\shared\appsdata\groups\17-Xeroxscans\Disabled\JeffW\Non-Verified COI's","TONNANDBLANK\impactadmin","Allow","FullControl","True"
"Y:\ttbntfile1\shared\appsdata\groups\17-Xeroxscans\Disabled\JeffW\Non-Verified COI's","CREATOR OWNER","Allow","FullControl","True"
"Y:\ttbntfile1\shared\appsdata\groups\17-Xeroxscans\Disabled\JeffW\Non-Verified COI's","BUILTIN\Administrators","Allow","FullControl","True"
"Y:\ttbntfile1\shared\appsdata\groups\17-Xeroxscans\Disabled\JeffW\Non-Verified COI's","NT AUTHORITY\SYSTEM","Allow","FullControl","True"
"Y:\ttbntfile1\shared\appsdata\groups\17-Xeroxscans\Disabled\JeffW\PO's","TONNANDBLANK\AVD Test Users","Allow","FullControl","True"
"Y:\ttbntfile1\shared\appsdata\groups\17-Xeroxscans\Disabled\JeffW\PO's","TONNANDBLANK\impactadmin","Allow","FullControl","True"
"Y:\ttbntfile1\shared\appsdata\groups\17-Xeroxscans\Disabled\JeffW\PO's","CREATOR OWNER","Allow","FullControl","True"
"Y:\ttbntfile1\shared\appsdata\groups\17-Xeroxscans\Disabled\JeffW\PO's","BUILTIN\Administrators","Allow","FullControl","True"
"Y:\ttbntfile1\shared\appsdata\groups\17-Xeroxscans\Disabled\JeffW\PO's","NT AUTHORITY\SYSTEM","Allow","FullControl","True"
"Y:\ttbntfile1\shared\appsdata\groups\17-Xeroxscans\Disabled\JeffW\Policies & Procedures Update","TONNANDBLANK\AVD Test Users","Allow","FullControl","True"
"Y:\ttbntfile1\shared\appsdata\groups\17-Xeroxscans\Disabled\JeffW\Policies & Procedures Update","TONNANDBLANK\impactadmin","Allow","FullControl","True"
"Y:\ttbntfile1\shared\appsdata\groups\17-Xeroxscans\Disabled\JeffW\Policies & Procedures Update","CREATOR OWNER","Allow","FullControl","True"
"Y:\ttbntfile1\shared\appsdata\groups\17-Xeroxscans\Disabled\JeffW\Policies & Procedures Update","BUILTIN\Administrators","Allow","FullControl","True"
"Y:\ttbntfile1\shared\appsdata\groups\17-Xeroxscans\Disabled\JeffW\Policies & Procedures Update","NT AUTHORITY\SYSTEM","Allow","FullControl","True"
"Y:\ttbntfile1\shared\appsdata\groups\17-Xeroxscans\Disabled\JeffW\Billings\19B005 Sub Pencils","TONNANDBLANK\AVD Test Users","Allow","FullControl","True"
"Y:\ttbntfile1\shared\appsdata\groups\17-Xeroxscans\Disabled\JeffW\Billings\19B005 Sub Pencils","TONNANDBLANK\impactadmin","Allow","FullControl","True"
"Y:\ttbntfile1\shared\appsdata\groups\17-Xeroxscans\Disabled\JeffW\Billings\19B005 Sub Pencils","CREATOR OWNER","Allow","FullControl","True"
"Y:\ttbntfile1\shared\appsdata\groups\17-Xeroxscans\Disabled\JeffW\Billings\19B005 Sub Pencils","BUILTIN\Administrators","Allow","FullControl","True"
"Y:\ttbntfile1\shared\appsdata\groups\17-Xeroxscans\Disabled\JeffW\Billings\19B005 Sub Pencils","NT AUTHORITY\SYSTEM","Allow","FullControl","True"
"Y:\ttbntfile1\shared\appsdata\groups\17-Xeroxscans\Disabled\JeffW\Billings\20B020 Sub Pencils","TONNANDBLANK\AVD Test Users","Allow","FullControl","True"
"Y:\ttbntfile1\shared\appsdata\groups\17-Xeroxscans\Disabled\JeffW\Billings\20B020 Sub Pencils","TONNANDBLANK\impactadmin","Allow","FullControl","True"
"Y:\ttbntfile1\shared\appsdata\groups\17-Xeroxscans\Disabled\JeffW\Billings\20B020 Sub Pencils","CREATOR OWNER","Allow","FullControl","True"
"Y:\ttbntfile1\shared\appsdata\groups\17-Xeroxscans\Disabled\JeffW\Billings\20B020 Sub Pencils","BUILTIN\Administrators","Allow","FullControl","True"
"Y:\ttbntfile1\shared\appsdata\groups\17-Xeroxscans\Disabled\JeffW\Billings\20B020 Sub Pencils","NT AUTHORITY\SYSTEM","Allow","FullControl","True"
"Y:\ttbntfile1\shared\appsdata\groups\17-Xeroxscans\Disabled\JeffW\Billings\Sub Reports","TONNANDBLANK\AVD Test Users","Allow","FullControl","True"
"Y:\ttbntfile1\shared\appsdata\groups\17-Xeroxscans\Disabled\JeffW\Billings\Sub Reports","TONNANDBLANK\impactadmin","Allow","FullControl","True"
"Y:\ttbntfile1\shared\appsdata\groups\17-Xeroxscans\Disabled\JeffW\Billings\Sub Reports","CREATOR OWNER","Allow","FullControl","True"
"Y:\ttbntfile1\shared\appsdata\groups\17-Xeroxscans\Disabled\JeffW\Billings\Sub Reports","BUILTIN\Administrators","Allow","FullControl","True"
"Y:\ttbntfile1\shared\appsdata\groups\17-Xeroxscans\Disabled\JeffW\Billings\Sub Reports","NT AUTHORITY\SYSTEM","Allow","FullControl","True"
"Y:\ttbntfile1\shared\appsdata\groups\17-Xeroxscans\Disabled\JeffW\Billings\Sub Reports\11-30-20 Sub Report","TONNANDBLANK\AVD Test Users","Allow","FullControl","True"
"Y:\ttbntfile1\shared\appsdata\groups\17-Xeroxscans\Disabled\JeffW\Billings\Sub Reports\11-30-20 Sub Report","TONNANDBLANK\impactadmin","Allow","FullControl","True"
"Y:\ttbntfile1\shared\appsdata\groups\17-Xeroxscans\Disabled\JeffW\Billings\Sub Reports\11-30-20 Sub Report","CREATOR OWNER","Allow","FullControl","True"
"Y:\ttbntfile1\shared\appsdata\groups\17-Xeroxscans\Disabled\JeffW\Billings\Sub Reports\11-30-20 Sub Report","BUILTIN\Administrators","Allow","FullControl","True"
"Y:\ttbntfile1\shared\appsdata\groups\17-Xeroxscans\Disabled\JeffW\Billings\Sub Reports\11-30-20 Sub Report","NT AUTHORITY\SYSTEM","Allow","FullControl","True"
"Y:\ttbntfile1\shared\appsdata\groups\17-Xeroxscans\Disabled\JeffW\Billings\Sub Reports\12-02-20","TONNANDBLANK\AVD Test Users","Allow","FullControl","True"
"Y:\ttbntfile1\shared\appsdata\groups\17-Xeroxscans\Disabled\JeffW\Billings\Sub Reports\12-02-20","TONNANDBLANK\impactadmin","Allow","FullControl","True"
"Y:\ttbntfile1\shared\appsdata\groups\17-Xeroxscans\Disabled\JeffW\Billings\Sub Reports\12-02-20","CREATOR OWNER","Allow","FullControl","True"
"Y:\ttbntfile1\shared\appsdata\groups\17-Xeroxscans\Disabled\JeffW\Billings\Sub Reports\12-02-20","BUILTIN\Administrators","Allow","FullControl","True"
"Y:\ttbntfile1\shared\appsdata\groups\17-Xeroxscans\Disabled\JeffW\Billings\Sub Reports\12-02-20","NT AUTHORITY\SYSTEM","Allow","FullControl","True"
"Y:\ttbntfile1\shared\appsdata\groups\17-Xeroxscans\Disabled\JeffW\Billings\Sub Reports\12-03-20","TONNANDBLANK\AVD Test Users","Allow","FullControl","True"
"Y:\ttbntfile1\shared\appsdata\groups\17-Xeroxscans\Disabled\JeffW\Billings\Sub Reports\12-03-20","TONNANDBLANK\impactadmin","Allow","FullControl","True"
"Y:\ttbntfile1\shared\appsdata\groups\17-Xeroxscans\Disabled\JeffW\Billings\Sub Reports\12-03-20","CREATOR OWNER","Allow","FullControl","True"
"Y:\ttbntfile1\shared\appsdata\groups\17-Xeroxscans\Disabled\JeffW\Billings\Sub Reports\12-03-20","BUILTIN\Administrators","Allow","FullControl","True"
"Y:\ttbntfile1\shared\appsdata\groups\17-Xeroxscans\Disabled\JeffW\Billings\Sub Reports\12-03-20","NT AUTHORITY\SYSTEM","Allow","FullControl","True"
"Y:\ttbntfile1\shared\appsdata\groups\17-Xeroxscans\Disabled\JeffW\Billings\Sub Reports\12-07-20","TONNANDBLANK\AVD Test Users","Allow","FullControl","True"
"Y:\ttbntfile1\shared\appsdata\groups\17-Xeroxscans\Disabled\JeffW\Billings\Sub Reports\12-07-20","TONNANDBLANK\impactadmin","Allow","FullControl","True"
"Y:\ttbntfile1\shared\appsdata\groups\17-Xeroxscans\Disabled\JeffW\Billings\Sub Reports\12-07-20","CREATOR OWNER","Allow","FullControl","True"
"Y:\ttbntfile1\shared\appsdata\groups\17-Xeroxscans\Disabled\JeffW\Billings\Sub Reports\12-07-20","BUILTIN\Administrators","Allow","FullControl","True"
"Y:\ttbntfile1\shared\appsdata\groups\17-Xeroxscans\Disabled\JeffW\Billings\Sub Reports\12-07-20","NT AUTHORITY\SYSTEM","Allow","FullControl","True"
"Y:\ttbntfile1\shared\appsdata\groups\17-Xeroxscans\Disabled\JeffW\Billings\Sub Reports\12-09-20","TONNANDBLANK\AVD Test Users","Allow","FullControl","True"
"Y:\ttbntfile1\shared\appsdata\groups\17-Xeroxscans\Disabled\JeffW\Billings\Sub Reports\12-09-20","TONNANDBLANK\impactadmin","Allow","FullControl","True"
"Y:\ttbntfile1\shared\appsdata\groups\17-Xeroxscans\Disabled\JeffW\Billings\Sub Reports\12-09-20","CREATOR OWNER","Allow","FullControl","True"
"Y:\ttbntfile1\shared\appsdata\groups\17-Xeroxscans\Disabled\JeffW\Billings\Sub Reports\12-09-20","BUILTIN\Administrators","Allow","FullControl","True"
"Y:\ttbntfile1\shared\appsdata\groups\17-Xeroxscans\Disabled\JeffW\Billings\Sub Reports\12-09-20","NT AUTHORITY\SYSTEM","Allow","FullControl","True"
"Y:\ttbntfile1\shared\appsdata\groups\17-Xeroxscans\Disabled\JeffW\Billings\Sub Reports\12-10-20","TONNANDBLANK\AVD Test Users","Allow","FullControl","True"
"Y:\ttbntfile1\shared\appsdata\groups\17-Xeroxscans\Disabled\JeffW\Billings\Sub Reports\12-10-20","TONNANDBLANK\impactadmin","Allow","FullControl","True"
"Y:\ttbntfile1\shared\appsdata\groups\17-Xeroxscans\Disabled\JeffW\Billings\Sub Reports\12-10-20","CREATOR OWNER","Allow","FullControl","True"
"Y:\ttbntfile1\shared\appsdata\groups\17-Xeroxscans\Disabled\JeffW\Billings\Sub Reports\12-10-20","BUILTIN\Administrators","Allow","FullControl","True"
"Y:\ttbntfile1\shared\appsdata\groups\17-Xeroxscans\Disabled\JeffW\Billings\Sub Reports\12-10-20","NT AUTHORITY\SYSTEM","Allow","FullControl","True"
"Y:\ttbntfile1\shared\appsdata\groups\17-Xeroxscans\Disabled\JeffW\Billings\Sub Reports\12-11-20","TONNANDBLANK\AVD Test Users","Allow","FullControl","True"
"Y:\ttbntfile1\shared\appsdata\groups\17-Xeroxscans\Disabled\JeffW\Billings\Sub Reports\12-11-20","TONNANDBLANK\impactadmin","Allow","FullControl","True"
"Y:\ttbntfile1\shared\appsdata\groups\17-Xeroxscans\Disabled\JeffW\Billings\Sub Reports\12-11-20","CREATOR OWNER","Allow","FullControl","True"
"Y:\ttbntfile1\shared\appsdata\groups\17-Xeroxscans\Disabled\JeffW\Billings\Sub Reports\12-11-20","BUILTIN\Administrators","Allow","FullControl","True"
"Y:\ttbntfile1\shared\appsdata\groups\17-Xeroxscans\Disabled\JeffW\Billings\Sub Reports\12-11-20","NT AUTHORITY\SYSTEM","Allow","FullControl","True"
"Y:\ttbntfile1\shared\appsdata\groups\17-Xeroxscans\Disabled\JeffW\Billings\Sub Reports\12-14-20","TONNANDBLANK\AVD Test Users","Allow","FullControl","True"
"Y:\ttbntfile1\shared\appsdata\groups\17-Xeroxscans\Disabled\JeffW\Billings\Sub Reports\12-14-20","TONNANDBLANK\impactadmin","Allow","FullControl","True"
"Y:\ttbntfile1\shared\appsdata\groups\17-Xeroxscans\Disabled\JeffW\Billings\Sub Reports\12-14-20","CREATOR OWNER","Allow","FullControl","True"
"Y:\ttbntfile1\shared\appsdata\groups\17-Xeroxscans\Disabled\JeffW\Billings\Sub Reports\12-14-20","BUILTIN\Administrators","Allow","FullControl","True"
"Y:\ttbntfile1\shared\appsdata\groups\17-Xeroxscans\Disabled\JeffW\Billings\Sub Reports\12-14-20","NT AUTHORITY\SYSTEM","Allow","FullControl","True"
"Y:\ttbntfile1\shared\appsdata\groups\17-Xeroxscans\Disabled\JeffW\Billings\Sub Reports\12-15-20","TONNANDBLANK\AVD Test Users","Allow","FullControl","True"
"Y:\ttbntfile1\shared\appsdata\groups\17-Xeroxscans\Disabled\JeffW\Billings\Sub Reports\12-15-20","TONNANDBLANK\impactadmin","Allow","FullControl","True"
"Y:\ttbntfile1\shared\appsdata\groups\17-Xeroxscans\Disabled\JeffW\Billings\Sub Reports\12-15-20","CREATOR OWNER","Allow","FullControl","True"
"Y:\ttbntfile1\shared\appsdata\groups\17-Xeroxscans\Disabled\JeffW\Billings\Sub Reports\12-15-20","BUILTIN\Administrators","Allow","FullControl","True"
"Y:\ttbntfile1\shared\appsdata\groups\17-Xeroxscans\Disabled\JeffW\Billings\Sub Reports\12-15-20","NT AUTHORITY\SYSTEM","Allow","FullControl","True"
"Y:\ttbntfile1\shared\appsdata\groups\17-Xeroxscans\Disabled\JeffW\COVID Invoices\Previously sent invoices","TONNANDBLANK\AVD Test Users","Allow","FullControl","True"
"Y:\ttbntfile1\shared\appsdata\groups\17-Xeroxscans\Disabled\JeffW\COVID Invoices\Previously sent invoices","TONNANDBLANK\impactadmin","Allow","FullControl","True"
"Y:\ttbntfile1\shared\appsdata\groups\17-Xeroxscans\Disabled\JeffW\COVID Invoices\Previously sent invoices","CREATOR OWNER","Allow","FullControl","True"
"Y:\ttbntfile1\shared\appsdata\groups\17-Xeroxscans\Disabled\JeffW\COVID Invoices\Previously sent invoices","BUILTIN\Administrators","Allow","FullControl","True"
"Y:\ttbntfile1\shared\appsdata\groups\17-Xeroxscans\Disabled\JeffW\COVID Invoices\Previously sent invoices","NT AUTHORITY\SYSTEM","Allow","FullControl","True"
"Y:\ttbntfile1\shared\appsdata\groups\17-Xeroxscans\Disabled\JeffW\COVID Invoices\WIPs","TONNANDBLANK\AVD Test Users","Allow","FullControl","True"
"Y:\ttbntfile1\shared\appsdata\groups\17-Xeroxscans\Disabled\JeffW\COVID Invoices\WIPs","TONNANDBLANK\impactadmin","Allow","FullControl","True"
"Y:\ttbntfile1\shared\appsdata\groups\17-Xeroxscans\Disabled\JeffW\COVID Invoices\WIPs","CREATOR OWNER","Allow","FullControl","True"
"Y:\ttbntfile1\shared\appsdata\groups\17-Xeroxscans\Disabled\JeffW\COVID Invoices\WIPs","BUILTIN\Administrators","Allow","FullControl","True"
"Y:\ttbntfile1\shared\appsdata\groups\17-Xeroxscans\Disabled\JeffW\COVID Invoices\WIPs","NT AUTHORITY\SYSTEM","Allow","FullControl","True"
"Y:\ttbntfile1\shared\appsdata\groups\17-Xeroxscans\Disabled\JeffW\Insurance\AM Best Ratings","TONNANDBLANK\AVD Test Users","Allow","FullControl","True"
"Y:\ttbntfile1\shared\appsdata\groups\17-Xeroxscans\Disabled\JeffW\Insurance\AM Best Ratings","TONNANDBLANK\impactadmin","Allow","FullControl","True"
"Y:\ttbntfile1\shared\appsdata\groups\17-Xeroxscans\Disabled\JeffW\Insurance\AM Best Ratings","CREATOR OWNER","Allow","FullControl","True"
"Y:\ttbntfile1\shared\appsdata\groups\17-Xeroxscans\Disabled\JeffW\Insurance\AM Best Ratings","BUILTIN\Administrators","Allow","FullControl","True"
"Y:\ttbntfile1\shared\appsdata\groups\17-Xeroxscans\Disabled\JeffW\Insurance\AM Best Ratings","NT AUTHORITY\SYSTEM","Allow","FullControl","True"
"Y:\ttbntfile1\shared\appsdata\groups\17-Xeroxscans\Disabled\Kim\Billing Worksheets","TONNANDBLANK\AVD Test Users","Allow","FullControl","True"
"Y:\ttbntfile1\shared\appsdata\groups\17-Xeroxscans\Disabled\Kim\Billing Worksheets","TONNANDBLANK\impactadmin","Allow","FullControl","True"
"Y:\ttbntfile1\shared\appsdata\groups\17-Xeroxscans\Disabled\Kim\Billing Worksheets","CREATOR OWNER","Allow","FullControl","True"
"Y:\ttbntfile1\shared\appsdata\groups\17-Xeroxscans\Disabled\Kim\Billing Worksheets","BUILTIN\Administrators","Allow","FullControl","True"
"Y:\ttbntfile1\shared\appsdata\groups\17-Xeroxscans\Disabled\Kim\Billing Worksheets","NT AUTHORITY\SYSTEM","Allow","FullControl","True"
"Y:\ttbntfile1\shared\appsdata\groups\17-Xeroxscans\Disabled\Kim\Billing Worksheets\01-20-23","TONNANDBLANK\AVD Test Users","Allow","FullControl","True"
"Y:\ttbntfile1\shared\appsdata\groups\17-Xeroxscans\Disabled\Kim\Billing Worksheets\01-20-23","TONNANDBLANK\impactadmin","Allow","FullControl","True"
"Y:\ttbntfile1\shared\appsdata\groups\17-Xeroxscans\Disabled\Kim\Billing Worksheets\01-20-23","CREATOR OWNER","Allow","FullControl","True"
"Y:\ttbntfile1\shared\appsdata\groups\17-Xeroxscans\Disabled\Kim\Billing Worksheets\01-20-23","BUILTIN\Administrators","Allow","FullControl","True"
"Y:\ttbntfile1\shared\appsdata\groups\17-Xeroxscans\Disabled\Kim\Billing Worksheets\01-20-23","NT AUTHORITY\SYSTEM","Allow","FullControl","True"
"Y:\ttbntfile1\shared\appsdata\groups\17-Xeroxscans\Disabled\Kim\Billing Worksheets\02-21-23","TONNANDBLANK\AVD Test Users","Allow","FullControl","True"
"Y:\ttbntfile1\shared\appsdata\groups\17-Xeroxscans\Disabled\Kim\Billing Worksheets\02-21-23","TONNANDBLANK\impactadmin","Allow","FullControl","True"
"Y:\ttbntfile1\shared\appsdata\groups\17-Xeroxscans\Disabled\Kim\Billing Worksheets\02-21-23","CREATOR OWNER","Allow","FullControl","True"
"Y:\ttbntfile1\shared\appsdata\groups\17-Xeroxscans\Disabled\Kim\Billing Worksheets\02-21-23","BUILTIN\Administrators","Allow","FullControl","True"
"Y:\ttbntfile1\shared\appsdata\groups\17-Xeroxscans\Disabled\Kim\Billing Worksheets\02-21-23","NT AUTHORITY\SYSTEM","Allow","FullControl","True"
"Y:\ttbntfile1\shared\appsdata\groups\17-Xeroxscans\Disabled\Kim\Billing Worksheets\2022","TONNANDBLANK\AVD Test Users","Allow","FullControl","True"
"Y:\ttbntfile1\shared\appsdata\groups\17-Xeroxscans\Disabled\Kim\Billing Worksheets\2022","TONNANDBLANK\impactadmin","Allow","FullControl","True"
"Y:\ttbntfile1\shared\appsdata\groups\17-Xeroxscans\Disabled\Kim\Billing Worksheets\2022","CREATOR OWNER","Allow","FullControl","True"
"Y:\ttbntfile1\shared\appsdata\groups\17-Xeroxscans\Disabled\Kim\Billing Worksheets\2022","BUILTIN\Administrators","Allow","FullControl","True"
"Y:\ttbntfile1\shared\appsdata\groups\17-Xeroxscans\Disabled\Kim\Billing Worksheets\2022","NT AUTHORITY\SYSTEM","Allow","FullControl","True"
"Y:\ttbntfile1\shared\appsdata\groups\17-Xeroxscans\Disabled\Kim\Billing Worksheets\2022\05-20-22","TONNANDBLANK\AVD Test Users","Allow","FullControl","True"
"Y:\ttbntfile1\shared\appsdata\groups\17-Xeroxscans\Disabled\Kim\Billing Worksheets\2022\05-20-22","TONNANDBLANK\impactadmin","Allow","FullControl","True"
"Y:\ttbntfile1\shared\appsdata\groups\17-Xeroxscans\Disabled\Kim\Billing Worksheets\2022\05-20-22","CREATOR OWNER","Allow","FullControl","True"
"Y:\ttbntfile1\shared\appsdata\groups\17-Xeroxscans\Disabled\Kim\Billing Worksheets\2022\05-20-22","BUILTIN\Administrators","Allow","FullControl","True"
"Y:\ttbntfile1\shared\appsdata\groups\17-Xeroxscans\Disabled\Kim\Billing Worksheets\2022\05-20-22","NT AUTHORITY\SYSTEM","Allow","FullControl","True"
"Y:\ttbntfile1\shared\appsdata\groups\17-Xeroxscans\Disabled\Kim\Billing Worksheets\2022\06-21-22","TONNANDBLANK\AVD Test Users","Allow","FullControl","True"
"Y:\ttbntfile1\shared\appsdata\groups\17-Xeroxscans\Disabled\Kim\Billing Worksheets\2022\06-21-22","TONNANDBLANK\impactadmin","Allow","FullControl","True"
"Y:\ttbntfile1\shared\appsdata\groups\17-Xeroxscans\Disabled\Kim\Billing Worksheets\2022\06-21-22","CREATOR OWNER","Allow","FullControl","True"
"Y:\ttbntfile1\shared\appsdata\groups\17-Xeroxscans\Disabled\Kim\Billing Worksheets\2022\06-21-22","BUILTIN\Administrators","Allow","FullControl","True"
"Y:\ttbntfile1\shared\appsdata\groups\17-Xeroxscans\Disabled\Kim\Billing Worksheets\2022\06-21-22","NT AUTHORITY\SYSTEM","Allow","FullControl","True"
"Y:\ttbntfile1\shared\appsdata\groups\17-Xeroxscans\Disabled\Kim\Billing Worksheets\2022\07-20-22","TONNANDBLANK\AVD Test Users","Allow","FullControl","True"
"Y:\ttbntfile1\shared\appsdata\groups\17-Xeroxscans\Disabled\Kim\Billing Worksheets\2022\07-20-22","TONNANDBLANK\impactadmin","Allow","FullControl","True"
"Y:\ttbntfile1\shared\appsdata\groups\17-Xeroxscans\Disabled\Kim\Billing Worksheets\2022\07-20-22","CREATOR OWNER","Allow","FullControl","True"
"Y:\ttbntfile1\shared\appsdata\groups\17-Xeroxscans\Disabled\Kim\Billing Worksheets\2022\07-20-22","BUILTIN\Administrators","Allow","FullControl","True"
"Y:\ttbntfile1\shared\appsdata\groups\17-Xeroxscans\Disabled\Kim\Billing Worksheets\2022\07-20-22","NT AUTHORITY\SYSTEM","Allow","FullControl","True"
"Y:\ttbntfile1\shared\appsdata\groups\17-Xeroxscans\Disabled\Kim\Billing Worksheets\2022\08-19-22","TONNANDBLANK\AVD Test Users","Allow","FullControl","True"
"Y:\ttbntfile1\shared\appsdata\groups\17-Xeroxscans\Disabled\Kim\Billing Worksheets\2022\08-19-22","TONNANDBLANK\impactadmin","Allow","FullControl","True"
"Y:\ttbntfile1\shared\appsdata\groups\17-Xeroxscans\Disabled\Kim\Billing Worksheets\2022\08-19-22","CREATOR OWNER","Allow","FullControl","True"
"Y:\ttbntfile1\shared\appsdata\groups\17-Xeroxscans\Disabled\Kim\Billing Worksheets\2022\08-19-22","BUILTIN\Administrators","Allow","FullControl","True"
"Y:\ttbntfile1\shared\appsdata\groups\17-Xeroxscans\Disabled\Kim\Billing Worksheets\2022\08-19-22","NT AUTHORITY\SYSTEM","Allow","FullControl","True"
"Y:\ttbntfile1\shared\appsdata\groups\17-Xeroxscans\Disabled\Kim\Billing Worksheets\2022\09-20-22","TONNANDBLANK\AVD Test Users","Allow","FullControl","True"
"Y:\ttbntfile1\shared\appsdata\groups\17-Xeroxscans\Disabled\Kim\Billing Worksheets\2022\09-20-22","TONNANDBLANK\impactadmin","Allow","FullControl","True"
"Y:\ttbntfile1\shared\appsdata\groups\17-Xeroxscans\Disabled\Kim\Billing Worksheets\2022\09-20-22","CREATOR OWNER","Allow","FullControl","True"
"Y:\ttbntfile1\shared\appsdata\groups\17-Xeroxscans\Disabled\Kim\Billing Worksheets\2022\09-20-22","BUILTIN\Administrators","Allow","FullControl","True"
"Y:\ttbntfile1\shared\appsdata\groups\17-Xeroxscans\Disabled\Kim\Billing Worksheets\2022\09-20-22","NT AUTHORITY\SYSTEM","Allow","FullControl","True"
"Y:\ttbntfile1\shared\appsdata\groups\17-Xeroxscans\Disabled\Kim\Billing Worksheets\2022\10-19-22","TONNANDBLANK\AVD Test Users","Allow","FullControl","True"
"Y:\ttbntfile1\shared\appsdata\groups\17-Xeroxscans\Disabled\Kim\Billing Worksheets\2022\10-19-22","TONNANDBLANK\impactadmin","Allow","FullControl","True"
"Y:\ttbntfile1\shared\appsdata\groups\17-Xeroxscans\Disabled\Kim\Billing Worksheets\2022\10-19-22","CREATOR OWNER","Allow","FullControl","True"
"Y:\ttbntfile1\shared\appsdata\groups\17-Xeroxscans\Disabled\Kim\Billing Worksheets\2022\10-19-22","BUILTIN\Administrators","Allow","FullControl","True"
"Y:\ttbntfile1\shared\appsdata\groups\17-Xeroxscans\Disabled\Kim\Billing Worksheets\2022\10-19-22","NT AUTHORITY\SYSTEM","Allow","FullControl","True"
"Y:\ttbntfile1\shared\appsdata\groups\17-Xeroxscans\Disabled\Kim\Billing Worksheets\2022\11-18-22","TONNANDBLANK\AVD Test Users","Allow","FullControl","True"
"Y:\ttbntfile1\shared\appsdata\groups\17-Xeroxscans\Disabled\Kim\Billing Worksheets\2022\11-18-22","TONNANDBLANK\impactadmin","Allow","FullControl","True"
"Y:\ttbntfile1\shared\appsdata\groups\17-Xeroxscans\Disabled\Kim\Billing Worksheets\2022\11-18-22","CREATOR OWNER","Allow","FullControl","True"
"Y:\ttbntfile1\shared\appsdata\groups\17-Xeroxscans\Disabled\Kim\Billing Worksheets\2022\11-18-22","BUILTIN\Administrators","Allow","FullControl","True"
"Y:\ttbntfile1\shared\appsdata\groups\17-Xeroxscans\Disabled\Kim\Billing Worksheets\2022\11-18-22","NT AUTHORITY\SYSTEM","Allow","FullControl","True"
"Y:\ttbntfile1\shared\appsdata\groups\17-Xeroxscans\Disabled\Kim\Billing Worksheets\2022\12-06-22","TONNANDBLANK\AVD Test Users","Allow","FullControl","True"
"Y:\ttbntfile1\shared\appsdata\groups\17-Xeroxscans\Disabled\Kim\Billing Worksheets\2022\12-06-22","TONNANDBLANK\impactadmin","Allow","FullControl","True"
"Y:\ttbntfile1\shared\appsdata\groups\17-Xeroxscans\Disabled\Kim\Billing Worksheets\2022\12-06-22","CREATOR OWNER","Allow","FullControl","True"
"Y:\ttbntfile1\shared\appsdata\groups\17-Xeroxscans\Disabled\Kim\Billing Worksheets\2022\12-06-22","BUILTIN\Administrators","Allow","FullControl","True"
"Y:\ttbntfile1\shared\appsdata\groups\17-Xeroxscans\Disabled\Kim\Billing Worksheets\2022\12-06-22","NT AUTHORITY\SYSTEM","Allow","FullControl","True"
"Y:\ttbntfile1\shared\appsdata\groups\17-Xeroxscans\Disabled\Kim\Billing Worksheets\2022\12-20-22","TONNANDBLANK\AVD Test Users","Allow","FullControl","True"
"Y:\ttbntfile1\shared\appsdata\groups\17-Xeroxscans\Disabled\Kim\Billing Worksheets\2022\12-20-22","TONNANDBLANK\impactadmin","Allow","FullControl","True"
"Y:\ttbntfile1\shared\appsdata\groups\17-Xeroxscans\Disabled\Kim\Billing Worksheets\2022\12-20-22","CREATOR OWNER","Allow","FullControl","True"
"Y:\ttbntfile1\shared\appsdata\groups\17-Xeroxscans\Disabled\Kim\Billing Worksheets\2022\12-20-22","BUILTIN\Administrators","Allow","FullControl","True"
"Y:\ttbntfile1\shared\appsdata\groups\17-Xeroxscans\Disabled\Kim\Billing Worksheets\2022\12-20-22","NT AUTHORITY\SYSTEM","Allow","FullControl","True"
"Y:\ttbntfile1\shared\appsdata\groups\17-Xeroxscans\Disabled\Kristina\06Z002 commitments","TONNANDBLANK\AVD Test Users","Allow","FullControl","True"
"Y:\ttbntfile1\shared\appsdata\groups\17-Xeroxscans\Disabled\Kristina\06Z002 commitments","TONNANDBLANK\impactadmin","Allow","FullControl","True"
"Y:\ttbntfile1\shared\appsdata\groups\17-Xeroxscans\Disabled\Kristina\06Z002 commitments","CREATOR OWNER","Allow","FullControl","True"
"Y:\ttbntfile1\shared\appsdata\groups\17-Xeroxscans\Disabled\Kristina\06Z002 commitments","BUILTIN\Administrators","Allow","FullControl","True"
"Y:\ttbntfile1\shared\appsdata\groups\17-Xeroxscans\Disabled\Kristina\06Z002 commitments","NT AUTHORITY\SYSTEM","Allow","FullControl","True"
"Y:\ttbntfile1\shared\appsdata\groups\17-Xeroxscans\Disabled\Kristina\11P005 commitments","TONNANDBLANK\AVD Test Users","Allow","FullControl","True"
"Y:\ttbntfile1\shared\appsdata\groups\17-Xeroxscans\Disabled\Kristina\11P005 commitments","TONNANDBLANK\impactadmin","Allow","FullControl","True"
"Y:\ttbntfile1\shared\appsdata\groups\17-Xeroxscans\Disabled\Kristina\11P005 commitments","CREATOR OWNER","Allow","FullControl","True"
"Y:\ttbntfile1\shared\appsdata\groups\17-Xeroxscans\Disabled\Kristina\11P005 commitments","BUILTIN\Administrators","Allow","FullControl","True"
"Y:\ttbntfile1\shared\appsdata\groups\17-Xeroxscans\Disabled\Kristina\11P005 commitments","NT AUTHORITY\SYSTEM","Allow","FullControl","True"
"Y:\ttbntfile1\shared\appsdata\groups\17-Xeroxscans\Disabled\Kristina\Pending list - history","TONNANDBLANK\AVD Test Users","Allow","FullControl","True"
"Y:\ttbntfile1\shared\appsdata\groups\17-Xeroxscans\Disabled\Kristina\Pending list - history","TONNANDBLANK\impactadmin","Allow","FullControl","True"
"Y:\ttbntfile1\shared\appsdata\groups\17-Xeroxscans\Disabled\Kristina\Pending list - history","CREATOR OWNER","Allow","FullControl","True"
"Y:\ttbntfile1\shared\appsdata\groups\17-Xeroxscans\Disabled\Kristina\Pending list - history","BUILTIN\Administrators","Allow","FullControl","True"
"Y:\ttbntfile1\shared\appsdata\groups\17-Xeroxscans\Disabled\Kristina\Pending list - history","NT AUTHORITY\SYSTEM","Allow","FullControl","True"
"Y:\ttbntfile1\shared\appsdata\groups\17-Xeroxscans\Disabled\Kristina\Sub COIs without Open Commitments","TONNANDBLANK\AVD Test Users","Allow","FullControl","True"
"Y:\ttbntfile1\shared\appsdata\groups\17-Xeroxscans\Disabled\Kristina\Sub COIs without Open Commitments","TONNANDBLANK\impactadmin","Allow","FullControl","True"
"Y:\ttbntfile1\shared\appsdata\groups\17-Xeroxscans\Disabled\Kristina\Sub COIs without Open Commitments","CREATOR OWNER","Allow","FullControl","True"
"Y:\ttbntfile1\shared\appsdata\groups\17-Xeroxscans\Disabled\Kristina\Sub COIs without Open Commitments","BUILTIN\Administrators","Allow","FullControl","True"
"Y:\ttbntfile1\shared\appsdata\groups\17-Xeroxscans\Disabled\Kristina\Sub COIs without Open Commitments","NT AUTHORITY\SYSTEM","Allow","FullControl","True"
"Y:\ttbntfile1\shared\appsdata\groups\17-Xeroxscans\Disabled\Kristina\Pending list - history\2013","TONNANDBLANK\AVD Test Users","Allow","FullControl","True"
"Y:\ttbntfile1\shared\appsdata\groups\17-Xeroxscans\Disabled\Kristina\Pending list - history\2013","TONNANDBLANK\impactadmin","Allow","FullControl","True"
"Y:\ttbntfile1\shared\appsdata\groups\17-Xeroxscans\Disabled\Kristina\Pending list - history\2013","CREATOR OWNER","Allow","FullControl","True"
"Y:\ttbntfile1\shared\appsdata\groups\17-Xeroxscans\Disabled\Kristina\Pending list - history\2013","BUILTIN\Administrators","Allow","FullControl","True"
"Y:\ttbntfile1\shared\appsdata\groups\17-Xeroxscans\Disabled\Kristina\Pending list - history\2013","NT AUTHORITY\SYSTEM","Allow","FullControl","True"
"Y:\ttbntfile1\shared\appsdata\groups\17-Xeroxscans\Disabled\MaryP\Affiliated PO's","TONNANDBLANK\AVD Test Users","Allow","FullControl","True"
"Y:\ttbntfile1\shared\appsdata\groups\17-Xeroxscans\Disabled\MaryP\Affiliated PO's","TONNANDBLANK\impactadmin","Allow","FullControl","True"
"Y:\ttbntfile1\shared\appsdata\groups\17-Xeroxscans\Disabled\MaryP\Affiliated PO's","CREATOR OWNER","Allow","FullControl","True"
"Y:\ttbntfile1\shared\appsdata\groups\17-Xeroxscans\Disabled\MaryP\Affiliated PO's","BUILTIN\Administrators","Allow","FullControl","True"
"Y:\ttbntfile1\shared\appsdata\groups\17-Xeroxscans\Disabled\MaryP\Affiliated PO's","NT AUTHORITY\SYSTEM","Allow","FullControl","True"
"Y:\ttbntfile1\shared\appsdata\groups\17-Xeroxscans\Disabled\MaryP\AIA","TONNANDBLANK\AVD Test Users","Allow","FullControl","True"
"Y:\ttbntfile1\shared\appsdata\groups\17-Xeroxscans\Disabled\MaryP\AIA","TONNANDBLANK\impactadmin","Allow","FullControl","True"
"Y:\ttbntfile1\shared\appsdata\groups\17-Xeroxscans\Disabled\MaryP\AIA","CREATOR OWNER","Allow","FullControl","True"
"Y:\ttbntfile1\shared\appsdata\groups\17-Xeroxscans\Disabled\MaryP\AIA","BUILTIN\Administrators","Allow","FullControl","True"
"Y:\ttbntfile1\shared\appsdata\groups\17-Xeroxscans\Disabled\MaryP\AIA","NT AUTHORITY\SYSTEM","Allow","FullControl","True"
"Y:\ttbntfile1\shared\appsdata\groups\17-Xeroxscans\Disabled\MaryP\retain","TONNANDBLANK\AVD Test Users","Allow","FullControl","True"
"Y:\ttbntfile1\shared\appsdata\groups\17-Xeroxscans\Disabled\MaryP\retain","TONNANDBLANK\impactadmin","Allow","FullControl","True"
"Y:\ttbntfile1\shared\appsdata\groups\17-Xeroxscans\Disabled\MaryP\retain","CREATOR OWNER","Allow","FullControl","True"
"Y:\ttbntfile1\shared\appsdata\groups\17-Xeroxscans\Disabled\MaryP\retain","BUILTIN\Administrators","Allow","FullControl","True"
"Y:\ttbntfile1\shared\appsdata\groups\17-Xeroxscans\Disabled\MaryP\retain","NT AUTHORITY\SYSTEM","Allow","FullControl","True"
"Y:\ttbntfile1\shared\appsdata\groups\17-Xeroxscans\Disabled\MaryP\Zeeland","TONNANDBLANK\AVD Test Users","Allow","FullControl","True"
"Y:\ttbntfile1\shared\appsdata\groups\17-Xeroxscans\Disabled\MaryP\Zeeland","TONNANDBLANK\impactadmin","Allow","FullControl","True"
"Y:\ttbntfile1\shared\appsdata\groups\17-Xeroxscans\Disabled\MaryP\Zeeland","CREATOR OWNER","Allow","FullControl","True"
"Y:\ttbntfile1\shared\appsdata\groups\17-Xeroxscans\Disabled\MaryP\Zeeland","BUILTIN\Administrators","Allow","FullControl","True"
"Y:\ttbntfile1\shared\appsdata\groups\17-Xeroxscans\Disabled\MaryP\Zeeland","NT AUTHORITY\SYSTEM","Allow","FullControl","True"
"Y:\ttbntfile1\shared\appsdata\groups\17-Xeroxscans\Disabled\MattK\invoices","TONNANDBLANK\AVD Test Users","Allow","FullControl","True"
"Y:\ttbntfile1\shared\appsdata\groups\17-Xeroxscans\Disabled\MattK\invoices","TONNANDBLANK\impactadmin","Allow","FullControl","True"
"Y:\ttbntfile1\shared\appsdata\groups\17-Xeroxscans\Disabled\MattK\invoices","CREATOR OWNER","Allow","FullControl","True"
"Y:\ttbntfile1\shared\appsdata\groups\17-Xeroxscans\Disabled\MattK\invoices","BUILTIN\Administrators","Allow","FullControl","True"
"Y:\ttbntfile1\shared\appsdata\groups\17-Xeroxscans\Disabled\MattK\invoices","NT AUTHORITY\SYSTEM","Allow","FullControl","True"
"Y:\ttbntfile1\shared\appsdata\groups\17-Xeroxscans\Disabled\MattK\MK","TONNANDBLANK\AVD Test Users","Allow","FullControl","True"
"Y:\ttbntfile1\shared\appsdata\groups\17-Xeroxscans\Disabled\MattK\MK","TONNANDBLANK\impactadmin","Allow","FullControl","True"
"Y:\ttbntfile1\shared\appsdata\groups\17-Xeroxscans\Disabled\MattK\MK","CREATOR OWNER","Allow","FullControl","True"
"Y:\ttbntfile1\shared\appsdata\groups\17-Xeroxscans\Disabled\MattK\MK","BUILTIN\Administrators","Allow","FullControl","True"
"Y:\ttbntfile1\shared\appsdata\groups\17-Xeroxscans\Disabled\MattK\MK","NT AUTHORITY\SYSTEM","Allow","FullControl","True"
"Y:\ttbntfile1\shared\appsdata\groups\17-Xeroxscans\Disabled\MattK\MK\fais","TONNANDBLANK\AVD Test Users","Allow","FullControl","True"
"Y:\ttbntfile1\shared\appsdata\groups\17-Xeroxscans\Disabled\MattK\MK\fais","TONNANDBLANK\impactadmin","Allow","FullControl","True"
"Y:\ttbntfile1\shared\appsdata\groups\17-Xeroxscans\Disabled\MattK\MK\fais","CREATOR OWNER","Allow","FullControl","True"
"Y:\ttbntfile1\shared\appsdata\groups\17-Xeroxscans\Disabled\MattK\MK\fais","BUILTIN\Administrators","Allow","FullControl","True"
"Y:\ttbntfile1\shared\appsdata\groups\17-Xeroxscans\Disabled\MattK\MK\fais","NT AUTHORITY\SYSTEM","Allow","FullControl","True"
"Y:\ttbntfile1\shared\appsdata\groups\17-Xeroxscans\Disabled\MattK\MK\Fleet Lists","TONNANDBLANK\AVD Test Users","Allow","FullControl","True"
"Y:\ttbntfile1\shared\appsdata\groups\17-Xeroxscans\Disabled\MattK\MK\Fleet Lists","TONNANDBLANK\impactadmin","Allow","FullControl","True"
"Y:\ttbntfile1\shared\appsdata\groups\17-Xeroxscans\Disabled\MattK\MK\Fleet Lists","CREATOR OWNER","Allow","FullControl","True"
"Y:\ttbntfile1\shared\appsdata\groups\17-Xeroxscans\Disabled\MattK\MK\Fleet Lists","BUILTIN\Administrators","Allow","FullControl","True"
"Y:\ttbntfile1\shared\appsdata\groups\17-Xeroxscans\Disabled\MattK\MK\Fleet Lists","NT AUTHORITY\SYSTEM","Allow","FullControl","True"
"Y:\ttbntfile1\shared\appsdata\groups\17-Xeroxscans\Disabled\MattK\MK\Forms","TONNANDBLANK\AVD Test Users","Allow","FullControl","True"
"Y:\ttbntfile1\shared\appsdata\groups\17-Xeroxscans\Disabled\MattK\MK\Forms","TONNANDBLANK\impactadmin","Allow","FullControl","True"
"Y:\ttbntfile1\shared\appsdata\groups\17-Xeroxscans\Disabled\MattK\MK\Forms","CREATOR OWNER","Allow","FullControl","True"
"Y:\ttbntfile1\shared\appsdata\groups\17-Xeroxscans\Disabled\MattK\MK\Forms","BUILTIN\Administrators","Allow","FullControl","True"
"Y:\ttbntfile1\shared\appsdata\groups\17-Xeroxscans\Disabled\MattK\MK\Forms","NT AUTHORITY\SYSTEM","Allow","FullControl","True"
"Y:\ttbntfile1\shared\appsdata\groups\17-Xeroxscans\Disabled\MattK\MK\Highlights Calc","TONNANDBLANK\AVD Test Users","Allow","FullControl","True"
"Y:\ttbntfile1\shared\appsdata\groups\17-Xeroxscans\Disabled\MattK\MK\Highlights Calc","TONNANDBLANK\impactadmin","Allow","FullControl","True"
"Y:\ttbntfile1\shared\appsdata\groups\17-Xeroxscans\Disabled\MattK\MK\Highlights Calc","CREATOR OWNER","Allow","FullControl","True"
"Y:\ttbntfile1\shared\appsdata\groups\17-Xeroxscans\Disabled\MattK\MK\Highlights Calc","BUILTIN\Administrators","Allow","FullControl","True"
"Y:\ttbntfile1\shared\appsdata\groups\17-Xeroxscans\Disabled\MattK\MK\Highlights Calc","NT AUTHORITY\SYSTEM","Allow","FullControl","True"
"Y:\ttbntfile1\shared\appsdata\groups\17-Xeroxscans\Disabled\MattK\MK\Misc","TONNANDBLANK\AVD Test Users","Allow","FullControl","True"
"Y:\ttbntfile1\shared\appsdata\groups\17-Xeroxscans\Disabled\MattK\MK\Misc","TONNANDBLANK\impactadmin","Allow","FullControl","True"
"Y:\ttbntfile1\shared\appsdata\groups\17-Xeroxscans\Disabled\MattK\MK\Misc","CREATOR OWNER","Allow","FullControl","True"
"Y:\ttbntfile1\shared\appsdata\groups\17-Xeroxscans\Disabled\MattK\MK\Misc","BUILTIN\Administrators","Allow","FullControl","True"
"Y:\ttbntfile1\shared\appsdata\groups\17-Xeroxscans\Disabled\MattK\MK\Misc","NT AUTHORITY\SYSTEM","Allow","FullControl","True"
"Y:\ttbntfile1\shared\appsdata\groups\17-Xeroxscans\Disabled\MattK\MK\Sub over 60","TONNANDBLANK\AVD Test Users","Allow","FullControl","True"
"Y:\ttbntfile1\shared\appsdata\groups\17-Xeroxscans\Disabled\MattK\MK\Sub over 60","TONNANDBLANK\impactadmin","Allow","FullControl","True"
"Y:\ttbntfile1\shared\appsdata\groups\17-Xeroxscans\Disabled\MattK\MK\Sub over 60","CREATOR OWNER","Allow","FullControl","True"
"Y:\ttbntfile1\shared\appsdata\groups\17-Xeroxscans\Disabled\MattK\MK\Sub over 60","BUILTIN\Administrators","Allow","FullControl","True"
"Y:\ttbntfile1\shared\appsdata\groups\17-Xeroxscans\Disabled\MattK\MK\Sub over 60","NT AUTHORITY\SYSTEM","Allow","FullControl","True"
"Y:\ttbntfile1\shared\appsdata\groups\17-Xeroxscans\Disabled\MattK\MK\fais\Banking & CC's","TONNANDBLANK\AVD Test Users","Allow","FullControl","True"
"Y:\ttbntfile1\shared\appsdata\groups\17-Xeroxscans\Disabled\MattK\MK\fais\Banking & CC's","TONNANDBLANK\impactadmin","Allow","FullControl","True"
"Y:\ttbntfile1\shared\appsdata\groups\17-Xeroxscans\Disabled\MattK\MK\fais\Banking & CC's","CREATOR OWNER","Allow","FullControl","True"
"Y:\ttbntfile1\shared\appsdata\groups\17-Xeroxscans\Disabled\MattK\MK\fais\Banking & CC's","BUILTIN\Administrators","Allow","FullControl","True"
"Y:\ttbntfile1\shared\appsdata\groups\17-Xeroxscans\Disabled\MattK\MK\fais\Banking & CC's","NT AUTHORITY\SYSTEM","Allow","FullControl","True"
"Y:\ttbntfile1\shared\appsdata\groups\17-Xeroxscans\Disabled\MattK\MK\fais\Banking & CC's\2016 -1410","TONNANDBLANK\AVD Test Users","Allow","FullControl","True"
"Y:\ttbntfile1\shared\appsdata\groups\17-Xeroxscans\Disabled\MattK\MK\fais\Banking & CC's\2016 -1410","TONNANDBLANK\impactadmin","Allow","FullControl","True"
"Y:\ttbntfile1\shared\appsdata\groups\17-Xeroxscans\Disabled\MattK\MK\fais\Banking & CC's\2016 -1410","CREATOR OWNER","Allow","FullControl","True"
"Y:\ttbntfile1\shared\appsdata\groups\17-Xeroxscans\Disabled\MattK\MK\fais\Banking & CC's\2016 -1410","BUILTIN\Administrators","Allow","FullControl","True"
"Y:\ttbntfile1\shared\appsdata\groups\17-Xeroxscans\Disabled\MattK\MK\fais\Banking & CC's\2016 -1410","NT AUTHORITY\SYSTEM","Allow","FullControl","True"
"Y:\ttbntfile1\shared\appsdata\groups\17-Xeroxscans\Disabled\MattK\MK\fais\Banking & CC's\Binder","TONNANDBLANK\AVD Test Users","Allow","FullControl","True"
"Y:\ttbntfile1\shared\appsdata\groups\17-Xeroxscans\Disabled\MattK\MK\fais\Banking & CC's\Binder","TONNANDBLANK\impactadmin","Allow","FullControl","True"
"Y:\ttbntfile1\shared\appsdata\groups\17-Xeroxscans\Disabled\MattK\MK\fais\Banking & CC's\Binder","CREATOR OWNER","Allow","FullControl","True"
"Y:\ttbntfile1\shared\appsdata\groups\17-Xeroxscans\Disabled\MattK\MK\fais\Banking & CC's\Binder","BUILTIN\Administrators","Allow","FullControl","True"
"Y:\ttbntfile1\shared\appsdata\groups\17-Xeroxscans\Disabled\MattK\MK\fais\Banking & CC's\Binder","NT AUTHORITY\SYSTEM","Allow","FullControl","True"
"Y:\ttbntfile1\shared\appsdata\groups\17-Xeroxscans\Disabled\MattK\MK\Fleet Lists\Heavy Highway Form 2290","TONNANDBLANK\AVD Test Users","Allow","FullControl","True"
"Y:\ttbntfile1\shared\appsdata\groups\17-Xeroxscans\Disabled\MattK\MK\Fleet Lists\Heavy Highway Form 2290","TONNANDBLANK\impactadmin","Allow","FullControl","True"
"Y:\ttbntfile1\shared\appsdata\groups\17-Xeroxscans\Disabled\MattK\MK\Fleet Lists\Heavy Highway Form 2290","CREATOR OWNER","Allow","FullControl","True"
"Y:\ttbntfile1\shared\appsdata\groups\17-Xeroxscans\Disabled\MattK\MK\Fleet Lists\Heavy Highway Form 2290","BUILTIN\Administrators","Allow","FullControl","True"
"Y:\ttbntfile1\shared\appsdata\groups\17-Xeroxscans\Disabled\MattK\MK\Fleet Lists\Heavy Highway Form 2290","NT AUTHORITY\SYSTEM","Allow","FullControl","True"
"Y:\ttbntfile1\shared\appsdata\groups\17-Xeroxscans\Disabled\MattK\MK\Highlights Calc\2017","TONNANDBLANK\AVD Test Users","Allow","FullControl","True"
"Y:\ttbntfile1\shared\appsdata\groups\17-Xeroxscans\Disabled\MattK\MK\Highlights Calc\2017","TONNANDBLANK\impactadmin","Allow","FullControl","True"
"Y:\ttbntfile1\shared\appsdata\groups\17-Xeroxscans\Disabled\MattK\MK\Highlights Calc\2017","CREATOR OWNER","Allow","FullControl","True"
"Y:\ttbntfile1\shared\appsdata\groups\17-Xeroxscans\Disabled\MattK\MK\Highlights Calc\2017","BUILTIN\Administrators","Allow","FullControl","True"
"Y:\ttbntfile1\shared\appsdata\groups\17-Xeroxscans\Disabled\MattK\MK\Highlights Calc\2017","NT AUTHORITY\SYSTEM","Allow","FullControl","True"
"Y:\ttbntfile1\shared\appsdata\groups\17-Xeroxscans\Disabled\MattK\MK\Highlights Calc\2018","TONNANDBLANK\AVD Test Users","Allow","FullControl","True"
"Y:\ttbntfile1\shared\appsdata\groups\17-Xeroxscans\Disabled\MattK\MK\Highlights Calc\2018","TONNANDBLANK\impactadmin","Allow","FullControl","True"
"Y:\ttbntfile1\shared\appsdata\groups\17-Xeroxscans\Disabled\MattK\MK\Highlights Calc\2018","CREATOR OWNER","Allow","FullControl","True"
"Y:\ttbntfile1\shared\appsdata\groups\17-Xeroxscans\Disabled\MattK\MK\Highlights Calc\2018","BUILTIN\Administrators","Allow","FullControl","True"
"Y:\ttbntfile1\shared\appsdata\groups\17-Xeroxscans\Disabled\MattK\MK\Highlights Calc\2018","NT AUTHORITY\SYSTEM","Allow","FullControl","True"
"Y:\ttbntfile1\shared\appsdata\groups\17-Xeroxscans\Disabled\MattK\MK\Highlights Calc\2018\2018 Highlights Calc","TONNANDBLANK\AVD Test Users","Allow","FullControl","True"
"Y:\ttbntfile1\shared\appsdata\groups\17-Xeroxscans\Disabled\MattK\MK\Highlights Calc\2018\2018 Highlights Calc","TONNANDBLANK\impactadmin","Allow","FullControl","True"
"Y:\ttbntfile1\shared\appsdata\groups\17-Xeroxscans\Disabled\MattK\MK\Highlights Calc\2018\2018 Highlights Calc","CREATOR OWNER","Allow","FullControl","True"
"Y:\ttbntfile1\shared\appsdata\groups\17-Xeroxscans\Disabled\MattK\MK\Highlights Calc\2018\2018 Highlights Calc","BUILTIN\Administrators","Allow","FullControl","True"
"Y:\ttbntfile1\shared\appsdata\groups\17-Xeroxscans\Disabled\MattK\MK\Highlights Calc\2018\2018 Highlights Calc","NT AUTHORITY\SYSTEM","Allow","FullControl","True"
"Y:\ttbntfile1\shared\appsdata\groups\17-Xeroxscans\Disabled\MattK\MK\Sub over 60\2017","TONNANDBLANK\AVD Test Users","Allow","FullControl","True"
"Y:\ttbntfile1\shared\appsdata\groups\17-Xeroxscans\Disabled\MattK\MK\Sub over 60\2017","TONNANDBLANK\impactadmin","Allow","FullControl","True"
"Y:\ttbntfile1\shared\appsdata\groups\17-Xeroxscans\Disabled\MattK\MK\Sub over 60\2017","CREATOR OWNER","Allow","FullControl","True"
"Y:\ttbntfile1\shared\appsdata\groups\17-Xeroxscans\Disabled\MattK\MK\Sub over 60\2017","BUILTIN\Administrators","Allow","FullControl","True"
"Y:\ttbntfile1\shared\appsdata\groups\17-Xeroxscans\Disabled\MattK\MK\Sub over 60\2017","NT AUTHORITY\SYSTEM","Allow","FullControl","True"
"Y:\ttbntfile1\shared\appsdata\groups\17-Xeroxscans\Disabled\Michele\AP ST105 faxes","TONNANDBLANK\AVD Test Users","Allow","FullControl","True"
"Y:\ttbntfile1\shared\appsdata\groups\17-Xeroxscans\Disabled\Michele\AP ST105 faxes","TONNANDBLANK\impactadmin","Allow","FullControl","True"
"Y:\ttbntfile1\shared\appsdata\groups\17-Xeroxscans\Disabled\Michele\AP ST105 faxes","CREATOR OWNER","Allow","FullControl","True"
"Y:\ttbntfile1\shared\appsdata\groups\17-Xeroxscans\Disabled\Michele\AP ST105 faxes","BUILTIN\Administrators","Allow","FullControl","True"
"Y:\ttbntfile1\shared\appsdata\groups\17-Xeroxscans\Disabled\Michele\AP ST105 faxes","NT AUTHORITY\SYSTEM","Allow","FullControl","True"
"Y:\ttbntfile1\shared\appsdata\groups\17-Xeroxscans\Disabled\Michele\Assets","TONNANDBLANK\AVD Test Users","Allow","FullControl","True"
"Y:\ttbntfile1\shared\appsdata\groups\17-Xeroxscans\Disabled\Michele\Assets","TONNANDBLANK\impactadmin","Allow","FullControl","True"
"Y:\ttbntfile1\shared\appsdata\groups\17-Xeroxscans\Disabled\Michele\Assets","CREATOR OWNER","Allow","FullControl","True"
"Y:\ttbntfile1\shared\appsdata\groups\17-Xeroxscans\Disabled\Michele\Assets","BUILTIN\Administrators","Allow","FullControl","True"
"Y:\ttbntfile1\shared\appsdata\groups\17-Xeroxscans\Disabled\Michele\Assets","NT AUTHORITY\SYSTEM","Allow","FullControl","True"
"Y:\ttbntfile1\shared\appsdata\groups\17-Xeroxscans\Disabled\Michele\Meals & Entertainment","TONNANDBLANK\AVD Test Users","Allow","FullControl","True"
"Y:\ttbntfile1\shared\appsdata\groups\17-Xeroxscans\Disabled\Michele\Meals & Entertainment","TONNANDBLANK\impactadmin","Allow","FullControl","True"
"Y:\ttbntfile1\shared\appsdata\groups\17-Xeroxscans\Disabled\Michele\Meals & Entertainment","CREATOR OWNER","Allow","FullControl","True"
"Y:\ttbntfile1\shared\appsdata\groups\17-Xeroxscans\Disabled\Michele\Meals & Entertainment","BUILTIN\Administrators","Allow","FullControl","True"
"Y:\ttbntfile1\shared\appsdata\groups\17-Xeroxscans\Disabled\Michele\Meals & Entertainment","NT AUTHORITY\SYSTEM","Allow","FullControl","True"
"Y:\ttbntfile1\shared\appsdata\groups\17-Xeroxscans\Disabled\Michele\Assets\Misc Tool Purchases","TONNANDBLANK\AVD Test Users","Allow","FullControl","True"
"Y:\ttbntfile1\shared\appsdata\groups\17-Xeroxscans\Disabled\Michele\Assets\Misc Tool Purchases","TONNANDBLANK\impactadmin","Allow","FullControl","True"
"Y:\ttbntfile1\shared\appsdata\groups\17-Xeroxscans\Disabled\Michele\Assets\Misc Tool Purchases","CREATOR OWNER","Allow","FullControl","True"
"Y:\ttbntfile1\shared\appsdata\groups\17-Xeroxscans\Disabled\Michele\Assets\Misc Tool Purchases","BUILTIN\Administrators","Allow","FullControl","True"
"Y:\ttbntfile1\shared\appsdata\groups\17-Xeroxscans\Disabled\Michele\Assets\Misc Tool Purchases","NT AUTHORITY\SYSTEM","Allow","FullControl","True"
"Y:\ttbntfile1\shared\appsdata\groups\17-Xeroxscans\Disabled\Michele\Assets\Retired Tool Reports","TONNANDBLANK\AVD Test Users","Allow","FullControl","True"
"Y:\ttbntfile1\shared\appsdata\groups\17-Xeroxscans\Disabled\Michele\Assets\Retired Tool Reports","TONNANDBLANK\impactadmin","Allow","FullControl","True"
"Y:\ttbntfile1\shared\appsdata\groups\17-Xeroxscans\Disabled\Michele\Assets\Retired Tool Reports","CREATOR OWNER","Allow","FullControl","True"
"Y:\ttbntfile1\shared\appsdata\groups\17-Xeroxscans\Disabled\Michele\Assets\Retired Tool Reports","BUILTIN\Administrators","Allow","FullControl","True"
"Y:\ttbntfile1\shared\appsdata\groups\17-Xeroxscans\Disabled\Michele\Assets\Retired Tool Reports","NT AUTHORITY\SYSTEM","Allow","FullControl","True"
"Y:\ttbntfile1\shared\appsdata\groups\17-Xeroxscans\Disabled\Michele\Meals & Entertainment\2019 Sports Tix","TONNANDBLANK\AVD Test Users","Allow","FullControl","True"
"Y:\ttbntfile1\shared\appsdata\groups\17-Xeroxscans\Disabled\Michele\Meals & Entertainment\2019 Sports Tix","TONNANDBLANK\impactadmin","Allow","FullControl","True"
"Y:\ttbntfile1\shared\appsdata\groups\17-Xeroxscans\Disabled\Michele\Meals & Entertainment\2019 Sports Tix","CREATOR OWNER","Allow","FullControl","True"
"Y:\ttbntfile1\shared\appsdata\groups\17-Xeroxscans\Disabled\Michele\Meals & Entertainment\2019 Sports Tix","BUILTIN\Administrators","Allow","FullControl","True"
"Y:\ttbntfile1\shared\appsdata\groups\17-Xeroxscans\Disabled\Michele\Meals & Entertainment\2019 Sports Tix","NT AUTHORITY\SYSTEM","Allow","FullControl","True"
"Y:\ttbntfile1\shared\appsdata\groups\17-Xeroxscans\Disabled\Michele\Meals & Entertainment\M&E Receipts","TONNANDBLANK\AVD Test Users","Allow","FullControl","True"
"Y:\ttbntfile1\shared\appsdata\groups\17-Xeroxscans\Disabled\Michele\Meals & Entertainment\M&E Receipts","TONNANDBLANK\impactadmin","Allow","FullControl","True"
"Y:\ttbntfile1\shared\appsdata\groups\17-Xeroxscans\Disabled\Michele\Meals & Entertainment\M&E Receipts","CREATOR OWNER","Allow","FullControl","True"
"Y:\ttbntfile1\shared\appsdata\groups\17-Xeroxscans\Disabled\Michele\Meals & Entertainment\M&E Receipts","BUILTIN\Administrators","Allow","FullControl","True"
"Y:\ttbntfile1\shared\appsdata\groups\17-Xeroxscans\Disabled\Michele\Meals & Entertainment\M&E Receipts","NT AUTHORITY\SYSTEM","Allow","FullControl","True"
"Y:\ttbntfile1\shared\appsdata\groups\17-Xeroxscans\Disabled\Michele\Meals & Entertainment\M&E Receipts\BOA","TONNANDBLANK\AVD Test Users","Allow","FullControl","True"
"Y:\ttbntfile1\shared\appsdata\groups\17-Xeroxscans\Disabled\Michele\Meals & Entertainment\M&E Receipts\BOA","TONNANDBLANK\impactadmin","Allow","FullControl","True"
"Y:\ttbntfile1\shared\appsdata\groups\17-Xeroxscans\Disabled\Michele\Meals & Entertainment\M&E Receipts\BOA","CREATOR OWNER","Allow","FullControl","True"
"Y:\ttbntfile1\shared\appsdata\groups\17-Xeroxscans\Disabled\Michele\Meals & Entertainment\M&E Receipts\BOA","BUILTIN\Administrators","Allow","FullControl","True"
"Y:\ttbntfile1\shared\appsdata\groups\17-Xeroxscans\Disabled\Michele\Meals & Entertainment\M&E Receipts\BOA","NT AUTHORITY\SYSTEM","Allow","FullControl","True"
"Y:\ttbntfile1\shared\appsdata\groups\17-Xeroxscans\Disabled\Michele\Meals & Entertainment\M&E Receipts\Catellier","TONNANDBLANK\AVD Test Users","Allow","FullControl","True"
"Y:\ttbntfile1\shared\appsdata\groups\17-Xeroxscans\Disabled\Michele\Meals & Entertainment\M&E Receipts\Catellier","TONNANDBLANK\impactadmin","Allow","FullControl","True"
"Y:\ttbntfile1\shared\appsdata\groups\17-Xeroxscans\Disabled\Michele\Meals & Entertainment\M&E Receipts\Catellier","CREATOR OWNER","Allow","FullControl","True"
"Y:\ttbntfile1\shared\appsdata\groups\17-Xeroxscans\Disabled\Michele\Meals & Entertainment\M&E Receipts\Catellier","BUILTIN\Administrators","Allow","FullControl","True"
"Y:\ttbntfile1\shared\appsdata\groups\17-Xeroxscans\Disabled\Michele\Meals & Entertainment\M&E Receipts\Catellier","NT AUTHORITY\SYSTEM","Allow","FullControl","True"
"Y:\ttbntfile1\shared\appsdata\groups\17-Xeroxscans\Disabled\Michele\Meals & Entertainment\M&E Receipts\Cipares","TONNANDBLANK\AVD Test Users","Allow","FullControl","True"
"Y:\ttbntfile1\shared\appsdata\groups\17-Xeroxscans\Disabled\Michele\Meals & Entertainment\M&E Receipts\Cipares","TONNANDBLANK\impactadmin","Allow","FullControl","True"
"Y:\ttbntfile1\shared\appsdata\groups\17-Xeroxscans\Disabled\Michele\Meals & Entertainment\M&E Receipts\Cipares","CREATOR OWNER","Allow","FullControl","True"
"Y:\ttbntfile1\shared\appsdata\groups\17-Xeroxscans\Disabled\Michele\Meals & Entertainment\M&E Receipts\Cipares","BUILTIN\Administrators","Allow","FullControl","True"
"Y:\ttbntfile1\shared\appsdata\groups\17-Xeroxscans\Disabled\Michele\Meals & Entertainment\M&E Receipts\Cipares","NT AUTHORITY\SYSTEM","Allow","FullControl","True"
"Y:\ttbntfile1\shared\appsdata\groups\17-Xeroxscans\Disabled\Michele\Meals & Entertainment\M&E Receipts\Delich","TONNANDBLANK\AVD Test Users","Allow","FullControl","True"
"Y:\ttbntfile1\shared\appsdata\groups\17-Xeroxscans\Disabled\Michele\Meals & Entertainment\M&E Receipts\Delich","TONNANDBLANK\impactadmin","Allow","FullControl","True"
"Y:\ttbntfile1\shared\appsdata\groups\17-Xeroxscans\Disabled\Michele\Meals & Entertainment\M&E Receipts\Delich","CREATOR OWNER","Allow","FullControl","True"
"Y:\ttbntfile1\shared\appsdata\groups\17-Xeroxscans\Disabled\Michele\Meals & Entertainment\M&E Receipts\Delich","BUILTIN\Administrators","Allow","FullControl","True"
"Y:\ttbntfile1\shared\appsdata\groups\17-Xeroxscans\Disabled\Michele\Meals & Entertainment\M&E Receipts\Delich","NT AUTHORITY\SYSTEM","Allow","FullControl","True"
"Y:\ttbntfile1\shared\appsdata\groups\17-Xeroxscans\Disabled\Michele\Meals & Entertainment\M&E Receipts\Dyer","TONNANDBLANK\AVD Test Users","Allow","FullControl","True"
"Y:\ttbntfile1\shared\appsdata\groups\17-Xeroxscans\Disabled\Michele\Meals & Entertainment\M&E Receipts\Dyer","TONNANDBLANK\impactadmin","Allow","FullControl","True"
"Y:\ttbntfile1\shared\appsdata\groups\17-Xeroxscans\Disabled\Michele\Meals & Entertainment\M&E Receipts\Dyer","CREATOR OWNER","Allow","FullControl","True"
"Y:\ttbntfile1\shared\appsdata\groups\17-Xeroxscans\Disabled\Michele\Meals & Entertainment\M&E Receipts\Dyer","BUILTIN\Administrators","Allow","FullControl","True"
"Y:\ttbntfile1\shared\appsdata\groups\17-Xeroxscans\Disabled\Michele\Meals & Entertainment\M&E Receipts\Dyer","NT AUTHORITY\SYSTEM","Allow","FullControl","True"
"Y:\ttbntfile1\shared\appsdata\groups\17-Xeroxscans\Disabled\Michele\Meals & Entertainment\M&E Receipts\Eckiss","TONNANDBLANK\AVD Test Users","Allow","FullControl","True"
"Y:\ttbntfile1\shared\appsdata\groups\17-Xeroxscans\Disabled\Michele\Meals & Entertainment\M&E Receipts\Eckiss","TONNANDBLANK\impactadmin","Allow","FullControl","True"
"Y:\ttbntfile1\shared\appsdata\groups\17-Xeroxscans\Disabled\Michele\Meals & Entertainment\M&E Receipts\Eckiss","CREATOR OWNER","Allow","FullControl","True"
"Y:\ttbntfile1\shared\appsdata\groups\17-Xeroxscans\Disabled\Michele\Meals & Entertainment\M&E Receipts\Eckiss","BUILTIN\Administrators","Allow","FullControl","True"
"Y:\ttbntfile1\shared\appsdata\groups\17-Xeroxscans\Disabled\Michele\Meals & Entertainment\M&E Receipts\Eckiss","NT AUTHORITY\SYSTEM","Allow","FullControl","True"
"Y:\ttbntfile1\shared\appsdata\groups\17-Xeroxscans\Disabled\Michele\Meals & Entertainment\M&E Receipts\Gilmore","TONNANDBLANK\AVD Test Users","Allow","FullControl","True"
"Y:\ttbntfile1\shared\appsdata\groups\17-Xeroxscans\Disabled\Michele\Meals & Entertainment\M&E Receipts\Gilmore","TONNANDBLANK\impactadmin","Allow","FullControl","True"
"Y:\ttbntfile1\shared\appsdata\groups\17-Xeroxscans\Disabled\Michele\Meals & Entertainment\M&E Receipts\Gilmore","CREATOR OWNER","Allow","FullControl","True"
"Y:\ttbntfile1\shared\appsdata\groups\17-Xeroxscans\Disabled\Michele\Meals & Entertainment\M&E Receipts\Gilmore","BUILTIN\Administrators","Allow","FullControl","True"
"Y:\ttbntfile1\shared\appsdata\groups\17-Xeroxscans\Disabled\Michele\Meals & Entertainment\M&E Receipts\Gilmore","NT AUTHORITY\SYSTEM","Allow","FullControl","True"
"Y:\ttbntfile1\shared\appsdata\groups\17-Xeroxscans\Disabled\Michele\Meals & Entertainment\M&E Receipts\LaGrange","TONNANDBLANK\AVD Test Users","Allow","FullControl","True"
"Y:\ttbntfile1\shared\appsdata\groups\17-Xeroxscans\Disabled\Michele\Meals & Entertainment\M&E Receipts\LaGrange","TONNANDBLANK\impactadmin","Allow","FullControl","True"
"Y:\ttbntfile1\shared\appsdata\groups\17-Xeroxscans\Disabled\Michele\Meals & Entertainment\M&E Receipts\LaGrange","CREATOR OWNER","Allow","FullControl","True"
"Y:\ttbntfile1\shared\appsdata\groups\17-Xeroxscans\Disabled\Michele\Meals & Entertainment\M&E Receipts\LaGrange","BUILTIN\Administrators","Allow","FullControl","True"
"Y:\ttbntfile1\shared\appsdata\groups\17-Xeroxscans\Disabled\Michele\Meals & Entertainment\M&E Receipts\LaGrange","NT AUTHORITY\SYSTEM","Allow","FullControl","True"
"Y:\ttbntfile1\shared\appsdata\groups\17-Xeroxscans\Disabled\Michele\Meals & Entertainment\M&E Receipts\Mathes","TONNANDBLANK\AVD Test Users","Allow","FullControl","True"
"Y:\ttbntfile1\shared\appsdata\groups\17-Xeroxscans\Disabled\Michele\Meals & Entertainment\M&E Receipts\Mathes","TONNANDBLANK\impactadmin","Allow","FullControl","True"
"Y:\ttbntfile1\shared\appsdata\groups\17-Xeroxscans\Disabled\Michele\Meals & Entertainment\M&E Receipts\Mathes","CREATOR OWNER","Allow","FullControl","True"
"Y:\ttbntfile1\shared\appsdata\groups\17-Xeroxscans\Disabled\Michele\Meals & Entertainment\M&E Receipts\Mathes","BUILTIN\Administrators","Allow","FullControl","True"
"Y:\ttbntfile1\shared\appsdata\groups\17-Xeroxscans\Disabled\Michele\Meals & Entertainment\M&E Receipts\Mathes","NT AUTHORITY\SYSTEM","Allow","FullControl","True"
"Y:\ttbntfile1\shared\appsdata\groups\17-Xeroxscans\Disabled\Michele\Meals & Entertainment\M&E Receipts\Roesli","TONNANDBLANK\AVD Test Users","Allow","FullControl","True"
"Y:\ttbntfile1\shared\appsdata\groups\17-Xeroxscans\Disabled\Michele\Meals & Entertainment\M&E Receipts\Roesli","TONNANDBLANK\impactadmin","Allow","FullControl","True"
"Y:\ttbntfile1\shared\appsdata\groups\17-Xeroxscans\Disabled\Michele\Meals & Entertainment\M&E Receipts\Roesli","CREATOR OWNER","Allow","FullControl","True"
"Y:\ttbntfile1\shared\appsdata\groups\17-Xeroxscans\Disabled\Michele\Meals & Entertainment\M&E Receipts\Roesli","BUILTIN\Administrators","Allow","FullControl","True"
"Y:\ttbntfile1\shared\appsdata\groups\17-Xeroxscans\Disabled\Michele\Meals & Entertainment\M&E Receipts\Roesli","NT AUTHORITY\SYSTEM","Allow","FullControl","True"
"Y:\ttbntfile1\shared\appsdata\groups\17-Xeroxscans\Disabled\Michele\Meals & Entertainment\M&E Receipts\Rosenbaum","TONNANDBLANK\AVD Test Users","Allow","FullControl","True"
"Y:\ttbntfile1\shared\appsdata\groups\17-Xeroxscans\Disabled\Michele\Meals & Entertainment\M&E Receipts\Rosenbaum","TONNANDBLANK\impactadmin","Allow","FullControl","True"
"Y:\ttbntfile1\shared\appsdata\groups\17-Xeroxscans\Disabled\Michele\Meals & Entertainment\M&E Receipts\Rosenbaum","CREATOR OWNER","Allow","FullControl","True"
"Y:\ttbntfile1\shared\appsdata\groups\17-Xeroxscans\Disabled\Michele\Meals & Entertainment\M&E Receipts\Rosenbaum","BUILTIN\Administrators","Allow","FullControl","True"
"Y:\ttbntfile1\shared\appsdata\groups\17-Xeroxscans\Disabled\Michele\Meals & Entertainment\M&E Receipts\Rosenbaum","NT AUTHORITY\SYSTEM","Allow","FullControl","True"
"Y:\ttbntfile1\shared\appsdata\groups\17-Xeroxscans\Disabled\Michele\Meals & Entertainment\M&E Receipts\Shull","TONNANDBLANK\AVD Test Users","Allow","FullControl","True"
"Y:\ttbntfile1\shared\appsdata\groups\17-Xeroxscans\Disabled\Michele\Meals & Entertainment\M&E Receipts\Shull","TONNANDBLANK\impactadmin","Allow","FullControl","True"
"Y:\ttbntfile1\shared\appsdata\groups\17-Xeroxscans\Disabled\Michele\Meals & Entertainment\M&E Receipts\Shull","CREATOR OWNER","Allow","FullControl","True"
"Y:\ttbntfile1\shared\appsdata\groups\17-Xeroxscans\Disabled\Michele\Meals & Entertainment\M&E Receipts\Shull","BUILTIN\Administrators","Allow","FullControl","True"
"Y:\ttbntfile1\shared\appsdata\groups\17-Xeroxscans\Disabled\Michele\Meals & Entertainment\M&E Receipts\Shull","NT AUTHORITY\SYSTEM","Allow","FullControl","True"
"Y:\ttbntfile1\shared\appsdata\groups\17-Xeroxscans\Disabled\Michele\Meals & Entertainment\M&E Receipts\Sutton","TONNANDBLANK\AVD Test Users","Allow","FullControl","True"
"Y:\ttbntfile1\shared\appsdata\groups\17-Xeroxscans\Disabled\Michele\Meals & Entertainment\M&E Receipts\Sutton","TONNANDBLANK\impactadmin","Allow","FullControl","True"
"Y:\ttbntfile1\shared\appsdata\groups\17-Xeroxscans\Disabled\Michele\Meals & Entertainment\M&E Receipts\Sutton","CREATOR OWNER","Allow","FullControl","True"
"Y:\ttbntfile1\shared\appsdata\groups\17-Xeroxscans\Disabled\Michele\Meals & Entertainment\M&E Receipts\Sutton","BUILTIN\Administrators","Allow","FullControl","True"
"Y:\ttbntfile1\shared\appsdata\groups\17-Xeroxscans\Disabled\Michele\Meals & Entertainment\M&E Receipts\Sutton","NT AUTHORITY\SYSTEM","Allow","FullControl","True"
"Y:\ttbntfile1\shared\appsdata\groups\17-Xeroxscans\Disabled\Michele\Meals & Entertainment\M&E Receipts\Tortolano","TONNANDBLANK\AVD Test Users","Allow","FullControl","True"
"Y:\ttbntfile1\shared\appsdata\groups\17-Xeroxscans\Disabled\Michele\Meals & Entertainment\M&E Receipts\Tortolano","TONNANDBLANK\impactadmin","Allow","FullControl","True"
"Y:\ttbntfile1\shared\appsdata\groups\17-Xeroxscans\Disabled\Michele\Meals & Entertainment\M&E Receipts\Tortolano","CREATOR OWNER","Allow","FullControl","True"
"Y:\ttbntfile1\shared\appsdata\groups\17-Xeroxscans\Disabled\Michele\Meals & Entertainment\M&E Receipts\Tortolano","BUILTIN\Administrators","Allow","FullControl","True"
"Y:\ttbntfile1\shared\appsdata\groups\17-Xeroxscans\Disabled\Michele\Meals & Entertainment\M&E Receipts\Tortolano","NT AUTHORITY\SYSTEM","Allow","FullControl","True"
"Y:\ttbntfile1\shared\appsdata\groups\17-Xeroxscans\Disabled\Michele\Meals & Entertainment\M&E Receipts\VanWaardenburg","TONNANDBLANK\AVD Test Users","Allow","FullControl","True"
"Y:\ttbntfile1\shared\appsdata\groups\17-Xeroxscans\Disabled\Michele\Meals & Entertainment\M&E Receipts\VanWaardenburg","TONNANDBLANK\impactadmin","Allow","FullControl","True"
"Y:\ttbntfile1\shared\appsdata\groups\17-Xeroxscans\Disabled\Michele\Meals & Entertainment\M&E Receipts\VanWaardenburg","CREATOR OWNER","Allow","FullControl","True"
"Y:\ttbntfile1\shared\appsdata\groups\17-Xeroxscans\Disabled\Michele\Meals & Entertainment\M&E Receipts\VanWaardenburg","BUILTIN\Administrators","Allow","FullControl","True"
"Y:\ttbntfile1\shared\appsdata\groups\17-Xeroxscans\Disabled\Michele\Meals & Entertainment\M&E Receipts\VanWaardenburg","NT AUTHORITY\SYSTEM","Allow","FullControl","True"
"Y:\ttbntfile1\shared\appsdata\groups\17-Xeroxscans\Disabled\Michele\Meals & Entertainment\M&E Receipts\Wise","TONNANDBLANK\AVD Test Users","Allow","FullControl","True"
"Y:\ttbntfile1\shared\appsdata\groups\17-Xeroxscans\Disabled\Michele\Meals & Entertainment\M&E Receipts\Wise","TONNANDBLANK\impactadmin","Allow","FullControl","True"
"Y:\ttbntfile1\shared\appsdata\groups\17-Xeroxscans\Disabled\Michele\Meals & Entertainment\M&E Receipts\Wise","CREATOR OWNER","Allow","FullControl","True"
"Y:\ttbntfile1\shared\appsdata\groups\17-Xeroxscans\Disabled\Michele\Meals & Entertainment\M&E Receipts\Wise","BUILTIN\Administrators","Allow","FullControl","True"
"Y:\ttbntfile1\shared\appsdata\groups\17-Xeroxscans\Disabled\Michele\Meals & Entertainment\M&E Receipts\Wise","NT AUTHORITY\SYSTEM","Allow","FullControl","True"
"Y:\ttbntfile1\shared\appsdata\groups\17-Xeroxscans\Disabled\NateL\EBJ .txt files","TONNANDBLANK\AVD Test Users","Allow","FullControl","True"
"Y:\ttbntfile1\shared\appsdata\groups\17-Xeroxscans\Disabled\NateL\EBJ .txt files","TONNANDBLANK\impactadmin","Allow","FullControl","True"
"Y:\ttbntfile1\shared\appsdata\groups\17-Xeroxscans\Disabled\NateL\EBJ .txt files","CREATOR OWNER","Allow","FullControl","True"
"Y:\ttbntfile1\shared\appsdata\groups\17-Xeroxscans\Disabled\NateL\EBJ .txt files","BUILTIN\Administrators","Allow","FullControl","True"
"Y:\ttbntfile1\shared\appsdata\groups\17-Xeroxscans\Disabled\NateL\EBJ .txt files","NT AUTHORITY\SYSTEM","Allow","FullControl","True"
"Y:\ttbntfile1\shared\appsdata\groups\17-Xeroxscans\Disabled\Nick\Construction ILSM ICRA","TONNANDBLANK\AVD Test Users","Allow","FullControl","True"
"Y:\ttbntfile1\shared\appsdata\groups\17-Xeroxscans\Disabled\Nick\Construction ILSM ICRA","TONNANDBLANK\impactadmin","Allow","FullControl","True"
"Y:\ttbntfile1\shared\appsdata\groups\17-Xeroxscans\Disabled\Nick\Construction ILSM ICRA","CREATOR OWNER","Allow","FullControl","True"
"Y:\ttbntfile1\shared\appsdata\groups\17-Xeroxscans\Disabled\Nick\Construction ILSM ICRA","BUILTIN\Administrators","Allow","FullControl","True"
"Y:\ttbntfile1\shared\appsdata\groups\17-Xeroxscans\Disabled\Nick\Construction ILSM ICRA","NT AUTHORITY\SYSTEM","Allow","FullControl","True"
"Y:\ttbntfile1\shared\appsdata\groups\17-Xeroxscans\Disabled\Nick\SJH","TONNANDBLANK\AVD Test Users","Allow","FullControl","True"
"Y:\ttbntfile1\shared\appsdata\groups\17-Xeroxscans\Disabled\Nick\SJH","TONNANDBLANK\impactadmin","Allow","FullControl","True"
"Y:\ttbntfile1\shared\appsdata\groups\17-Xeroxscans\Disabled\Nick\SJH","CREATOR OWNER","Allow","FullControl","True"
"Y:\ttbntfile1\shared\appsdata\groups\17-Xeroxscans\Disabled\Nick\SJH","BUILTIN\Administrators","Allow","FullControl","True"
"Y:\ttbntfile1\shared\appsdata\groups\17-Xeroxscans\Disabled\Nick\SJH","NT AUTHORITY\SYSTEM","Allow","FullControl","True"
"Y:\ttbntfile1\shared\appsdata\groups\17-Xeroxscans\Disabled\Rich\FHOH","TONNANDBLANK\AVD Test Users","Allow","FullControl","True"
"Y:\ttbntfile1\shared\appsdata\groups\17-Xeroxscans\Disabled\Rich\FHOH","TONNANDBLANK\impactadmin","Allow","FullControl","True"
"Y:\ttbntfile1\shared\appsdata\groups\17-Xeroxscans\Disabled\Rich\FHOH","CREATOR OWNER","Allow","FullControl","True"
"Y:\ttbntfile1\shared\appsdata\groups\17-Xeroxscans\Disabled\Rich\FHOH","BUILTIN\Administrators","Allow","FullControl","True"
"Y:\ttbntfile1\shared\appsdata\groups\17-Xeroxscans\Disabled\Rich\FHOH","NT AUTHORITY\SYSTEM","Allow","FullControl","True"
"Y:\ttbntfile1\shared\appsdata\groups\17-Xeroxscans\Disabled\Rich\Lafayette Central","TONNANDBLANK\AVD Test Users","Allow","FullControl","True"
"Y:\ttbntfile1\shared\appsdata\groups\17-Xeroxscans\Disabled\Rich\Lafayette Central","TONNANDBLANK\impactadmin","Allow","FullControl","True"
"Y:\ttbntfile1\shared\appsdata\groups\17-Xeroxscans\Disabled\Rich\Lafayette Central","CREATOR OWNER","Allow","FullControl","True"
"Y:\ttbntfile1\shared\appsdata\groups\17-Xeroxscans\Disabled\Rich\Lafayette Central","BUILTIN\Administrators","Allow","FullControl","True"
"Y:\ttbntfile1\shared\appsdata\groups\17-Xeroxscans\Disabled\Rich\Lafayette Central","NT AUTHORITY\SYSTEM","Allow","FullControl","True"
"Y:\ttbntfile1\shared\appsdata\groups\17-Xeroxscans\Disabled\Rich\O.E. Lakeside","TONNANDBLANK\AVD Test Users","Allow","FullControl","True"
"Y:\ttbntfile1\shared\appsdata\groups\17-Xeroxscans\Disabled\Rich\O.E. Lakeside","TONNANDBLANK\impactadmin","Allow","FullControl","True"
"Y:\ttbntfile1\shared\appsdata\groups\17-Xeroxscans\Disabled\Rich\O.E. Lakeside","CREATOR OWNER","Allow","FullControl","True"
"Y:\ttbntfile1\shared\appsdata\groups\17-Xeroxscans\Disabled\Rich\O.E. Lakeside","BUILTIN\Administrators","Allow","FullControl","True"
"Y:\ttbntfile1\shared\appsdata\groups\17-Xeroxscans\Disabled\Rich\O.E. Lakeside","NT AUTHORITY\SYSTEM","Allow","FullControl","True"
"Y:\ttbntfile1\shared\appsdata\groups\17-Xeroxscans\Disabled\Rich\St. James","TONNANDBLANK\AVD Test Users","Allow","FullControl","True"
"Y:\ttbntfile1\shared\appsdata\groups\17-Xeroxscans\Disabled\Rich\St. James","TONNANDBLANK\impactadmin","Allow","FullControl","True"
"Y:\ttbntfile1\shared\appsdata\groups\17-Xeroxscans\Disabled\Rich\St. James","CREATOR OWNER","Allow","FullControl","True"
"Y:\ttbntfile1\shared\appsdata\groups\17-Xeroxscans\Disabled\Rich\St. James","BUILTIN\Administrators","Allow","FullControl","True"
"Y:\ttbntfile1\shared\appsdata\groups\17-Xeroxscans\Disabled\Rich\St. James","NT AUTHORITY\SYSTEM","Allow","FullControl","True"
"Y:\ttbntfile1\shared\appsdata\groups\17-Xeroxscans\Disabled\Rich\St. James BID package 4","TONNANDBLANK\AVD Test Users","Allow","FullControl","True"
"Y:\ttbntfile1\shared\appsdata\groups\17-Xeroxscans\Disabled\Rich\St. James BID package 4","TONNANDBLANK\impactadmin","Allow","FullControl","True"
"Y:\ttbntfile1\shared\appsdata\groups\17-Xeroxscans\Disabled\Rich\St. James BID package 4","CREATOR OWNER","Allow","FullControl","True"
"Y:\ttbntfile1\shared\appsdata\groups\17-Xeroxscans\Disabled\Rich\St. James BID package 4","BUILTIN\Administrators","Allow","FullControl","True"
"Y:\ttbntfile1\shared\appsdata\groups\17-Xeroxscans\Disabled\Rich\St. James BID package 4","NT AUTHORITY\SYSTEM","Allow","FullControl","True"
"Y:\ttbntfile1\shared\appsdata\groups\17-Xeroxscans\Disabled\Rich\O.E. Lakeside\Converted","TONNANDBLANK\AVD Test Users","Allow","FullControl","True"
"Y:\ttbntfile1\shared\appsdata\groups\17-Xeroxscans\Disabled\Rich\O.E. Lakeside\Converted","TONNANDBLANK\impactadmin","Allow","FullControl","True"
"Y:\ttbntfile1\shared\appsdata\groups\17-Xeroxscans\Disabled\Rich\O.E. Lakeside\Converted","CREATOR OWNER","Allow","FullControl","True"
"Y:\ttbntfile1\shared\appsdata\groups\17-Xeroxscans\Disabled\Rich\O.E. Lakeside\Converted","BUILTIN\Administrators","Allow","FullControl","True"
"Y:\ttbntfile1\shared\appsdata\groups\17-Xeroxscans\Disabled\Rich\O.E. Lakeside\Converted","NT AUTHORITY\SYSTEM","Allow","FullControl","True"
"Y:\ttbntfile1\shared\appsdata\groups\17-Xeroxscans\Disabled\ScottW\General Information","TONNANDBLANK\AVD Test Users","Allow","FullControl","True"
"Y:\ttbntfile1\shared\appsdata\groups\17-Xeroxscans\Disabled\ScottW\General Information","TONNANDBLANK\impactadmin","Allow","FullControl","True"
"Y:\ttbntfile1\shared\appsdata\groups\17-Xeroxscans\Disabled\ScottW\General Information","CREATOR OWNER","Allow","FullControl","True"
"Y:\ttbntfile1\shared\appsdata\groups\17-Xeroxscans\Disabled\ScottW\General Information","BUILTIN\Administrators","Allow","FullControl","True"
"Y:\ttbntfile1\shared\appsdata\groups\17-Xeroxscans\Disabled\ScottW\General Information","NT AUTHORITY\SYSTEM","Allow","FullControl","True"
"Y:\ttbntfile1\shared\appsdata\groups\17-Xeroxscans\Disabled\ScottW\Older stuff","TONNANDBLANK\AVD Test Users","Allow","FullControl","True"
"Y:\ttbntfile1\shared\appsdata\groups\17-Xeroxscans\Disabled\ScottW\Older stuff","TONNANDBLANK\impactadmin","Allow","FullControl","True"
"Y:\ttbntfile1\shared\appsdata\groups\17-Xeroxscans\Disabled\ScottW\Older stuff","CREATOR OWNER","Allow","FullControl","True"
"Y:\ttbntfile1\shared\appsdata\groups\17-Xeroxscans\Disabled\ScottW\Older stuff","BUILTIN\Administrators","Allow","FullControl","True"
"Y:\ttbntfile1\shared\appsdata\groups\17-Xeroxscans\Disabled\ScottW\Older stuff","NT AUTHORITY\SYSTEM","Allow","FullControl","True"
"Y:\ttbntfile1\shared\appsdata\groups\17-Xeroxscans\Disabled\ScottW\Scans","TONNANDBLANK\AVD Test Users","Allow","FullControl","True"
"Y:\ttbntfile1\shared\appsdata\groups\17-Xeroxscans\Disabled\ScottW\Scans","TONNANDBLANK\impactadmin","Allow","FullControl","True"
"Y:\ttbntfile1\shared\appsdata\groups\17-Xeroxscans\Disabled\ScottW\Scans","CREATOR OWNER","Allow","FullControl","True"
"Y:\ttbntfile1\shared\appsdata\groups\17-Xeroxscans\Disabled\ScottW\Scans","BUILTIN\Administrators","Allow","FullControl","True"
"Y:\ttbntfile1\shared\appsdata\groups\17-Xeroxscans\Disabled\ScottW\Scans","NT AUTHORITY\SYSTEM","Allow","FullControl","True"
"Y:\ttbntfile1\shared\appsdata\groups\17-Xeroxscans\Disabled\ScottW\Scott billing worksheets","TONNANDBLANK\AVD Test Users","Allow","FullControl","True"
"Y:\ttbntfile1\shared\appsdata\groups\17-Xeroxscans\Disabled\ScottW\Scott billing worksheets","TONNANDBLANK\impactadmin","Allow","FullControl","True"
"Y:\ttbntfile1\shared\appsdata\groups\17-Xeroxscans\Disabled\ScottW\Scott billing worksheets","CREATOR OWNER","Allow","FullControl","True"
"Y:\ttbntfile1\shared\appsdata\groups\17-Xeroxscans\Disabled\ScottW\Scott billing worksheets","BUILTIN\Administrators","Allow","FullControl","True"
"Y:\ttbntfile1\shared\appsdata\groups\17-Xeroxscans\Disabled\ScottW\Scott billing worksheets","NT AUTHORITY\SYSTEM","Allow","FullControl","True"
"Y:\ttbntfile1\shared\appsdata\groups\17-Xeroxscans\Disabled\ScottW\Waivers","TONNANDBLANK\AVD Test Users","Allow","FullControl","True"
"Y:\ttbntfile1\shared\appsdata\groups\17-Xeroxscans\Disabled\ScottW\Waivers","TONNANDBLANK\impactadmin","Allow","FullControl","True"
"Y:\ttbntfile1\shared\appsdata\groups\17-Xeroxscans\Disabled\ScottW\Waivers","CREATOR OWNER","Allow","FullControl","True"
"Y:\ttbntfile1\shared\appsdata\groups\17-Xeroxscans\Disabled\ScottW\Waivers","BUILTIN\Administrators","Allow","FullControl","True"
"Y:\ttbntfile1\shared\appsdata\groups\17-Xeroxscans\Disabled\ScottW\Waivers","NT AUTHORITY\SYSTEM","Allow","FullControl","True"
"Y:\ttbntfile1\shared\appsdata\groups\17-Xeroxscans\Disabled\ScottW\General Information\Fax Requests","TONNANDBLANK\AVD Test Users","Allow","FullControl","True"
"Y:\ttbntfile1\shared\appsdata\groups\17-Xeroxscans\Disabled\ScottW\General Information\Fax Requests","TONNANDBLANK\impactadmin","Allow","FullControl","True"
"Y:\ttbntfile1\shared\appsdata\groups\17-Xeroxscans\Disabled\ScottW\General Information\Fax Requests","CREATOR OWNER","Allow","FullControl","True"
"Y:\ttbntfile1\shared\appsdata\groups\17-Xeroxscans\Disabled\ScottW\General Information\Fax Requests","BUILTIN\Administrators","Allow","FullControl","True"
"Y:\ttbntfile1\shared\appsdata\groups\17-Xeroxscans\Disabled\ScottW\General Information\Fax Requests","NT AUTHORITY\SYSTEM","Allow","FullControl","True"
"Y:\ttbntfile1\shared\appsdata\groups\17-Xeroxscans\Disabled\ScottW\General Information\Forms","TONNANDBLANK\AVD Test Users","Allow","FullControl","True"
"Y:\ttbntfile1\shared\appsdata\groups\17-Xeroxscans\Disabled\ScottW\General Information\Forms","TONNANDBLANK\impactadmin","Allow","FullControl","True"
"Y:\ttbntfile1\shared\appsdata\groups\17-Xeroxscans\Disabled\ScottW\General Information\Forms","CREATOR OWNER","Allow","FullControl","True"
"Y:\ttbntfile1\shared\appsdata\groups\17-Xeroxscans\Disabled\ScottW\General Information\Forms","BUILTIN\Administrators","Allow","FullControl","True"
"Y:\ttbntfile1\shared\appsdata\groups\17-Xeroxscans\Disabled\ScottW\General Information\Forms","NT AUTHORITY\SYSTEM","Allow","FullControl","True"
"Y:\ttbntfile1\shared\appsdata\groups\17-Xeroxscans\Disabled\ScottW\General Information\Older Stuff","TONNANDBLANK\AVD Test Users","Allow","FullControl","True"
"Y:\ttbntfile1\shared\appsdata\groups\17-Xeroxscans\Disabled\ScottW\General Information\Older Stuff","TONNANDBLANK\impactadmin","Allow","FullControl","True"
"Y:\ttbntfile1\shared\appsdata\groups\17-Xeroxscans\Disabled\ScottW\General Information\Older Stuff","CREATOR OWNER","Allow","FullControl","True"
"Y:\ttbntfile1\shared\appsdata\groups\17-Xeroxscans\Disabled\ScottW\General Information\Older Stuff","BUILTIN\Administrators","Allow","FullControl","True"
"Y:\ttbntfile1\shared\appsdata\groups\17-Xeroxscans\Disabled\ScottW\General Information\Older Stuff","NT AUTHORITY\SYSTEM","Allow","FullControl","True"
"Y:\ttbntfile1\shared\appsdata\groups\17-Xeroxscans\Disabled\ScottW\General Information\Sub-Waiver","TONNANDBLANK\AVD Test Users","Allow","FullControl","True"
"Y:\ttbntfile1\shared\appsdata\groups\17-Xeroxscans\Disabled\ScottW\General Information\Sub-Waiver","TONNANDBLANK\impactadmin","Allow","FullControl","True"
"Y:\ttbntfile1\shared\appsdata\groups\17-Xeroxscans\Disabled\ScottW\General Information\Sub-Waiver","CREATOR OWNER","Allow","FullControl","True"
"Y:\ttbntfile1\shared\appsdata\groups\17-Xeroxscans\Disabled\ScottW\General Information\Sub-Waiver","BUILTIN\Administrators","Allow","FullControl","True"
"Y:\ttbntfile1\shared\appsdata\groups\17-Xeroxscans\Disabled\ScottW\General Information\Sub-Waiver","NT AUTHORITY\SYSTEM","Allow","FullControl","True"
"Y:\ttbntfile1\shared\appsdata\groups\17-Xeroxscans\Disabled\ScottW\General Information\Thursday Check Run","TONNANDBLANK\AVD Test Users","Allow","FullControl","True"
"Y:\ttbntfile1\shared\appsdata\groups\17-Xeroxscans\Disabled\ScottW\General Information\Thursday Check Run","TONNANDBLANK\impactadmin","Allow","FullControl","True"
"Y:\ttbntfile1\shared\appsdata\groups\17-Xeroxscans\Disabled\ScottW\General Information\Thursday Check Run","CREATOR OWNER","Allow","FullControl","True"
"Y:\ttbntfile1\shared\appsdata\groups\17-Xeroxscans\Disabled\ScottW\General Information\Thursday Check Run","BUILTIN\Administrators","Allow","FullControl","True"
"Y:\ttbntfile1\shared\appsdata\groups\17-Xeroxscans\Disabled\ScottW\General Information\Thursday Check Run","NT AUTHORITY\SYSTEM","Allow","FullControl","True"
"Y:\ttbntfile1\shared\appsdata\groups\17-Xeroxscans\Disabled\ScottW\General Information\Training","TONNANDBLANK\AVD Test Users","Allow","FullControl","True"
"Y:\ttbntfile1\shared\appsdata\groups\17-Xeroxscans\Disabled\ScottW\General Information\Training","TONNANDBLANK\impactadmin","Allow","FullControl","True"
"Y:\ttbntfile1\shared\appsdata\groups\17-Xeroxscans\Disabled\ScottW\General Information\Training","CREATOR OWNER","Allow","FullControl","True"
"Y:\ttbntfile1\shared\appsdata\groups\17-Xeroxscans\Disabled\ScottW\General Information\Training","BUILTIN\Administrators","Allow","FullControl","True"
"Y:\ttbntfile1\shared\appsdata\groups\17-Xeroxscans\Disabled\ScottW\General Information\Training","NT AUTHORITY\SYSTEM","Allow","FullControl","True"
"Y:\ttbntfile1\shared\appsdata\groups\17-Xeroxscans\Disabled\ScottW\General Information\Tuesday Check Run","TONNANDBLANK\AVD Test Users","Allow","FullControl","True"
"Y:\ttbntfile1\shared\appsdata\groups\17-Xeroxscans\Disabled\ScottW\General Information\Tuesday Check Run","TONNANDBLANK\impactadmin","Allow","FullControl","True"
"Y:\ttbntfile1\shared\appsdata\groups\17-Xeroxscans\Disabled\ScottW\General Information\Tuesday Check Run","CREATOR OWNER","Allow","FullControl","True"
"Y:\ttbntfile1\shared\appsdata\groups\17-Xeroxscans\Disabled\ScottW\General Information\Tuesday Check Run","BUILTIN\Administrators","Allow","FullControl","True"
"Y:\ttbntfile1\shared\appsdata\groups\17-Xeroxscans\Disabled\ScottW\General Information\Tuesday Check Run","NT AUTHORITY\SYSTEM","Allow","FullControl","True"
"Y:\ttbntfile1\shared\appsdata\groups\17-Xeroxscans\Disabled\ScottW\General Information\Vendor Spreadsheets","TONNANDBLANK\AVD Test Users","Allow","FullControl","True"
"Y:\ttbntfile1\shared\appsdata\groups\17-Xeroxscans\Disabled\ScottW\General Information\Vendor Spreadsheets","TONNANDBLANK\impactadmin","Allow","FullControl","True"
"Y:\ttbntfile1\shared\appsdata\groups\17-Xeroxscans\Disabled\ScottW\General Information\Vendor Spreadsheets","CREATOR OWNER","Allow","FullControl","True"
"Y:\ttbntfile1\shared\appsdata\groups\17-Xeroxscans\Disabled\ScottW\General Information\Vendor Spreadsheets","BUILTIN\Administrators","Allow","FullControl","True"
"Y:\ttbntfile1\shared\appsdata\groups\17-Xeroxscans\Disabled\ScottW\General Information\Vendor Spreadsheets","NT AUTHORITY\SYSTEM","Allow","FullControl","True"
"Y:\ttbntfile1\shared\appsdata\groups\17-Xeroxscans\Disabled\ScottW\General Information\Waivers","TONNANDBLANK\AVD Test Users","Allow","FullControl","True"
"Y:\ttbntfile1\shared\appsdata\groups\17-Xeroxscans\Disabled\ScottW\General Information\Waivers","TONNANDBLANK\impactadmin","Allow","FullControl","True"
"Y:\ttbntfile1\shared\appsdata\groups\17-Xeroxscans\Disabled\ScottW\General Information\Waivers","CREATOR OWNER","Allow","FullControl","True"
"Y:\ttbntfile1\shared\appsdata\groups\17-Xeroxscans\Disabled\ScottW\General Information\Waivers","BUILTIN\Administrators","Allow","FullControl","True"
"Y:\ttbntfile1\shared\appsdata\groups\17-Xeroxscans\Disabled\ScottW\General Information\Waivers","NT AUTHORITY\SYSTEM","Allow","FullControl","True"
"Y:\ttbntfile1\shared\appsdata\groups\17-Xeroxscans\Disabled\ScottW\General Information\Sub-Waiver\Waiver Corrections","TONNANDBLANK\AVD Test Users","Allow","FullControl","True"
"Y:\ttbntfile1\shared\appsdata\groups\17-Xeroxscans\Disabled\ScottW\General Information\Sub-Waiver\Waiver Corrections","TONNANDBLANK\impactadmin","Allow","FullControl","True"
"Y:\ttbntfile1\shared\appsdata\groups\17-Xeroxscans\Disabled\ScottW\General Information\Sub-Waiver\Waiver Corrections","CREATOR OWNER","Allow","FullControl","True"
"Y:\ttbntfile1\shared\appsdata\groups\17-Xeroxscans\Disabled\ScottW\General Information\Sub-Waiver\Waiver Corrections","BUILTIN\Administrators","Allow","FullControl","True"
"Y:\ttbntfile1\shared\appsdata\groups\17-Xeroxscans\Disabled\ScottW\General Information\Sub-Waiver\Waiver Corrections","NT AUTHORITY\SYSTEM","Allow","FullControl","True"
"Y:\ttbntfile1\shared\appsdata\groups\17-Xeroxscans\Disabled\ScottW\General Information\Sub-Waiver\Waiver Requests","TONNANDBLANK\AVD Test Users","Allow","FullControl","True"
"Y:\ttbntfile1\shared\appsdata\groups\17-Xeroxscans\Disabled\ScottW\General Information\Sub-Waiver\Waiver Requests","TONNANDBLANK\impactadmin","Allow","FullControl","True"
"Y:\ttbntfile1\shared\appsdata\groups\17-Xeroxscans\Disabled\ScottW\General Information\Sub-Waiver\Waiver Requests","CREATOR OWNER","Allow","FullControl","True"
"Y:\ttbntfile1\shared\appsdata\groups\17-Xeroxscans\Disabled\ScottW\General Information\Sub-Waiver\Waiver Requests","BUILTIN\Administrators","Allow","FullControl","True"
"Y:\ttbntfile1\shared\appsdata\groups\17-Xeroxscans\Disabled\ScottW\General Information\Sub-Waiver\Waiver Requests","NT AUTHORITY\SYSTEM","Allow","FullControl","True"
"Y:\ttbntfile1\shared\appsdata\groups\17-Xeroxscans\Disabled\ScottW\General Information\Vendor Spreadsheets\Verizon Wireless","TONNANDBLANK\AVD Test Users","Allow","FullControl","True"
"Y:\ttbntfile1\shared\appsdata\groups\17-Xeroxscans\Disabled\ScottW\General Information\Vendor Spreadsheets\Verizon Wireless","TONNANDBLANK\impactadmin","Allow","FullControl","True"
"Y:\ttbntfile1\shared\appsdata\groups\17-Xeroxscans\Disabled\ScottW\General Information\Vendor Spreadsheets\Verizon Wireless","CREATOR OWNER","Allow","FullControl","True"
"Y:\ttbntfile1\shared\appsdata\groups\17-Xeroxscans\Disabled\ScottW\General Information\Vendor Spreadsheets\Verizon Wireless","BUILTIN\Administrators","Allow","FullControl","True"
"Y:\ttbntfile1\shared\appsdata\groups\17-Xeroxscans\Disabled\ScottW\General Information\Vendor Spreadsheets\Verizon Wireless","NT AUTHORITY\SYSTEM","Allow","FullControl","True"
"Y:\ttbntfile1\shared\appsdata\groups\17-Xeroxscans\Disabled\ScottW\General Information\Waivers\Completed Waivers","TONNANDBLANK\AVD Test Users","Allow","FullControl","True"
"Y:\ttbntfile1\shared\appsdata\groups\17-Xeroxscans\Disabled\ScottW\General Information\Waivers\Completed Waivers","TONNANDBLANK\impactadmin","Allow","FullControl","True"
"Y:\ttbntfile1\shared\appsdata\groups\17-Xeroxscans\Disabled\ScottW\General Information\Waivers\Completed Waivers","CREATOR OWNER","Allow","FullControl","True"
"Y:\ttbntfile1\shared\appsdata\groups\17-Xeroxscans\Disabled\ScottW\General Information\Waivers\Completed Waivers","BUILTIN\Administrators","Allow","FullControl","True"
"Y:\ttbntfile1\shared\appsdata\groups\17-Xeroxscans\Disabled\ScottW\General Information\Waivers\Completed Waivers","NT AUTHORITY\SYSTEM","Allow","FullControl","True"
"Y:\ttbntfile1\shared\appsdata\groups\17-Xeroxscans\Disabled\ScottW\General Information\Waivers\Completed Waivers\Allied Building Products","TONNANDBLANK\AVD Test Users","Allow","FullControl","True"
"Y:\ttbntfile1\shared\appsdata\groups\17-Xeroxscans\Disabled\ScottW\General Information\Waivers\Completed Waivers\Allied Building Products","TONNANDBLANK\impactadmin","Allow","FullControl","True"
"Y:\ttbntfile1\shared\appsdata\groups\17-Xeroxscans\Disabled\ScottW\General Information\Waivers\Completed Waivers\Allied Building Products","CREATOR OWNER","Allow","FullControl","True"
"Y:\ttbntfile1\shared\appsdata\groups\17-Xeroxscans\Disabled\ScottW\General Information\Waivers\Completed Waivers\Allied Building Products","BUILTIN\Administrators","Allow","FullControl","True"
"Y:\ttbntfile1\shared\appsdata\groups\17-Xeroxscans\Disabled\ScottW\General Information\Waivers\Completed Waivers\Allied Building Products","NT AUTHORITY\SYSTEM","Allow","FullControl","True"
"Y:\ttbntfile1\shared\appsdata\groups\17-Xeroxscans\Disabled\ScottW\General Information\Waivers\Completed Waivers\Carpet Cushions","TONNANDBLANK\AVD Test Users","Allow","FullControl","True"
"Y:\ttbntfile1\shared\appsdata\groups\17-Xeroxscans\Disabled\ScottW\General Information\Waivers\Completed Waivers\Carpet Cushions","TONNANDBLANK\impactadmin","Allow","FullControl","True"
"Y:\ttbntfile1\shared\appsdata\groups\17-Xeroxscans\Disabled\ScottW\General Information\Waivers\Completed Waivers\Carpet Cushions","CREATOR OWNER","Allow","FullControl","True"
"Y:\ttbntfile1\shared\appsdata\groups\17-Xeroxscans\Disabled\ScottW\General Information\Waivers\Completed Waivers\Carpet Cushions","BUILTIN\Administrators","Allow","FullControl","True"
"Y:\ttbntfile1\shared\appsdata\groups\17-Xeroxscans\Disabled\ScottW\General Information\Waivers\Completed Waivers\Carpet Cushions","NT AUTHORITY\SYSTEM","Allow","FullControl","True"
"Y:\ttbntfile1\shared\appsdata\groups\17-Xeroxscans\Disabled\ScottW\General Information\Waivers\Completed Waivers\Contractor Steel","TONNANDBLANK\AVD Test Users","Allow","FullControl","True"
"Y:\ttbntfile1\shared\appsdata\groups\17-Xeroxscans\Disabled\ScottW\General Information\Waivers\Completed Waivers\Contractor Steel","TONNANDBLANK\impactadmin","Allow","FullControl","True"
"Y:\ttbntfile1\shared\appsdata\groups\17-Xeroxscans\Disabled\ScottW\General Information\Waivers\Completed Waivers\Contractor Steel","CREATOR OWNER","Allow","FullControl","True"
"Y:\ttbntfile1\shared\appsdata\groups\17-Xeroxscans\Disabled\ScottW\General Information\Waivers\Completed Waivers\Contractor Steel","BUILTIN\Administrators","Allow","FullControl","True"
"Y:\ttbntfile1\shared\appsdata\groups\17-Xeroxscans\Disabled\ScottW\General Information\Waivers\Completed Waivers\Contractor Steel","NT AUTHORITY\SYSTEM","Allow","FullControl","True"
"Y:\ttbntfile1\shared\appsdata\groups\17-Xeroxscans\Disabled\ScottW\General Information\Waivers\Completed Waivers\HD Supply","TONNANDBLANK\AVD Test Users","Allow","FullControl","True"
"Y:\ttbntfile1\shared\appsdata\groups\17-Xeroxscans\Disabled\ScottW\General Information\Waivers\Completed Waivers\HD Supply","TONNANDBLANK\impactadmin","Allow","FullControl","True"
"Y:\ttbntfile1\shared\appsdata\groups\17-Xeroxscans\Disabled\ScottW\General Information\Waivers\Completed Waivers\HD Supply","CREATOR OWNER","Allow","FullControl","True"
"Y:\ttbntfile1\shared\appsdata\groups\17-Xeroxscans\Disabled\ScottW\General Information\Waivers\Completed Waivers\HD Supply","BUILTIN\Administrators","Allow","FullControl","True"
"Y:\ttbntfile1\shared\appsdata\groups\17-Xeroxscans\Disabled\ScottW\General Information\Waivers\Completed Waivers\HD Supply","NT AUTHORITY\SYSTEM","Allow","FullControl","True"
"Y:\ttbntfile1\shared\appsdata\groups\17-Xeroxscans\Disabled\ScottW\General Information\Waivers\Completed Waivers\Lazzaro Company","TONNANDBLANK\AVD Test Users","Allow","FullControl","True"
"Y:\ttbntfile1\shared\appsdata\groups\17-Xeroxscans\Disabled\ScottW\General Information\Waivers\Completed Waivers\Lazzaro Company","TONNANDBLANK\impactadmin","Allow","FullControl","True"
"Y:\ttbntfile1\shared\appsdata\groups\17-Xeroxscans\Disabled\ScottW\General Information\Waivers\Completed Waivers\Lazzaro Company","CREATOR OWNER","Allow","FullControl","True"
"Y:\ttbntfile1\shared\appsdata\groups\17-Xeroxscans\Disabled\ScottW\General Information\Waivers\Completed Waivers\Lazzaro Company","BUILTIN\Administrators","Allow","FullControl","True"
"Y:\ttbntfile1\shared\appsdata\groups\17-Xeroxscans\Disabled\ScottW\General Information\Waivers\Completed Waivers\Lazzaro Company","NT AUTHORITY\SYSTEM","Allow","FullControl","True"
"Y:\ttbntfile1\shared\appsdata\groups\17-Xeroxscans\Disabled\ScottW\General Information\Waivers\Completed Waivers\Pioneer Lumber","TONNANDBLANK\AVD Test Users","Allow","FullControl","True"
"Y:\ttbntfile1\shared\appsdata\groups\17-Xeroxscans\Disabled\ScottW\General Information\Waivers\Completed Waivers\Pioneer Lumber","TONNANDBLANK\impactadmin","Allow","FullControl","True"
"Y:\ttbntfile1\shared\appsdata\groups\17-Xeroxscans\Disabled\ScottW\General Information\Waivers\Completed Waivers\Pioneer Lumber","CREATOR OWNER","Allow","FullControl","True"
"Y:\ttbntfile1\shared\appsdata\groups\17-Xeroxscans\Disabled\ScottW\General Information\Waivers\Completed Waivers\Pioneer Lumber","BUILTIN\Administrators","Allow","FullControl","True"
"Y:\ttbntfile1\shared\appsdata\groups\17-Xeroxscans\Disabled\ScottW\General Information\Waivers\Completed Waivers\Pioneer Lumber","NT AUTHORITY\SYSTEM","Allow","FullControl","True"
"Y:\ttbntfile1\shared\appsdata\groups\17-Xeroxscans\Disabled\ScottW\General Information\Waivers\Completed Waivers\Rayner & Rinn-Scott, Inc","TONNANDBLANK\AVD Test Users","Allow","FullControl","True"
"Y:\ttbntfile1\shared\appsdata\groups\17-Xeroxscans\Disabled\ScottW\General Information\Waivers\Completed Waivers\Rayner & Rinn-Scott, Inc","TONNANDBLANK\impactadmin","Allow","FullControl","True"
"Y:\ttbntfile1\shared\appsdata\groups\17-Xeroxscans\Disabled\ScottW\General Information\Waivers\Completed Waivers\Rayner & Rinn-Scott, Inc","CREATOR OWNER","Allow","FullControl","True"
"Y:\ttbntfile1\shared\appsdata\groups\17-Xeroxscans\Disabled\ScottW\General Information\Waivers\Completed Waivers\Rayner & Rinn-Scott, Inc","BUILTIN\Administrators","Allow","FullControl","True"
"Y:\ttbntfile1\shared\appsdata\groups\17-Xeroxscans\Disabled\ScottW\General Information\Waivers\Completed Waivers\Rayner & Rinn-Scott, Inc","NT AUTHORITY\SYSTEM","Allow","FullControl","True"
"Y:\ttbntfile1\shared\appsdata\groups\17-Xeroxscans\Disabled\ScottW\General Information\Waivers\Completed Waivers\Reliable Construction","TONNANDBLANK\AVD Test Users","Allow","FullControl","True"
"Y:\ttbntfile1\shared\appsdata\groups\17-Xeroxscans\Disabled\ScottW\General Information\Waivers\Completed Waivers\Reliable Construction","TONNANDBLANK\impactadmin","Allow","FullControl","True"
"Y:\ttbntfile1\shared\appsdata\groups\17-Xeroxscans\Disabled\ScottW\General Information\Waivers\Completed Waivers\Reliable Construction","CREATOR OWNER","Allow","FullControl","True"
"Y:\ttbntfile1\shared\appsdata\groups\17-Xeroxscans\Disabled\ScottW\General Information\Waivers\Completed Waivers\Reliable Construction","BUILTIN\Administrators","Allow","FullControl","True"
"Y:\ttbntfile1\shared\appsdata\groups\17-Xeroxscans\Disabled\ScottW\General Information\Waivers\Completed Waivers\Reliable Construction","NT AUTHORITY\SYSTEM","Allow","FullControl","True"
"Y:\ttbntfile1\shared\appsdata\groups\17-Xeroxscans\Disabled\ScottW\General Information\Waivers\Completed Waivers\Reprographic Arts","TONNANDBLANK\AVD Test Users","Allow","FullControl","True"
"Y:\ttbntfile1\shared\appsdata\groups\17-Xeroxscans\Disabled\ScottW\General Information\Waivers\Completed Waivers\Reprographic Arts","TONNANDBLANK\impactadmin","Allow","FullControl","True"
"Y:\ttbntfile1\shared\appsdata\groups\17-Xeroxscans\Disabled\ScottW\General Information\Waivers\Completed Waivers\Reprographic Arts","CREATOR OWNER","Allow","FullControl","True"
"Y:\ttbntfile1\shared\appsdata\groups\17-Xeroxscans\Disabled\ScottW\General Information\Waivers\Completed Waivers\Reprographic Arts","BUILTIN\Administrators","Allow","FullControl","True"
"Y:\ttbntfile1\shared\appsdata\groups\17-Xeroxscans\Disabled\ScottW\General Information\Waivers\Completed Waivers\Reprographic Arts","NT AUTHORITY\SYSTEM","Allow","FullControl","True"
"Y:\ttbntfile1\shared\appsdata\groups\17-Xeroxscans\Disabled\ScottW\General Information\Waivers\Completed Waivers\Smith Ready Mix","TONNANDBLANK\AVD Test Users","Allow","FullControl","True"
"Y:\ttbntfile1\shared\appsdata\groups\17-Xeroxscans\Disabled\ScottW\General Information\Waivers\Completed Waivers\Smith Ready Mix","TONNANDBLANK\impactadmin","Allow","FullControl","True"
"Y:\ttbntfile1\shared\appsdata\groups\17-Xeroxscans\Disabled\ScottW\General Information\Waivers\Completed Waivers\Smith Ready Mix","CREATOR OWNER","Allow","FullControl","True"
"Y:\ttbntfile1\shared\appsdata\groups\17-Xeroxscans\Disabled\ScottW\General Information\Waivers\Completed Waivers\Smith Ready Mix","BUILTIN\Administrators","Allow","FullControl","True"
"Y:\ttbntfile1\shared\appsdata\groups\17-Xeroxscans\Disabled\ScottW\General Information\Waivers\Completed Waivers\Smith Ready Mix","NT AUTHORITY\SYSTEM","Allow","FullControl","True"
"Y:\ttbntfile1\shared\appsdata\groups\17-Xeroxscans\Disabled\ScottW\General Information\Waivers\Completed Waivers\Allied Building Products\First Waiver","TONNANDBLANK\AVD Test Users","Allow","FullControl","True"
"Y:\ttbntfile1\shared\appsdata\groups\17-Xeroxscans\Disabled\ScottW\General Information\Waivers\Completed Waivers\Allied Building Products\First Waiver","TONNANDBLANK\impactadmin","Allow","FullControl","True"
"Y:\ttbntfile1\shared\appsdata\groups\17-Xeroxscans\Disabled\ScottW\General Information\Waivers\Completed Waivers\Allied Building Products\First Waiver","CREATOR OWNER","Allow","FullControl","True"
"Y:\ttbntfile1\shared\appsdata\groups\17-Xeroxscans\Disabled\ScottW\General Information\Waivers\Completed Waivers\Allied Building Products\First Waiver","BUILTIN\Administrators","Allow","FullControl","True"
"Y:\ttbntfile1\shared\appsdata\groups\17-Xeroxscans\Disabled\ScottW\General Information\Waivers\Completed Waivers\Allied Building Products\First Waiver","NT AUTHORITY\SYSTEM","Allow","FullControl","True"
"Y:\ttbntfile1\shared\appsdata\groups\17-Xeroxscans\Disabled\ScottW\General Information\Waivers\Completed Waivers\Carpet Cushions\1st Waiver","TONNANDBLANK\AVD Test Users","Allow","FullControl","True"
"Y:\ttbntfile1\shared\appsdata\groups\17-Xeroxscans\Disabled\ScottW\General Information\Waivers\Completed Waivers\Carpet Cushions\1st Waiver","TONNANDBLANK\impactadmin","Allow","FullControl","True"
"Y:\ttbntfile1\shared\appsdata\groups\17-Xeroxscans\Disabled\ScottW\General Information\Waivers\Completed Waivers\Carpet Cushions\1st Waiver","CREATOR OWNER","Allow","FullControl","True"
"Y:\ttbntfile1\shared\appsdata\groups\17-Xeroxscans\Disabled\ScottW\General Information\Waivers\Completed Waivers\Carpet Cushions\1st Waiver","BUILTIN\Administrators","Allow","FullControl","True"
"Y:\ttbntfile1\shared\appsdata\groups\17-Xeroxscans\Disabled\ScottW\General Information\Waivers\Completed Waivers\Carpet Cushions\1st Waiver","NT AUTHORITY\SYSTEM","Allow","FullControl","True"
"Y:\ttbntfile1\shared\appsdata\groups\17-Xeroxscans\Disabled\ScottW\General Information\Waivers\Completed Waivers\Carpet Cushions\2nd Waiver","TONNANDBLANK\AVD Test Users","Allow","FullControl","True"
"Y:\ttbntfile1\shared\appsdata\groups\17-Xeroxscans\Disabled\ScottW\General Information\Waivers\Completed Waivers\Carpet Cushions\2nd Waiver","TONNANDBLANK\impactadmin","Allow","FullControl","True"
"Y:\ttbntfile1\shared\appsdata\groups\17-Xeroxscans\Disabled\ScottW\General Information\Waivers\Completed Waivers\Carpet Cushions\2nd Waiver","CREATOR OWNER","Allow","FullControl","True"
"Y:\ttbntfile1\shared\appsdata\groups\17-Xeroxscans\Disabled\ScottW\General Information\Waivers\Completed Waivers\Carpet Cushions\2nd Waiver","BUILTIN\Administrators","Allow","FullControl","True"
"Y:\ttbntfile1\shared\appsdata\groups\17-Xeroxscans\Disabled\ScottW\General Information\Waivers\Completed Waivers\Carpet Cushions\2nd Waiver","NT AUTHORITY\SYSTEM","Allow","FullControl","True"
"Y:\ttbntfile1\shared\appsdata\groups\17-Xeroxscans\Disabled\ScottW\General Information\Waivers\Completed Waivers\Contractor Steel\First Waiver","TONNANDBLANK\AVD Test Users","Allow","FullControl","True"
"Y:\ttbntfile1\shared\appsdata\groups\17-Xeroxscans\Disabled\ScottW\General Information\Waivers\Completed Waivers\Contractor Steel\First Waiver","TONNANDBLANK\impactadmin","Allow","FullControl","True"
"Y:\ttbntfile1\shared\appsdata\groups\17-Xeroxscans\Disabled\ScottW\General Information\Waivers\Completed Waivers\Contractor Steel\First Waiver","CREATOR OWNER","Allow","FullControl","True"
"Y:\ttbntfile1\shared\appsdata\groups\17-Xeroxscans\Disabled\ScottW\General Information\Waivers\Completed Waivers\Contractor Steel\First Waiver","BUILTIN\Administrators","Allow","FullControl","True"
"Y:\ttbntfile1\shared\appsdata\groups\17-Xeroxscans\Disabled\ScottW\General Information\Waivers\Completed Waivers\Contractor Steel\First Waiver","NT AUTHORITY\SYSTEM","Allow","FullControl","True"
"Y:\ttbntfile1\shared\appsdata\groups\17-Xeroxscans\Disabled\ScottW\General Information\Waivers\Completed Waivers\HD Supply\First Waiver","TONNANDBLANK\AVD Test Users","Allow","FullControl","True"
"Y:\ttbntfile1\shared\appsdata\groups\17-Xeroxscans\Disabled\ScottW\General Information\Waivers\Completed Waivers\HD Supply\First Waiver","TONNANDBLANK\impactadmin","Allow","FullControl","True"
"Y:\ttbntfile1\shared\appsdata\groups\17-Xeroxscans\Disabled\ScottW\General Information\Waivers\Completed Waivers\HD Supply\First Waiver","CREATOR OWNER","Allow","FullControl","True"
"Y:\ttbntfile1\shared\appsdata\groups\17-Xeroxscans\Disabled\ScottW\General Information\Waivers\Completed Waivers\HD Supply\First Waiver","BUILTIN\Administrators","Allow","FullControl","True"
"Y:\ttbntfile1\shared\appsdata\groups\17-Xeroxscans\Disabled\ScottW\General Information\Waivers\Completed Waivers\HD Supply\First Waiver","NT AUTHORITY\SYSTEM","Allow","FullControl","True"
"Y:\ttbntfile1\shared\appsdata\groups\17-Xeroxscans\Disabled\ScottW\General Information\Waivers\Completed Waivers\HD Supply\Fourth Waiver","TONNANDBLANK\AVD Test Users","Allow","FullControl","True"
"Y:\ttbntfile1\shared\appsdata\groups\17-Xeroxscans\Disabled\ScottW\General Information\Waivers\Completed Waivers\HD Supply\Fourth Waiver","TONNANDBLANK\impactadmin","Allow","FullControl","True"
"Y:\ttbntfile1\shared\appsdata\groups\17-Xeroxscans\Disabled\ScottW\General Information\Waivers\Completed Waivers\HD Supply\Fourth Waiver","CREATOR OWNER","Allow","FullControl","True"
"Y:\ttbntfile1\shared\appsdata\groups\17-Xeroxscans\Disabled\ScottW\General Information\Waivers\Completed Waivers\HD Supply\Fourth Waiver","BUILTIN\Administrators","Allow","FullControl","True"
"Y:\ttbntfile1\shared\appsdata\groups\17-Xeroxscans\Disabled\ScottW\General Information\Waivers\Completed Waivers\HD Supply\Fourth Waiver","NT AUTHORITY\SYSTEM","Allow","FullControl","True"
"Y:\ttbntfile1\shared\appsdata\groups\17-Xeroxscans\Disabled\ScottW\General Information\Waivers\Completed Waivers\HD Supply\Second Waiver","TONNANDBLANK\AVD Test Users","Allow","FullControl","True"
"Y:\ttbntfile1\shared\appsdata\groups\17-Xeroxscans\Disabled\ScottW\General Information\Waivers\Completed Waivers\HD Supply\Second Waiver","TONNANDBLANK\impactadmin","Allow","FullControl","True"
"Y:\ttbntfile1\shared\appsdata\groups\17-Xeroxscans\Disabled\ScottW\General Information\Waivers\Completed Waivers\HD Supply\Second Waiver","CREATOR OWNER","Allow","FullControl","True"
"Y:\ttbntfile1\shared\appsdata\groups\17-Xeroxscans\Disabled\ScottW\General Information\Waivers\Completed Waivers\HD Supply\Second Waiver","BUILTIN\Administrators","Allow","FullControl","True"
"Y:\ttbntfile1\shared\appsdata\groups\17-Xeroxscans\Disabled\ScottW\General Information\Waivers\Completed Waivers\HD Supply\Second Waiver","NT AUTHORITY\SYSTEM","Allow","FullControl","True"
"Y:\ttbntfile1\shared\appsdata\groups\17-Xeroxscans\Disabled\ScottW\General Information\Waivers\Completed Waivers\HD Supply\Third Waiver","TONNANDBLANK\AVD Test Users","Allow","FullControl","True"
"Y:\ttbntfile1\shared\appsdata\groups\17-Xeroxscans\Disabled\ScottW\General Information\Waivers\Completed Waivers\HD Supply\Third Waiver","TONNANDBLANK\impactadmin","Allow","FullControl","True"
"Y:\ttbntfile1\shared\appsdata\groups\17-Xeroxscans\Disabled\ScottW\General Information\Waivers\Completed Waivers\HD Supply\Third Waiver","CREATOR OWNER","Allow","FullControl","True"
"Y:\ttbntfile1\shared\appsdata\groups\17-Xeroxscans\Disabled\ScottW\General Information\Waivers\Completed Waivers\HD Supply\Third Waiver","BUILTIN\Administrators","Allow","FullControl","True"
"Y:\ttbntfile1\shared\appsdata\groups\17-Xeroxscans\Disabled\ScottW\General Information\Waivers\Completed Waivers\HD Supply\Third Waiver","NT AUTHORITY\SYSTEM","Allow","FullControl","True"
"Y:\ttbntfile1\shared\appsdata\groups\17-Xeroxscans\Disabled\ScottW\General Information\Waivers\Completed Waivers\Lazzaro Company\Fifth Waiver","TONNANDBLANK\AVD Test Users","Allow","FullControl","True"
"Y:\ttbntfile1\shared\appsdata\groups\17-Xeroxscans\Disabled\ScottW\General Information\Waivers\Completed Waivers\Lazzaro Company\Fifth Waiver","TONNANDBLANK\impactadmin","Allow","FullControl","True"
"Y:\ttbntfile1\shared\appsdata\groups\17-Xeroxscans\Disabled\ScottW\General Information\Waivers\Completed Waivers\Lazzaro Company\Fifth Waiver","CREATOR OWNER","Allow","FullControl","True"
"Y:\ttbntfile1\shared\appsdata\groups\17-Xeroxscans\Disabled\ScottW\General Information\Waivers\Completed Waivers\Lazzaro Company\Fifth Waiver","BUILTIN\Administrators","Allow","FullControl","True"
"Y:\ttbntfile1\shared\appsdata\groups\17-Xeroxscans\Disabled\ScottW\General Information\Waivers\Completed Waivers\Lazzaro Company\Fifth Waiver","NT AUTHORITY\SYSTEM","Allow","FullControl","True"
"Y:\ttbntfile1\shared\appsdata\groups\17-Xeroxscans\Disabled\ScottW\General Information\Waivers\Completed Waivers\Lazzaro Company\First Waiver","TONNANDBLANK\AVD Test Users","Allow","FullControl","True"
"Y:\ttbntfile1\shared\appsdata\groups\17-Xeroxscans\Disabled\ScottW\General Information\Waivers\Completed Waivers\Lazzaro Company\First Waiver","TONNANDBLANK\impactadmin","Allow","FullControl","True"
"Y:\ttbntfile1\shared\appsdata\groups\17-Xeroxscans\Disabled\ScottW\General Information\Waivers\Completed Waivers\Lazzaro Company\First Waiver","CREATOR OWNER","Allow","FullControl","True"
"Y:\ttbntfile1\shared\appsdata\groups\17-Xeroxscans\Disabled\ScottW\General Information\Waivers\Completed Waivers\Lazzaro Company\First Waiver","BUILTIN\Administrators","Allow","FullControl","True"
"Y:\ttbntfile1\shared\appsdata\groups\17-Xeroxscans\Disabled\ScottW\General Information\Waivers\Completed Waivers\Lazzaro Company\First Waiver","NT AUTHORITY\SYSTEM","Allow","FullControl","True"
"Y:\ttbntfile1\shared\appsdata\groups\17-Xeroxscans\Disabled\ScottW\General Information\Waivers\Completed Waivers\Lazzaro Company\Fourth Waiver","TONNANDBLANK\AVD Test Users","Allow","FullControl","True"
"Y:\ttbntfile1\shared\appsdata\groups\17-Xeroxscans\Disabled\ScottW\General Information\Waivers\Completed Waivers\Lazzaro Company\Fourth Waiver","TONNANDBLANK\impactadmin","Allow","FullControl","True"
"Y:\ttbntfile1\shared\appsdata\groups\17-Xeroxscans\Disabled\ScottW\General Information\Waivers\Completed Waivers\Lazzaro Company\Fourth Waiver","CREATOR OWNER","Allow","FullControl","True"
"Y:\ttbntfile1\shared\appsdata\groups\17-Xeroxscans\Disabled\ScottW\General Information\Waivers\Completed Waivers\Lazzaro Company\Fourth Waiver","BUILTIN\Administrators","Allow","FullControl","True"
"Y:\ttbntfile1\shared\appsdata\groups\17-Xeroxscans\Disabled\ScottW\General Information\Waivers\Completed Waivers\Lazzaro Company\Fourth Waiver","NT AUTHORITY\SYSTEM","Allow","FullControl","True"
"Y:\ttbntfile1\shared\appsdata\groups\17-Xeroxscans\Disabled\ScottW\General Information\Waivers\Completed Waivers\Lazzaro Company\Second Waiver","TONNANDBLANK\AVD Test Users","Allow","FullControl","True"
"Y:\ttbntfile1\shared\appsdata\groups\17-Xeroxscans\Disabled\ScottW\General Information\Waivers\Completed Waivers\Lazzaro Company\Second Waiver","TONNANDBLANK\impactadmin","Allow","FullControl","True"
"Y:\ttbntfile1\shared\appsdata\groups\17-Xeroxscans\Disabled\ScottW\General Information\Waivers\Completed Waivers\Lazzaro Company\Second Waiver","CREATOR OWNER","Allow","FullControl","True"
"Y:\ttbntfile1\shared\appsdata\groups\17-Xeroxscans\Disabled\ScottW\General Information\Waivers\Completed Waivers\Lazzaro Company\Second Waiver","BUILTIN\Administrators","Allow","FullControl","True"
"Y:\ttbntfile1\shared\appsdata\groups\17-Xeroxscans\Disabled\ScottW\General Information\Waivers\Completed Waivers\Lazzaro Company\Second Waiver","NT AUTHORITY\SYSTEM","Allow","FullControl","True"
"Y:\ttbntfile1\shared\appsdata\groups\17-Xeroxscans\Disabled\ScottW\General Information\Waivers\Completed Waivers\Lazzaro Company\Third Waiver","TONNANDBLANK\AVD Test Users","Allow","FullControl","True"
"Y:\ttbntfile1\shared\appsdata\groups\17-Xeroxscans\Disabled\ScottW\General Information\Waivers\Completed Waivers\Lazzaro Company\Third Waiver","TONNANDBLANK\impactadmin","Allow","FullControl","True"
"Y:\ttbntfile1\shared\appsdata\groups\17-Xeroxscans\Disabled\ScottW\General Information\Waivers\Completed Waivers\Lazzaro Company\Third Waiver","CREATOR OWNER","Allow","FullControl","True"
"Y:\ttbntfile1\shared\appsdata\groups\17-Xeroxscans\Disabled\ScottW\General Information\Waivers\Completed Waivers\Lazzaro Company\Third Waiver","BUILTIN\Administrators","Allow","FullControl","True"
"Y:\ttbntfile1\shared\appsdata\groups\17-Xeroxscans\Disabled\ScottW\General Information\Waivers\Completed Waivers\Lazzaro Company\Third Waiver","NT AUTHORITY\SYSTEM","Allow","FullControl","True"
"Y:\ttbntfile1\shared\appsdata\groups\17-Xeroxscans\Disabled\ScottW\General Information\Waivers\Completed Waivers\Pioneer Lumber\First Waiver","TONNANDBLANK\AVD Test Users","Allow","FullControl","True"
"Y:\ttbntfile1\shared\appsdata\groups\17-Xeroxscans\Disabled\ScottW\General Information\Waivers\Completed Waivers\Pioneer Lumber\First Waiver","TONNANDBLANK\impactadmin","Allow","FullControl","True"
"Y:\ttbntfile1\shared\appsdata\groups\17-Xeroxscans\Disabled\ScottW\General Information\Waivers\Completed Waivers\Pioneer Lumber\First Waiver","CREATOR OWNER","Allow","FullControl","True"
"Y:\ttbntfile1\shared\appsdata\groups\17-Xeroxscans\Disabled\ScottW\General Information\Waivers\Completed Waivers\Pioneer Lumber\First Waiver","BUILTIN\Administrators","Allow","FullControl","True"
"Y:\ttbntfile1\shared\appsdata\groups\17-Xeroxscans\Disabled\ScottW\General Information\Waivers\Completed Waivers\Pioneer Lumber\First Waiver","NT AUTHORITY\SYSTEM","Allow","FullControl","True"
"Y:\ttbntfile1\shared\appsdata\groups\17-Xeroxscans\Disabled\ScottW\General Information\Waivers\Completed Waivers\Pioneer Lumber\Second Waiver","TONNANDBLANK\AVD Test Users","Allow","FullControl","True"
"Y:\ttbntfile1\shared\appsdata\groups\17-Xeroxscans\Disabled\ScottW\General Information\Waivers\Completed Waivers\Pioneer Lumber\Second Waiver","TONNANDBLANK\impactadmin","Allow","FullControl","True"
"Y:\ttbntfile1\shared\appsdata\groups\17-Xeroxscans\Disabled\ScottW\General Information\Waivers\Completed Waivers\Pioneer Lumber\Second Waiver","CREATOR OWNER","Allow","FullControl","True"
"Y:\ttbntfile1\shared\appsdata\groups\17-Xeroxscans\Disabled\ScottW\General Information\Waivers\Completed Waivers\Pioneer Lumber\Second Waiver","BUILTIN\Administrators","Allow","FullControl","True"
"Y:\ttbntfile1\shared\appsdata\groups\17-Xeroxscans\Disabled\ScottW\General Information\Waivers\Completed Waivers\Pioneer Lumber\Second Waiver","NT AUTHORITY\SYSTEM","Allow","FullControl","True"
"Y:\ttbntfile1\shared\appsdata\groups\17-Xeroxscans\Disabled\ScottW\General Information\Waivers\Completed Waivers\Pioneer Lumber\Third Waiver","TONNANDBLANK\AVD Test Users","Allow","FullControl","True"
"Y:\ttbntfile1\shared\appsdata\groups\17-Xeroxscans\Disabled\ScottW\General Information\Waivers\Completed Waivers\Pioneer Lumber\Third Waiver","TONNANDBLANK\impactadmin","Allow","FullControl","True"
"Y:\ttbntfile1\shared\appsdata\groups\17-Xeroxscans\Disabled\ScottW\General Information\Waivers\Completed Waivers\Pioneer Lumber\Third Waiver","CREATOR OWNER","Allow","FullControl","True"
"Y:\ttbntfile1\shared\appsdata\groups\17-Xeroxscans\Disabled\ScottW\General Information\Waivers\Completed Waivers\Pioneer Lumber\Third Waiver","BUILTIN\Administrators","Allow","FullControl","True"
"Y:\ttbntfile1\shared\appsdata\groups\17-Xeroxscans\Disabled\ScottW\General Information\Waivers\Completed Waivers\Pioneer Lumber\Third Waiver","NT AUTHORITY\SYSTEM","Allow","FullControl","True"
"Y:\ttbntfile1\shared\appsdata\groups\17-Xeroxscans\Disabled\ScottW\General Information\Waivers\Completed Waivers\Rayner & Rinn-Scott, Inc\First Waiver","TONNANDBLANK\AVD Test Users","Allow","FullControl","True"
"Y:\ttbntfile1\shared\appsdata\groups\17-Xeroxscans\Disabled\ScottW\General Information\Waivers\Completed Waivers\Rayner & Rinn-Scott, Inc\First Waiver","TONNANDBLANK\impactadmin","Allow","FullControl","True"
"Y:\ttbntfile1\shared\appsdata\groups\17-Xeroxscans\Disabled\ScottW\General Information\Waivers\Completed Waivers\Rayner & Rinn-Scott, Inc\First Waiver","CREATOR OWNER","Allow","FullControl","True"
"Y:\ttbntfile1\shared\appsdata\groups\17-Xeroxscans\Disabled\ScottW\General Information\Waivers\Completed Waivers\Rayner & Rinn-Scott, Inc\First Waiver","BUILTIN\Administrators","Allow","FullControl","True"
"Y:\ttbntfile1\shared\appsdata\groups\17-Xeroxscans\Disabled\ScottW\General Information\Waivers\Completed Waivers\Rayner & Rinn-Scott, Inc\First Waiver","NT AUTHORITY\SYSTEM","Allow","FullControl","True"
"Y:\ttbntfile1\shared\appsdata\groups\17-Xeroxscans\Disabled\ScottW\General Information\Waivers\Completed Waivers\Reliable Construction\First Waiver","TONNANDBLANK\AVD Test Users","Allow","FullControl","True"
"Y:\ttbntfile1\shared\appsdata\groups\17-Xeroxscans\Disabled\ScottW\General Information\Waivers\Completed Waivers\Reliable Construction\First Waiver","TONNANDBLANK\impactadmin","Allow","FullControl","True"
"Y:\ttbntfile1\shared\appsdata\groups\17-Xeroxscans\Disabled\ScottW\General Information\Waivers\Completed Waivers\Reliable Construction\First Waiver","CREATOR OWNER","Allow","FullControl","True"
"Y:\ttbntfile1\shared\appsdata\groups\17-Xeroxscans\Disabled\ScottW\General Information\Waivers\Completed Waivers\Reliable Construction\First Waiver","BUILTIN\Administrators","Allow","FullControl","True"
"Y:\ttbntfile1\shared\appsdata\groups\17-Xeroxscans\Disabled\ScottW\General Information\Waivers\Completed Waivers\Reliable Construction\First Waiver","NT AUTHORITY\SYSTEM","Allow","FullControl","True"
"Y:\ttbntfile1\shared\appsdata\groups\17-Xeroxscans\Disabled\ScottW\General Information\Waivers\Completed Waivers\Reliable Construction\Fourth Waiver","TONNANDBLANK\AVD Test Users","Allow","FullControl","True"
"Y:\ttbntfile1\shared\appsdata\groups\17-Xeroxscans\Disabled\ScottW\General Information\Waivers\Completed Waivers\Reliable Construction\Fourth Waiver","TONNANDBLANK\impactadmin","Allow","FullControl","True"
"Y:\ttbntfile1\shared\appsdata\groups\17-Xeroxscans\Disabled\ScottW\General Information\Waivers\Completed Waivers\Reliable Construction\Fourth Waiver","CREATOR OWNER","Allow","FullControl","True"
"Y:\ttbntfile1\shared\appsdata\groups\17-Xeroxscans\Disabled\ScottW\General Information\Waivers\Completed Waivers\Reliable Construction\Fourth Waiver","BUILTIN\Administrators","Allow","FullControl","True"
"Y:\ttbntfile1\shared\appsdata\groups\17-Xeroxscans\Disabled\ScottW\General Information\Waivers\Completed Waivers\Reliable Construction\Fourth Waiver","NT AUTHORITY\SYSTEM","Allow","FullControl","True"
"Y:\ttbntfile1\shared\appsdata\groups\17-Xeroxscans\Disabled\ScottW\General Information\Waivers\Completed Waivers\Reliable Construction\Second Waiver","TONNANDBLANK\AVD Test Users","Allow","FullControl","True"
"Y:\ttbntfile1\shared\appsdata\groups\17-Xeroxscans\Disabled\ScottW\General Information\Waivers\Completed Waivers\Reliable Construction\Second Waiver","TONNANDBLANK\impactadmin","Allow","FullControl","True"
"Y:\ttbntfile1\shared\appsdata\groups\17-Xeroxscans\Disabled\ScottW\General Information\Waivers\Completed Waivers\Reliable Construction\Second Waiver","CREATOR OWNER","Allow","FullControl","True"
"Y:\ttbntfile1\shared\appsdata\groups\17-Xeroxscans\Disabled\ScottW\General Information\Waivers\Completed Waivers\Reliable Construction\Second Waiver","BUILTIN\Administrators","Allow","FullControl","True"
"Y:\ttbntfile1\shared\appsdata\groups\17-Xeroxscans\Disabled\ScottW\General Information\Waivers\Completed Waivers\Reliable Construction\Second Waiver","NT AUTHORITY\SYSTEM","Allow","FullControl","True"
"Y:\ttbntfile1\shared\appsdata\groups\17-Xeroxscans\Disabled\ScottW\General Information\Waivers\Completed Waivers\Reliable Construction\Third Waiver","TONNANDBLANK\AVD Test Users","Allow","FullControl","True"
"Y:\ttbntfile1\shared\appsdata\groups\17-Xeroxscans\Disabled\ScottW\General Information\Waivers\Completed Waivers\Reliable Construction\Third Waiver","TONNANDBLANK\impactadmin","Allow","FullControl","True"
"Y:\ttbntfile1\shared\appsdata\groups\17-Xeroxscans\Disabled\ScottW\General Information\Waivers\Completed Waivers\Reliable Construction\Third Waiver","CREATOR OWNER","Allow","FullControl","True"
"Y:\ttbntfile1\shared\appsdata\groups\17-Xeroxscans\Disabled\ScottW\General Information\Waivers\Completed Waivers\Reliable Construction\Third Waiver","BUILTIN\Administrators","Allow","FullControl","True"
"Y:\ttbntfile1\shared\appsdata\groups\17-Xeroxscans\Disabled\ScottW\General Information\Waivers\Completed Waivers\Reliable Construction\Third Waiver","NT AUTHORITY\SYSTEM","Allow","FullControl","True"
"Y:\ttbntfile1\shared\appsdata\groups\17-Xeroxscans\Disabled\ScottW\General Information\Waivers\Completed Waivers\Reprographic Arts\First Waiver","TONNANDBLANK\AVD Test Users","Allow","FullControl","True"
"Y:\ttbntfile1\shared\appsdata\groups\17-Xeroxscans\Disabled\ScottW\General Information\Waivers\Completed Waivers\Reprographic Arts\First Waiver","TONNANDBLANK\impactadmin","Allow","FullControl","True"
"Y:\ttbntfile1\shared\appsdata\groups\17-Xeroxscans\Disabled\ScottW\General Information\Waivers\Completed Waivers\Reprographic Arts\First Waiver","CREATOR OWNER","Allow","FullControl","True"
"Y:\ttbntfile1\shared\appsdata\groups\17-Xeroxscans\Disabled\ScottW\General Information\Waivers\Completed Waivers\Reprographic Arts\First Waiver","BUILTIN\Administrators","Allow","FullControl","True"
"Y:\ttbntfile1\shared\appsdata\groups\17-Xeroxscans\Disabled\ScottW\General Information\Waivers\Completed Waivers\Reprographic Arts\First Waiver","NT AUTHORITY\SYSTEM","Allow","FullControl","True"
"Y:\ttbntfile1\shared\appsdata\groups\17-Xeroxscans\Disabled\ScottW\General Information\Waivers\Completed Waivers\Smith Ready Mix\First Waiver","TONNANDBLANK\AVD Test Users","Allow","FullControl","True"
"Y:\ttbntfile1\shared\appsdata\groups\17-Xeroxscans\Disabled\ScottW\General Information\Waivers\Completed Waivers\Smith Ready Mix\First Waiver","TONNANDBLANK\impactadmin","Allow","FullControl","True"
"Y:\ttbntfile1\shared\appsdata\groups\17-Xeroxscans\Disabled\ScottW\General Information\Waivers\Completed Waivers\Smith Ready Mix\First Waiver","CREATOR OWNER","Allow","FullControl","True"
"Y:\ttbntfile1\shared\appsdata\groups\17-Xeroxscans\Disabled\ScottW\General Information\Waivers\Completed Waivers\Smith Ready Mix\First Waiver","BUILTIN\Administrators","Allow","FullControl","True"
"Y:\ttbntfile1\shared\appsdata\groups\17-Xeroxscans\Disabled\ScottW\General Information\Waivers\Completed Waivers\Smith Ready Mix\First Waiver","NT AUTHORITY\SYSTEM","Allow","FullControl","True"
"Y:\ttbntfile1\shared\appsdata\groups\17-Xeroxscans\Disabled\ScottW\General Information\Waivers\Completed Waivers\Smith Ready Mix\Second Waiver","TONNANDBLANK\AVD Test Users","Allow","FullControl","True"
"Y:\ttbntfile1\shared\appsdata\groups\17-Xeroxscans\Disabled\ScottW\General Information\Waivers\Completed Waivers\Smith Ready Mix\Second Waiver","TONNANDBLANK\impactadmin","Allow","FullControl","True"
"Y:\ttbntfile1\shared\appsdata\groups\17-Xeroxscans\Disabled\ScottW\General Information\Waivers\Completed Waivers\Smith Ready Mix\Second Waiver","CREATOR OWNER","Allow","FullControl","True"
"Y:\ttbntfile1\shared\appsdata\groups\17-Xeroxscans\Disabled\ScottW\General Information\Waivers\Completed Waivers\Smith Ready Mix\Second Waiver","BUILTIN\Administrators","Allow","FullControl","True"
"Y:\ttbntfile1\shared\appsdata\groups\17-Xeroxscans\Disabled\ScottW\General Information\Waivers\Completed Waivers\Smith Ready Mix\Second Waiver","NT AUTHORITY\SYSTEM","Allow","FullControl","True"
"Y:\ttbntfile1\shared\appsdata\groups\17-Xeroxscans\Disabled\ScottW\Scott billing worksheets\07-13-22","TONNANDBLANK\AVD Test Users","Allow","FullControl","True"
"Y:\ttbntfile1\shared\appsdata\groups\17-Xeroxscans\Disabled\ScottW\Scott billing worksheets\07-13-22","TONNANDBLANK\impactadmin","Allow","FullControl","True"
"Y:\ttbntfile1\shared\appsdata\groups\17-Xeroxscans\Disabled\ScottW\Scott billing worksheets\07-13-22","CREATOR OWNER","Allow","FullControl","True"
"Y:\ttbntfile1\shared\appsdata\groups\17-Xeroxscans\Disabled\ScottW\Scott billing worksheets\07-13-22","BUILTIN\Administrators","Allow","FullControl","True"
"Y:\ttbntfile1\shared\appsdata\groups\17-Xeroxscans\Disabled\ScottW\Scott billing worksheets\07-13-22","NT AUTHORITY\SYSTEM","Allow","FullControl","True"
"Y:\ttbntfile1\shared\appsdata\groups\17-Xeroxscans\Disabled\ScottW\Scott billing worksheets\08-10-22","TONNANDBLANK\AVD Test Users","Allow","FullControl","True"
"Y:\ttbntfile1\shared\appsdata\groups\17-Xeroxscans\Disabled\ScottW\Scott billing worksheets\08-10-22","TONNANDBLANK\impactadmin","Allow","FullControl","True"
"Y:\ttbntfile1\shared\appsdata\groups\17-Xeroxscans\Disabled\ScottW\Scott billing worksheets\08-10-22","CREATOR OWNER","Allow","FullControl","True"
"Y:\ttbntfile1\shared\appsdata\groups\17-Xeroxscans\Disabled\ScottW\Scott billing worksheets\08-10-22","BUILTIN\Administrators","Allow","FullControl","True"
"Y:\ttbntfile1\shared\appsdata\groups\17-Xeroxscans\Disabled\ScottW\Scott billing worksheets\08-10-22","NT AUTHORITY\SYSTEM","Allow","FullControl","True"
"Y:\ttbntfile1\shared\appsdata\groups\17-Xeroxscans\Disabled\ScottW\Scott billing worksheets\2021","TONNANDBLANK\AVD Test Users","Allow","FullControl","True"
"Y:\ttbntfile1\shared\appsdata\groups\17-Xeroxscans\Disabled\ScottW\Scott billing worksheets\2021","TONNANDBLANK\impactadmin","Allow","FullControl","True"
"Y:\ttbntfile1\shared\appsdata\groups\17-Xeroxscans\Disabled\ScottW\Scott billing worksheets\2021","CREATOR OWNER","Allow","FullControl","True"
"Y:\ttbntfile1\shared\appsdata\groups\17-Xeroxscans\Disabled\ScottW\Scott billing worksheets\2021","BUILTIN\Administrators","Allow","FullControl","True"
"Y:\ttbntfile1\shared\appsdata\groups\17-Xeroxscans\Disabled\ScottW\Scott billing worksheets\2021","NT AUTHORITY\SYSTEM","Allow","FullControl","True"
"Y:\ttbntfile1\shared\appsdata\groups\17-Xeroxscans\Disabled\ScottW\Scott billing worksheets\2022","TONNANDBLANK\AVD Test Users","Allow","FullControl","True"
"Y:\ttbntfile1\shared\appsdata\groups\17-Xeroxscans\Disabled\ScottW\Scott billing worksheets\2022","TONNANDBLANK\impactadmin","Allow","FullControl","True"
"Y:\ttbntfile1\shared\appsdata\groups\17-Xeroxscans\Disabled\ScottW\Scott billing worksheets\2022","CREATOR OWNER","Allow","FullControl","True"
"Y:\ttbntfile1\shared\appsdata\groups\17-Xeroxscans\Disabled\ScottW\Scott billing worksheets\2022","BUILTIN\Administrators","Allow","FullControl","True"
"Y:\ttbntfile1\shared\appsdata\groups\17-Xeroxscans\Disabled\ScottW\Scott billing worksheets\2022","NT AUTHORITY\SYSTEM","Allow","FullControl","True"
"Y:\ttbntfile1\shared\appsdata\groups\17-Xeroxscans\Disabled\ScottW\Scott billing worksheets\2021\04-27-21","TONNANDBLANK\AVD Test Users","Allow","FullControl","True"
"Y:\ttbntfile1\shared\appsdata\groups\17-Xeroxscans\Disabled\ScottW\Scott billing worksheets\2021\04-27-21","TONNANDBLANK\impactadmin","Allow","FullControl","True"
"Y:\ttbntfile1\shared\appsdata\groups\17-Xeroxscans\Disabled\ScottW\Scott billing worksheets\2021\04-27-21","CREATOR OWNER","Allow","FullControl","True"
"Y:\ttbntfile1\shared\appsdata\groups\17-Xeroxscans\Disabled\ScottW\Scott billing worksheets\2021\04-27-21","BUILTIN\Administrators","Allow","FullControl","True"
"Y:\ttbntfile1\shared\appsdata\groups\17-Xeroxscans\Disabled\ScottW\Scott billing worksheets\2021\04-27-21","NT AUTHORITY\SYSTEM","Allow","FullControl","True"
"Y:\ttbntfile1\shared\appsdata\groups\17-Xeroxscans\Disabled\ScottW\Scott billing worksheets\2021\05-17-21","TONNANDBLANK\AVD Test Users","Allow","FullControl","True"
"Y:\ttbntfile1\shared\appsdata\groups\17-Xeroxscans\Disabled\ScottW\Scott billing worksheets\2021\05-17-21","TONNANDBLANK\impactadmin","Allow","FullControl","True"
"Y:\ttbntfile1\shared\appsdata\groups\17-Xeroxscans\Disabled\ScottW\Scott billing worksheets\2021\05-17-21","CREATOR OWNER","Allow","FullControl","True"
"Y:\ttbntfile1\shared\appsdata\groups\17-Xeroxscans\Disabled\ScottW\Scott billing worksheets\2021\05-17-21","BUILTIN\Administrators","Allow","FullControl","True"
"Y:\ttbntfile1\shared\appsdata\groups\17-Xeroxscans\Disabled\ScottW\Scott billing worksheets\2021\05-17-21","NT AUTHORITY\SYSTEM","Allow","FullControl","True"
"Y:\ttbntfile1\shared\appsdata\groups\17-Xeroxscans\Disabled\ScottW\Scott billing worksheets\2021\10-14-21","TONNANDBLANK\AVD Test Users","Allow","FullControl","True"
"Y:\ttbntfile1\shared\appsdata\groups\17-Xeroxscans\Disabled\ScottW\Scott billing worksheets\2021\10-14-21","TONNANDBLANK\impactadmin","Allow","FullControl","True"
"Y:\ttbntfile1\shared\appsdata\groups\17-Xeroxscans\Disabled\ScottW\Scott billing worksheets\2021\10-14-21","CREATOR OWNER","Allow","FullControl","True"
"Y:\ttbntfile1\shared\appsdata\groups\17-Xeroxscans\Disabled\ScottW\Scott billing worksheets\2021\10-14-21","BUILTIN\Administrators","Allow","FullControl","True"
"Y:\ttbntfile1\shared\appsdata\groups\17-Xeroxscans\Disabled\ScottW\Scott billing worksheets\2021\10-14-21","NT AUTHORITY\SYSTEM","Allow","FullControl","True"
"Y:\ttbntfile1\shared\appsdata\groups\17-Xeroxscans\Disabled\ScottW\Scott billing worksheets\2021\11-15-21","TONNANDBLANK\AVD Test Users","Allow","FullControl","True"
"Y:\ttbntfile1\shared\appsdata\groups\17-Xeroxscans\Disabled\ScottW\Scott billing worksheets\2021\11-15-21","TONNANDBLANK\impactadmin","Allow","FullControl","True"
"Y:\ttbntfile1\shared\appsdata\groups\17-Xeroxscans\Disabled\ScottW\Scott billing worksheets\2021\11-15-21","CREATOR OWNER","Allow","FullControl","True"
"Y:\ttbntfile1\shared\appsdata\groups\17-Xeroxscans\Disabled\ScottW\Scott billing worksheets\2021\11-15-21","BUILTIN\Administrators","Allow","FullControl","True"
"Y:\ttbntfile1\shared\appsdata\groups\17-Xeroxscans\Disabled\ScottW\Scott billing worksheets\2021\11-15-21","NT AUTHORITY\SYSTEM","Allow","FullControl","True"
"Y:\ttbntfile1\shared\appsdata\groups\17-Xeroxscans\Disabled\ScottW\Scott billing worksheets\2021\11-23-21","TONNANDBLANK\AVD Test Users","Allow","FullControl","True"
"Y:\ttbntfile1\shared\appsdata\groups\17-Xeroxscans\Disabled\ScottW\Scott billing worksheets\2021\11-23-21","TONNANDBLANK\impactadmin","Allow","FullControl","True"
"Y:\ttbntfile1\shared\appsdata\groups\17-Xeroxscans\Disabled\ScottW\Scott billing worksheets\2021\11-23-21","CREATOR OWNER","Allow","FullControl","True"
"Y:\ttbntfile1\shared\appsdata\groups\17-Xeroxscans\Disabled\ScottW\Scott billing worksheets\2021\11-23-21","BUILTIN\Administrators","Allow","FullControl","True"
"Y:\ttbntfile1\shared\appsdata\groups\17-Xeroxscans\Disabled\ScottW\Scott billing worksheets\2021\11-23-21","NT AUTHORITY\SYSTEM","Allow","FullControl","True"
"Y:\ttbntfile1\shared\appsdata\groups\17-Xeroxscans\Disabled\ScottW\Scott billing worksheets\2021\12-15-21","TONNANDBLANK\AVD Test Users","Allow","FullControl","True"
"Y:\ttbntfile1\shared\appsdata\groups\17-Xeroxscans\Disabled\ScottW\Scott billing worksheets\2021\12-15-21","TONNANDBLANK\impactadmin","Allow","FullControl","True"
"Y:\ttbntfile1\shared\appsdata\groups\17-Xeroxscans\Disabled\ScottW\Scott billing worksheets\2021\12-15-21","CREATOR OWNER","Allow","FullControl","True"
"Y:\ttbntfile1\shared\appsdata\groups\17-Xeroxscans\Disabled\ScottW\Scott billing worksheets\2021\12-15-21","BUILTIN\Administrators","Allow","FullControl","True"
"Y:\ttbntfile1\shared\appsdata\groups\17-Xeroxscans\Disabled\ScottW\Scott billing worksheets\2021\12-15-21","NT AUTHORITY\SYSTEM","Allow","FullControl","True"
"Y:\ttbntfile1\shared\appsdata\groups\17-Xeroxscans\Disabled\ScottW\Scott billing worksheets\2021\5-25-21","TONNANDBLANK\AVD Test Users","Allow","FullControl","True"
"Y:\ttbntfile1\shared\appsdata\groups\17-Xeroxscans\Disabled\ScottW\Scott billing worksheets\2021\5-25-21","TONNANDBLANK\impactadmin","Allow","FullControl","True"
"Y:\ttbntfile1\shared\appsdata\groups\17-Xeroxscans\Disabled\ScottW\Scott billing worksheets\2021\5-25-21","CREATOR OWNER","Allow","FullControl","True"
"Y:\ttbntfile1\shared\appsdata\groups\17-Xeroxscans\Disabled\ScottW\Scott billing worksheets\2021\5-25-21","BUILTIN\Administrators","Allow","FullControl","True"
"Y:\ttbntfile1\shared\appsdata\groups\17-Xeroxscans\Disabled\ScottW\Scott billing worksheets\2021\5-25-21","NT AUTHORITY\SYSTEM","Allow","FullControl","True"
"Y:\ttbntfile1\shared\appsdata\groups\17-Xeroxscans\Disabled\ScottW\Scott billing worksheets\2021\5-28-21","TONNANDBLANK\AVD Test Users","Allow","FullControl","True"
"Y:\ttbntfile1\shared\appsdata\groups\17-Xeroxscans\Disabled\ScottW\Scott billing worksheets\2021\5-28-21","TONNANDBLANK\impactadmin","Allow","FullControl","True"
"Y:\ttbntfile1\shared\appsdata\groups\17-Xeroxscans\Disabled\ScottW\Scott billing worksheets\2021\5-28-21","CREATOR OWNER","Allow","FullControl","True"
"Y:\ttbntfile1\shared\appsdata\groups\17-Xeroxscans\Disabled\ScottW\Scott billing worksheets\2021\5-28-21","BUILTIN\Administrators","Allow","FullControl","True"
"Y:\ttbntfile1\shared\appsdata\groups\17-Xeroxscans\Disabled\ScottW\Scott billing worksheets\2021\5-28-21","NT AUTHORITY\SYSTEM","Allow","FullControl","True"
"Y:\ttbntfile1\shared\appsdata\groups\17-Xeroxscans\Disabled\ScottW\Scott billing worksheets\2021\6-15-21","TONNANDBLANK\AVD Test Users","Allow","FullControl","True"
"Y:\ttbntfile1\shared\appsdata\groups\17-Xeroxscans\Disabled\ScottW\Scott billing worksheets\2021\6-15-21","TONNANDBLANK\impactadmin","Allow","FullControl","True"
"Y:\ttbntfile1\shared\appsdata\groups\17-Xeroxscans\Disabled\ScottW\Scott billing worksheets\2021\6-15-21","CREATOR OWNER","Allow","FullControl","True"
"Y:\ttbntfile1\shared\appsdata\groups\17-Xeroxscans\Disabled\ScottW\Scott billing worksheets\2021\6-15-21","BUILTIN\Administrators","Allow","FullControl","True"
"Y:\ttbntfile1\shared\appsdata\groups\17-Xeroxscans\Disabled\ScottW\Scott billing worksheets\2021\6-15-21","NT AUTHORITY\SYSTEM","Allow","FullControl","True"
"Y:\ttbntfile1\shared\appsdata\groups\17-Xeroxscans\Disabled\ScottW\Scott billing worksheets\2021\7-16-21","TONNANDBLANK\AVD Test Users","Allow","FullControl","True"
"Y:\ttbntfile1\shared\appsdata\groups\17-Xeroxscans\Disabled\ScottW\Scott billing worksheets\2021\7-16-21","TONNANDBLANK\impactadmin","Allow","FullControl","True"
"Y:\ttbntfile1\shared\appsdata\groups\17-Xeroxscans\Disabled\ScottW\Scott billing worksheets\2021\7-16-21","CREATOR OWNER","Allow","FullControl","True"
"Y:\ttbntfile1\shared\appsdata\groups\17-Xeroxscans\Disabled\ScottW\Scott billing worksheets\2021\7-16-21","BUILTIN\Administrators","Allow","FullControl","True"
"Y:\ttbntfile1\shared\appsdata\groups\17-Xeroxscans\Disabled\ScottW\Scott billing worksheets\2021\7-16-21","NT AUTHORITY\SYSTEM","Allow","FullControl","True"
"Y:\ttbntfile1\shared\appsdata\groups\17-Xeroxscans\Disabled\ScottW\Scott billing worksheets\2021\7-20-21 UPDATED","TONNANDBLANK\AVD Test Users","Allow","FullControl","True"
"Y:\ttbntfile1\shared\appsdata\groups\17-Xeroxscans\Disabled\ScottW\Scott billing worksheets\2021\7-20-21 UPDATED","TONNANDBLANK\impactadmin","Allow","FullControl","True"
"Y:\ttbntfile1\shared\appsdata\groups\17-Xeroxscans\Disabled\ScottW\Scott billing worksheets\2021\7-20-21 UPDATED","CREATOR OWNER","Allow","FullControl","True"
"Y:\ttbntfile1\shared\appsdata\groups\17-Xeroxscans\Disabled\ScottW\Scott billing worksheets\2021\7-20-21 UPDATED","BUILTIN\Administrators","Allow","FullControl","True"
"Y:\ttbntfile1\shared\appsdata\groups\17-Xeroxscans\Disabled\ScottW\Scott billing worksheets\2021\7-20-21 UPDATED","NT AUTHORITY\SYSTEM","Allow","FullControl","True"
"Y:\ttbntfile1\shared\appsdata\groups\17-Xeroxscans\Disabled\ScottW\Scott billing worksheets\2021\7-28-21","TONNANDBLANK\AVD Test Users","Allow","FullControl","True"
"Y:\ttbntfile1\shared\appsdata\groups\17-Xeroxscans\Disabled\ScottW\Scott billing worksheets\2021\7-28-21","TONNANDBLANK\impactadmin","Allow","FullControl","True"
"Y:\ttbntfile1\shared\appsdata\groups\17-Xeroxscans\Disabled\ScottW\Scott billing worksheets\2021\7-28-21","CREATOR OWNER","Allow","FullControl","True"
"Y:\ttbntfile1\shared\appsdata\groups\17-Xeroxscans\Disabled\ScottW\Scott billing worksheets\2021\7-28-21","BUILTIN\Administrators","Allow","FullControl","True"
"Y:\ttbntfile1\shared\appsdata\groups\17-Xeroxscans\Disabled\ScottW\Scott billing worksheets\2021\7-28-21","NT AUTHORITY\SYSTEM","Allow","FullControl","True"
"Y:\ttbntfile1\shared\appsdata\groups\17-Xeroxscans\Disabled\ScottW\Scott billing worksheets\2021\8-16-21","TONNANDBLANK\AVD Test Users","Allow","FullControl","True"
"Y:\ttbntfile1\shared\appsdata\groups\17-Xeroxscans\Disabled\ScottW\Scott billing worksheets\2021\8-16-21","TONNANDBLANK\impactadmin","Allow","FullControl","True"
"Y:\ttbntfile1\shared\appsdata\groups\17-Xeroxscans\Disabled\ScottW\Scott billing worksheets\2021\8-16-21","CREATOR OWNER","Allow","FullControl","True"
"Y:\ttbntfile1\shared\appsdata\groups\17-Xeroxscans\Disabled\ScottW\Scott billing worksheets\2021\8-16-21","BUILTIN\Administrators","Allow","FullControl","True"
"Y:\ttbntfile1\shared\appsdata\groups\17-Xeroxscans\Disabled\ScottW\Scott billing worksheets\2021\8-16-21","NT AUTHORITY\SYSTEM","Allow","FullControl","True"
"Y:\ttbntfile1\shared\appsdata\groups\17-Xeroxscans\Disabled\ScottW\Scott billing worksheets\2021\9-16-21","TONNANDBLANK\AVD Test Users","Allow","FullControl","True"
"Y:\ttbntfile1\shared\appsdata\groups\17-Xeroxscans\Disabled\ScottW\Scott billing worksheets\2021\9-16-21","TONNANDBLANK\impactadmin","Allow","FullControl","True"
"Y:\ttbntfile1\shared\appsdata\groups\17-Xeroxscans\Disabled\ScottW\Scott billing worksheets\2021\9-16-21","CREATOR OWNER","Allow","FullControl","True"
"Y:\ttbntfile1\shared\appsdata\groups\17-Xeroxscans\Disabled\ScottW\Scott billing worksheets\2021\9-16-21","BUILTIN\Administrators","Allow","FullControl","True"
"Y:\ttbntfile1\shared\appsdata\groups\17-Xeroxscans\Disabled\ScottW\Scott billing worksheets\2021\9-16-21","NT AUTHORITY\SYSTEM","Allow","FullControl","True"
"Y:\ttbntfile1\shared\appsdata\groups\17-Xeroxscans\Disabled\ScottW\Scott billing worksheets\2022\01-17-22","TONNANDBLANK\AVD Test Users","Allow","FullControl","True"
"Y:\ttbntfile1\shared\appsdata\groups\17-Xeroxscans\Disabled\ScottW\Scott billing worksheets\2022\01-17-22","TONNANDBLANK\impactadmin","Allow","FullControl","True"
"Y:\ttbntfile1\shared\appsdata\groups\17-Xeroxscans\Disabled\ScottW\Scott billing worksheets\2022\01-17-22","CREATOR OWNER","Allow","FullControl","True"
"Y:\ttbntfile1\shared\appsdata\groups\17-Xeroxscans\Disabled\ScottW\Scott billing worksheets\2022\01-17-22","BUILTIN\Administrators","Allow","FullControl","True"
"Y:\ttbntfile1\shared\appsdata\groups\17-Xeroxscans\Disabled\ScottW\Scott billing worksheets\2022\01-17-22","NT AUTHORITY\SYSTEM","Allow","FullControl","True"
"Y:\ttbntfile1\shared\appsdata\groups\17-Xeroxscans\Disabled\ScottW\Scott billing worksheets\2022\01-21-22","TONNANDBLANK\AVD Test Users","Allow","FullControl","True"
"Y:\ttbntfile1\shared\appsdata\groups\17-Xeroxscans\Disabled\ScottW\Scott billing worksheets\2022\01-21-22","TONNANDBLANK\impactadmin","Allow","FullControl","True"
"Y:\ttbntfile1\shared\appsdata\groups\17-Xeroxscans\Disabled\ScottW\Scott billing worksheets\2022\01-21-22","CREATOR OWNER","Allow","FullControl","True"
"Y:\ttbntfile1\shared\appsdata\groups\17-Xeroxscans\Disabled\ScottW\Scott billing worksheets\2022\01-21-22","BUILTIN\Administrators","Allow","FullControl","True"
"Y:\ttbntfile1\shared\appsdata\groups\17-Xeroxscans\Disabled\ScottW\Scott billing worksheets\2022\01-21-22","NT AUTHORITY\SYSTEM","Allow","FullControl","True"
"Y:\ttbntfile1\shared\appsdata\groups\17-Xeroxscans\Disabled\ScottW\Scott billing worksheets\2022\01-25-22","TONNANDBLANK\AVD Test Users","Allow","FullControl","True"
"Y:\ttbntfile1\shared\appsdata\groups\17-Xeroxscans\Disabled\ScottW\Scott billing worksheets\2022\01-25-22","TONNANDBLANK\impactadmin","Allow","FullControl","True"
"Y:\ttbntfile1\shared\appsdata\groups\17-Xeroxscans\Disabled\ScottW\Scott billing worksheets\2022\01-25-22","CREATOR OWNER","Allow","FullControl","True"
"Y:\ttbntfile1\shared\appsdata\groups\17-Xeroxscans\Disabled\ScottW\Scott billing worksheets\2022\01-25-22","BUILTIN\Administrators","Allow","FullControl","True"
"Y:\ttbntfile1\shared\appsdata\groups\17-Xeroxscans\Disabled\ScottW\Scott billing worksheets\2022\01-25-22","NT AUTHORITY\SYSTEM","Allow","FullControl","True"
"Y:\ttbntfile1\shared\appsdata\groups\17-Xeroxscans\Disabled\ScottW\Scott billing worksheets\2022\02-15-22","TONNANDBLANK\AVD Test Users","Allow","FullControl","True"
"Y:\ttbntfile1\shared\appsdata\groups\17-Xeroxscans\Disabled\ScottW\Scott billing worksheets\2022\02-15-22","TONNANDBLANK\impactadmin","Allow","FullControl","True"
"Y:\ttbntfile1\shared\appsdata\groups\17-Xeroxscans\Disabled\ScottW\Scott billing worksheets\2022\02-15-22","CREATOR OWNER","Allow","FullControl","True"
"Y:\ttbntfile1\shared\appsdata\groups\17-Xeroxscans\Disabled\ScottW\Scott billing worksheets\2022\02-15-22","BUILTIN\Administrators","Allow","FullControl","True"
"Y:\ttbntfile1\shared\appsdata\groups\17-Xeroxscans\Disabled\ScottW\Scott billing worksheets\2022\02-15-22","NT AUTHORITY\SYSTEM","Allow","FullControl","True"
"Y:\ttbntfile1\shared\appsdata\groups\17-Xeroxscans\Disabled\ScottW\Scott billing worksheets\2022\03-10-22","TONNANDBLANK\AVD Test Users","Allow","FullControl","True"
"Y:\ttbntfile1\shared\appsdata\groups\17-Xeroxscans\Disabled\ScottW\Scott billing worksheets\2022\03-10-22","TONNANDBLANK\impactadmin","Allow","FullControl","True"
"Y:\ttbntfile1\shared\appsdata\groups\17-Xeroxscans\Disabled\ScottW\Scott billing worksheets\2022\03-10-22","CREATOR OWNER","Allow","FullControl","True"
"Y:\ttbntfile1\shared\appsdata\groups\17-Xeroxscans\Disabled\ScottW\Scott billing worksheets\2022\03-10-22","BUILTIN\Administrators","Allow","FullControl","True"
"Y:\ttbntfile1\shared\appsdata\groups\17-Xeroxscans\Disabled\ScottW\Scott billing worksheets\2022\03-10-22","NT AUTHORITY\SYSTEM","Allow","FullControl","True"
"Y:\ttbntfile1\shared\appsdata\groups\17-Xeroxscans\Disabled\ScottW\Scott billing worksheets\2022\04-13-22","TONNANDBLANK\AVD Test Users","Allow","FullControl","True"
"Y:\ttbntfile1\shared\appsdata\groups\17-Xeroxscans\Disabled\ScottW\Scott billing worksheets\2022\04-13-22","TONNANDBLANK\impactadmin","Allow","FullControl","True"
"Y:\ttbntfile1\shared\appsdata\groups\17-Xeroxscans\Disabled\ScottW\Scott billing worksheets\2022\04-13-22","CREATOR OWNER","Allow","FullControl","True"
"Y:\ttbntfile1\shared\appsdata\groups\17-Xeroxscans\Disabled\ScottW\Scott billing worksheets\2022\04-13-22","BUILTIN\Administrators","Allow","FullControl","True"
"Y:\ttbntfile1\shared\appsdata\groups\17-Xeroxscans\Disabled\ScottW\Scott billing worksheets\2022\04-13-22","NT AUTHORITY\SYSTEM","Allow","FullControl","True"
"Y:\ttbntfile1\shared\appsdata\groups\17-Xeroxscans\Disabled\ScottW\Scott billing worksheets\2022\04-15-22 UPDATED","TONNANDBLANK\AVD Test Users","Allow","FullControl","True"
"Y:\ttbntfile1\shared\appsdata\groups\17-Xeroxscans\Disabled\ScottW\Scott billing worksheets\2022\04-15-22 UPDATED","TONNANDBLANK\impactadmin","Allow","FullControl","True"
"Y:\ttbntfile1\shared\appsdata\groups\17-Xeroxscans\Disabled\ScottW\Scott billing worksheets\2022\04-15-22 UPDATED","CREATOR OWNER","Allow","FullControl","True"
"Y:\ttbntfile1\shared\appsdata\groups\17-Xeroxscans\Disabled\ScottW\Scott billing worksheets\2022\04-15-22 UPDATED","BUILTIN\Administrators","Allow","FullControl","True"
"Y:\ttbntfile1\shared\appsdata\groups\17-Xeroxscans\Disabled\ScottW\Scott billing worksheets\2022\04-15-22 UPDATED","NT AUTHORITY\SYSTEM","Allow","FullControl","True"
"Y:\ttbntfile1\shared\appsdata\groups\17-Xeroxscans\Disabled\ScottW\Scott billing worksheets\2022\05-11-22","TONNANDBLANK\AVD Test Users","Allow","FullControl","True"
"Y:\ttbntfile1\shared\appsdata\groups\17-Xeroxscans\Disabled\ScottW\Scott billing worksheets\2022\05-11-22","TONNANDBLANK\impactadmin","Allow","FullControl","True"
"Y:\ttbntfile1\shared\appsdata\groups\17-Xeroxscans\Disabled\ScottW\Scott billing worksheets\2022\05-11-22","CREATOR OWNER","Allow","FullControl","True"
"Y:\ttbntfile1\shared\appsdata\groups\17-Xeroxscans\Disabled\ScottW\Scott billing worksheets\2022\05-11-22","BUILTIN\Administrators","Allow","FullControl","True"
"Y:\ttbntfile1\shared\appsdata\groups\17-Xeroxscans\Disabled\ScottW\Scott billing worksheets\2022\05-11-22","NT AUTHORITY\SYSTEM","Allow","FullControl","True"
"Y:\ttbntfile1\shared\appsdata\groups\17-Xeroxscans\Disabled\ScottW\Scott billing worksheets\2022\05-19-22","TONNANDBLANK\AVD Test Users","Allow","FullControl","True"
"Y:\ttbntfile1\shared\appsdata\groups\17-Xeroxscans\Disabled\ScottW\Scott billing worksheets\2022\05-19-22","TONNANDBLANK\impactadmin","Allow","FullControl","True"
"Y:\ttbntfile1\shared\appsdata\groups\17-Xeroxscans\Disabled\ScottW\Scott billing worksheets\2022\05-19-22","CREATOR OWNER","Allow","FullControl","True"
"Y:\ttbntfile1\shared\appsdata\groups\17-Xeroxscans\Disabled\ScottW\Scott billing worksheets\2022\05-19-22","BUILTIN\Administrators","Allow","FullControl","True"
"Y:\ttbntfile1\shared\appsdata\groups\17-Xeroxscans\Disabled\ScottW\Scott billing worksheets\2022\05-19-22","NT AUTHORITY\SYSTEM","Allow","FullControl","True"
"Y:\ttbntfile1\shared\appsdata\groups\17-Xeroxscans\Disabled\ScottW\Scott billing worksheets\2022\06-10-22","TONNANDBLANK\AVD Test Users","Allow","FullControl","True"
"Y:\ttbntfile1\shared\appsdata\groups\17-Xeroxscans\Disabled\ScottW\Scott billing worksheets\2022\06-10-22","TONNANDBLANK\impactadmin","Allow","FullControl","True"
"Y:\ttbntfile1\shared\appsdata\groups\17-Xeroxscans\Disabled\ScottW\Scott billing worksheets\2022\06-10-22","CREATOR OWNER","Allow","FullControl","True"
"Y:\ttbntfile1\shared\appsdata\groups\17-Xeroxscans\Disabled\ScottW\Scott billing worksheets\2022\06-10-22","BUILTIN\Administrators","Allow","FullControl","True"
"Y:\ttbntfile1\shared\appsdata\groups\17-Xeroxscans\Disabled\ScottW\Scott billing worksheets\2022\06-10-22","NT AUTHORITY\SYSTEM","Allow","FullControl","True"
"Y:\ttbntfile1\shared\appsdata\groups\17-Xeroxscans\Disabled\ScottW\Scott billing worksheets\2022\06-29-22","TONNANDBLANK\AVD Test Users","Allow","FullControl","True"
"Y:\ttbntfile1\shared\appsdata\groups\17-Xeroxscans\Disabled\ScottW\Scott billing worksheets\2022\06-29-22","TONNANDBLANK\impactadmin","Allow","FullControl","True"
"Y:\ttbntfile1\shared\appsdata\groups\17-Xeroxscans\Disabled\ScottW\Scott billing worksheets\2022\06-29-22","CREATOR OWNER","Allow","FullControl","True"
"Y:\ttbntfile1\shared\appsdata\groups\17-Xeroxscans\Disabled\ScottW\Scott billing worksheets\2022\06-29-22","BUILTIN\Administrators","Allow","FullControl","True"
"Y:\ttbntfile1\shared\appsdata\groups\17-Xeroxscans\Disabled\ScottW\Scott billing worksheets\2022\06-29-22","NT AUTHORITY\SYSTEM","Allow","FullControl","True"
"Y:\ttbntfile1\shared\appsdata\groups\17-Xeroxscans\Disabled\ScottW\Waivers\Completed Waivers","TONNANDBLANK\AVD Test Users","Allow","FullControl","True"
"Y:\ttbntfile1\shared\appsdata\groups\17-Xeroxscans\Disabled\ScottW\Waivers\Completed Waivers","TONNANDBLANK\impactadmin","Allow","FullControl","True"
"Y:\ttbntfile1\shared\appsdata\groups\17-Xeroxscans\Disabled\ScottW\Waivers\Completed Waivers","CREATOR OWNER","Allow","FullControl","True"
"Y:\ttbntfile1\shared\appsdata\groups\17-Xeroxscans\Disabled\ScottW\Waivers\Completed Waivers","BUILTIN\Administrators","Allow","FullControl","True"
"Y:\ttbntfile1\shared\appsdata\groups\17-Xeroxscans\Disabled\ScottW\Waivers\Completed Waivers","NT AUTHORITY\SYSTEM","Allow","FullControl","True"
"Y:\ttbntfile1\shared\appsdata\groups\17-Xeroxscans\Disabled\ScottW\Waivers\Completed Waivers\Allied Building Products","TONNANDBLANK\AVD Test Users","Allow","FullControl","True"
"Y:\ttbntfile1\shared\appsdata\groups\17-Xeroxscans\Disabled\ScottW\Waivers\Completed Waivers\Allied Building Products","TONNANDBLANK\impactadmin","Allow","FullControl","True"
"Y:\ttbntfile1\shared\appsdata\groups\17-Xeroxscans\Disabled\ScottW\Waivers\Completed Waivers\Allied Building Products","CREATOR OWNER","Allow","FullControl","True"
"Y:\ttbntfile1\shared\appsdata\groups\17-Xeroxscans\Disabled\ScottW\Waivers\Completed Waivers\Allied Building Products","BUILTIN\Administrators","Allow","FullControl","True"
"Y:\ttbntfile1\shared\appsdata\groups\17-Xeroxscans\Disabled\ScottW\Waivers\Completed Waivers\Allied Building Products","NT AUTHORITY\SYSTEM","Allow","FullControl","True"
"Y:\ttbntfile1\shared\appsdata\groups\17-Xeroxscans\Disabled\ScottW\Waivers\Completed Waivers\C & C Iron","TONNANDBLANK\AVD Test Users","Allow","FullControl","True"
"Y:\ttbntfile1\shared\appsdata\groups\17-Xeroxscans\Disabled\ScottW\Waivers\Completed Waivers\C & C Iron","TONNANDBLANK\impactadmin","Allow","FullControl","True"
"Y:\ttbntfile1\shared\appsdata\groups\17-Xeroxscans\Disabled\ScottW\Waivers\Completed Waivers\C & C Iron","CREATOR OWNER","Allow","FullControl","True"
"Y:\ttbntfile1\shared\appsdata\groups\17-Xeroxscans\Disabled\ScottW\Waivers\Completed Waivers\C & C Iron","BUILTIN\Administrators","Allow","FullControl","True"
"Y:\ttbntfile1\shared\appsdata\groups\17-Xeroxscans\Disabled\ScottW\Waivers\Completed Waivers\C & C Iron","NT AUTHORITY\SYSTEM","Allow","FullControl","True"
"Y:\ttbntfile1\shared\appsdata\groups\17-Xeroxscans\Disabled\ScottW\Waivers\Completed Waivers\Carpet Cushions","TONNANDBLANK\AVD Test Users","Allow","FullControl","True"
"Y:\ttbntfile1\shared\appsdata\groups\17-Xeroxscans\Disabled\ScottW\Waivers\Completed Waivers\Carpet Cushions","TONNANDBLANK\impactadmin","Allow","FullControl","True"
"Y:\ttbntfile1\shared\appsdata\groups\17-Xeroxscans\Disabled\ScottW\Waivers\Completed Waivers\Carpet Cushions","CREATOR OWNER","Allow","FullControl","True"
"Y:\ttbntfile1\shared\appsdata\groups\17-Xeroxscans\Disabled\ScottW\Waivers\Completed Waivers\Carpet Cushions","BUILTIN\Administrators","Allow","FullControl","True"
"Y:\ttbntfile1\shared\appsdata\groups\17-Xeroxscans\Disabled\ScottW\Waivers\Completed Waivers\Carpet Cushions","NT AUTHORITY\SYSTEM","Allow","FullControl","True"
"Y:\ttbntfile1\shared\appsdata\groups\17-Xeroxscans\Disabled\ScottW\Waivers\Completed Waivers\Contractor Steel","TONNANDBLANK\AVD Test Users","Allow","FullControl","True"
"Y:\ttbntfile1\shared\appsdata\groups\17-Xeroxscans\Disabled\ScottW\Waivers\Completed Waivers\Contractor Steel","TONNANDBLANK\impactadmin","Allow","FullControl","True"
"Y:\ttbntfile1\shared\appsdata\groups\17-Xeroxscans\Disabled\ScottW\Waivers\Completed Waivers\Contractor Steel","CREATOR OWNER","Allow","FullControl","True"
"Y:\ttbntfile1\shared\appsdata\groups\17-Xeroxscans\Disabled\ScottW\Waivers\Completed Waivers\Contractor Steel","BUILTIN\Administrators","Allow","FullControl","True"
"Y:\ttbntfile1\shared\appsdata\groups\17-Xeroxscans\Disabled\ScottW\Waivers\Completed Waivers\Contractor Steel","NT AUTHORITY\SYSTEM","Allow","FullControl","True"
"Y:\ttbntfile1\shared\appsdata\groups\17-Xeroxscans\Disabled\ScottW\Waivers\Completed Waivers\HD Supply","TONNANDBLANK\AVD Test Users","Allow","FullControl","True"
"Y:\ttbntfile1\shared\appsdata\groups\17-Xeroxscans\Disabled\ScottW\Waivers\Completed Waivers\HD Supply","TONNANDBLANK\impactadmin","Allow","FullControl","True"
"Y:\ttbntfile1\shared\appsdata\groups\17-Xeroxscans\Disabled\ScottW\Waivers\Completed Waivers\HD Supply","CREATOR OWNER","Allow","FullControl","True"
"Y:\ttbntfile1\shared\appsdata\groups\17-Xeroxscans\Disabled\ScottW\Waivers\Completed Waivers\HD Supply","BUILTIN\Administrators","Allow","FullControl","True"
"Y:\ttbntfile1\shared\appsdata\groups\17-Xeroxscans\Disabled\ScottW\Waivers\Completed Waivers\HD Supply","NT AUTHORITY\SYSTEM","Allow","FullControl","True"
"Y:\ttbntfile1\shared\appsdata\groups\17-Xeroxscans\Disabled\ScottW\Waivers\Completed Waivers\Lazzaro Company","TONNANDBLANK\AVD Test Users","Allow","FullControl","True"
"Y:\ttbntfile1\shared\appsdata\groups\17-Xeroxscans\Disabled\ScottW\Waivers\Completed Waivers\Lazzaro Company","TONNANDBLANK\impactadmin","Allow","FullControl","True"
"Y:\ttbntfile1\shared\appsdata\groups\17-Xeroxscans\Disabled\ScottW\Waivers\Completed Waivers\Lazzaro Company","CREATOR OWNER","Allow","FullControl","True"
"Y:\ttbntfile1\shared\appsdata\groups\17-Xeroxscans\Disabled\ScottW\Waivers\Completed Waivers\Lazzaro Company","BUILTIN\Administrators","Allow","FullControl","True"
"Y:\ttbntfile1\shared\appsdata\groups\17-Xeroxscans\Disabled\ScottW\Waivers\Completed Waivers\Lazzaro Company","NT AUTHORITY\SYSTEM","Allow","FullControl","True"
"Y:\ttbntfile1\shared\appsdata\groups\17-Xeroxscans\Disabled\ScottW\Waivers\Completed Waivers\Lee Supply Corporation","TONNANDBLANK\AVD Test Users","Allow","FullControl","True"
"Y:\ttbntfile1\shared\appsdata\groups\17-Xeroxscans\Disabled\ScottW\Waivers\Completed Waivers\Lee Supply Corporation","TONNANDBLANK\impactadmin","Allow","FullControl","True"
"Y:\ttbntfile1\shared\appsdata\groups\17-Xeroxscans\Disabled\ScottW\Waivers\Completed Waivers\Lee Supply Corporation","CREATOR OWNER","Allow","FullControl","True"
"Y:\ttbntfile1\shared\appsdata\groups\17-Xeroxscans\Disabled\ScottW\Waivers\Completed Waivers\Lee Supply Corporation","BUILTIN\Administrators","Allow","FullControl","True"
"Y:\ttbntfile1\shared\appsdata\groups\17-Xeroxscans\Disabled\ScottW\Waivers\Completed Waivers\Lee Supply Corporation","NT AUTHORITY\SYSTEM","Allow","FullControl","True"
"Y:\ttbntfile1\shared\appsdata\groups\17-Xeroxscans\Disabled\ScottW\Waivers\Completed Waivers\Pioneer Lumber","TONNANDBLANK\AVD Test Users","Allow","FullControl","True"
"Y:\ttbntfile1\shared\appsdata\groups\17-Xeroxscans\Disabled\ScottW\Waivers\Completed Waivers\Pioneer Lumber","TONNANDBLANK\impactadmin","Allow","FullControl","True"
"Y:\ttbntfile1\shared\appsdata\groups\17-Xeroxscans\Disabled\ScottW\Waivers\Completed Waivers\Pioneer Lumber","CREATOR OWNER","Allow","FullControl","True"
"Y:\ttbntfile1\shared\appsdata\groups\17-Xeroxscans\Disabled\ScottW\Waivers\Completed Waivers\Pioneer Lumber","BUILTIN\Administrators","Allow","FullControl","True"
"Y:\ttbntfile1\shared\appsdata\groups\17-Xeroxscans\Disabled\ScottW\Waivers\Completed Waivers\Pioneer Lumber","NT AUTHORITY\SYSTEM","Allow","FullControl","True"
"Y:\ttbntfile1\shared\appsdata\groups\17-Xeroxscans\Disabled\ScottW\Waivers\Completed Waivers\Rayner & Rinn-Scott, Inc","TONNANDBLANK\AVD Test Users","Allow","FullControl","True"
"Y:\ttbntfile1\shared\appsdata\groups\17-Xeroxscans\Disabled\ScottW\Waivers\Completed Waivers\Rayner & Rinn-Scott, Inc","TONNANDBLANK\impactadmin","Allow","FullControl","True"
"Y:\ttbntfile1\shared\appsdata\groups\17-Xeroxscans\Disabled\ScottW\Waivers\Completed Waivers\Rayner & Rinn-Scott, Inc","CREATOR OWNER","Allow","FullControl","True"
"Y:\ttbntfile1\shared\appsdata\groups\17-Xeroxscans\Disabled\ScottW\Waivers\Completed Waivers\Rayner & Rinn-Scott, Inc","BUILTIN\Administrators","Allow","FullControl","True"
"Y:\ttbntfile1\shared\appsdata\groups\17-Xeroxscans\Disabled\ScottW\Waivers\Completed Waivers\Rayner & Rinn-Scott, Inc","NT AUTHORITY\SYSTEM","Allow","FullControl","True"
"Y:\ttbntfile1\shared\appsdata\groups\17-Xeroxscans\Disabled\ScottW\Waivers\Completed Waivers\Reliable Construction","TONNANDBLANK\AVD Test Users","Allow","FullControl","True"
"Y:\ttbntfile1\shared\appsdata\groups\17-Xeroxscans\Disabled\ScottW\Waivers\Completed Waivers\Reliable Construction","TONNANDBLANK\impactadmin","Allow","FullControl","True"
"Y:\ttbntfile1\shared\appsdata\groups\17-Xeroxscans\Disabled\ScottW\Waivers\Completed Waivers\Reliable Construction","CREATOR OWNER","Allow","FullControl","True"
"Y:\ttbntfile1\shared\appsdata\groups\17-Xeroxscans\Disabled\ScottW\Waivers\Completed Waivers\Reliable Construction","BUILTIN\Administrators","Allow","FullControl","True"
"Y:\ttbntfile1\shared\appsdata\groups\17-Xeroxscans\Disabled\ScottW\Waivers\Completed Waivers\Reliable Construction","NT AUTHORITY\SYSTEM","Allow","FullControl","True"
"Y:\ttbntfile1\shared\appsdata\groups\17-Xeroxscans\Disabled\ScottW\Waivers\Completed Waivers\Reprographic Arts","TONNANDBLANK\AVD Test Users","Allow","FullControl","True"
"Y:\ttbntfile1\shared\appsdata\groups\17-Xeroxscans\Disabled\ScottW\Waivers\Completed Waivers\Reprographic Arts","TONNANDBLANK\impactadmin","Allow","FullControl","True"
"Y:\ttbntfile1\shared\appsdata\groups\17-Xeroxscans\Disabled\ScottW\Waivers\Completed Waivers\Reprographic Arts","CREATOR OWNER","Allow","FullControl","True"
"Y:\ttbntfile1\shared\appsdata\groups\17-Xeroxscans\Disabled\ScottW\Waivers\Completed Waivers\Reprographic Arts","BUILTIN\Administrators","Allow","FullControl","True"
"Y:\ttbntfile1\shared\appsdata\groups\17-Xeroxscans\Disabled\ScottW\Waivers\Completed Waivers\Reprographic Arts","NT AUTHORITY\SYSTEM","Allow","FullControl","True"
"Y:\ttbntfile1\shared\appsdata\groups\17-Xeroxscans\Disabled\ScottW\Waivers\Completed Waivers\Smith Ready Mix","TONNANDBLANK\AVD Test Users","Allow","FullControl","True"
"Y:\ttbntfile1\shared\appsdata\groups\17-Xeroxscans\Disabled\ScottW\Waivers\Completed Waivers\Smith Ready Mix","TONNANDBLANK\impactadmin","Allow","FullControl","True"
"Y:\ttbntfile1\shared\appsdata\groups\17-Xeroxscans\Disabled\ScottW\Waivers\Completed Waivers\Smith Ready Mix","CREATOR OWNER","Allow","FullControl","True"
"Y:\ttbntfile1\shared\appsdata\groups\17-Xeroxscans\Disabled\ScottW\Waivers\Completed Waivers\Smith Ready Mix","BUILTIN\Administrators","Allow","FullControl","True"
"Y:\ttbntfile1\shared\appsdata\groups\17-Xeroxscans\Disabled\ScottW\Waivers\Completed Waivers\Smith Ready Mix","NT AUTHORITY\SYSTEM","Allow","FullControl","True"
"Y:\ttbntfile1\shared\appsdata\groups\17-Xeroxscans\Disabled\ScottW\Waivers\Completed Waivers\Allied Building Products\First Waiver","TONNANDBLANK\AVD Test Users","Allow","FullControl","True"
"Y:\ttbntfile1\shared\appsdata\groups\17-Xeroxscans\Disabled\ScottW\Waivers\Completed Waivers\Allied Building Products\First Waiver","TONNANDBLANK\impactadmin","Allow","FullControl","True"
"Y:\ttbntfile1\shared\appsdata\groups\17-Xeroxscans\Disabled\ScottW\Waivers\Completed Waivers\Allied Building Products\First Waiver","CREATOR OWNER","Allow","FullControl","True"
"Y:\ttbntfile1\shared\appsdata\groups\17-Xeroxscans\Disabled\ScottW\Waivers\Completed Waivers\Allied Building Products\First Waiver","BUILTIN\Administrators","Allow","FullControl","True"
"Y:\ttbntfile1\shared\appsdata\groups\17-Xeroxscans\Disabled\ScottW\Waivers\Completed Waivers\Allied Building Products\First Waiver","NT AUTHORITY\SYSTEM","Allow","FullControl","True"
"Y:\ttbntfile1\shared\appsdata\groups\17-Xeroxscans\Disabled\ScottW\Waivers\Completed Waivers\C & C Iron\Waiver 1","TONNANDBLANK\AVD Test Users","Allow","FullControl","True"
"Y:\ttbntfile1\shared\appsdata\groups\17-Xeroxscans\Disabled\ScottW\Waivers\Completed Waivers\C & C Iron\Waiver 1","TONNANDBLANK\impactadmin","Allow","FullControl","True"
"Y:\ttbntfile1\shared\appsdata\groups\17-Xeroxscans\Disabled\ScottW\Waivers\Completed Waivers\C & C Iron\Waiver 1","CREATOR OWNER","Allow","FullControl","True"
"Y:\ttbntfile1\shared\appsdata\groups\17-Xeroxscans\Disabled\ScottW\Waivers\Completed Waivers\C & C Iron\Waiver 1","BUILTIN\Administrators","Allow","FullControl","True"
"Y:\ttbntfile1\shared\appsdata\groups\17-Xeroxscans\Disabled\ScottW\Waivers\Completed Waivers\C & C Iron\Waiver 1","NT AUTHORITY\SYSTEM","Allow","FullControl","True"
"Y:\ttbntfile1\shared\appsdata\groups\17-Xeroxscans\Disabled\ScottW\Waivers\Completed Waivers\Carpet Cushions\1st Waiver","TONNANDBLANK\AVD Test Users","Allow","FullControl","True"
"Y:\ttbntfile1\shared\appsdata\groups\17-Xeroxscans\Disabled\ScottW\Waivers\Completed Waivers\Carpet Cushions\1st Waiver","TONNANDBLANK\impactadmin","Allow","FullControl","True"
"Y:\ttbntfile1\shared\appsdata\groups\17-Xeroxscans\Disabled\ScottW\Waivers\Completed Waivers\Carpet Cushions\1st Waiver","CREATOR OWNER","Allow","FullControl","True"
"Y:\ttbntfile1\shared\appsdata\groups\17-Xeroxscans\Disabled\ScottW\Waivers\Completed Waivers\Carpet Cushions\1st Waiver","BUILTIN\Administrators","Allow","FullControl","True"
"Y:\ttbntfile1\shared\appsdata\groups\17-Xeroxscans\Disabled\ScottW\Waivers\Completed Waivers\Carpet Cushions\1st Waiver","NT AUTHORITY\SYSTEM","Allow","FullControl","True"
"Y:\ttbntfile1\shared\appsdata\groups\17-Xeroxscans\Disabled\ScottW\Waivers\Completed Waivers\Carpet Cushions\2nd Waiver","TONNANDBLANK\AVD Test Users","Allow","FullControl","True"
"Y:\ttbntfile1\shared\appsdata\groups\17-Xeroxscans\Disabled\ScottW\Waivers\Completed Waivers\Carpet Cushions\2nd Waiver","TONNANDBLANK\impactadmin","Allow","FullControl","True"
"Y:\ttbntfile1\shared\appsdata\groups\17-Xeroxscans\Disabled\ScottW\Waivers\Completed Waivers\Carpet Cushions\2nd Waiver","CREATOR OWNER","Allow","FullControl","True"
"Y:\ttbntfile1\shared\appsdata\groups\17-Xeroxscans\Disabled\ScottW\Waivers\Completed Waivers\Carpet Cushions\2nd Waiver","BUILTIN\Administrators","Allow","FullControl","True"
"Y:\ttbntfile1\shared\appsdata\groups\17-Xeroxscans\Disabled\ScottW\Waivers\Completed Waivers\Carpet Cushions\2nd Waiver","NT AUTHORITY\SYSTEM","Allow","FullControl","True"
"Y:\ttbntfile1\shared\appsdata\groups\17-Xeroxscans\Disabled\ScottW\Waivers\Completed Waivers\Contractor Steel\First Waiver","TONNANDBLANK\AVD Test Users","Allow","FullControl","True"
"Y:\ttbntfile1\shared\appsdata\groups\17-Xeroxscans\Disabled\ScottW\Waivers\Completed Waivers\Contractor Steel\First Waiver","TONNANDBLANK\impactadmin","Allow","FullControl","True"
"Y:\ttbntfile1\shared\appsdata\groups\17-Xeroxscans\Disabled\ScottW\Waivers\Completed Waivers\Contractor Steel\First Waiver","CREATOR OWNER","Allow","FullControl","True"
"Y:\ttbntfile1\shared\appsdata\groups\17-Xeroxscans\Disabled\ScottW\Waivers\Completed Waivers\Contractor Steel\First Waiver","BUILTIN\Administrators","Allow","FullControl","True"
"Y:\ttbntfile1\shared\appsdata\groups\17-Xeroxscans\Disabled\ScottW\Waivers\Completed Waivers\Contractor Steel\First Waiver","NT AUTHORITY\SYSTEM","Allow","FullControl","True"
"Y:\ttbntfile1\shared\appsdata\groups\17-Xeroxscans\Disabled\ScottW\Waivers\Completed Waivers\HD Supply\First Waiver","TONNANDBLANK\AVD Test Users","Allow","FullControl","True"
"Y:\ttbntfile1\shared\appsdata\groups\17-Xeroxscans\Disabled\ScottW\Waivers\Completed Waivers\HD Supply\First Waiver","TONNANDBLANK\impactadmin","Allow","FullControl","True"
"Y:\ttbntfile1\shared\appsdata\groups\17-Xeroxscans\Disabled\ScottW\Waivers\Completed Waivers\HD Supply\First Waiver","CREATOR OWNER","Allow","FullControl","True"
"Y:\ttbntfile1\shared\appsdata\groups\17-Xeroxscans\Disabled\ScottW\Waivers\Completed Waivers\HD Supply\First Waiver","BUILTIN\Administrators","Allow","FullControl","True"
"Y:\ttbntfile1\shared\appsdata\groups\17-Xeroxscans\Disabled\ScottW\Waivers\Completed Waivers\HD Supply\First Waiver","NT AUTHORITY\SYSTEM","Allow","FullControl","True"
"Y:\ttbntfile1\shared\appsdata\groups\17-Xeroxscans\Disabled\ScottW\Waivers\Completed Waivers\HD Supply\Fourth Waiver","TONNANDBLANK\AVD Test Users","Allow","FullControl","True"
"Y:\ttbntfile1\shared\appsdata\groups\17-Xeroxscans\Disabled\ScottW\Waivers\Completed Waivers\HD Supply\Fourth Waiver","TONNANDBLANK\impactadmin","Allow","FullControl","True"
"Y:\ttbntfile1\shared\appsdata\groups\17-Xeroxscans\Disabled\ScottW\Waivers\Completed Waivers\HD Supply\Fourth Waiver","CREATOR OWNER","Allow","FullControl","True"
"Y:\ttbntfile1\shared\appsdata\groups\17-Xeroxscans\Disabled\ScottW\Waivers\Completed Waivers\HD Supply\Fourth Waiver","BUILTIN\Administrators","Allow","FullControl","True"
"Y:\ttbntfile1\shared\appsdata\groups\17-Xeroxscans\Disabled\ScottW\Waivers\Completed Waivers\HD Supply\Fourth Waiver","NT AUTHORITY\SYSTEM","Allow","FullControl","True"
"Y:\ttbntfile1\shared\appsdata\groups\17-Xeroxscans\Disabled\ScottW\Waivers\Completed Waivers\HD Supply\Second Waiver","TONNANDBLANK\AVD Test Users","Allow","FullControl","True"
"Y:\ttbntfile1\shared\appsdata\groups\17-Xeroxscans\Disabled\ScottW\Waivers\Completed Waivers\HD Supply\Second Waiver","TONNANDBLANK\impactadmin","Allow","FullControl","True"
"Y:\ttbntfile1\shared\appsdata\groups\17-Xeroxscans\Disabled\ScottW\Waivers\Completed Waivers\HD Supply\Second Waiver","CREATOR OWNER","Allow","FullControl","True"
"Y:\ttbntfile1\shared\appsdata\groups\17-Xeroxscans\Disabled\ScottW\Waivers\Completed Waivers\HD Supply\Second Waiver","BUILTIN\Administrators","Allow","FullControl","True"
"Y:\ttbntfile1\shared\appsdata\groups\17-Xeroxscans\Disabled\ScottW\Waivers\Completed Waivers\HD Supply\Second Waiver","NT AUTHORITY\SYSTEM","Allow","FullControl","True"
"Y:\ttbntfile1\shared\appsdata\groups\17-Xeroxscans\Disabled\ScottW\Waivers\Completed Waivers\HD Supply\Third Waiver","TONNANDBLANK\AVD Test Users","Allow","FullControl","True"
"Y:\ttbntfile1\shared\appsdata\groups\17-Xeroxscans\Disabled\ScottW\Waivers\Completed Waivers\HD Supply\Third Waiver","TONNANDBLANK\impactadmin","Allow","FullControl","True"
"Y:\ttbntfile1\shared\appsdata\groups\17-Xeroxscans\Disabled\ScottW\Waivers\Completed Waivers\HD Supply\Third Waiver","CREATOR OWNER","Allow","FullControl","True"
"Y:\ttbntfile1\shared\appsdata\groups\17-Xeroxscans\Disabled\ScottW\Waivers\Completed Waivers\HD Supply\Third Waiver","BUILTIN\Administrators","Allow","FullControl","True"
"Y:\ttbntfile1\shared\appsdata\groups\17-Xeroxscans\Disabled\ScottW\Waivers\Completed Waivers\HD Supply\Third Waiver","NT AUTHORITY\SYSTEM","Allow","FullControl","True"
"Y:\ttbntfile1\shared\appsdata\groups\17-Xeroxscans\Disabled\ScottW\Waivers\Completed Waivers\Lazzaro Company\Fifth Waiver","TONNANDBLANK\AVD Test Users","Allow","FullControl","True"
"Y:\ttbntfile1\shared\appsdata\groups\17-Xeroxscans\Disabled\ScottW\Waivers\Completed Waivers\Lazzaro Company\Fifth Waiver","TONNANDBLANK\impactadmin","Allow","FullControl","True"
"Y:\ttbntfile1\shared\appsdata\groups\17-Xeroxscans\Disabled\ScottW\Waivers\Completed Waivers\Lazzaro Company\Fifth Waiver","CREATOR OWNER","Allow","FullControl","True"
"Y:\ttbntfile1\shared\appsdata\groups\17-Xeroxscans\Disabled\ScottW\Waivers\Completed Waivers\Lazzaro Company\Fifth Waiver","BUILTIN\Administrators","Allow","FullControl","True"
"Y:\ttbntfile1\shared\appsdata\groups\17-Xeroxscans\Disabled\ScottW\Waivers\Completed Waivers\Lazzaro Company\Fifth Waiver","NT AUTHORITY\SYSTEM","Allow","FullControl","True"
"Y:\ttbntfile1\shared\appsdata\groups\17-Xeroxscans\Disabled\ScottW\Waivers\Completed Waivers\Lazzaro Company\First Waiver","TONNANDBLANK\AVD Test Users","Allow","FullControl","True"
"Y:\ttbntfile1\shared\appsdata\groups\17-Xeroxscans\Disabled\ScottW\Waivers\Completed Waivers\Lazzaro Company\First Waiver","TONNANDBLANK\impactadmin","Allow","FullControl","True"
"Y:\ttbntfile1\shared\appsdata\groups\17-Xeroxscans\Disabled\ScottW\Waivers\Completed Waivers\Lazzaro Company\First Waiver","CREATOR OWNER","Allow","FullControl","True"
"Y:\ttbntfile1\shared\appsdata\groups\17-Xeroxscans\Disabled\ScottW\Waivers\Completed Waivers\Lazzaro Company\First Waiver","BUILTIN\Administrators","Allow","FullControl","True"
"Y:\ttbntfile1\shared\appsdata\groups\17-Xeroxscans\Disabled\ScottW\Waivers\Completed Waivers\Lazzaro Company\First Waiver","NT AUTHORITY\SYSTEM","Allow","FullControl","True"
"Y:\ttbntfile1\shared\appsdata\groups\17-Xeroxscans\Disabled\ScottW\Waivers\Completed Waivers\Lazzaro Company\Fourth Waiver","TONNANDBLANK\AVD Test Users","Allow","FullControl","True"
"Y:\ttbntfile1\shared\appsdata\groups\17-Xeroxscans\Disabled\ScottW\Waivers\Completed Waivers\Lazzaro Company\Fourth Waiver","TONNANDBLANK\impactadmin","Allow","FullControl","True"
"Y:\ttbntfile1\shared\appsdata\groups\17-Xeroxscans\Disabled\ScottW\Waivers\Completed Waivers\Lazzaro Company\Fourth Waiver","CREATOR OWNER","Allow","FullControl","True"
"Y:\ttbntfile1\shared\appsdata\groups\17-Xeroxscans\Disabled\ScottW\Waivers\Completed Waivers\Lazzaro Company\Fourth Waiver","BUILTIN\Administrators","Allow","FullControl","True"
"Y:\ttbntfile1\shared\appsdata\groups\17-Xeroxscans\Disabled\ScottW\Waivers\Completed Waivers\Lazzaro Company\Fourth Waiver","NT AUTHORITY\SYSTEM","Allow","FullControl","True"
"Y:\ttbntfile1\shared\appsdata\groups\17-Xeroxscans\Disabled\ScottW\Waivers\Completed Waivers\Lazzaro Company\Second Waiver","TONNANDBLANK\AVD Test Users","Allow","FullControl","True"
"Y:\ttbntfile1\shared\appsdata\groups\17-Xeroxscans\Disabled\ScottW\Waivers\Completed Waivers\Lazzaro Company\Second Waiver","TONNANDBLANK\impactadmin","Allow","FullControl","True"
"Y:\ttbntfile1\shared\appsdata\groups\17-Xeroxscans\Disabled\ScottW\Waivers\Completed Waivers\Lazzaro Company\Second Waiver","CREATOR OWNER","Allow","FullControl","True"
"Y:\ttbntfile1\shared\appsdata\groups\17-Xeroxscans\Disabled\ScottW\Waivers\Completed Waivers\Lazzaro Company\Second Waiver","BUILTIN\Administrators","Allow","FullControl","True"
"Y:\ttbntfile1\shared\appsdata\groups\17-Xeroxscans\Disabled\ScottW\Waivers\Completed Waivers\Lazzaro Company\Second Waiver","NT AUTHORITY\SYSTEM","Allow","FullControl","True"
"Y:\ttbntfile1\shared\appsdata\groups\17-Xeroxscans\Disabled\ScottW\Waivers\Completed Waivers\Lazzaro Company\Third Waiver","TONNANDBLANK\AVD Test Users","Allow","FullControl","True"
"Y:\ttbntfile1\shared\appsdata\groups\17-Xeroxscans\Disabled\ScottW\Waivers\Completed Waivers\Lazzaro Company\Third Waiver","TONNANDBLANK\impactadmin","Allow","FullControl","True"
"Y:\ttbntfile1\shared\appsdata\groups\17-Xeroxscans\Disabled\ScottW\Waivers\Completed Waivers\Lazzaro Company\Third Waiver","CREATOR OWNER","Allow","FullControl","True"
"Y:\ttbntfile1\shared\appsdata\groups\17-Xeroxscans\Disabled\ScottW\Waivers\Completed Waivers\Lazzaro Company\Third Waiver","BUILTIN\Administrators","Allow","FullControl","True"
"Y:\ttbntfile1\shared\appsdata\groups\17-Xeroxscans\Disabled\ScottW\Waivers\Completed Waivers\Lazzaro Company\Third Waiver","NT AUTHORITY\SYSTEM","Allow","FullControl","True"
"Y:\ttbntfile1\shared\appsdata\groups\17-Xeroxscans\Disabled\ScottW\Waivers\Completed Waivers\Lee Supply Corporation\First Waiver","TONNANDBLANK\AVD Test Users","Allow","FullControl","True"
"Y:\ttbntfile1\shared\appsdata\groups\17-Xeroxscans\Disabled\ScottW\Waivers\Completed Waivers\Lee Supply Corporation\First Waiver","TONNANDBLANK\impactadmin","Allow","FullControl","True"
"Y:\ttbntfile1\shared\appsdata\groups\17-Xeroxscans\Disabled\ScottW\Waivers\Completed Waivers\Lee Supply Corporation\First Waiver","CREATOR OWNER","Allow","FullControl","True"
"Y:\ttbntfile1\shared\appsdata\groups\17-Xeroxscans\Disabled\ScottW\Waivers\Completed Waivers\Lee Supply Corporation\First Waiver","BUILTIN\Administrators","Allow","FullControl","True"
"Y:\ttbntfile1\shared\appsdata\groups\17-Xeroxscans\Disabled\ScottW\Waivers\Completed Waivers\Lee Supply Corporation\First Waiver","NT AUTHORITY\SYSTEM","Allow","FullControl","True"
"Y:\ttbntfile1\shared\appsdata\groups\17-Xeroxscans\Disabled\ScottW\Waivers\Completed Waivers\Pioneer Lumber\First Waiver","TONNANDBLANK\AVD Test Users","Allow","FullControl","True"
"Y:\ttbntfile1\shared\appsdata\groups\17-Xeroxscans\Disabled\ScottW\Waivers\Completed Waivers\Pioneer Lumber\First Waiver","TONNANDBLANK\impactadmin","Allow","FullControl","True"
"Y:\ttbntfile1\shared\appsdata\groups\17-Xeroxscans\Disabled\ScottW\Waivers\Completed Waivers\Pioneer Lumber\First Waiver","CREATOR OWNER","Allow","FullControl","True"
"Y:\ttbntfile1\shared\appsdata\groups\17-Xeroxscans\Disabled\ScottW\Waivers\Completed Waivers\Pioneer Lumber\First Waiver","BUILTIN\Administrators","Allow","FullControl","True"
"Y:\ttbntfile1\shared\appsdata\groups\17-Xeroxscans\Disabled\ScottW\Waivers\Completed Waivers\Pioneer Lumber\First Waiver","NT AUTHORITY\SYSTEM","Allow","FullControl","True"
"Y:\ttbntfile1\shared\appsdata\groups\17-Xeroxscans\Disabled\ScottW\Waivers\Completed Waivers\Pioneer Lumber\Fourth Waiver","TONNANDBLANK\AVD Test Users","Allow","FullControl","True"
"Y:\ttbntfile1\shared\appsdata\groups\17-Xeroxscans\Disabled\ScottW\Waivers\Completed Waivers\Pioneer Lumber\Fourth Waiver","TONNANDBLANK\impactadmin","Allow","FullControl","True"
"Y:\ttbntfile1\shared\appsdata\groups\17-Xeroxscans\Disabled\ScottW\Waivers\Completed Waivers\Pioneer Lumber\Fourth Waiver","CREATOR OWNER","Allow","FullControl","True"
"Y:\ttbntfile1\shared\appsdata\groups\17-Xeroxscans\Disabled\ScottW\Waivers\Completed Waivers\Pioneer Lumber\Fourth Waiver","BUILTIN\Administrators","Allow","FullControl","True"
"Y:\ttbntfile1\shared\appsdata\groups\17-Xeroxscans\Disabled\ScottW\Waivers\Completed Waivers\Pioneer Lumber\Fourth Waiver","NT AUTHORITY\SYSTEM","Allow","FullControl","True"
"Y:\ttbntfile1\shared\appsdata\groups\17-Xeroxscans\Disabled\ScottW\Waivers\Completed Waivers\Pioneer Lumber\Second Waiver","TONNANDBLANK\AVD Test Users","Allow","FullControl","True"
"Y:\ttbntfile1\shared\appsdata\groups\17-Xeroxscans\Disabled\ScottW\Waivers\Completed Waivers\Pioneer Lumber\Second Waiver","TONNANDBLANK\impactadmin","Allow","FullControl","True"
"Y:\ttbntfile1\shared\appsdata\groups\17-Xeroxscans\Disabled\ScottW\Waivers\Completed Waivers\Pioneer Lumber\Second Waiver","CREATOR OWNER","Allow","FullControl","True"
"Y:\ttbntfile1\shared\appsdata\groups\17-Xeroxscans\Disabled\ScottW\Waivers\Completed Waivers\Pioneer Lumber\Second Waiver","BUILTIN\Administrators","Allow","FullControl","True"
"Y:\ttbntfile1\shared\appsdata\groups\17-Xeroxscans\Disabled\ScottW\Waivers\Completed Waivers\Pioneer Lumber\Second Waiver","NT AUTHORITY\SYSTEM","Allow","FullControl","True"
"Y:\ttbntfile1\shared\appsdata\groups\17-Xeroxscans\Disabled\ScottW\Waivers\Completed Waivers\Pioneer Lumber\Third Waiver","TONNANDBLANK\AVD Test Users","Allow","FullControl","True"
"Y:\ttbntfile1\shared\appsdata\groups\17-Xeroxscans\Disabled\ScottW\Waivers\Completed Waivers\Pioneer Lumber\Third Waiver","TONNANDBLANK\impactadmin","Allow","FullControl","True"
"Y:\ttbntfile1\shared\appsdata\groups\17-Xeroxscans\Disabled\ScottW\Waivers\Completed Waivers\Pioneer Lumber\Third Waiver","CREATOR OWNER","Allow","FullControl","True"
"Y:\ttbntfile1\shared\appsdata\groups\17-Xeroxscans\Disabled\ScottW\Waivers\Completed Waivers\Pioneer Lumber\Third Waiver","BUILTIN\Administrators","Allow","FullControl","True"
"Y:\ttbntfile1\shared\appsdata\groups\17-Xeroxscans\Disabled\ScottW\Waivers\Completed Waivers\Pioneer Lumber\Third Waiver","NT AUTHORITY\SYSTEM","Allow","FullControl","True"
"Y:\ttbntfile1\shared\appsdata\groups\17-Xeroxscans\Disabled\ScottW\Waivers\Completed Waivers\Rayner & Rinn-Scott, Inc\First Waiver","TONNANDBLANK\AVD Test Users","Allow","FullControl","True"
"Y:\ttbntfile1\shared\appsdata\groups\17-Xeroxscans\Disabled\ScottW\Waivers\Completed Waivers\Rayner & Rinn-Scott, Inc\First Waiver","TONNANDBLANK\impactadmin","Allow","FullControl","True"
"Y:\ttbntfile1\shared\appsdata\groups\17-Xeroxscans\Disabled\ScottW\Waivers\Completed Waivers\Rayner & Rinn-Scott, Inc\First Waiver","CREATOR OWNER","Allow","FullControl","True"
"Y:\ttbntfile1\shared\appsdata\groups\17-Xeroxscans\Disabled\ScottW\Waivers\Completed Waivers\Rayner & Rinn-Scott, Inc\First Waiver","BUILTIN\Administrators","Allow","FullControl","True"
"Y:\ttbntfile1\shared\appsdata\groups\17-Xeroxscans\Disabled\ScottW\Waivers\Completed Waivers\Rayner & Rinn-Scott, Inc\First Waiver","NT AUTHORITY\SYSTEM","Allow","FullControl","True"
"Y:\ttbntfile1\shared\appsdata\groups\17-Xeroxscans\Disabled\ScottW\Waivers\Completed Waivers\Reliable Construction\Fifth Waiver","TONNANDBLANK\AVD Test Users","Allow","FullControl","True"
"Y:\ttbntfile1\shared\appsdata\groups\17-Xeroxscans\Disabled\ScottW\Waivers\Completed Waivers\Reliable Construction\Fifth Waiver","TONNANDBLANK\impactadmin","Allow","FullControl","True"
"Y:\ttbntfile1\shared\appsdata\groups\17-Xeroxscans\Disabled\ScottW\Waivers\Completed Waivers\Reliable Construction\Fifth Waiver","CREATOR OWNER","Allow","FullControl","True"
"Y:\ttbntfile1\shared\appsdata\groups\17-Xeroxscans\Disabled\ScottW\Waivers\Completed Waivers\Reliable Construction\Fifth Waiver","BUILTIN\Administrators","Allow","FullControl","True"
"Y:\ttbntfile1\shared\appsdata\groups\17-Xeroxscans\Disabled\ScottW\Waivers\Completed Waivers\Reliable Construction\Fifth Waiver","NT AUTHORITY\SYSTEM","Allow","FullControl","True"
"Y:\ttbntfile1\shared\appsdata\groups\17-Xeroxscans\Disabled\ScottW\Waivers\Completed Waivers\Reliable Construction\First Waiver","TONNANDBLANK\AVD Test Users","Allow","FullControl","True"
"Y:\ttbntfile1\shared\appsdata\groups\17-Xeroxscans\Disabled\ScottW\Waivers\Completed Waivers\Reliable Construction\First Waiver","TONNANDBLANK\impactadmin","Allow","FullControl","True"
"Y:\ttbntfile1\shared\appsdata\groups\17-Xeroxscans\Disabled\ScottW\Waivers\Completed Waivers\Reliable Construction\First Waiver","CREATOR OWNER","Allow","FullControl","True"
"Y:\ttbntfile1\shared\appsdata\groups\17-Xeroxscans\Disabled\ScottW\Waivers\Completed Waivers\Reliable Construction\First Waiver","BUILTIN\Administrators","Allow","FullControl","True"
"Y:\ttbntfile1\shared\appsdata\groups\17-Xeroxscans\Disabled\ScottW\Waivers\Completed Waivers\Reliable Construction\First Waiver","NT AUTHORITY\SYSTEM","Allow","FullControl","True"
"Y:\ttbntfile1\shared\appsdata\groups\17-Xeroxscans\Disabled\ScottW\Waivers\Completed Waivers\Reliable Construction\Fourth Waiver","TONNANDBLANK\AVD Test Users","Allow","FullControl","True"
"Y:\ttbntfile1\shared\appsdata\groups\17-Xeroxscans\Disabled\ScottW\Waivers\Completed Waivers\Reliable Construction\Fourth Waiver","TONNANDBLANK\impactadmin","Allow","FullControl","True"
"Y:\ttbntfile1\shared\appsdata\groups\17-Xeroxscans\Disabled\ScottW\Waivers\Completed Waivers\Reliable Construction\Fourth Waiver","CREATOR OWNER","Allow","FullControl","True"
"Y:\ttbntfile1\shared\appsdata\groups\17-Xeroxscans\Disabled\ScottW\Waivers\Completed Waivers\Reliable Construction\Fourth Waiver","BUILTIN\Administrators","Allow","FullControl","True"
"Y:\ttbntfile1\shared\appsdata\groups\17-Xeroxscans\Disabled\ScottW\Waivers\Completed Waivers\Reliable Construction\Fourth Waiver","NT AUTHORITY\SYSTEM","Allow","FullControl","True"
"Y:\ttbntfile1\shared\appsdata\groups\17-Xeroxscans\Disabled\ScottW\Waivers\Completed Waivers\Reliable Construction\Second Waiver","TONNANDBLANK\AVD Test Users","Allow","FullControl","True"
"Y:\ttbntfile1\shared\appsdata\groups\17-Xeroxscans\Disabled\ScottW\Waivers\Completed Waivers\Reliable Construction\Second Waiver","TONNANDBLANK\impactadmin","Allow","FullControl","True"
"Y:\ttbntfile1\shared\appsdata\groups\17-Xeroxscans\Disabled\ScottW\Waivers\Completed Waivers\Reliable Construction\Second Waiver","CREATOR OWNER","Allow","FullControl","True"
"Y:\ttbntfile1\shared\appsdata\groups\17-Xeroxscans\Disabled\ScottW\Waivers\Completed Waivers\Reliable Construction\Second Waiver","BUILTIN\Administrators","Allow","FullControl","True"
"Y:\ttbntfile1\shared\appsdata\groups\17-Xeroxscans\Disabled\ScottW\Waivers\Completed Waivers\Reliable Construction\Second Waiver","NT AUTHORITY\SYSTEM","Allow","FullControl","True"
"Y:\ttbntfile1\shared\appsdata\groups\17-Xeroxscans\Disabled\ScottW\Waivers\Completed Waivers\Reliable Construction\Third Waiver","TONNANDBLANK\AVD Test Users","Allow","FullControl","True"
"Y:\ttbntfile1\shared\appsdata\groups\17-Xeroxscans\Disabled\ScottW\Waivers\Completed Waivers\Reliable Construction\Third Waiver","TONNANDBLANK\impactadmin","Allow","FullControl","True"
"Y:\ttbntfile1\shared\appsdata\groups\17-Xeroxscans\Disabled\ScottW\Waivers\Completed Waivers\Reliable Construction\Third Waiver","CREATOR OWNER","Allow","FullControl","True"
"Y:\ttbntfile1\shared\appsdata\groups\17-Xeroxscans\Disabled\ScottW\Waivers\Completed Waivers\Reliable Construction\Third Waiver","BUILTIN\Administrators","Allow","FullControl","True"
"Y:\ttbntfile1\shared\appsdata\groups\17-Xeroxscans\Disabled\ScottW\Waivers\Completed Waivers\Reliable Construction\Third Waiver","NT AUTHORITY\SYSTEM","Allow","FullControl","True"
"Y:\ttbntfile1\shared\appsdata\groups\17-Xeroxscans\Disabled\ScottW\Waivers\Completed Waivers\Reprographic Arts\First Waiver","TONNANDBLANK\AVD Test Users","Allow","FullControl","True"
"Y:\ttbntfile1\shared\appsdata\groups\17-Xeroxscans\Disabled\ScottW\Waivers\Completed Waivers\Reprographic Arts\First Waiver","TONNANDBLANK\impactadmin","Allow","FullControl","True"
"Y:\ttbntfile1\shared\appsdata\groups\17-Xeroxscans\Disabled\ScottW\Waivers\Completed Waivers\Reprographic Arts\First Waiver","CREATOR OWNER","Allow","FullControl","True"
"Y:\ttbntfile1\shared\appsdata\groups\17-Xeroxscans\Disabled\ScottW\Waivers\Completed Waivers\Reprographic Arts\First Waiver","BUILTIN\Administrators","Allow","FullControl","True"
"Y:\ttbntfile1\shared\appsdata\groups\17-Xeroxscans\Disabled\ScottW\Waivers\Completed Waivers\Reprographic Arts\First Waiver","NT AUTHORITY\SYSTEM","Allow","FullControl","True"
"Y:\ttbntfile1\shared\appsdata\groups\17-Xeroxscans\Disabled\ScottW\Waivers\Completed Waivers\Smith Ready Mix\First Waiver","TONNANDBLANK\AVD Test Users","Allow","FullControl","True"
"Y:\ttbntfile1\shared\appsdata\groups\17-Xeroxscans\Disabled\ScottW\Waivers\Completed Waivers\Smith Ready Mix\First Waiver","TONNANDBLANK\impactadmin","Allow","FullControl","True"
"Y:\ttbntfile1\shared\appsdata\groups\17-Xeroxscans\Disabled\ScottW\Waivers\Completed Waivers\Smith Ready Mix\First Waiver","CREATOR OWNER","Allow","FullControl","True"
"Y:\ttbntfile1\shared\appsdata\groups\17-Xeroxscans\Disabled\ScottW\Waivers\Completed Waivers\Smith Ready Mix\First Waiver","BUILTIN\Administrators","Allow","FullControl","True"
"Y:\ttbntfile1\shared\appsdata\groups\17-Xeroxscans\Disabled\ScottW\Waivers\Completed Waivers\Smith Ready Mix\First Waiver","NT AUTHORITY\SYSTEM","Allow","FullControl","True"
"Y:\ttbntfile1\shared\appsdata\groups\17-Xeroxscans\Disabled\ScottW\Waivers\Completed Waivers\Smith Ready Mix\Second Waiver","TONNANDBLANK\AVD Test Users","Allow","FullControl","True"
"Y:\ttbntfile1\shared\appsdata\groups\17-Xeroxscans\Disabled\ScottW\Waivers\Completed Waivers\Smith Ready Mix\Second Waiver","TONNANDBLANK\impactadmin","Allow","FullControl","True"
"Y:\ttbntfile1\shared\appsdata\groups\17-Xeroxscans\Disabled\ScottW\Waivers\Completed Waivers\Smith Ready Mix\Second Waiver","CREATOR OWNER","Allow","FullControl","True"
"Y:\ttbntfile1\shared\appsdata\groups\17-Xeroxscans\Disabled\ScottW\Waivers\Completed Waivers\Smith Ready Mix\Second Waiver","BUILTIN\Administrators","Allow","FullControl","True"
"Y:\ttbntfile1\shared\appsdata\groups\17-Xeroxscans\Disabled\ScottW\Waivers\Completed Waivers\Smith Ready Mix\Second Waiver","NT AUTHORITY\SYSTEM","Allow","FullControl","True"
"Y:\ttbntfile1\shared\appsdata\groups\17-Xeroxscans\Disabled\Thomas\Tom Billing worksheets","TONNANDBLANK\AVD Test Users","Allow","FullControl","True"
"Y:\ttbntfile1\shared\appsdata\groups\17-Xeroxscans\Disabled\Thomas\Tom Billing worksheets","TONNANDBLANK\impactadmin","Allow","FullControl","True"
"Y:\ttbntfile1\shared\appsdata\groups\17-Xeroxscans\Disabled\Thomas\Tom Billing worksheets","CREATOR OWNER","Allow","FullControl","True"
"Y:\ttbntfile1\shared\appsdata\groups\17-Xeroxscans\Disabled\Thomas\Tom Billing worksheets","BUILTIN\Administrators","Allow","FullControl","True"
"Y:\ttbntfile1\shared\appsdata\groups\17-Xeroxscans\Disabled\Thomas\Tom Billing worksheets","NT AUTHORITY\SYSTEM","Allow","FullControl","True"
"Y:\ttbntfile1\shared\appsdata\groups\17-Xeroxscans\Gary\APPS","TONNANDBLANK\AVD Test Users","Allow","FullControl","True"
"Y:\ttbntfile1\shared\appsdata\groups\17-Xeroxscans\Gary\APPS","TONNANDBLANK\impactadmin","Allow","FullControl","True"
"Y:\ttbntfile1\shared\appsdata\groups\17-Xeroxscans\Gary\APPS","CREATOR OWNER","Allow","FullControl","True"
"Y:\ttbntfile1\shared\appsdata\groups\17-Xeroxscans\Gary\APPS","BUILTIN\Administrators","Allow","FullControl","True"
"Y:\ttbntfile1\shared\appsdata\groups\17-Xeroxscans\Gary\APPS","NT AUTHORITY\SYSTEM","Allow","FullControl","True"
"Y:\ttbntfile1\shared\appsdata\groups\17-Xeroxscans\Gary\Apps W-Detail","TONNANDBLANK\AVD Test Users","Allow","FullControl","True"
"Y:\ttbntfile1\shared\appsdata\groups\17-Xeroxscans\Gary\Apps W-Detail","TONNANDBLANK\impactadmin","Allow","FullControl","True"
"Y:\ttbntfile1\shared\appsdata\groups\17-Xeroxscans\Gary\Apps W-Detail","CREATOR OWNER","Allow","FullControl","True"
"Y:\ttbntfile1\shared\appsdata\groups\17-Xeroxscans\Gary\Apps W-Detail","BUILTIN\Administrators","Allow","FullControl","True"
"Y:\ttbntfile1\shared\appsdata\groups\17-Xeroxscans\Gary\Apps W-Detail","NT AUTHORITY\SYSTEM","Allow","FullControl","True"
"Y:\ttbntfile1\shared\appsdata\groups\17-Xeroxscans\Jennifer\Miami County YMCA Interview","TONNANDBLANK\AVD Test Users","Allow","FullControl","True"
"Y:\ttbntfile1\shared\appsdata\groups\17-Xeroxscans\Jennifer\Miami County YMCA Interview","TONNANDBLANK\impactadmin","Allow","FullControl","True"
"Y:\ttbntfile1\shared\appsdata\groups\17-Xeroxscans\Jennifer\Miami County YMCA Interview","CREATOR OWNER","Allow","FullControl","True"
"Y:\ttbntfile1\shared\appsdata\groups\17-Xeroxscans\Jennifer\Miami County YMCA Interview","BUILTIN\Administrators","Allow","FullControl","True"
"Y:\ttbntfile1\shared\appsdata\groups\17-Xeroxscans\Jennifer\Miami County YMCA Interview","NT AUTHORITY\SYSTEM","Allow","FullControl","True"
"Y:\ttbntfile1\shared\appsdata\groups\17-Xeroxscans\Jennifer\MLDI","TONNANDBLANK\AVD Test Users","Allow","FullControl","True"
"Y:\ttbntfile1\shared\appsdata\groups\17-Xeroxscans\Jennifer\MLDI","TONNANDBLANK\impactadmin","Allow","FullControl","True"
"Y:\ttbntfile1\shared\appsdata\groups\17-Xeroxscans\Jennifer\MLDI","CREATOR OWNER","Allow","FullControl","True"
"Y:\ttbntfile1\shared\appsdata\groups\17-Xeroxscans\Jennifer\MLDI","BUILTIN\Administrators","Allow","FullControl","True"
"Y:\ttbntfile1\shared\appsdata\groups\17-Xeroxscans\Jennifer\MLDI","NT AUTHORITY\SYSTEM","Allow","FullControl","True"
"Y:\ttbntfile1\shared\appsdata\groups\17-Xeroxscans\Jodi\BCRC","TONNANDBLANK\AVD Test Users","Allow","FullControl","True"
"Y:\ttbntfile1\shared\appsdata\groups\17-Xeroxscans\Jodi\BCRC","TONNANDBLANK\impactadmin","Allow","FullControl","True"
"Y:\ttbntfile1\shared\appsdata\groups\17-Xeroxscans\Jodi\BCRC","CREATOR OWNER","Allow","FullControl","True"
"Y:\ttbntfile1\shared\appsdata\groups\17-Xeroxscans\Jodi\BCRC","BUILTIN\Administrators","Allow","FullControl","True"
"Y:\ttbntfile1\shared\appsdata\groups\17-Xeroxscans\Jodi\BCRC","NT AUTHORITY\SYSTEM","Allow","FullControl","True"
"Y:\ttbntfile1\shared\appsdata\groups\17-Xeroxscans\Jodi\Checks","TONNANDBLANK\AVD Test Users","Allow","FullControl","True"
"Y:\ttbntfile1\shared\appsdata\groups\17-Xeroxscans\Jodi\Checks","TONNANDBLANK\impactadmin","Allow","FullControl","True"
"Y:\ttbntfile1\shared\appsdata\groups\17-Xeroxscans\Jodi\Checks","CREATOR OWNER","Allow","FullControl","True"
"Y:\ttbntfile1\shared\appsdata\groups\17-Xeroxscans\Jodi\Checks","BUILTIN\Administrators","Allow","FullControl","True"
"Y:\ttbntfile1\shared\appsdata\groups\17-Xeroxscans\Jodi\Checks","NT AUTHORITY\SYSTEM","Allow","FullControl","True"
"Y:\ttbntfile1\shared\appsdata\groups\17-Xeroxscans\Jodi\Health Exchange Notice","TONNANDBLANK\AVD Test Users","Allow","FullControl","True"
"Y:\ttbntfile1\shared\appsdata\groups\17-Xeroxscans\Jodi\Health Exchange Notice","TONNANDBLANK\impactadmin","Allow","FullControl","True"
"Y:\ttbntfile1\shared\appsdata\groups\17-Xeroxscans\Jodi\Health Exchange Notice","CREATOR OWNER","Allow","FullControl","True"
"Y:\ttbntfile1\shared\appsdata\groups\17-Xeroxscans\Jodi\Health Exchange Notice","BUILTIN\Administrators","Allow","FullControl","True"
"Y:\ttbntfile1\shared\appsdata\groups\17-Xeroxscans\Jodi\Health Exchange Notice","NT AUTHORITY\SYSTEM","Allow","FullControl","True"
"Y:\ttbntfile1\shared\appsdata\groups\17-Xeroxscans\Jodi\Verizon","TONNANDBLANK\AVD Test Users","Allow","FullControl","True"
"Y:\ttbntfile1\shared\appsdata\groups\17-Xeroxscans\Jodi\Verizon","TONNANDBLANK\impactadmin","Allow","FullControl","True"
"Y:\ttbntfile1\shared\appsdata\groups\17-Xeroxscans\Jodi\Verizon","CREATOR OWNER","Allow","FullControl","True"
"Y:\ttbntfile1\shared\appsdata\groups\17-Xeroxscans\Jodi\Verizon","BUILTIN\Administrators","Allow","FullControl","True"
"Y:\ttbntfile1\shared\appsdata\groups\17-Xeroxscans\Jodi\Verizon","NT AUTHORITY\SYSTEM","Allow","FullControl","True"
"Y:\ttbntfile1\shared\appsdata\groups\17-Xeroxscans\Jodi\Wells - Previous Limits","TONNANDBLANK\AVD Test Users","Allow","FullControl","True"
"Y:\ttbntfile1\shared\appsdata\groups\17-Xeroxscans\Jodi\Wells - Previous Limits","TONNANDBLANK\impactadmin","Allow","FullControl","True"
"Y:\ttbntfile1\shared\appsdata\groups\17-Xeroxscans\Jodi\Wells - Previous Limits","CREATOR OWNER","Allow","FullControl","True"
"Y:\ttbntfile1\shared\appsdata\groups\17-Xeroxscans\Jodi\Wells - Previous Limits","BUILTIN\Administrators","Allow","FullControl","True"
"Y:\ttbntfile1\shared\appsdata\groups\17-Xeroxscans\Jodi\Wells - Previous Limits","NT AUTHORITY\SYSTEM","Allow","FullControl","True"
"Y:\ttbntfile1\shared\appsdata\groups\17-Xeroxscans\Jodi\Wex Billing","TONNANDBLANK\AVD Test Users","Allow","FullControl","True"
"Y:\ttbntfile1\shared\appsdata\groups\17-Xeroxscans\Jodi\Wex Billing","TONNANDBLANK\impactadmin","Allow","FullControl","True"
"Y:\ttbntfile1\shared\appsdata\groups\17-Xeroxscans\Jodi\Wex Billing","CREATOR OWNER","Allow","FullControl","True"
"Y:\ttbntfile1\shared\appsdata\groups\17-Xeroxscans\Jodi\Wex Billing","BUILTIN\Administrators","Allow","FullControl","True"
"Y:\ttbntfile1\shared\appsdata\groups\17-Xeroxscans\Jodi\Wex Billing","NT AUTHORITY\SYSTEM","Allow","FullControl","True"
"Y:\ttbntfile1\shared\appsdata\groups\17-Xeroxscans\Jodi\Verizon\2017","TONNANDBLANK\AVD Test Users","Allow","FullControl","True"
"Y:\ttbntfile1\shared\appsdata\groups\17-Xeroxscans\Jodi\Verizon\2017","TONNANDBLANK\impactadmin","Allow","FullControl","True"
"Y:\ttbntfile1\shared\appsdata\groups\17-Xeroxscans\Jodi\Verizon\2017","CREATOR OWNER","Allow","FullControl","True"
"Y:\ttbntfile1\shared\appsdata\groups\17-Xeroxscans\Jodi\Verizon\2017","BUILTIN\Administrators","Allow","FullControl","True"
"Y:\ttbntfile1\shared\appsdata\groups\17-Xeroxscans\Jodi\Verizon\2017","NT AUTHORITY\SYSTEM","Allow","FullControl","True"
"Y:\ttbntfile1\shared\appsdata\groups\17-Xeroxscans\Jodi\Verizon\2018","TONNANDBLANK\AVD Test Users","Allow","FullControl","True"
"Y:\ttbntfile1\shared\appsdata\groups\17-Xeroxscans\Jodi\Verizon\2018","TONNANDBLANK\impactadmin","Allow","FullControl","True"
"Y:\ttbntfile1\shared\appsdata\groups\17-Xeroxscans\Jodi\Verizon\2018","CREATOR OWNER","Allow","FullControl","True"
"Y:\ttbntfile1\shared\appsdata\groups\17-Xeroxscans\Jodi\Verizon\2018","BUILTIN\Administrators","Allow","FullControl","True"
"Y:\ttbntfile1\shared\appsdata\groups\17-Xeroxscans\Jodi\Verizon\2018","NT AUTHORITY\SYSTEM","Allow","FullControl","True"
"Y:\ttbntfile1\shared\appsdata\groups\17-Xeroxscans\Jodi\Verizon\2019","TONNANDBLANK\AVD Test Users","Allow","FullControl","True"
"Y:\ttbntfile1\shared\appsdata\groups\17-Xeroxscans\Jodi\Verizon\2019","TONNANDBLANK\impactadmin","Allow","FullControl","True"
"Y:\ttbntfile1\shared\appsdata\groups\17-Xeroxscans\Jodi\Verizon\2019","CREATOR OWNER","Allow","FullControl","True"
"Y:\ttbntfile1\shared\appsdata\groups\17-Xeroxscans\Jodi\Verizon\2019","BUILTIN\Administrators","Allow","FullControl","True"
"Y:\ttbntfile1\shared\appsdata\groups\17-Xeroxscans\Jodi\Verizon\2019","NT AUTHORITY\SYSTEM","Allow","FullControl","True"
"Y:\ttbntfile1\shared\appsdata\groups\17-Xeroxscans\Jodi\Verizon\2020","TONNANDBLANK\AVD Test Users","Allow","FullControl","True"
"Y:\ttbntfile1\shared\appsdata\groups\17-Xeroxscans\Jodi\Verizon\2020","TONNANDBLANK\impactadmin","Allow","FullControl","True"
"Y:\ttbntfile1\shared\appsdata\groups\17-Xeroxscans\Jodi\Verizon\2020","CREATOR OWNER","Allow","FullControl","True"
"Y:\ttbntfile1\shared\appsdata\groups\17-Xeroxscans\Jodi\Verizon\2020","BUILTIN\Administrators","Allow","FullControl","True"
"Y:\ttbntfile1\shared\appsdata\groups\17-Xeroxscans\Jodi\Verizon\2020","NT AUTHORITY\SYSTEM","Allow","FullControl","True"
"Y:\ttbntfile1\shared\appsdata\groups\17-Xeroxscans\Jodi\Verizon\2021","TONNANDBLANK\AVD Test Users","Allow","FullControl","True"
"Y:\ttbntfile1\shared\appsdata\groups\17-Xeroxscans\Jodi\Verizon\2021","TONNANDBLANK\impactadmin","Allow","FullControl","True"
"Y:\ttbntfile1\shared\appsdata\groups\17-Xeroxscans\Jodi\Verizon\2021","CREATOR OWNER","Allow","FullControl","True"
"Y:\ttbntfile1\shared\appsdata\groups\17-Xeroxscans\Jodi\Verizon\2021","BUILTIN\Administrators","Allow","FullControl","True"
"Y:\ttbntfile1\shared\appsdata\groups\17-Xeroxscans\Jodi\Verizon\2021","NT AUTHORITY\SYSTEM","Allow","FullControl","True"
"Y:\ttbntfile1\shared\appsdata\groups\17-Xeroxscans\Jodi\Verizon\2022","TONNANDBLANK\AVD Test Users","Allow","FullControl","True"
"Y:\ttbntfile1\shared\appsdata\groups\17-Xeroxscans\Jodi\Verizon\2022","TONNANDBLANK\impactadmin","Allow","FullControl","True"
"Y:\ttbntfile1\shared\appsdata\groups\17-Xeroxscans\Jodi\Verizon\2022","CREATOR OWNER","Allow","FullControl","True"
"Y:\ttbntfile1\shared\appsdata\groups\17-Xeroxscans\Jodi\Verizon\2022","BUILTIN\Administrators","Allow","FullControl","True"
"Y:\ttbntfile1\shared\appsdata\groups\17-Xeroxscans\Jodi\Verizon\2022","NT AUTHORITY\SYSTEM","Allow","FullControl","True"
"Y:\ttbntfile1\shared\appsdata\groups\17-Xeroxscans\Ken\Billing Worksheets","TONNANDBLANK\AVD Test Users","Allow","FullControl","True"
"Y:\ttbntfile1\shared\appsdata\groups\17-Xeroxscans\Ken\Billing Worksheets","TONNANDBLANK\impactadmin","Allow","FullControl","True"
"Y:\ttbntfile1\shared\appsdata\groups\17-Xeroxscans\Ken\Billing Worksheets","CREATOR OWNER","Allow","FullControl","True"
"Y:\ttbntfile1\shared\appsdata\groups\17-Xeroxscans\Ken\Billing Worksheets","BUILTIN\Administrators","Allow","FullControl","True"
"Y:\ttbntfile1\shared\appsdata\groups\17-Xeroxscans\Ken\Billing Worksheets","NT AUTHORITY\SYSTEM","Allow","FullControl","True"
"Y:\ttbntfile1\shared\appsdata\groups\17-Xeroxscans\Ken\Billing Worksheets\10-19-23","TONNANDBLANK\AVD Test Users","Allow","FullControl","True"
"Y:\ttbntfile1\shared\appsdata\groups\17-Xeroxscans\Ken\Billing Worksheets\10-19-23","TONNANDBLANK\impactadmin","Allow","FullControl","True"
"Y:\ttbntfile1\shared\appsdata\groups\17-Xeroxscans\Ken\Billing Worksheets\10-19-23","CREATOR OWNER","Allow","FullControl","True"
"Y:\ttbntfile1\shared\appsdata\groups\17-Xeroxscans\Ken\Billing Worksheets\10-19-23","BUILTIN\Administrators","Allow","FullControl","True"
"Y:\ttbntfile1\shared\appsdata\groups\17-Xeroxscans\Ken\Billing Worksheets\10-19-23","NT AUTHORITY\SYSTEM","Allow","FullControl","True"
"Y:\ttbntfile1\shared\appsdata\groups\17-Xeroxscans\Ken\Billing Worksheets\11-21-23","TONNANDBLANK\AVD Test Users","Allow","FullControl","True"
"Y:\ttbntfile1\shared\appsdata\groups\17-Xeroxscans\Ken\Billing Worksheets\11-21-23","TONNANDBLANK\impactadmin","Allow","FullControl","True"
"Y:\ttbntfile1\shared\appsdata\groups\17-Xeroxscans\Ken\Billing Worksheets\11-21-23","CREATOR OWNER","Allow","FullControl","True"
"Y:\ttbntfile1\shared\appsdata\groups\17-Xeroxscans\Ken\Billing Worksheets\11-21-23","BUILTIN\Administrators","Allow","FullControl","True"
"Y:\ttbntfile1\shared\appsdata\groups\17-Xeroxscans\Ken\Billing Worksheets\11-21-23","NT AUTHORITY\SYSTEM","Allow","FullControl","True"
"Y:\ttbntfile1\shared\appsdata\groups\17-Xeroxscans\Ken\Billing Worksheets\12-20-23","TONNANDBLANK\AVD Test Users","Allow","FullControl","True"
"Y:\ttbntfile1\shared\appsdata\groups\17-Xeroxscans\Ken\Billing Worksheets\12-20-23","TONNANDBLANK\impactadmin","Allow","FullControl","True"
"Y:\ttbntfile1\shared\appsdata\groups\17-Xeroxscans\Ken\Billing Worksheets\12-20-23","CREATOR OWNER","Allow","FullControl","True"
"Y:\ttbntfile1\shared\appsdata\groups\17-Xeroxscans\Ken\Billing Worksheets\12-20-23","BUILTIN\Administrators","Allow","FullControl","True"
"Y:\ttbntfile1\shared\appsdata\groups\17-Xeroxscans\Ken\Billing Worksheets\12-20-23","NT AUTHORITY\SYSTEM","Allow","FullControl","True"
"Y:\ttbntfile1\shared\appsdata\groups\17-Xeroxscans\Ken\Billing Worksheets\2022","TONNANDBLANK\AVD Test Users","Allow","FullControl","True"
"Y:\ttbntfile1\shared\appsdata\groups\17-Xeroxscans\Ken\Billing Worksheets\2022","TONNANDBLANK\impactadmin","Allow","FullControl","True"
"Y:\ttbntfile1\shared\appsdata\groups\17-Xeroxscans\Ken\Billing Worksheets\2022","CREATOR OWNER","Allow","FullControl","True"
"Y:\ttbntfile1\shared\appsdata\groups\17-Xeroxscans\Ken\Billing Worksheets\2022","BUILTIN\Administrators","Allow","FullControl","True"
"Y:\ttbntfile1\shared\appsdata\groups\17-Xeroxscans\Ken\Billing Worksheets\2022","NT AUTHORITY\SYSTEM","Allow","FullControl","True"
"Y:\ttbntfile1\shared\appsdata\groups\17-Xeroxscans\Ken\Billing Worksheets\2023","TONNANDBLANK\AVD Test Users","Allow","FullControl","True"
"Y:\ttbntfile1\shared\appsdata\groups\17-Xeroxscans\Ken\Billing Worksheets\2023","TONNANDBLANK\impactadmin","Allow","FullControl","True"
"Y:\ttbntfile1\shared\appsdata\groups\17-Xeroxscans\Ken\Billing Worksheets\2023","CREATOR OWNER","Allow","FullControl","True"
"Y:\ttbntfile1\shared\appsdata\groups\17-Xeroxscans\Ken\Billing Worksheets\2023","BUILTIN\Administrators","Allow","FullControl","True"
"Y:\ttbntfile1\shared\appsdata\groups\17-Xeroxscans\Ken\Billing Worksheets\2023","NT AUTHORITY\SYSTEM","Allow","FullControl","True"
"Y:\ttbntfile1\shared\appsdata\groups\17-Xeroxscans\Ken\Billing Worksheets\2022\12-28-22","TONNANDBLANK\AVD Test Users","Allow","FullControl","True"
"Y:\ttbntfile1\shared\appsdata\groups\17-Xeroxscans\Ken\Billing Worksheets\2022\12-28-22","TONNANDBLANK\impactadmin","Allow","FullControl","True"
"Y:\ttbntfile1\shared\appsdata\groups\17-Xeroxscans\Ken\Billing Worksheets\2022\12-28-22","CREATOR OWNER","Allow","FullControl","True"
"Y:\ttbntfile1\shared\appsdata\groups\17-Xeroxscans\Ken\Billing Worksheets\2022\12-28-22","BUILTIN\Administrators","Allow","FullControl","True"
"Y:\ttbntfile1\shared\appsdata\groups\17-Xeroxscans\Ken\Billing Worksheets\2022\12-28-22","NT AUTHORITY\SYSTEM","Allow","FullControl","True"
"Y:\ttbntfile1\shared\appsdata\groups\17-Xeroxscans\Ken\Billing Worksheets\2023\01-20-23","TONNANDBLANK\AVD Test Users","Allow","FullControl","True"
"Y:\ttbntfile1\shared\appsdata\groups\17-Xeroxscans\Ken\Billing Worksheets\2023\01-20-23","TONNANDBLANK\impactadmin","Allow","FullControl","True"
"Y:\ttbntfile1\shared\appsdata\groups\17-Xeroxscans\Ken\Billing Worksheets\2023\01-20-23","CREATOR OWNER","Allow","FullControl","True"
"Y:\ttbntfile1\shared\appsdata\groups\17-Xeroxscans\Ken\Billing Worksheets\2023\01-20-23","BUILTIN\Administrators","Allow","FullControl","True"
"Y:\ttbntfile1\shared\appsdata\groups\17-Xeroxscans\Ken\Billing Worksheets\2023\01-20-23","NT AUTHORITY\SYSTEM","Allow","FullControl","True"
"Y:\ttbntfile1\shared\appsdata\groups\17-Xeroxscans\Ken\Billing Worksheets\2023\02-21-23","TONNANDBLANK\AVD Test Users","Allow","FullControl","True"
"Y:\ttbntfile1\shared\appsdata\groups\17-Xeroxscans\Ken\Billing Worksheets\2023\02-21-23","TONNANDBLANK\impactadmin","Allow","FullControl","True"
"Y:\ttbntfile1\shared\appsdata\groups\17-Xeroxscans\Ken\Billing Worksheets\2023\02-21-23","CREATOR OWNER","Allow","FullControl","True"
"Y:\ttbntfile1\shared\appsdata\groups\17-Xeroxscans\Ken\Billing Worksheets\2023\02-21-23","BUILTIN\Administrators","Allow","FullControl","True"
"Y:\ttbntfile1\shared\appsdata\groups\17-Xeroxscans\Ken\Billing Worksheets\2023\02-21-23","NT AUTHORITY\SYSTEM","Allow","FullControl","True"
"Y:\ttbntfile1\shared\appsdata\groups\17-Xeroxscans\Ken\Billing Worksheets\2023\03-21-23","TONNANDBLANK\AVD Test Users","Allow","FullControl","True"
"Y:\ttbntfile1\shared\appsdata\groups\17-Xeroxscans\Ken\Billing Worksheets\2023\03-21-23","TONNANDBLANK\impactadmin","Allow","FullControl","True"
"Y:\ttbntfile1\shared\appsdata\groups\17-Xeroxscans\Ken\Billing Worksheets\2023\03-21-23","CREATOR OWNER","Allow","FullControl","True"
"Y:\ttbntfile1\shared\appsdata\groups\17-Xeroxscans\Ken\Billing Worksheets\2023\03-21-23","BUILTIN\Administrators","Allow","FullControl","True"
"Y:\ttbntfile1\shared\appsdata\groups\17-Xeroxscans\Ken\Billing Worksheets\2023\03-21-23","NT AUTHORITY\SYSTEM","Allow","FullControl","True"
"Y:\ttbntfile1\shared\appsdata\groups\17-Xeroxscans\Ken\Billing Worksheets\2023\04-20-23","TONNANDBLANK\AVD Test Users","Allow","FullControl","True"
"Y:\ttbntfile1\shared\appsdata\groups\17-Xeroxscans\Ken\Billing Worksheets\2023\04-20-23","TONNANDBLANK\impactadmin","Allow","FullControl","True"
"Y:\ttbntfile1\shared\appsdata\groups\17-Xeroxscans\Ken\Billing Worksheets\2023\04-20-23","CREATOR OWNER","Allow","FullControl","True"
"Y:\ttbntfile1\shared\appsdata\groups\17-Xeroxscans\Ken\Billing Worksheets\2023\04-20-23","BUILTIN\Administrators","Allow","FullControl","True"
"Y:\ttbntfile1\shared\appsdata\groups\17-Xeroxscans\Ken\Billing Worksheets\2023\04-20-23","NT AUTHORITY\SYSTEM","Allow","FullControl","True"
"Y:\ttbntfile1\shared\appsdata\groups\17-Xeroxscans\Ken\Billing Worksheets\2023\05-23-23","TONNANDBLANK\AVD Test Users","Allow","FullControl","True"
"Y:\ttbntfile1\shared\appsdata\groups\17-Xeroxscans\Ken\Billing Worksheets\2023\05-23-23","TONNANDBLANK\impactadmin","Allow","FullControl","True"
"Y:\ttbntfile1\shared\appsdata\groups\17-Xeroxscans\Ken\Billing Worksheets\2023\05-23-23","CREATOR OWNER","Allow","FullControl","True"
"Y:\ttbntfile1\shared\appsdata\groups\17-Xeroxscans\Ken\Billing Worksheets\2023\05-23-23","BUILTIN\Administrators","Allow","FullControl","True"
"Y:\ttbntfile1\shared\appsdata\groups\17-Xeroxscans\Ken\Billing Worksheets\2023\05-23-23","NT AUTHORITY\SYSTEM","Allow","FullControl","True"
"Y:\ttbntfile1\shared\appsdata\groups\17-Xeroxscans\Ken\Billing Worksheets\2023\06-20-23","TONNANDBLANK\AVD Test Users","Allow","FullControl","True"
"Y:\ttbntfile1\shared\appsdata\groups\17-Xeroxscans\Ken\Billing Worksheets\2023\06-20-23","TONNANDBLANK\impactadmin","Allow","FullControl","True"
"Y:\ttbntfile1\shared\appsdata\groups\17-Xeroxscans\Ken\Billing Worksheets\2023\06-20-23","CREATOR OWNER","Allow","FullControl","True"
"Y:\ttbntfile1\shared\appsdata\groups\17-Xeroxscans\Ken\Billing Worksheets\2023\06-20-23","BUILTIN\Administrators","Allow","FullControl","True"
"Y:\ttbntfile1\shared\appsdata\groups\17-Xeroxscans\Ken\Billing Worksheets\2023\06-20-23","NT AUTHORITY\SYSTEM","Allow","FullControl","True"
"Y:\ttbntfile1\shared\appsdata\groups\17-Xeroxscans\Ken\Billing Worksheets\2023\07-19-23","TONNANDBLANK\AVD Test Users","Allow","FullControl","True"
"Y:\ttbntfile1\shared\appsdata\groups\17-Xeroxscans\Ken\Billing Worksheets\2023\07-19-23","TONNANDBLANK\impactadmin","Allow","FullControl","True"
"Y:\ttbntfile1\shared\appsdata\groups\17-Xeroxscans\Ken\Billing Worksheets\2023\07-19-23","CREATOR OWNER","Allow","FullControl","True"
"Y:\ttbntfile1\shared\appsdata\groups\17-Xeroxscans\Ken\Billing Worksheets\2023\07-19-23","BUILTIN\Administrators","Allow","FullControl","True"
"Y:\ttbntfile1\shared\appsdata\groups\17-Xeroxscans\Ken\Billing Worksheets\2023\07-19-23","NT AUTHORITY\SYSTEM","Allow","FullControl","True"
"Y:\ttbntfile1\shared\appsdata\groups\17-Xeroxscans\Ken\Billing Worksheets\2023\08-22-23","TONNANDBLANK\AVD Test Users","Allow","FullControl","True"
"Y:\ttbntfile1\shared\appsdata\groups\17-Xeroxscans\Ken\Billing Worksheets\2023\08-22-23","TONNANDBLANK\impactadmin","Allow","FullControl","True"
"Y:\ttbntfile1\shared\appsdata\groups\17-Xeroxscans\Ken\Billing Worksheets\2023\08-22-23","CREATOR OWNER","Allow","FullControl","True"
"Y:\ttbntfile1\shared\appsdata\groups\17-Xeroxscans\Ken\Billing Worksheets\2023\08-22-23","BUILTIN\Administrators","Allow","FullControl","True"
"Y:\ttbntfile1\shared\appsdata\groups\17-Xeroxscans\Ken\Billing Worksheets\2023\08-22-23","NT AUTHORITY\SYSTEM","Allow","FullControl","True"
"Y:\ttbntfile1\shared\appsdata\groups\17-Xeroxscans\Ken\Billing Worksheets\2023\09-21-23","TONNANDBLANK\AVD Test Users","Allow","FullControl","True"
"Y:\ttbntfile1\shared\appsdata\groups\17-Xeroxscans\Ken\Billing Worksheets\2023\09-21-23","TONNANDBLANK\impactadmin","Allow","FullControl","True"
"Y:\ttbntfile1\shared\appsdata\groups\17-Xeroxscans\Ken\Billing Worksheets\2023\09-21-23","CREATOR OWNER","Allow","FullControl","True"
"Y:\ttbntfile1\shared\appsdata\groups\17-Xeroxscans\Ken\Billing Worksheets\2023\09-21-23","BUILTIN\Administrators","Allow","FullControl","True"
"Y:\ttbntfile1\shared\appsdata\groups\17-Xeroxscans\Ken\Billing Worksheets\2023\09-21-23","NT AUTHORITY\SYSTEM","Allow","FullControl","True"
"Y:\ttbntfile1\shared\appsdata\groups\17-Xeroxscans\Maggie\Maggie Billing Worksheets","TONNANDBLANK\AVD Test Users","Allow","FullControl","True"
"Y:\ttbntfile1\shared\appsdata\groups\17-Xeroxscans\Maggie\Maggie Billing Worksheets","TONNANDBLANK\impactadmin","Allow","FullControl","True"
"Y:\ttbntfile1\shared\appsdata\groups\17-Xeroxscans\Maggie\Maggie Billing Worksheets","CREATOR OWNER","Allow","FullControl","True"
"Y:\ttbntfile1\shared\appsdata\groups\17-Xeroxscans\Maggie\Maggie Billing Worksheets","BUILTIN\Administrators","Allow","FullControl","True"
"Y:\ttbntfile1\shared\appsdata\groups\17-Xeroxscans\Maggie\Maggie Billing Worksheets","NT AUTHORITY\SYSTEM","Allow","FullControl","True"
"Y:\ttbntfile1\shared\appsdata\groups\17-Xeroxscans\Maggie\Maggie Billing Worksheets\12-20-23","TONNANDBLANK\AVD Test Users","Allow","FullControl","True"
"Y:\ttbntfile1\shared\appsdata\groups\17-Xeroxscans\Maggie\Maggie Billing Worksheets\12-20-23","TONNANDBLANK\impactadmin","Allow","FullControl","True"
"Y:\ttbntfile1\shared\appsdata\groups\17-Xeroxscans\Maggie\Maggie Billing Worksheets\12-20-23","CREATOR OWNER","Allow","FullControl","True"
"Y:\ttbntfile1\shared\appsdata\groups\17-Xeroxscans\Maggie\Maggie Billing Worksheets\12-20-23","BUILTIN\Administrators","Allow","FullControl","True"
"Y:\ttbntfile1\shared\appsdata\groups\17-Xeroxscans\Maggie\Maggie Billing Worksheets\12-20-23","NT AUTHORITY\SYSTEM","Allow","FullControl","True"
"Y:\ttbntfile1\shared\appsdata\groups\17-Xeroxscans\Maggie\Maggie Billing Worksheets\2021","TONNANDBLANK\AVD Test Users","Allow","FullControl","True"
"Y:\ttbntfile1\shared\appsdata\groups\17-Xeroxscans\Maggie\Maggie Billing Worksheets\2021","TONNANDBLANK\impactadmin","Allow","FullControl","True"
"Y:\ttbntfile1\shared\appsdata\groups\17-Xeroxscans\Maggie\Maggie Billing Worksheets\2021","CREATOR OWNER","Allow","FullControl","True"
"Y:\ttbntfile1\shared\appsdata\groups\17-Xeroxscans\Maggie\Maggie Billing Worksheets\2021","BUILTIN\Administrators","Allow","FullControl","True"
"Y:\ttbntfile1\shared\appsdata\groups\17-Xeroxscans\Maggie\Maggie Billing Worksheets\2021","NT AUTHORITY\SYSTEM","Allow","FullControl","True"
"Y:\ttbntfile1\shared\appsdata\groups\17-Xeroxscans\Maggie\Maggie Billing Worksheets\2022","TONNANDBLANK\AVD Test Users","Allow","FullControl","True"
"Y:\ttbntfile1\shared\appsdata\groups\17-Xeroxscans\Maggie\Maggie Billing Worksheets\2022","TONNANDBLANK\impactadmin","Allow","FullControl","True"
"Y:\ttbntfile1\shared\appsdata\groups\17-Xeroxscans\Maggie\Maggie Billing Worksheets\2022","CREATOR OWNER","Allow","FullControl","True"
"Y:\ttbntfile1\shared\appsdata\groups\17-Xeroxscans\Maggie\Maggie Billing Worksheets\2022","BUILTIN\Administrators","Allow","FullControl","True"
"Y:\ttbntfile1\shared\appsdata\groups\17-Xeroxscans\Maggie\Maggie Billing Worksheets\2022","NT AUTHORITY\SYSTEM","Allow","FullControl","True"
"Y:\ttbntfile1\shared\appsdata\groups\17-Xeroxscans\Maggie\Maggie Billing Worksheets\2023","TONNANDBLANK\AVD Test Users","Allow","FullControl","True"
"Y:\ttbntfile1\shared\appsdata\groups\17-Xeroxscans\Maggie\Maggie Billing Worksheets\2023","TONNANDBLANK\impactadmin","Allow","FullControl","True"
"Y:\ttbntfile1\shared\appsdata\groups\17-Xeroxscans\Maggie\Maggie Billing Worksheets\2023","CREATOR OWNER","Allow","FullControl","True"
"Y:\ttbntfile1\shared\appsdata\groups\17-Xeroxscans\Maggie\Maggie Billing Worksheets\2023","BUILTIN\Administrators","Allow","FullControl","True"
"Y:\ttbntfile1\shared\appsdata\groups\17-Xeroxscans\Maggie\Maggie Billing Worksheets\2023","NT AUTHORITY\SYSTEM","Allow","FullControl","True"
"Y:\ttbntfile1\shared\appsdata\groups\17-Xeroxscans\Maggie\Maggie Billing Worksheets\2021\1-26-21","TONNANDBLANK\AVD Test Users","Allow","FullControl","True"
"Y:\ttbntfile1\shared\appsdata\groups\17-Xeroxscans\Maggie\Maggie Billing Worksheets\2021\1-26-21","TONNANDBLANK\impactadmin","Allow","FullControl","True"
"Y:\ttbntfile1\shared\appsdata\groups\17-Xeroxscans\Maggie\Maggie Billing Worksheets\2021\1-26-21","CREATOR OWNER","Allow","FullControl","True"
"Y:\ttbntfile1\shared\appsdata\groups\17-Xeroxscans\Maggie\Maggie Billing Worksheets\2021\1-26-21","BUILTIN\Administrators","Allow","FullControl","True"
"Y:\ttbntfile1\shared\appsdata\groups\17-Xeroxscans\Maggie\Maggie Billing Worksheets\2021\1-26-21","NT AUTHORITY\SYSTEM","Allow","FullControl","True"
"Y:\ttbntfile1\shared\appsdata\groups\17-Xeroxscans\Maggie\Maggie Billing Worksheets\2021\1-28-21","TONNANDBLANK\AVD Test Users","Allow","FullControl","True"
"Y:\ttbntfile1\shared\appsdata\groups\17-Xeroxscans\Maggie\Maggie Billing Worksheets\2021\1-28-21","TONNANDBLANK\impactadmin","Allow","FullControl","True"
"Y:\ttbntfile1\shared\appsdata\groups\17-Xeroxscans\Maggie\Maggie Billing Worksheets\2021\1-28-21","CREATOR OWNER","Allow","FullControl","True"
"Y:\ttbntfile1\shared\appsdata\groups\17-Xeroxscans\Maggie\Maggie Billing Worksheets\2021\1-28-21","BUILTIN\Administrators","Allow","FullControl","True"
"Y:\ttbntfile1\shared\appsdata\groups\17-Xeroxscans\Maggie\Maggie Billing Worksheets\2021\1-28-21","NT AUTHORITY\SYSTEM","Allow","FullControl","True"
"Y:\ttbntfile1\shared\appsdata\groups\17-Xeroxscans\Maggie\Maggie Billing Worksheets\2021\10-20-21","TONNANDBLANK\AVD Test Users","Allow","FullControl","True"
"Y:\ttbntfile1\shared\appsdata\groups\17-Xeroxscans\Maggie\Maggie Billing Worksheets\2021\10-20-21","TONNANDBLANK\impactadmin","Allow","FullControl","True"
"Y:\ttbntfile1\shared\appsdata\groups\17-Xeroxscans\Maggie\Maggie Billing Worksheets\2021\10-20-21","CREATOR OWNER","Allow","FullControl","True"
"Y:\ttbntfile1\shared\appsdata\groups\17-Xeroxscans\Maggie\Maggie Billing Worksheets\2021\10-20-21","BUILTIN\Administrators","Allow","FullControl","True"
"Y:\ttbntfile1\shared\appsdata\groups\17-Xeroxscans\Maggie\Maggie Billing Worksheets\2021\10-20-21","NT AUTHORITY\SYSTEM","Allow","FullControl","True"
"Y:\ttbntfile1\shared\appsdata\groups\17-Xeroxscans\Maggie\Maggie Billing Worksheets\2021\11-19-21","TONNANDBLANK\AVD Test Users","Allow","FullControl","True"
"Y:\ttbntfile1\shared\appsdata\groups\17-Xeroxscans\Maggie\Maggie Billing Worksheets\2021\11-19-21","TONNANDBLANK\impactadmin","Allow","FullControl","True"
"Y:\ttbntfile1\shared\appsdata\groups\17-Xeroxscans\Maggie\Maggie Billing Worksheets\2021\11-19-21","CREATOR OWNER","Allow","FullControl","True"
"Y:\ttbntfile1\shared\appsdata\groups\17-Xeroxscans\Maggie\Maggie Billing Worksheets\2021\11-19-21","BUILTIN\Administrators","Allow","FullControl","True"
"Y:\ttbntfile1\shared\appsdata\groups\17-Xeroxscans\Maggie\Maggie Billing Worksheets\2021\11-19-21","NT AUTHORITY\SYSTEM","Allow","FullControl","True"
"Y:\ttbntfile1\shared\appsdata\groups\17-Xeroxscans\Maggie\Maggie Billing Worksheets\2021\12-20-21","TONNANDBLANK\AVD Test Users","Allow","FullControl","True"
"Y:\ttbntfile1\shared\appsdata\groups\17-Xeroxscans\Maggie\Maggie Billing Worksheets\2021\12-20-21","TONNANDBLANK\impactadmin","Allow","FullControl","True"
"Y:\ttbntfile1\shared\appsdata\groups\17-Xeroxscans\Maggie\Maggie Billing Worksheets\2021\12-20-21","CREATOR OWNER","Allow","FullControl","True"
"Y:\ttbntfile1\shared\appsdata\groups\17-Xeroxscans\Maggie\Maggie Billing Worksheets\2021\12-20-21","BUILTIN\Administrators","Allow","FullControl","True"
"Y:\ttbntfile1\shared\appsdata\groups\17-Xeroxscans\Maggie\Maggie Billing Worksheets\2021\12-20-21","NT AUTHORITY\SYSTEM","Allow","FullControl","True"
"Y:\ttbntfile1\shared\appsdata\groups\17-Xeroxscans\Maggie\Maggie Billing Worksheets\2021\12-20-21 UPDATED","TONNANDBLANK\AVD Test Users","Allow","FullControl","True"
"Y:\ttbntfile1\shared\appsdata\groups\17-Xeroxscans\Maggie\Maggie Billing Worksheets\2021\12-20-21 UPDATED","TONNANDBLANK\impactadmin","Allow","FullControl","True"
"Y:\ttbntfile1\shared\appsdata\groups\17-Xeroxscans\Maggie\Maggie Billing Worksheets\2021\12-20-21 UPDATED","CREATOR OWNER","Allow","FullControl","True"
"Y:\ttbntfile1\shared\appsdata\groups\17-Xeroxscans\Maggie\Maggie Billing Worksheets\2021\12-20-21 UPDATED","BUILTIN\Administrators","Allow","FullControl","True"
"Y:\ttbntfile1\shared\appsdata\groups\17-Xeroxscans\Maggie\Maggie Billing Worksheets\2021\12-20-21 UPDATED","NT AUTHORITY\SYSTEM","Allow","FullControl","True"
"Y:\ttbntfile1\shared\appsdata\groups\17-Xeroxscans\Maggie\Maggie Billing Worksheets\2021\2-21-21","TONNANDBLANK\AVD Test Users","Allow","FullControl","True"
"Y:\ttbntfile1\shared\appsdata\groups\17-Xeroxscans\Maggie\Maggie Billing Worksheets\2021\2-21-21","TONNANDBLANK\impactadmin","Allow","FullControl","True"
"Y:\ttbntfile1\shared\appsdata\groups\17-Xeroxscans\Maggie\Maggie Billing Worksheets\2021\2-21-21","CREATOR OWNER","Allow","FullControl","True"
"Y:\ttbntfile1\shared\appsdata\groups\17-Xeroxscans\Maggie\Maggie Billing Worksheets\2021\2-21-21","BUILTIN\Administrators","Allow","FullControl","True"
"Y:\ttbntfile1\shared\appsdata\groups\17-Xeroxscans\Maggie\Maggie Billing Worksheets\2021\2-21-21","NT AUTHORITY\SYSTEM","Allow","FullControl","True"
"Y:\ttbntfile1\shared\appsdata\groups\17-Xeroxscans\Maggie\Maggie Billing Worksheets\2021\3-23-21","TONNANDBLANK\AVD Test Users","Allow","FullControl","True"
"Y:\ttbntfile1\shared\appsdata\groups\17-Xeroxscans\Maggie\Maggie Billing Worksheets\2021\3-23-21","TONNANDBLANK\impactadmin","Allow","FullControl","True"
"Y:\ttbntfile1\shared\appsdata\groups\17-Xeroxscans\Maggie\Maggie Billing Worksheets\2021\3-23-21","CREATOR OWNER","Allow","FullControl","True"
"Y:\ttbntfile1\shared\appsdata\groups\17-Xeroxscans\Maggie\Maggie Billing Worksheets\2021\3-23-21","BUILTIN\Administrators","Allow","FullControl","True"
"Y:\ttbntfile1\shared\appsdata\groups\17-Xeroxscans\Maggie\Maggie Billing Worksheets\2021\3-23-21","NT AUTHORITY\SYSTEM","Allow","FullControl","True"
"Y:\ttbntfile1\shared\appsdata\groups\17-Xeroxscans\Maggie\Maggie Billing Worksheets\2021\4-22-21","TONNANDBLANK\AVD Test Users","Allow","FullControl","True"
"Y:\ttbntfile1\shared\appsdata\groups\17-Xeroxscans\Maggie\Maggie Billing Worksheets\2021\4-22-21","TONNANDBLANK\impactadmin","Allow","FullControl","True"
"Y:\ttbntfile1\shared\appsdata\groups\17-Xeroxscans\Maggie\Maggie Billing Worksheets\2021\4-22-21","CREATOR OWNER","Allow","FullControl","True"
"Y:\ttbntfile1\shared\appsdata\groups\17-Xeroxscans\Maggie\Maggie Billing Worksheets\2021\4-22-21","BUILTIN\Administrators","Allow","FullControl","True"
"Y:\ttbntfile1\shared\appsdata\groups\17-Xeroxscans\Maggie\Maggie Billing Worksheets\2021\4-22-21","NT AUTHORITY\SYSTEM","Allow","FullControl","True"
"Y:\ttbntfile1\shared\appsdata\groups\17-Xeroxscans\Maggie\Maggie Billing Worksheets\2021\5-20-21","TONNANDBLANK\AVD Test Users","Allow","FullControl","True"
"Y:\ttbntfile1\shared\appsdata\groups\17-Xeroxscans\Maggie\Maggie Billing Worksheets\2021\5-20-21","TONNANDBLANK\impactadmin","Allow","FullControl","True"
"Y:\ttbntfile1\shared\appsdata\groups\17-Xeroxscans\Maggie\Maggie Billing Worksheets\2021\5-20-21","CREATOR OWNER","Allow","FullControl","True"
"Y:\ttbntfile1\shared\appsdata\groups\17-Xeroxscans\Maggie\Maggie Billing Worksheets\2021\5-20-21","BUILTIN\Administrators","Allow","FullControl","True"
"Y:\ttbntfile1\shared\appsdata\groups\17-Xeroxscans\Maggie\Maggie Billing Worksheets\2021\5-20-21","NT AUTHORITY\SYSTEM","Allow","FullControl","True"
"Y:\ttbntfile1\shared\appsdata\groups\17-Xeroxscans\Maggie\Maggie Billing Worksheets\2021\6-21-21","TONNANDBLANK\AVD Test Users","Allow","FullControl","True"
"Y:\ttbntfile1\shared\appsdata\groups\17-Xeroxscans\Maggie\Maggie Billing Worksheets\2021\6-21-21","TONNANDBLANK\impactadmin","Allow","FullControl","True"
"Y:\ttbntfile1\shared\appsdata\groups\17-Xeroxscans\Maggie\Maggie Billing Worksheets\2021\6-21-21","CREATOR OWNER","Allow","FullControl","True"
"Y:\ttbntfile1\shared\appsdata\groups\17-Xeroxscans\Maggie\Maggie Billing Worksheets\2021\6-21-21","BUILTIN\Administrators","Allow","FullControl","True"
"Y:\ttbntfile1\shared\appsdata\groups\17-Xeroxscans\Maggie\Maggie Billing Worksheets\2021\6-21-21","NT AUTHORITY\SYSTEM","Allow","FullControl","True"
"Y:\ttbntfile1\shared\appsdata\groups\17-Xeroxscans\Maggie\Maggie Billing Worksheets\2021\7-20-21","TONNANDBLANK\AVD Test Users","Allow","FullControl","True"
"Y:\ttbntfile1\shared\appsdata\groups\17-Xeroxscans\Maggie\Maggie Billing Worksheets\2021\7-20-21","TONNANDBLANK\impactadmin","Allow","FullControl","True"
"Y:\ttbntfile1\shared\appsdata\groups\17-Xeroxscans\Maggie\Maggie Billing Worksheets\2021\7-20-21","CREATOR OWNER","Allow","FullControl","True"
"Y:\ttbntfile1\shared\appsdata\groups\17-Xeroxscans\Maggie\Maggie Billing Worksheets\2021\7-20-21","BUILTIN\Administrators","Allow","FullControl","True"
"Y:\ttbntfile1\shared\appsdata\groups\17-Xeroxscans\Maggie\Maggie Billing Worksheets\2021\7-20-21","NT AUTHORITY\SYSTEM","Allow","FullControl","True"
"Y:\ttbntfile1\shared\appsdata\groups\17-Xeroxscans\Maggie\Maggie Billing Worksheets\2021\8-20-21","TONNANDBLANK\AVD Test Users","Allow","FullControl","True"
"Y:\ttbntfile1\shared\appsdata\groups\17-Xeroxscans\Maggie\Maggie Billing Worksheets\2021\8-20-21","TONNANDBLANK\impactadmin","Allow","FullControl","True"
"Y:\ttbntfile1\shared\appsdata\groups\17-Xeroxscans\Maggie\Maggie Billing Worksheets\2021\8-20-21","CREATOR OWNER","Allow","FullControl","True"
"Y:\ttbntfile1\shared\appsdata\groups\17-Xeroxscans\Maggie\Maggie Billing Worksheets\2021\8-20-21","BUILTIN\Administrators","Allow","FullControl","True"
"Y:\ttbntfile1\shared\appsdata\groups\17-Xeroxscans\Maggie\Maggie Billing Worksheets\2021\8-20-21","NT AUTHORITY\SYSTEM","Allow","FullControl","True"
"Y:\ttbntfile1\shared\appsdata\groups\17-Xeroxscans\Maggie\Maggie Billing Worksheets\2021\8-24-21 UPDATED","TONNANDBLANK\AVD Test Users","Allow","FullControl","True"
"Y:\ttbntfile1\shared\appsdata\groups\17-Xeroxscans\Maggie\Maggie Billing Worksheets\2021\8-24-21 UPDATED","TONNANDBLANK\impactadmin","Allow","FullControl","True"
"Y:\ttbntfile1\shared\appsdata\groups\17-Xeroxscans\Maggie\Maggie Billing Worksheets\2021\8-24-21 UPDATED","CREATOR OWNER","Allow","FullControl","True"
"Y:\ttbntfile1\shared\appsdata\groups\17-Xeroxscans\Maggie\Maggie Billing Worksheets\2021\8-24-21 UPDATED","BUILTIN\Administrators","Allow","FullControl","True"
"Y:\ttbntfile1\shared\appsdata\groups\17-Xeroxscans\Maggie\Maggie Billing Worksheets\2021\8-24-21 UPDATED","NT AUTHORITY\SYSTEM","Allow","FullControl","True"
"Y:\ttbntfile1\shared\appsdata\groups\17-Xeroxscans\Maggie\Maggie Billing Worksheets\2021\9-20-21","TONNANDBLANK\AVD Test Users","Allow","FullControl","True"
"Y:\ttbntfile1\shared\appsdata\groups\17-Xeroxscans\Maggie\Maggie Billing Worksheets\2021\9-20-21","TONNANDBLANK\impactadmin","Allow","FullControl","True"
"Y:\ttbntfile1\shared\appsdata\groups\17-Xeroxscans\Maggie\Maggie Billing Worksheets\2021\9-20-21","CREATOR OWNER","Allow","FullControl","True"
"Y:\ttbntfile1\shared\appsdata\groups\17-Xeroxscans\Maggie\Maggie Billing Worksheets\2021\9-20-21","BUILTIN\Administrators","Allow","FullControl","True"
"Y:\ttbntfile1\shared\appsdata\groups\17-Xeroxscans\Maggie\Maggie Billing Worksheets\2021\9-20-21","NT AUTHORITY\SYSTEM","Allow","FullControl","True"
"Y:\ttbntfile1\shared\appsdata\groups\17-Xeroxscans\Maggie\Maggie Billing Worksheets\2022\01-20-22","TONNANDBLANK\AVD Test Users","Allow","FullControl","True"
"Y:\ttbntfile1\shared\appsdata\groups\17-Xeroxscans\Maggie\Maggie Billing Worksheets\2022\01-20-22","TONNANDBLANK\impactadmin","Allow","FullControl","True"
"Y:\ttbntfile1\shared\appsdata\groups\17-Xeroxscans\Maggie\Maggie Billing Worksheets\2022\01-20-22","CREATOR OWNER","Allow","FullControl","True"
"Y:\ttbntfile1\shared\appsdata\groups\17-Xeroxscans\Maggie\Maggie Billing Worksheets\2022\01-20-22","BUILTIN\Administrators","Allow","FullControl","True"
"Y:\ttbntfile1\shared\appsdata\groups\17-Xeroxscans\Maggie\Maggie Billing Worksheets\2022\01-20-22","NT AUTHORITY\SYSTEM","Allow","FullControl","True"
"Y:\ttbntfile1\shared\appsdata\groups\17-Xeroxscans\Maggie\Maggie Billing Worksheets\2022\01-25-22 UPDATED","TONNANDBLANK\AVD Test Users","Allow","FullControl","True"
"Y:\ttbntfile1\shared\appsdata\groups\17-Xeroxscans\Maggie\Maggie Billing Worksheets\2022\01-25-22 UPDATED","TONNANDBLANK\impactadmin","Allow","FullControl","True"
"Y:\ttbntfile1\shared\appsdata\groups\17-Xeroxscans\Maggie\Maggie Billing Worksheets\2022\01-25-22 UPDATED","CREATOR OWNER","Allow","FullControl","True"
"Y:\ttbntfile1\shared\appsdata\groups\17-Xeroxscans\Maggie\Maggie Billing Worksheets\2022\01-25-22 UPDATED","BUILTIN\Administrators","Allow","FullControl","True"
"Y:\ttbntfile1\shared\appsdata\groups\17-Xeroxscans\Maggie\Maggie Billing Worksheets\2022\01-25-22 UPDATED","NT AUTHORITY\SYSTEM","Allow","FullControl","True"
"Y:\ttbntfile1\shared\appsdata\groups\17-Xeroxscans\Maggie\Maggie Billing Worksheets\2022\02-18-22","TONNANDBLANK\AVD Test Users","Allow","FullControl","True"
"Y:\ttbntfile1\shared\appsdata\groups\17-Xeroxscans\Maggie\Maggie Billing Worksheets\2022\02-18-22","TONNANDBLANK\impactadmin","Allow","FullControl","True"
"Y:\ttbntfile1\shared\appsdata\groups\17-Xeroxscans\Maggie\Maggie Billing Worksheets\2022\02-18-22","CREATOR OWNER","Allow","FullControl","True"
"Y:\ttbntfile1\shared\appsdata\groups\17-Xeroxscans\Maggie\Maggie Billing Worksheets\2022\02-18-22","BUILTIN\Administrators","Allow","FullControl","True"
"Y:\ttbntfile1\shared\appsdata\groups\17-Xeroxscans\Maggie\Maggie Billing Worksheets\2022\02-18-22","NT AUTHORITY\SYSTEM","Allow","FullControl","True"
"Y:\ttbntfile1\shared\appsdata\groups\17-Xeroxscans\Maggie\Maggie Billing Worksheets\2022\03-21-22","TONNANDBLANK\AVD Test Users","Allow","FullControl","True"
"Y:\ttbntfile1\shared\appsdata\groups\17-Xeroxscans\Maggie\Maggie Billing Worksheets\2022\03-21-22","TONNANDBLANK\impactadmin","Allow","FullControl","True"
"Y:\ttbntfile1\shared\appsdata\groups\17-Xeroxscans\Maggie\Maggie Billing Worksheets\2022\03-21-22","CREATOR OWNER","Allow","FullControl","True"
"Y:\ttbntfile1\shared\appsdata\groups\17-Xeroxscans\Maggie\Maggie Billing Worksheets\2022\03-21-22","BUILTIN\Administrators","Allow","FullControl","True"
"Y:\ttbntfile1\shared\appsdata\groups\17-Xeroxscans\Maggie\Maggie Billing Worksheets\2022\03-21-22","NT AUTHORITY\SYSTEM","Allow","FullControl","True"
"Y:\ttbntfile1\shared\appsdata\groups\17-Xeroxscans\Maggie\Maggie Billing Worksheets\2022\04-21-22","TONNANDBLANK\AVD Test Users","Allow","FullControl","True"
"Y:\ttbntfile1\shared\appsdata\groups\17-Xeroxscans\Maggie\Maggie Billing Worksheets\2022\04-21-22","TONNANDBLANK\impactadmin","Allow","FullControl","True"
"Y:\ttbntfile1\shared\appsdata\groups\17-Xeroxscans\Maggie\Maggie Billing Worksheets\2022\04-21-22","CREATOR OWNER","Allow","FullControl","True"
"Y:\ttbntfile1\shared\appsdata\groups\17-Xeroxscans\Maggie\Maggie Billing Worksheets\2022\04-21-22","BUILTIN\Administrators","Allow","FullControl","True"
"Y:\ttbntfile1\shared\appsdata\groups\17-Xeroxscans\Maggie\Maggie Billing Worksheets\2022\04-21-22","NT AUTHORITY\SYSTEM","Allow","FullControl","True"
"Y:\ttbntfile1\shared\appsdata\groups\17-Xeroxscans\Maggie\Maggie Billing Worksheets\2022\05-20-22","TONNANDBLANK\AVD Test Users","Allow","FullControl","True"
"Y:\ttbntfile1\shared\appsdata\groups\17-Xeroxscans\Maggie\Maggie Billing Worksheets\2022\05-20-22","TONNANDBLANK\impactadmin","Allow","FullControl","True"
"Y:\ttbntfile1\shared\appsdata\groups\17-Xeroxscans\Maggie\Maggie Billing Worksheets\2022\05-20-22","CREATOR OWNER","Allow","FullControl","True"
"Y:\ttbntfile1\shared\appsdata\groups\17-Xeroxscans\Maggie\Maggie Billing Worksheets\2022\05-20-22","BUILTIN\Administrators","Allow","FullControl","True"
"Y:\ttbntfile1\shared\appsdata\groups\17-Xeroxscans\Maggie\Maggie Billing Worksheets\2022\05-20-22","NT AUTHORITY\SYSTEM","Allow","FullControl","True"
"Y:\ttbntfile1\shared\appsdata\groups\17-Xeroxscans\Maggie\Maggie Billing Worksheets\2022\06-21-22","TONNANDBLANK\AVD Test Users","Allow","FullControl","True"
"Y:\ttbntfile1\shared\appsdata\groups\17-Xeroxscans\Maggie\Maggie Billing Worksheets\2022\06-21-22","TONNANDBLANK\impactadmin","Allow","FullControl","True"
"Y:\ttbntfile1\shared\appsdata\groups\17-Xeroxscans\Maggie\Maggie Billing Worksheets\2022\06-21-22","CREATOR OWNER","Allow","FullControl","True"
"Y:\ttbntfile1\shared\appsdata\groups\17-Xeroxscans\Maggie\Maggie Billing Worksheets\2022\06-21-22","BUILTIN\Administrators","Allow","FullControl","True"
"Y:\ttbntfile1\shared\appsdata\groups\17-Xeroxscans\Maggie\Maggie Billing Worksheets\2022\06-21-22","NT AUTHORITY\SYSTEM","Allow","FullControl","True"
"Y:\ttbntfile1\shared\appsdata\groups\17-Xeroxscans\Maggie\Maggie Billing Worksheets\2022\07-20-22","TONNANDBLANK\AVD Test Users","Allow","FullControl","True"
"Y:\ttbntfile1\shared\appsdata\groups\17-Xeroxscans\Maggie\Maggie Billing Worksheets\2022\07-20-22","TONNANDBLANK\impactadmin","Allow","FullControl","True"
"Y:\ttbntfile1\shared\appsdata\groups\17-Xeroxscans\Maggie\Maggie Billing Worksheets\2022\07-20-22","CREATOR OWNER","Allow","FullControl","True"
"Y:\ttbntfile1\shared\appsdata\groups\17-Xeroxscans\Maggie\Maggie Billing Worksheets\2022\07-20-22","BUILTIN\Administrators","Allow","FullControl","True"
"Y:\ttbntfile1\shared\appsdata\groups\17-Xeroxscans\Maggie\Maggie Billing Worksheets\2022\07-20-22","NT AUTHORITY\SYSTEM","Allow","FullControl","True"
"Y:\ttbntfile1\shared\appsdata\groups\17-Xeroxscans\Maggie\Maggie Billing Worksheets\2022\08-19-22","TONNANDBLANK\AVD Test Users","Allow","FullControl","True"
"Y:\ttbntfile1\shared\appsdata\groups\17-Xeroxscans\Maggie\Maggie Billing Worksheets\2022\08-19-22","TONNANDBLANK\impactadmin","Allow","FullControl","True"
"Y:\ttbntfile1\shared\appsdata\groups\17-Xeroxscans\Maggie\Maggie Billing Worksheets\2022\08-19-22","CREATOR OWNER","Allow","FullControl","True"
"Y:\ttbntfile1\shared\appsdata\groups\17-Xeroxscans\Maggie\Maggie Billing Worksheets\2022\08-19-22","BUILTIN\Administrators","Allow","FullControl","True"
"Y:\ttbntfile1\shared\appsdata\groups\17-Xeroxscans\Maggie\Maggie Billing Worksheets\2022\08-19-22","NT AUTHORITY\SYSTEM","Allow","FullControl","True"
"Y:\ttbntfile1\shared\appsdata\groups\17-Xeroxscans\Maggie\Maggie Billing Worksheets\2022\08-23-22 UPDATED","TONNANDBLANK\AVD Test Users","Allow","FullControl","True"
"Y:\ttbntfile1\shared\appsdata\groups\17-Xeroxscans\Maggie\Maggie Billing Worksheets\2022\08-23-22 UPDATED","TONNANDBLANK\impactadmin","Allow","FullControl","True"
"Y:\ttbntfile1\shared\appsdata\groups\17-Xeroxscans\Maggie\Maggie Billing Worksheets\2022\08-23-22 UPDATED","CREATOR OWNER","Allow","FullControl","True"
"Y:\ttbntfile1\shared\appsdata\groups\17-Xeroxscans\Maggie\Maggie Billing Worksheets\2022\08-23-22 UPDATED","BUILTIN\Administrators","Allow","FullControl","True"
"Y:\ttbntfile1\shared\appsdata\groups\17-Xeroxscans\Maggie\Maggie Billing Worksheets\2022\08-23-22 UPDATED","NT AUTHORITY\SYSTEM","Allow","FullControl","True"
"Y:\ttbntfile1\shared\appsdata\groups\17-Xeroxscans\Maggie\Maggie Billing Worksheets\2022\09-20-22","TONNANDBLANK\AVD Test Users","Allow","FullControl","True"
"Y:\ttbntfile1\shared\appsdata\groups\17-Xeroxscans\Maggie\Maggie Billing Worksheets\2022\09-20-22","TONNANDBLANK\impactadmin","Allow","FullControl","True"
"Y:\ttbntfile1\shared\appsdata\groups\17-Xeroxscans\Maggie\Maggie Billing Worksheets\2022\09-20-22","CREATOR OWNER","Allow","FullControl","True"
"Y:\ttbntfile1\shared\appsdata\groups\17-Xeroxscans\Maggie\Maggie Billing Worksheets\2022\09-20-22","BUILTIN\Administrators","Allow","FullControl","True"
"Y:\ttbntfile1\shared\appsdata\groups\17-Xeroxscans\Maggie\Maggie Billing Worksheets\2022\09-20-22","NT AUTHORITY\SYSTEM","Allow","FullControl","True"
"Y:\ttbntfile1\shared\appsdata\groups\17-Xeroxscans\Maggie\Maggie Billing Worksheets\2022\10-19-22","TONNANDBLANK\AVD Test Users","Allow","FullControl","True"
"Y:\ttbntfile1\shared\appsdata\groups\17-Xeroxscans\Maggie\Maggie Billing Worksheets\2022\10-19-22","TONNANDBLANK\impactadmin","Allow","FullControl","True"
"Y:\ttbntfile1\shared\appsdata\groups\17-Xeroxscans\Maggie\Maggie Billing Worksheets\2022\10-19-22","CREATOR OWNER","Allow","FullControl","True"
"Y:\ttbntfile1\shared\appsdata\groups\17-Xeroxscans\Maggie\Maggie Billing Worksheets\2022\10-19-22","BUILTIN\Administrators","Allow","FullControl","True"
"Y:\ttbntfile1\shared\appsdata\groups\17-Xeroxscans\Maggie\Maggie Billing Worksheets\2022\10-19-22","NT AUTHORITY\SYSTEM","Allow","FullControl","True"
"Y:\ttbntfile1\shared\appsdata\groups\17-Xeroxscans\Maggie\Maggie Billing Worksheets\2022\11-18-22","TONNANDBLANK\AVD Test Users","Allow","FullControl","True"
"Y:\ttbntfile1\shared\appsdata\groups\17-Xeroxscans\Maggie\Maggie Billing Worksheets\2022\11-18-22","TONNANDBLANK\impactadmin","Allow","FullControl","True"
"Y:\ttbntfile1\shared\appsdata\groups\17-Xeroxscans\Maggie\Maggie Billing Worksheets\2022\11-18-22","CREATOR OWNER","Allow","FullControl","True"
"Y:\ttbntfile1\shared\appsdata\groups\17-Xeroxscans\Maggie\Maggie Billing Worksheets\2022\11-18-22","BUILTIN\Administrators","Allow","FullControl","True"
"Y:\ttbntfile1\shared\appsdata\groups\17-Xeroxscans\Maggie\Maggie Billing Worksheets\2022\11-18-22","NT AUTHORITY\SYSTEM","Allow","FullControl","True"
"Y:\ttbntfile1\shared\appsdata\groups\17-Xeroxscans\Maggie\Maggie Billing Worksheets\2022\12-20-22","TONNANDBLANK\AVD Test Users","Allow","FullControl","True"
"Y:\ttbntfile1\shared\appsdata\groups\17-Xeroxscans\Maggie\Maggie Billing Worksheets\2022\12-20-22","TONNANDBLANK\impactadmin","Allow","FullControl","True"
"Y:\ttbntfile1\shared\appsdata\groups\17-Xeroxscans\Maggie\Maggie Billing Worksheets\2022\12-20-22","CREATOR OWNER","Allow","FullControl","True"
"Y:\ttbntfile1\shared\appsdata\groups\17-Xeroxscans\Maggie\Maggie Billing Worksheets\2022\12-20-22","BUILTIN\Administrators","Allow","FullControl","True"
"Y:\ttbntfile1\shared\appsdata\groups\17-Xeroxscans\Maggie\Maggie Billing Worksheets\2022\12-20-22","NT AUTHORITY\SYSTEM","Allow","FullControl","True"
"Y:\ttbntfile1\shared\appsdata\groups\17-Xeroxscans\Maggie\Maggie Billing Worksheets\2022\12-28-22","TONNANDBLANK\AVD Test Users","Allow","FullControl","True"
"Y:\ttbntfile1\shared\appsdata\groups\17-Xeroxscans\Maggie\Maggie Billing Worksheets\2022\12-28-22","TONNANDBLANK\impactadmin","Allow","FullControl","True"
"Y:\ttbntfile1\shared\appsdata\groups\17-Xeroxscans\Maggie\Maggie Billing Worksheets\2022\12-28-22","CREATOR OWNER","Allow","FullControl","True"
"Y:\ttbntfile1\shared\appsdata\groups\17-Xeroxscans\Maggie\Maggie Billing Worksheets\2022\12-28-22","BUILTIN\Administrators","Allow","FullControl","True"
"Y:\ttbntfile1\shared\appsdata\groups\17-Xeroxscans\Maggie\Maggie Billing Worksheets\2022\12-28-22","NT AUTHORITY\SYSTEM","Allow","FullControl","True"
"Y:\ttbntfile1\shared\appsdata\groups\17-Xeroxscans\Maggie\Maggie Billing Worksheets\2023\01-20-23","TONNANDBLANK\AVD Test Users","Allow","FullControl","True"
"Y:\ttbntfile1\shared\appsdata\groups\17-Xeroxscans\Maggie\Maggie Billing Worksheets\2023\01-20-23","TONNANDBLANK\impactadmin","Allow","FullControl","True"
"Y:\ttbntfile1\shared\appsdata\groups\17-Xeroxscans\Maggie\Maggie Billing Worksheets\2023\01-20-23","CREATOR OWNER","Allow","FullControl","True"
"Y:\ttbntfile1\shared\appsdata\groups\17-Xeroxscans\Maggie\Maggie Billing Worksheets\2023\01-20-23","BUILTIN\Administrators","Allow","FullControl","True"
"Y:\ttbntfile1\shared\appsdata\groups\17-Xeroxscans\Maggie\Maggie Billing Worksheets\2023\01-20-23","NT AUTHORITY\SYSTEM","Allow","FullControl","True"
"Y:\ttbntfile1\shared\appsdata\groups\17-Xeroxscans\Maggie\Maggie Billing Worksheets\2023\02-21-23","TONNANDBLANK\AVD Test Users","Allow","FullControl","True"
"Y:\ttbntfile1\shared\appsdata\groups\17-Xeroxscans\Maggie\Maggie Billing Worksheets\2023\02-21-23","TONNANDBLANK\impactadmin","Allow","FullControl","True"
"Y:\ttbntfile1\shared\appsdata\groups\17-Xeroxscans\Maggie\Maggie Billing Worksheets\2023\02-21-23","CREATOR OWNER","Allow","FullControl","True"
"Y:\ttbntfile1\shared\appsdata\groups\17-Xeroxscans\Maggie\Maggie Billing Worksheets\2023\02-21-23","BUILTIN\Administrators","Allow","FullControl","True"
"Y:\ttbntfile1\shared\appsdata\groups\17-Xeroxscans\Maggie\Maggie Billing Worksheets\2023\02-21-23","NT AUTHORITY\SYSTEM","Allow","FullControl","True"
"Y:\ttbntfile1\shared\appsdata\groups\17-Xeroxscans\Maggie\Maggie Billing Worksheets\2023\03-21-23","TONNANDBLANK\AVD Test Users","Allow","FullControl","True"
"Y:\ttbntfile1\shared\appsdata\groups\17-Xeroxscans\Maggie\Maggie Billing Worksheets\2023\03-21-23","TONNANDBLANK\impactadmin","Allow","FullControl","True"
"Y:\ttbntfile1\shared\appsdata\groups\17-Xeroxscans\Maggie\Maggie Billing Worksheets\2023\03-21-23","CREATOR OWNER","Allow","FullControl","True"
"Y:\ttbntfile1\shared\appsdata\groups\17-Xeroxscans\Maggie\Maggie Billing Worksheets\2023\03-21-23","BUILTIN\Administrators","Allow","FullControl","True"
"Y:\ttbntfile1\shared\appsdata\groups\17-Xeroxscans\Maggie\Maggie Billing Worksheets\2023\03-21-23","NT AUTHORITY\SYSTEM","Allow","FullControl","True"
"Y:\ttbntfile1\shared\appsdata\groups\17-Xeroxscans\Maggie\Maggie Billing Worksheets\2023\04-20-23","TONNANDBLANK\AVD Test Users","Allow","FullControl","True"
"Y:\ttbntfile1\shared\appsdata\groups\17-Xeroxscans\Maggie\Maggie Billing Worksheets\2023\04-20-23","TONNANDBLANK\impactadmin","Allow","FullControl","True"
"Y:\ttbntfile1\shared\appsdata\groups\17-Xeroxscans\Maggie\Maggie Billing Worksheets\2023\04-20-23","CREATOR OWNER","Allow","FullControl","True"
"Y:\ttbntfile1\shared\appsdata\groups\17-Xeroxscans\Maggie\Maggie Billing Worksheets\2023\04-20-23","BUILTIN\Administrators","Allow","FullControl","True"
"Y:\ttbntfile1\shared\appsdata\groups\17-Xeroxscans\Maggie\Maggie Billing Worksheets\2023\04-20-23","NT AUTHORITY\SYSTEM","Allow","FullControl","True"
"Y:\ttbntfile1\shared\appsdata\groups\17-Xeroxscans\Maggie\Maggie Billing Worksheets\2023\05-23-23","TONNANDBLANK\AVD Test Users","Allow","FullControl","True"
"Y:\ttbntfile1\shared\appsdata\groups\17-Xeroxscans\Maggie\Maggie Billing Worksheets\2023\05-23-23","TONNANDBLANK\impactadmin","Allow","FullControl","True"
"Y:\ttbntfile1\shared\appsdata\groups\17-Xeroxscans\Maggie\Maggie Billing Worksheets\2023\05-23-23","CREATOR OWNER","Allow","FullControl","True"
"Y:\ttbntfile1\shared\appsdata\groups\17-Xeroxscans\Maggie\Maggie Billing Worksheets\2023\05-23-23","BUILTIN\Administrators","Allow","FullControl","True"
"Y:\ttbntfile1\shared\appsdata\groups\17-Xeroxscans\Maggie\Maggie Billing Worksheets\2023\05-23-23","NT AUTHORITY\SYSTEM","Allow","FullControl","True"
"Y:\ttbntfile1\shared\appsdata\groups\17-Xeroxscans\Maggie\Maggie Billing Worksheets\2023\06-20-23","TONNANDBLANK\AVD Test Users","Allow","FullControl","True"
"Y:\ttbntfile1\shared\appsdata\groups\17-Xeroxscans\Maggie\Maggie Billing Worksheets\2023\06-20-23","TONNANDBLANK\impactadmin","Allow","FullControl","True"
"Y:\ttbntfile1\shared\appsdata\groups\17-Xeroxscans\Maggie\Maggie Billing Worksheets\2023\06-20-23","CREATOR OWNER","Allow","FullControl","True"
"Y:\ttbntfile1\shared\appsdata\groups\17-Xeroxscans\Maggie\Maggie Billing Worksheets\2023\06-20-23","BUILTIN\Administrators","Allow","FullControl","True"
"Y:\ttbntfile1\shared\appsdata\groups\17-Xeroxscans\Maggie\Maggie Billing Worksheets\2023\06-20-23","NT AUTHORITY\SYSTEM","Allow","FullControl","True"
"Y:\ttbntfile1\shared\appsdata\groups\17-Xeroxscans\Maggie\Maggie Billing Worksheets\2023\07-19-23","TONNANDBLANK\AVD Test Users","Allow","FullControl","True"
"Y:\ttbntfile1\shared\appsdata\groups\17-Xeroxscans\Maggie\Maggie Billing Worksheets\2023\07-19-23","TONNANDBLANK\impactadmin","Allow","FullControl","True"
"Y:\ttbntfile1\shared\appsdata\groups\17-Xeroxscans\Maggie\Maggie Billing Worksheets\2023\07-19-23","CREATOR OWNER","Allow","FullControl","True"
"Y:\ttbntfile1\shared\appsdata\groups\17-Xeroxscans\Maggie\Maggie Billing Worksheets\2023\07-19-23","BUILTIN\Administrators","Allow","FullControl","True"
"Y:\ttbntfile1\shared\appsdata\groups\17-Xeroxscans\Maggie\Maggie Billing Worksheets\2023\07-19-23","NT AUTHORITY\SYSTEM","Allow","FullControl","True"
"Y:\ttbntfile1\shared\appsdata\groups\17-Xeroxscans\Maggie\Maggie Billing Worksheets\2023\08-22-23","TONNANDBLANK\AVD Test Users","Allow","FullControl","True"
"Y:\ttbntfile1\shared\appsdata\groups\17-Xeroxscans\Maggie\Maggie Billing Worksheets\2023\08-22-23","TONNANDBLANK\impactadmin","Allow","FullControl","True"
"Y:\ttbntfile1\shared\appsdata\groups\17-Xeroxscans\Maggie\Maggie Billing Worksheets\2023\08-22-23","CREATOR OWNER","Allow","FullControl","True"
"Y:\ttbntfile1\shared\appsdata\groups\17-Xeroxscans\Maggie\Maggie Billing Worksheets\2023\08-22-23","BUILTIN\Administrators","Allow","FullControl","True"
"Y:\ttbntfile1\shared\appsdata\groups\17-Xeroxscans\Maggie\Maggie Billing Worksheets\2023\08-22-23","NT AUTHORITY\SYSTEM","Allow","FullControl","True"
"Y:\ttbntfile1\shared\appsdata\groups\17-Xeroxscans\Maggie\Maggie Billing Worksheets\2023\11-21-23","TONNANDBLANK\AVD Test Users","Allow","FullControl","True"
"Y:\ttbntfile1\shared\appsdata\groups\17-Xeroxscans\Maggie\Maggie Billing Worksheets\2023\11-21-23","TONNANDBLANK\impactadmin","Allow","FullControl","True"
"Y:\ttbntfile1\shared\appsdata\groups\17-Xeroxscans\Maggie\Maggie Billing Worksheets\2023\11-21-23","CREATOR OWNER","Allow","FullControl","True"
"Y:\ttbntfile1\shared\appsdata\groups\17-Xeroxscans\Maggie\Maggie Billing Worksheets\2023\11-21-23","BUILTIN\Administrators","Allow","FullControl","True"
"Y:\ttbntfile1\shared\appsdata\groups\17-Xeroxscans\Maggie\Maggie Billing Worksheets\2023\11-21-23","NT AUTHORITY\SYSTEM","Allow","FullControl","True"
"Y:\ttbntfile1\shared\appsdata\groups\17-Xeroxscans\MatthewR\Desktop Files","TONNANDBLANK\AVD Test Users","Allow","FullControl","True"
"Y:\ttbntfile1\shared\appsdata\groups\17-Xeroxscans\MatthewR\Desktop Files","TONNANDBLANK\impactadmin","Allow","FullControl","True"
"Y:\ttbntfile1\shared\appsdata\groups\17-Xeroxscans\MatthewR\Desktop Files","CREATOR OWNER","Allow","FullControl","True"
"Y:\ttbntfile1\shared\appsdata\groups\17-Xeroxscans\MatthewR\Desktop Files","BUILTIN\Administrators","Allow","FullControl","True"
"Y:\ttbntfile1\shared\appsdata\groups\17-Xeroxscans\MatthewR\Desktop Files","NT AUTHORITY\SYSTEM","Allow","FullControl","True"
"Y:\ttbntfile1\shared\appsdata\groups\17-Xeroxscans\MattL\Old","TONNANDBLANK\AVD Test Users","Allow","FullControl","True"
"Y:\ttbntfile1\shared\appsdata\groups\17-Xeroxscans\MattL\Old","TONNANDBLANK\impactadmin","Allow","FullControl","True"
"Y:\ttbntfile1\shared\appsdata\groups\17-Xeroxscans\MattL\Old","CREATOR OWNER","Allow","FullControl","True"
"Y:\ttbntfile1\shared\appsdata\groups\17-Xeroxscans\MattL\Old","BUILTIN\Administrators","Allow","FullControl","True"
"Y:\ttbntfile1\shared\appsdata\groups\17-Xeroxscans\MattL\Old","NT AUTHORITY\SYSTEM","Allow","FullControl","True"
"Y:\ttbntfile1\shared\appsdata\groups\17-Xeroxscans\MattL\Old\CBO Paint","TONNANDBLANK\AVD Test Users","Allow","FullControl","True"
"Y:\ttbntfile1\shared\appsdata\groups\17-Xeroxscans\MattL\Old\CBO Paint","TONNANDBLANK\impactadmin","Allow","FullControl","True"
"Y:\ttbntfile1\shared\appsdata\groups\17-Xeroxscans\MattL\Old\CBO Paint","CREATOR OWNER","Allow","FullControl","True"
"Y:\ttbntfile1\shared\appsdata\groups\17-Xeroxscans\MattL\Old\CBO Paint","BUILTIN\Administrators","Allow","FullControl","True"
"Y:\ttbntfile1\shared\appsdata\groups\17-Xeroxscans\MattL\Old\CBO Paint","NT AUTHORITY\SYSTEM","Allow","FullControl","True"
"Y:\ttbntfile1\shared\appsdata\groups\17-Xeroxscans\MattW\Weller Billing worksheets","TONNANDBLANK\AVD Test Users","Allow","FullControl","True"
"Y:\ttbntfile1\shared\appsdata\groups\17-Xeroxscans\MattW\Weller Billing worksheets","TONNANDBLANK\impactadmin","Allow","FullControl","True"
"Y:\ttbntfile1\shared\appsdata\groups\17-Xeroxscans\MattW\Weller Billing worksheets","CREATOR OWNER","Allow","FullControl","True"
"Y:\ttbntfile1\shared\appsdata\groups\17-Xeroxscans\MattW\Weller Billing worksheets","BUILTIN\Administrators","Allow","FullControl","True"
"Y:\ttbntfile1\shared\appsdata\groups\17-Xeroxscans\MattW\Weller Billing worksheets","NT AUTHORITY\SYSTEM","Allow","FullControl","True"
"Y:\ttbntfile1\shared\appsdata\groups\17-Xeroxscans\Megan\Scans","TONNANDBLANK\AVD Test Users","Allow","FullControl","True"
"Y:\ttbntfile1\shared\appsdata\groups\17-Xeroxscans\Megan\Scans","TONNANDBLANK\impactadmin","Allow","FullControl","True"
"Y:\ttbntfile1\shared\appsdata\groups\17-Xeroxscans\Megan\Scans","CREATOR OWNER","Allow","FullControl","True"
"Y:\ttbntfile1\shared\appsdata\groups\17-Xeroxscans\Megan\Scans","BUILTIN\Administrators","Allow","FullControl","True"
"Y:\ttbntfile1\shared\appsdata\groups\17-Xeroxscans\Megan\Scans","NT AUTHORITY\SYSTEM","Allow","FullControl","True"
"Y:\ttbntfile1\shared\appsdata\groups\17-Xeroxscans\Ross\L Billing Worksheets - 1-10-21","TONNANDBLANK\AVD Test Users","Allow","FullControl","True"
"Y:\ttbntfile1\shared\appsdata\groups\17-Xeroxscans\Ross\L Billing Worksheets - 1-10-21","TONNANDBLANK\impactadmin","Allow","FullControl","True"
"Y:\ttbntfile1\shared\appsdata\groups\17-Xeroxscans\Ross\L Billing Worksheets - 1-10-21","CREATOR OWNER","Allow","FullControl","True"
"Y:\ttbntfile1\shared\appsdata\groups\17-Xeroxscans\Ross\L Billing Worksheets - 1-10-21","BUILTIN\Administrators","Allow","FullControl","True"
"Y:\ttbntfile1\shared\appsdata\groups\17-Xeroxscans\Ross\L Billing Worksheets - 1-10-21","NT AUTHORITY\SYSTEM","Allow","FullControl","True"
"Y:\ttbntfile1\shared\appsdata\groups\17-Xeroxscans\Ross\L Billing Worksheets - 1-26-21","TONNANDBLANK\AVD Test Users","Allow","FullControl","True"
"Y:\ttbntfile1\shared\appsdata\groups\17-Xeroxscans\Ross\L Billing Worksheets - 1-26-21","TONNANDBLANK\impactadmin","Allow","FullControl","True"
"Y:\ttbntfile1\shared\appsdata\groups\17-Xeroxscans\Ross\L Billing Worksheets - 1-26-21","CREATOR OWNER","Allow","FullControl","True"
"Y:\ttbntfile1\shared\appsdata\groups\17-Xeroxscans\Ross\L Billing Worksheets - 1-26-21","BUILTIN\Administrators","Allow","FullControl","True"
"Y:\ttbntfile1\shared\appsdata\groups\17-Xeroxscans\Ross\L Billing Worksheets - 1-26-21","NT AUTHORITY\SYSTEM","Allow","FullControl","True"
"Y:\ttbntfile1\shared\appsdata\groups\17-Xeroxscans\Sandra\FA-FEMA","TONNANDBLANK\AVD Test Users","Allow","FullControl","True"
"Y:\ttbntfile1\shared\appsdata\groups\17-Xeroxscans\Sandra\FA-FEMA","TONNANDBLANK\impactadmin","Allow","FullControl","True"
"Y:\ttbntfile1\shared\appsdata\groups\17-Xeroxscans\Sandra\FA-FEMA","CREATOR OWNER","Allow","FullControl","True"
"Y:\ttbntfile1\shared\appsdata\groups\17-Xeroxscans\Sandra\FA-FEMA","BUILTIN\Administrators","Allow","FullControl","True"
"Y:\ttbntfile1\shared\appsdata\groups\17-Xeroxscans\Sandra\FA-FEMA","NT AUTHORITY\SYSTEM","Allow","FullControl","True"
"Y:\ttbntfile1\shared\appsdata\groups\17-Xeroxscans\Sandra\PTOs2023","TONNANDBLANK\AVD Test Users","Allow","FullControl","True"
"Y:\ttbntfile1\shared\appsdata\groups\17-Xeroxscans\Sandra\PTOs2023","TONNANDBLANK\impactadmin","Allow","FullControl","True"
"Y:\ttbntfile1\shared\appsdata\groups\17-Xeroxscans\Sandra\PTOs2023","CREATOR OWNER","Allow","FullControl","True"
"Y:\ttbntfile1\shared\appsdata\groups\17-Xeroxscans\Sandra\PTOs2023","BUILTIN\Administrators","Allow","FullControl","True"
"Y:\ttbntfile1\shared\appsdata\groups\17-Xeroxscans\Sandra\PTOs2023","NT AUTHORITY\SYSTEM","Allow","FullControl","True"
"Y:\ttbntfile1\shared\appsdata\groups\17-Xeroxscans\Sandra\PTOs2024","TONNANDBLANK\AVD Test Users","Allow","FullControl","True"
"Y:\ttbntfile1\shared\appsdata\groups\17-Xeroxscans\Sandra\PTOs2024","TONNANDBLANK\impactadmin","Allow","FullControl","True"
"Y:\ttbntfile1\shared\appsdata\groups\17-Xeroxscans\Sandra\PTOs2024","CREATOR OWNER","Allow","FullControl","True"
"Y:\ttbntfile1\shared\appsdata\groups\17-Xeroxscans\Sandra\PTOs2024","BUILTIN\Administrators","Allow","FullControl","True"
"Y:\ttbntfile1\shared\appsdata\groups\17-Xeroxscans\Sandra\PTOs2024","NT AUTHORITY\SYSTEM","Allow","FullControl","True"
"Y:\ttbntfile1\shared\appsdata\groups\17-Xeroxscans\Sandra\FA-FEMA\FA-FEMA-1","TONNANDBLANK\AVD Test Users","Allow","FullControl","True"
"Y:\ttbntfile1\shared\appsdata\groups\17-Xeroxscans\Sandra\FA-FEMA\FA-FEMA-1","TONNANDBLANK\impactadmin","Allow","FullControl","True"
"Y:\ttbntfile1\shared\appsdata\groups\17-Xeroxscans\Sandra\FA-FEMA\FA-FEMA-1","CREATOR OWNER","Allow","FullControl","True"
"Y:\ttbntfile1\shared\appsdata\groups\17-Xeroxscans\Sandra\FA-FEMA\FA-FEMA-1","BUILTIN\Administrators","Allow","FullControl","True"
"Y:\ttbntfile1\shared\appsdata\groups\17-Xeroxscans\Sandra\FA-FEMA\FA-FEMA-1","NT AUTHORITY\SYSTEM","Allow","FullControl","True"
"Y:\ttbntfile1\shared\appsdata\groups\17-Xeroxscans\Sandra\FA-FEMA\FA-FEMA-2","TONNANDBLANK\AVD Test Users","Allow","FullControl","True"
"Y:\ttbntfile1\shared\appsdata\groups\17-Xeroxscans\Sandra\FA-FEMA\FA-FEMA-2","TONNANDBLANK\impactadmin","Allow","FullControl","True"
"Y:\ttbntfile1\shared\appsdata\groups\17-Xeroxscans\Sandra\FA-FEMA\FA-FEMA-2","CREATOR OWNER","Allow","FullControl","True"
"Y:\ttbntfile1\shared\appsdata\groups\17-Xeroxscans\Sandra\FA-FEMA\FA-FEMA-2","BUILTIN\Administrators","Allow","FullControl","True"
"Y:\ttbntfile1\shared\appsdata\groups\17-Xeroxscans\Sandra\FA-FEMA\FA-FEMA-2","NT AUTHORITY\SYSTEM","Allow","FullControl","True"
"Y:\ttbntfile1\shared\appsdata\groups\17-Xeroxscans\Sandra\PTOs2023\NoLongerHere","TONNANDBLANK\AVD Test Users","Allow","FullControl","True"
"Y:\ttbntfile1\shared\appsdata\groups\17-Xeroxscans\Sandra\PTOs2023\NoLongerHere","TONNANDBLANK\impactadmin","Allow","FullControl","True"
"Y:\ttbntfile1\shared\appsdata\groups\17-Xeroxscans\Sandra\PTOs2023\NoLongerHere","CREATOR OWNER","Allow","FullControl","True"
"Y:\ttbntfile1\shared\appsdata\groups\17-Xeroxscans\Sandra\PTOs2023\NoLongerHere","BUILTIN\Administrators","Allow","FullControl","True"
"Y:\ttbntfile1\shared\appsdata\groups\17-Xeroxscans\Sandra\PTOs2023\NoLongerHere","NT AUTHORITY\SYSTEM","Allow","FullControl","True"
"Y:\ttbntfile1\shared\appsdata\groups\17-Xeroxscans\Sheree\Sheree Billing worksheets","TONNANDBLANK\AVD Test Users","Allow","FullControl","True"
"Y:\ttbntfile1\shared\appsdata\groups\17-Xeroxscans\Sheree\Sheree Billing worksheets","TONNANDBLANK\impactadmin","Allow","FullControl","True"
"Y:\ttbntfile1\shared\appsdata\groups\17-Xeroxscans\Sheree\Sheree Billing worksheets","CREATOR OWNER","Allow","FullControl","True"
"Y:\ttbntfile1\shared\appsdata\groups\17-Xeroxscans\Sheree\Sheree Billing worksheets","BUILTIN\Administrators","Allow","FullControl","True"
"Y:\ttbntfile1\shared\appsdata\groups\17-Xeroxscans\Sheree\Sheree Billing worksheets","NT AUTHORITY\SYSTEM","Allow","FullControl","True"
"Y:\ttbntfile1\shared\appsdata\groups\17-Xeroxscans\Sheree\Sheree Billing worksheets\1-20-21","TONNANDBLANK\AVD Test Users","Allow","FullControl","True"
"Y:\ttbntfile1\shared\appsdata\groups\17-Xeroxscans\Sheree\Sheree Billing worksheets\1-20-21","TONNANDBLANK\impactadmin","Allow","FullControl","True"
"Y:\ttbntfile1\shared\appsdata\groups\17-Xeroxscans\Sheree\Sheree Billing worksheets\1-20-21","CREATOR OWNER","Allow","FullControl","True"
"Y:\ttbntfile1\shared\appsdata\groups\17-Xeroxscans\Sheree\Sheree Billing worksheets\1-20-21","BUILTIN\Administrators","Allow","FullControl","True"
"Y:\ttbntfile1\shared\appsdata\groups\17-Xeroxscans\Sheree\Sheree Billing worksheets\1-20-21","NT AUTHORITY\SYSTEM","Allow","FullControl","True"
"Y:\ttbntfile1\shared\appsdata\groups\17-Xeroxscans\Ted\Ted Billing Worksheets","TONNANDBLANK\AVD Test Users","Allow","FullControl","True"
"Y:\ttbntfile1\shared\appsdata\groups\17-Xeroxscans\Ted\Ted Billing Worksheets","TONNANDBLANK\impactadmin","Allow","FullControl","True"
"Y:\ttbntfile1\shared\appsdata\groups\17-Xeroxscans\Ted\Ted Billing Worksheets","CREATOR OWNER","Allow","FullControl","True"
"Y:\ttbntfile1\shared\appsdata\groups\17-Xeroxscans\Ted\Ted Billing Worksheets","BUILTIN\Administrators","Allow","FullControl","True"
"Y:\ttbntfile1\shared\appsdata\groups\17-Xeroxscans\Ted\Ted Billing Worksheets","NT AUTHORITY\SYSTEM","Allow","FullControl","True"
"Y:\ttbntfile1\shared\appsdata\groups\17-Xeroxscans\Ted\Ted Billing Worksheets\5-10-21","TONNANDBLANK\AVD Test Users","Allow","FullControl","True"
"Y:\ttbntfile1\shared\appsdata\groups\17-Xeroxscans\Ted\Ted Billing Worksheets\5-10-21","TONNANDBLANK\impactadmin","Allow","FullControl","True"
"Y:\ttbntfile1\shared\appsdata\groups\17-Xeroxscans\Ted\Ted Billing Worksheets\5-10-21","CREATOR OWNER","Allow","FullControl","True"
"Y:\ttbntfile1\shared\appsdata\groups\17-Xeroxscans\Ted\Ted Billing Worksheets\5-10-21","BUILTIN\Administrators","Allow","FullControl","True"
"Y:\ttbntfile1\shared\appsdata\groups\17-Xeroxscans\Ted\Ted Billing Worksheets\5-10-21","NT AUTHORITY\SYSTEM","Allow","FullControl","True"
"Y:\ttbntfile1\shared\appsdata\groups\17-Xeroxscans\Tim\Tim Billing Worksheets","TONNANDBLANK\AVD Test Users","Allow","FullControl","True"
"Y:\ttbntfile1\shared\appsdata\groups\17-Xeroxscans\Tim\Tim Billing Worksheets","TONNANDBLANK\impactadmin","Allow","FullControl","True"
"Y:\ttbntfile1\shared\appsdata\groups\17-Xeroxscans\Tim\Tim Billing Worksheets","CREATOR OWNER","Allow","FullControl","True"
"Y:\ttbntfile1\shared\appsdata\groups\17-Xeroxscans\Tim\Tim Billing Worksheets","BUILTIN\Administrators","Allow","FullControl","True"
"Y:\ttbntfile1\shared\appsdata\groups\17-Xeroxscans\Tim\Tim Billing Worksheets","NT AUTHORITY\SYSTEM","Allow","FullControl","True"
"Y:\ttbntfile1\shared\appsdata\groups\17-Xeroxscans\Tim\Tim Billing Worksheets\10-19-23","TONNANDBLANK\AVD Test Users","Allow","FullControl","True"
"Y:\ttbntfile1\shared\appsdata\groups\17-Xeroxscans\Tim\Tim Billing Worksheets\10-19-23","TONNANDBLANK\impactadmin","Allow","FullControl","True"
"Y:\ttbntfile1\shared\appsdata\groups\17-Xeroxscans\Tim\Tim Billing Worksheets\10-19-23","CREATOR OWNER","Allow","FullControl","True"
"Y:\ttbntfile1\shared\appsdata\groups\17-Xeroxscans\Tim\Tim Billing Worksheets\10-19-23","BUILTIN\Administrators","Allow","FullControl","True"
"Y:\ttbntfile1\shared\appsdata\groups\17-Xeroxscans\Tim\Tim Billing Worksheets\10-19-23","NT AUTHORITY\SYSTEM","Allow","FullControl","True"
"Y:\ttbntfile1\shared\appsdata\groups\17-Xeroxscans\Tim\Tim Billing Worksheets\11-21-23","TONNANDBLANK\AVD Test Users","Allow","FullControl","True"
"Y:\ttbntfile1\shared\appsdata\groups\17-Xeroxscans\Tim\Tim Billing Worksheets\11-21-23","TONNANDBLANK\impactadmin","Allow","FullControl","True"
"Y:\ttbntfile1\shared\appsdata\groups\17-Xeroxscans\Tim\Tim Billing Worksheets\11-21-23","CREATOR OWNER","Allow","FullControl","True"
"Y:\ttbntfile1\shared\appsdata\groups\17-Xeroxscans\Tim\Tim Billing Worksheets\11-21-23","BUILTIN\Administrators","Allow","FullControl","True"
"Y:\ttbntfile1\shared\appsdata\groups\17-Xeroxscans\Tim\Tim Billing Worksheets\11-21-23","NT AUTHORITY\SYSTEM","Allow","FullControl","True"
"Y:\ttbntfile1\shared\appsdata\groups\17-Xeroxscans\Tim\Tim Billing Worksheets\12-20-23","TONNANDBLANK\AVD Test Users","Allow","FullControl","True"
"Y:\ttbntfile1\shared\appsdata\groups\17-Xeroxscans\Tim\Tim Billing Worksheets\12-20-23","TONNANDBLANK\impactadmin","Allow","FullControl","True"
"Y:\ttbntfile1\shared\appsdata\groups\17-Xeroxscans\Tim\Tim Billing Worksheets\12-20-23","CREATOR OWNER","Allow","FullControl","True"
"Y:\ttbntfile1\shared\appsdata\groups\17-Xeroxscans\Tim\Tim Billing Worksheets\12-20-23","BUILTIN\Administrators","Allow","FullControl","True"
"Y:\ttbntfile1\shared\appsdata\groups\17-Xeroxscans\Tim\Tim Billing Worksheets\12-20-23","NT AUTHORITY\SYSTEM","Allow","FullControl","True"
"Y:\ttbntfile1\shared\appsdata\groups\17-Xeroxscans\Tim\Tim Billing Worksheets\2021","TONNANDBLANK\AVD Test Users","Allow","FullControl","True"
"Y:\ttbntfile1\shared\appsdata\groups\17-Xeroxscans\Tim\Tim Billing Worksheets\2021","TONNANDBLANK\impactadmin","Allow","FullControl","True"
"Y:\ttbntfile1\shared\appsdata\groups\17-Xeroxscans\Tim\Tim Billing Worksheets\2021","CREATOR OWNER","Allow","FullControl","True"
"Y:\ttbntfile1\shared\appsdata\groups\17-Xeroxscans\Tim\Tim Billing Worksheets\2021","BUILTIN\Administrators","Allow","FullControl","True"
"Y:\ttbntfile1\shared\appsdata\groups\17-Xeroxscans\Tim\Tim Billing Worksheets\2021","NT AUTHORITY\SYSTEM","Allow","FullControl","True"
"Y:\ttbntfile1\shared\appsdata\groups\17-Xeroxscans\Tim\Tim Billing Worksheets\2022","TONNANDBLANK\AVD Test Users","Allow","FullControl","True"
"Y:\ttbntfile1\shared\appsdata\groups\17-Xeroxscans\Tim\Tim Billing Worksheets\2022","TONNANDBLANK\impactadmin","Allow","FullControl","True"
"Y:\ttbntfile1\shared\appsdata\groups\17-Xeroxscans\Tim\Tim Billing Worksheets\2022","CREATOR OWNER","Allow","FullControl","True"
"Y:\ttbntfile1\shared\appsdata\groups\17-Xeroxscans\Tim\Tim Billing Worksheets\2022","BUILTIN\Administrators","Allow","FullControl","True"
"Y:\ttbntfile1\shared\appsdata\groups\17-Xeroxscans\Tim\Tim Billing Worksheets\2022","NT AUTHORITY\SYSTEM","Allow","FullControl","True"
"Y:\ttbntfile1\shared\appsdata\groups\17-Xeroxscans\Tim\Tim Billing Worksheets\2023","TONNANDBLANK\AVD Test Users","Allow","FullControl","True"
"Y:\ttbntfile1\shared\appsdata\groups\17-Xeroxscans\Tim\Tim Billing Worksheets\2023","TONNANDBLANK\impactadmin","Allow","FullControl","True"
"Y:\ttbntfile1\shared\appsdata\groups\17-Xeroxscans\Tim\Tim Billing Worksheets\2023","CREATOR OWNER","Allow","FullControl","True"
"Y:\ttbntfile1\shared\appsdata\groups\17-Xeroxscans\Tim\Tim Billing Worksheets\2023","BUILTIN\Administrators","Allow","FullControl","True"
"Y:\ttbntfile1\shared\appsdata\groups\17-Xeroxscans\Tim\Tim Billing Worksheets\2023","NT AUTHORITY\SYSTEM","Allow","FullControl","True"
"Y:\ttbntfile1\shared\appsdata\groups\17-Xeroxscans\Tim\Tim Billing Worksheets\10-19-23\Signed","TONNANDBLANK\AVD Test Users","Allow","FullControl","True"
"Y:\ttbntfile1\shared\appsdata\groups\17-Xeroxscans\Tim\Tim Billing Worksheets\10-19-23\Signed","TONNANDBLANK\impactadmin","Allow","FullControl","True"
"Y:\ttbntfile1\shared\appsdata\groups\17-Xeroxscans\Tim\Tim Billing Worksheets\10-19-23\Signed","CREATOR OWNER","Allow","FullControl","True"
"Y:\ttbntfile1\shared\appsdata\groups\17-Xeroxscans\Tim\Tim Billing Worksheets\10-19-23\Signed","BUILTIN\Administrators","Allow","FullControl","True"
"Y:\ttbntfile1\shared\appsdata\groups\17-Xeroxscans\Tim\Tim Billing Worksheets\10-19-23\Signed","NT AUTHORITY\SYSTEM","Allow","FullControl","True"
"Y:\ttbntfile1\shared\appsdata\groups\17-Xeroxscans\Tim\Tim Billing Worksheets\2021\1-26-21","TONNANDBLANK\AVD Test Users","Allow","FullControl","True"
"Y:\ttbntfile1\shared\appsdata\groups\17-Xeroxscans\Tim\Tim Billing Worksheets\2021\1-26-21","TONNANDBLANK\impactadmin","Allow","FullControl","True"
"Y:\ttbntfile1\shared\appsdata\groups\17-Xeroxscans\Tim\Tim Billing Worksheets\2021\1-26-21","CREATOR OWNER","Allow","FullControl","True"
"Y:\ttbntfile1\shared\appsdata\groups\17-Xeroxscans\Tim\Tim Billing Worksheets\2021\1-26-21","BUILTIN\Administrators","Allow","FullControl","True"
"Y:\ttbntfile1\shared\appsdata\groups\17-Xeroxscans\Tim\Tim Billing Worksheets\2021\1-26-21","NT AUTHORITY\SYSTEM","Allow","FullControl","True"
"Y:\ttbntfile1\shared\appsdata\groups\17-Xeroxscans\Tim\Tim Billing Worksheets\2021\1-28-21","TONNANDBLANK\AVD Test Users","Allow","FullControl","True"
"Y:\ttbntfile1\shared\appsdata\groups\17-Xeroxscans\Tim\Tim Billing Worksheets\2021\1-28-21","TONNANDBLANK\impactadmin","Allow","FullControl","True"
"Y:\ttbntfile1\shared\appsdata\groups\17-Xeroxscans\Tim\Tim Billing Worksheets\2021\1-28-21","CREATOR OWNER","Allow","FullControl","True"
"Y:\ttbntfile1\shared\appsdata\groups\17-Xeroxscans\Tim\Tim Billing Worksheets\2021\1-28-21","BUILTIN\Administrators","Allow","FullControl","True"
"Y:\ttbntfile1\shared\appsdata\groups\17-Xeroxscans\Tim\Tim Billing Worksheets\2021\1-28-21","NT AUTHORITY\SYSTEM","Allow","FullControl","True"
"Y:\ttbntfile1\shared\appsdata\groups\17-Xeroxscans\Tim\Tim Billing Worksheets\2021\10-20-21","TONNANDBLANK\AVD Test Users","Allow","FullControl","True"
"Y:\ttbntfile1\shared\appsdata\groups\17-Xeroxscans\Tim\Tim Billing Worksheets\2021\10-20-21","TONNANDBLANK\impactadmin","Allow","FullControl","True"
"Y:\ttbntfile1\shared\appsdata\groups\17-Xeroxscans\Tim\Tim Billing Worksheets\2021\10-20-21","CREATOR OWNER","Allow","FullControl","True"
"Y:\ttbntfile1\shared\appsdata\groups\17-Xeroxscans\Tim\Tim Billing Worksheets\2021\10-20-21","BUILTIN\Administrators","Allow","FullControl","True"
"Y:\ttbntfile1\shared\appsdata\groups\17-Xeroxscans\Tim\Tim Billing Worksheets\2021\10-20-21","NT AUTHORITY\SYSTEM","Allow","FullControl","True"
"Y:\ttbntfile1\shared\appsdata\groups\17-Xeroxscans\Tim\Tim Billing Worksheets\2021\11-19-21","TONNANDBLANK\AVD Test Users","Allow","FullControl","True"
"Y:\ttbntfile1\shared\appsdata\groups\17-Xeroxscans\Tim\Tim Billing Worksheets\2021\11-19-21","TONNANDBLANK\impactadmin","Allow","FullControl","True"
"Y:\ttbntfile1\shared\appsdata\groups\17-Xeroxscans\Tim\Tim Billing Worksheets\2021\11-19-21","CREATOR OWNER","Allow","FullControl","True"
"Y:\ttbntfile1\shared\appsdata\groups\17-Xeroxscans\Tim\Tim Billing Worksheets\2021\11-19-21","BUILTIN\Administrators","Allow","FullControl","True"
"Y:\ttbntfile1\shared\appsdata\groups\17-Xeroxscans\Tim\Tim Billing Worksheets\2021\11-19-21","NT AUTHORITY\SYSTEM","Allow","FullControl","True"
"Y:\ttbntfile1\shared\appsdata\groups\17-Xeroxscans\Tim\Tim Billing Worksheets\2021\11-24-21","TONNANDBLANK\AVD Test Users","Allow","FullControl","True"
"Y:\ttbntfile1\shared\appsdata\groups\17-Xeroxscans\Tim\Tim Billing Worksheets\2021\11-24-21","TONNANDBLANK\impactadmin","Allow","FullControl","True"
"Y:\ttbntfile1\shared\appsdata\groups\17-Xeroxscans\Tim\Tim Billing Worksheets\2021\11-24-21","CREATOR OWNER","Allow","FullControl","True"
"Y:\ttbntfile1\shared\appsdata\groups\17-Xeroxscans\Tim\Tim Billing Worksheets\2021\11-24-21","BUILTIN\Administrators","Allow","FullControl","True"
"Y:\ttbntfile1\shared\appsdata\groups\17-Xeroxscans\Tim\Tim Billing Worksheets\2021\11-24-21","NT AUTHORITY\SYSTEM","Allow","FullControl","True"
"Y:\ttbntfile1\shared\appsdata\groups\17-Xeroxscans\Tim\Tim Billing Worksheets\2021\12-20-21","TONNANDBLANK\AVD Test Users","Allow","FullControl","True"
"Y:\ttbntfile1\shared\appsdata\groups\17-Xeroxscans\Tim\Tim Billing Worksheets\2021\12-20-21","TONNANDBLANK\impactadmin","Allow","FullControl","True"
"Y:\ttbntfile1\shared\appsdata\groups\17-Xeroxscans\Tim\Tim Billing Worksheets\2021\12-20-21","CREATOR OWNER","Allow","FullControl","True"
"Y:\ttbntfile1\shared\appsdata\groups\17-Xeroxscans\Tim\Tim Billing Worksheets\2021\12-20-21","BUILTIN\Administrators","Allow","FullControl","True"
"Y:\ttbntfile1\shared\appsdata\groups\17-Xeroxscans\Tim\Tim Billing Worksheets\2021\12-20-21","NT AUTHORITY\SYSTEM","Allow","FullControl","True"
"Y:\ttbntfile1\shared\appsdata\groups\17-Xeroxscans\Tim\Tim Billing Worksheets\2021\12-21-21 UPDATED","TONNANDBLANK\AVD Test Users","Allow","FullControl","True"
"Y:\ttbntfile1\shared\appsdata\groups\17-Xeroxscans\Tim\Tim Billing Worksheets\2021\12-21-21 UPDATED","TONNANDBLANK\impactadmin","Allow","FullControl","True"
"Y:\ttbntfile1\shared\appsdata\groups\17-Xeroxscans\Tim\Tim Billing Worksheets\2021\12-21-21 UPDATED","CREATOR OWNER","Allow","FullControl","True"
"Y:\ttbntfile1\shared\appsdata\groups\17-Xeroxscans\Tim\Tim Billing Worksheets\2021\12-21-21 UPDATED","BUILTIN\Administrators","Allow","FullControl","True"
"Y:\ttbntfile1\shared\appsdata\groups\17-Xeroxscans\Tim\Tim Billing Worksheets\2021\12-21-21 UPDATED","NT AUTHORITY\SYSTEM","Allow","FullControl","True"
"Y:\ttbntfile1\shared\appsdata\groups\17-Xeroxscans\Tim\Tim Billing Worksheets\2021\2-21-21","TONNANDBLANK\AVD Test Users","Allow","FullControl","True"
"Y:\ttbntfile1\shared\appsdata\groups\17-Xeroxscans\Tim\Tim Billing Worksheets\2021\2-21-21","TONNANDBLANK\impactadmin","Allow","FullControl","True"
"Y:\ttbntfile1\shared\appsdata\groups\17-Xeroxscans\Tim\Tim Billing Worksheets\2021\2-21-21","CREATOR OWNER","Allow","FullControl","True"
"Y:\ttbntfile1\shared\appsdata\groups\17-Xeroxscans\Tim\Tim Billing Worksheets\2021\2-21-21","BUILTIN\Administrators","Allow","FullControl","True"
"Y:\ttbntfile1\shared\appsdata\groups\17-Xeroxscans\Tim\Tim Billing Worksheets\2021\2-21-21","NT AUTHORITY\SYSTEM","Allow","FullControl","True"
"Y:\ttbntfile1\shared\appsdata\groups\17-Xeroxscans\Tim\Tim Billing Worksheets\2021\3-22-21","TONNANDBLANK\AVD Test Users","Allow","FullControl","True"
"Y:\ttbntfile1\shared\appsdata\groups\17-Xeroxscans\Tim\Tim Billing Worksheets\2021\3-22-21","TONNANDBLANK\impactadmin","Allow","FullControl","True"
"Y:\ttbntfile1\shared\appsdata\groups\17-Xeroxscans\Tim\Tim Billing Worksheets\2021\3-22-21","CREATOR OWNER","Allow","FullControl","True"
"Y:\ttbntfile1\shared\appsdata\groups\17-Xeroxscans\Tim\Tim Billing Worksheets\2021\3-22-21","BUILTIN\Administrators","Allow","FullControl","True"
"Y:\ttbntfile1\shared\appsdata\groups\17-Xeroxscans\Tim\Tim Billing Worksheets\2021\3-22-21","NT AUTHORITY\SYSTEM","Allow","FullControl","True"
"Y:\ttbntfile1\shared\appsdata\groups\17-Xeroxscans\Tim\Tim Billing Worksheets\2021\4-22-21","TONNANDBLANK\AVD Test Users","Allow","FullControl","True"
"Y:\ttbntfile1\shared\appsdata\groups\17-Xeroxscans\Tim\Tim Billing Worksheets\2021\4-22-21","TONNANDBLANK\impactadmin","Allow","FullControl","True"
"Y:\ttbntfile1\shared\appsdata\groups\17-Xeroxscans\Tim\Tim Billing Worksheets\2021\4-22-21","CREATOR OWNER","Allow","FullControl","True"
"Y:\ttbntfile1\shared\appsdata\groups\17-Xeroxscans\Tim\Tim Billing Worksheets\2021\4-22-21","BUILTIN\Administrators","Allow","FullControl","True"
"Y:\ttbntfile1\shared\appsdata\groups\17-Xeroxscans\Tim\Tim Billing Worksheets\2021\4-22-21","NT AUTHORITY\SYSTEM","Allow","FullControl","True"
"Y:\ttbntfile1\shared\appsdata\groups\17-Xeroxscans\Tim\Tim Billing Worksheets\2021\4-27-21","TONNANDBLANK\AVD Test Users","Allow","FullControl","True"
"Y:\ttbntfile1\shared\appsdata\groups\17-Xeroxscans\Tim\Tim Billing Worksheets\2021\4-27-21","TONNANDBLANK\impactadmin","Allow","FullControl","True"
"Y:\ttbntfile1\shared\appsdata\groups\17-Xeroxscans\Tim\Tim Billing Worksheets\2021\4-27-21","CREATOR OWNER","Allow","FullControl","True"
"Y:\ttbntfile1\shared\appsdata\groups\17-Xeroxscans\Tim\Tim Billing Worksheets\2021\4-27-21","BUILTIN\Administrators","Allow","FullControl","True"
"Y:\ttbntfile1\shared\appsdata\groups\17-Xeroxscans\Tim\Tim Billing Worksheets\2021\4-27-21","NT AUTHORITY\SYSTEM","Allow","FullControl","True"
"Y:\ttbntfile1\shared\appsdata\groups\17-Xeroxscans\Tim\Tim Billing Worksheets\2021\5-20-21","TONNANDBLANK\AVD Test Users","Allow","FullControl","True"
"Y:\ttbntfile1\shared\appsdata\groups\17-Xeroxscans\Tim\Tim Billing Worksheets\2021\5-20-21","TONNANDBLANK\impactadmin","Allow","FullControl","True"
"Y:\ttbntfile1\shared\appsdata\groups\17-Xeroxscans\Tim\Tim Billing Worksheets\2021\5-20-21","CREATOR OWNER","Allow","FullControl","True"
"Y:\ttbntfile1\shared\appsdata\groups\17-Xeroxscans\Tim\Tim Billing Worksheets\2021\5-20-21","BUILTIN\Administrators","Allow","FullControl","True"
"Y:\ttbntfile1\shared\appsdata\groups\17-Xeroxscans\Tim\Tim Billing Worksheets\2021\5-20-21","NT AUTHORITY\SYSTEM","Allow","FullControl","True"
"Y:\ttbntfile1\shared\appsdata\groups\17-Xeroxscans\Tim\Tim Billing Worksheets\2021\6-21-21","TONNANDBLANK\AVD Test Users","Allow","FullControl","True"
"Y:\ttbntfile1\shared\appsdata\groups\17-Xeroxscans\Tim\Tim Billing Worksheets\2021\6-21-21","TONNANDBLANK\impactadmin","Allow","FullControl","True"
"Y:\ttbntfile1\shared\appsdata\groups\17-Xeroxscans\Tim\Tim Billing Worksheets\2021\6-21-21","CREATOR OWNER","Allow","FullControl","True"
"Y:\ttbntfile1\shared\appsdata\groups\17-Xeroxscans\Tim\Tim Billing Worksheets\2021\6-21-21","BUILTIN\Administrators","Allow","FullControl","True"
"Y:\ttbntfile1\shared\appsdata\groups\17-Xeroxscans\Tim\Tim Billing Worksheets\2021\6-21-21","NT AUTHORITY\SYSTEM","Allow","FullControl","True"
"Y:\ttbntfile1\shared\appsdata\groups\17-Xeroxscans\Tim\Tim Billing Worksheets\2021\7-20-21","TONNANDBLANK\AVD Test Users","Allow","FullControl","True"
"Y:\ttbntfile1\shared\appsdata\groups\17-Xeroxscans\Tim\Tim Billing Worksheets\2021\7-20-21","TONNANDBLANK\impactadmin","Allow","FullControl","True"
"Y:\ttbntfile1\shared\appsdata\groups\17-Xeroxscans\Tim\Tim Billing Worksheets\2021\7-20-21","CREATOR OWNER","Allow","FullControl","True"
"Y:\ttbntfile1\shared\appsdata\groups\17-Xeroxscans\Tim\Tim Billing Worksheets\2021\7-20-21","BUILTIN\Administrators","Allow","FullControl","True"
"Y:\ttbntfile1\shared\appsdata\groups\17-Xeroxscans\Tim\Tim Billing Worksheets\2021\7-20-21","NT AUTHORITY\SYSTEM","Allow","FullControl","True"
"Y:\ttbntfile1\shared\appsdata\groups\17-Xeroxscans\Tim\Tim Billing Worksheets\2021\7-26-21 UPDATED","TONNANDBLANK\AVD Test Users","Allow","FullControl","True"
"Y:\ttbntfile1\shared\appsdata\groups\17-Xeroxscans\Tim\Tim Billing Worksheets\2021\7-26-21 UPDATED","TONNANDBLANK\impactadmin","Allow","FullControl","True"
"Y:\ttbntfile1\shared\appsdata\groups\17-Xeroxscans\Tim\Tim Billing Worksheets\2021\7-26-21 UPDATED","CREATOR OWNER","Allow","FullControl","True"
"Y:\ttbntfile1\shared\appsdata\groups\17-Xeroxscans\Tim\Tim Billing Worksheets\2021\7-26-21 UPDATED","BUILTIN\Administrators","Allow","FullControl","True"
"Y:\ttbntfile1\shared\appsdata\groups\17-Xeroxscans\Tim\Tim Billing Worksheets\2021\7-26-21 UPDATED","NT AUTHORITY\SYSTEM","Allow","FullControl","True"
"Y:\ttbntfile1\shared\appsdata\groups\17-Xeroxscans\Tim\Tim Billing Worksheets\2021\8-20-21","TONNANDBLANK\AVD Test Users","Allow","FullControl","True"
"Y:\ttbntfile1\shared\appsdata\groups\17-Xeroxscans\Tim\Tim Billing Worksheets\2021\8-20-21","TONNANDBLANK\impactadmin","Allow","FullControl","True"
"Y:\ttbntfile1\shared\appsdata\groups\17-Xeroxscans\Tim\Tim Billing Worksheets\2021\8-20-21","CREATOR OWNER","Allow","FullControl","True"
"Y:\ttbntfile1\shared\appsdata\groups\17-Xeroxscans\Tim\Tim Billing Worksheets\2021\8-20-21","BUILTIN\Administrators","Allow","FullControl","True"
"Y:\ttbntfile1\shared\appsdata\groups\17-Xeroxscans\Tim\Tim Billing Worksheets\2021\8-20-21","NT AUTHORITY\SYSTEM","Allow","FullControl","True"
"Y:\ttbntfile1\shared\appsdata\groups\17-Xeroxscans\Tim\Tim Billing Worksheets\2021\9-20-21","TONNANDBLANK\AVD Test Users","Allow","FullControl","True"
"Y:\ttbntfile1\shared\appsdata\groups\17-Xeroxscans\Tim\Tim Billing Worksheets\2021\9-20-21","TONNANDBLANK\impactadmin","Allow","FullControl","True"
"Y:\ttbntfile1\shared\appsdata\groups\17-Xeroxscans\Tim\Tim Billing Worksheets\2021\9-20-21","CREATOR OWNER","Allow","FullControl","True"
"Y:\ttbntfile1\shared\appsdata\groups\17-Xeroxscans\Tim\Tim Billing Worksheets\2021\9-20-21","BUILTIN\Administrators","Allow","FullControl","True"
"Y:\ttbntfile1\shared\appsdata\groups\17-Xeroxscans\Tim\Tim Billing Worksheets\2021\9-20-21","NT AUTHORITY\SYSTEM","Allow","FullControl","True"
"Y:\ttbntfile1\shared\appsdata\groups\17-Xeroxscans\Tim\Tim Billing Worksheets\2021\10-20-21\Signed","TONNANDBLANK\AVD Test Users","Allow","FullControl","True"
"Y:\ttbntfile1\shared\appsdata\groups\17-Xeroxscans\Tim\Tim Billing Worksheets\2021\10-20-21\Signed","TONNANDBLANK\impactadmin","Allow","FullControl","True"
"Y:\ttbntfile1\shared\appsdata\groups\17-Xeroxscans\Tim\Tim Billing Worksheets\2021\10-20-21\Signed","CREATOR OWNER","Allow","FullControl","True"
"Y:\ttbntfile1\shared\appsdata\groups\17-Xeroxscans\Tim\Tim Billing Worksheets\2021\10-20-21\Signed","BUILTIN\Administrators","Allow","FullControl","True"
"Y:\ttbntfile1\shared\appsdata\groups\17-Xeroxscans\Tim\Tim Billing Worksheets\2021\10-20-21\Signed","NT AUTHORITY\SYSTEM","Allow","FullControl","True"
"Y:\ttbntfile1\shared\appsdata\groups\17-Xeroxscans\Tim\Tim Billing Worksheets\2021\11-19-21\signed by TL","TONNANDBLANK\AVD Test Users","Allow","FullControl","True"
"Y:\ttbntfile1\shared\appsdata\groups\17-Xeroxscans\Tim\Tim Billing Worksheets\2021\11-19-21\signed by TL","TONNANDBLANK\impactadmin","Allow","FullControl","True"
"Y:\ttbntfile1\shared\appsdata\groups\17-Xeroxscans\Tim\Tim Billing Worksheets\2021\11-19-21\signed by TL","CREATOR OWNER","Allow","FullControl","True"
"Y:\ttbntfile1\shared\appsdata\groups\17-Xeroxscans\Tim\Tim Billing Worksheets\2021\11-19-21\signed by TL","BUILTIN\Administrators","Allow","FullControl","True"
"Y:\ttbntfile1\shared\appsdata\groups\17-Xeroxscans\Tim\Tim Billing Worksheets\2021\11-19-21\signed by TL","NT AUTHORITY\SYSTEM","Allow","FullControl","True"
"Y:\ttbntfile1\shared\appsdata\groups\17-Xeroxscans\Tim\Tim Billing Worksheets\2021\12-20-21\Signed","TONNANDBLANK\AVD Test Users","Allow","FullControl","True"
"Y:\ttbntfile1\shared\appsdata\groups\17-Xeroxscans\Tim\Tim Billing Worksheets\2021\12-20-21\Signed","TONNANDBLANK\impactadmin","Allow","FullControl","True"
"Y:\ttbntfile1\shared\appsdata\groups\17-Xeroxscans\Tim\Tim Billing Worksheets\2021\12-20-21\Signed","CREATOR OWNER","Allow","FullControl","True"
"Y:\ttbntfile1\shared\appsdata\groups\17-Xeroxscans\Tim\Tim Billing Worksheets\2021\12-20-21\Signed","BUILTIN\Administrators","Allow","FullControl","True"
"Y:\ttbntfile1\shared\appsdata\groups\17-Xeroxscans\Tim\Tim Billing Worksheets\2021\12-20-21\Signed","NT AUTHORITY\SYSTEM","Allow","FullControl","True"
"Y:\ttbntfile1\shared\appsdata\groups\17-Xeroxscans\Tim\Tim Billing Worksheets\2021\5-20-21\Signed TL","TONNANDBLANK\AVD Test Users","Allow","FullControl","True"
"Y:\ttbntfile1\shared\appsdata\groups\17-Xeroxscans\Tim\Tim Billing Worksheets\2021\5-20-21\Signed TL","TONNANDBLANK\impactadmin","Allow","FullControl","True"
"Y:\ttbntfile1\shared\appsdata\groups\17-Xeroxscans\Tim\Tim Billing Worksheets\2021\5-20-21\Signed TL","CREATOR OWNER","Allow","FullControl","True"
"Y:\ttbntfile1\shared\appsdata\groups\17-Xeroxscans\Tim\Tim Billing Worksheets\2021\5-20-21\Signed TL","BUILTIN\Administrators","Allow","FullControl","True"
"Y:\ttbntfile1\shared\appsdata\groups\17-Xeroxscans\Tim\Tim Billing Worksheets\2021\5-20-21\Signed TL","NT AUTHORITY\SYSTEM","Allow","FullControl","True"
"Y:\ttbntfile1\shared\appsdata\groups\17-Xeroxscans\Tim\Tim Billing Worksheets\2021\6-21-21\Signed by TL","TONNANDBLANK\AVD Test Users","Allow","FullControl","True"
"Y:\ttbntfile1\shared\appsdata\groups\17-Xeroxscans\Tim\Tim Billing Worksheets\2021\6-21-21\Signed by TL","TONNANDBLANK\impactadmin","Allow","FullControl","True"
"Y:\ttbntfile1\shared\appsdata\groups\17-Xeroxscans\Tim\Tim Billing Worksheets\2021\6-21-21\Signed by TL","CREATOR OWNER","Allow","FullControl","True"
"Y:\ttbntfile1\shared\appsdata\groups\17-Xeroxscans\Tim\Tim Billing Worksheets\2021\6-21-21\Signed by TL","BUILTIN\Administrators","Allow","FullControl","True"
"Y:\ttbntfile1\shared\appsdata\groups\17-Xeroxscans\Tim\Tim Billing Worksheets\2021\6-21-21\Signed by TL","NT AUTHORITY\SYSTEM","Allow","FullControl","True"
"Y:\ttbntfile1\shared\appsdata\groups\17-Xeroxscans\Tim\Tim Billing Worksheets\2022\01-20-22","TONNANDBLANK\AVD Test Users","Allow","FullControl","True"
"Y:\ttbntfile1\shared\appsdata\groups\17-Xeroxscans\Tim\Tim Billing Worksheets\2022\01-20-22","TONNANDBLANK\impactadmin","Allow","FullControl","True"
"Y:\ttbntfile1\shared\appsdata\groups\17-Xeroxscans\Tim\Tim Billing Worksheets\2022\01-20-22","CREATOR OWNER","Allow","FullControl","True"
"Y:\ttbntfile1\shared\appsdata\groups\17-Xeroxscans\Tim\Tim Billing Worksheets\2022\01-20-22","BUILTIN\Administrators","Allow","FullControl","True"
"Y:\ttbntfile1\shared\appsdata\groups\17-Xeroxscans\Tim\Tim Billing Worksheets\2022\01-20-22","NT AUTHORITY\SYSTEM","Allow","FullControl","True"
"Y:\ttbntfile1\shared\appsdata\groups\17-Xeroxscans\Tim\Tim Billing Worksheets\2022\01-25-22 UPDATED","TONNANDBLANK\AVD Test Users","Allow","FullControl","True"
"Y:\ttbntfile1\shared\appsdata\groups\17-Xeroxscans\Tim\Tim Billing Worksheets\2022\01-25-22 UPDATED","TONNANDBLANK\impactadmin","Allow","FullControl","True"
"Y:\ttbntfile1\shared\appsdata\groups\17-Xeroxscans\Tim\Tim Billing Worksheets\2022\01-25-22 UPDATED","CREATOR OWNER","Allow","FullControl","True"
"Y:\ttbntfile1\shared\appsdata\groups\17-Xeroxscans\Tim\Tim Billing Worksheets\2022\01-25-22 UPDATED","BUILTIN\Administrators","Allow","FullControl","True"
"Y:\ttbntfile1\shared\appsdata\groups\17-Xeroxscans\Tim\Tim Billing Worksheets\2022\01-25-22 UPDATED","NT AUTHORITY\SYSTEM","Allow","FullControl","True"
"Y:\ttbntfile1\shared\appsdata\groups\17-Xeroxscans\Tim\Tim Billing Worksheets\2022\02-18-22","TONNANDBLANK\AVD Test Users","Allow","FullControl","True"
"Y:\ttbntfile1\shared\appsdata\groups\17-Xeroxscans\Tim\Tim Billing Worksheets\2022\02-18-22","TONNANDBLANK\impactadmin","Allow","FullControl","True"
"Y:\ttbntfile1\shared\appsdata\groups\17-Xeroxscans\Tim\Tim Billing Worksheets\2022\02-18-22","CREATOR OWNER","Allow","FullControl","True"
"Y:\ttbntfile1\shared\appsdata\groups\17-Xeroxscans\Tim\Tim Billing Worksheets\2022\02-18-22","BUILTIN\Administrators","Allow","FullControl","True"
"Y:\ttbntfile1\shared\appsdata\groups\17-Xeroxscans\Tim\Tim Billing Worksheets\2022\02-18-22","NT AUTHORITY\SYSTEM","Allow","FullControl","True"
"Y:\ttbntfile1\shared\appsdata\groups\17-Xeroxscans\Tim\Tim Billing Worksheets\2022\02-23-22 UPDATED","TONNANDBLANK\AVD Test Users","Allow","FullControl","True"
"Y:\ttbntfile1\shared\appsdata\groups\17-Xeroxscans\Tim\Tim Billing Worksheets\2022\02-23-22 UPDATED","TONNANDBLANK\impactadmin","Allow","FullControl","True"
"Y:\ttbntfile1\shared\appsdata\groups\17-Xeroxscans\Tim\Tim Billing Worksheets\2022\02-23-22 UPDATED","CREATOR OWNER","Allow","FullControl","True"
"Y:\ttbntfile1\shared\appsdata\groups\17-Xeroxscans\Tim\Tim Billing Worksheets\2022\02-23-22 UPDATED","BUILTIN\Administrators","Allow","FullControl","True"
"Y:\ttbntfile1\shared\appsdata\groups\17-Xeroxscans\Tim\Tim Billing Worksheets\2022\02-23-22 UPDATED","NT AUTHORITY\SYSTEM","Allow","FullControl","True"
"Y:\ttbntfile1\shared\appsdata\groups\17-Xeroxscans\Tim\Tim Billing Worksheets\2022\03-21-22 updated","TONNANDBLANK\AVD Test Users","Allow","FullControl","True"
"Y:\ttbntfile1\shared\appsdata\groups\17-Xeroxscans\Tim\Tim Billing Worksheets\2022\03-21-22 updated","TONNANDBLANK\impactadmin","Allow","FullControl","True"
"Y:\ttbntfile1\shared\appsdata\groups\17-Xeroxscans\Tim\Tim Billing Worksheets\2022\03-21-22 updated","CREATOR OWNER","Allow","FullControl","True"
"Y:\ttbntfile1\shared\appsdata\groups\17-Xeroxscans\Tim\Tim Billing Worksheets\2022\03-21-22 updated","BUILTIN\Administrators","Allow","FullControl","True"
"Y:\ttbntfile1\shared\appsdata\groups\17-Xeroxscans\Tim\Tim Billing Worksheets\2022\03-21-22 updated","NT AUTHORITY\SYSTEM","Allow","FullControl","True"
"Y:\ttbntfile1\shared\appsdata\groups\17-Xeroxscans\Tim\Tim Billing Worksheets\2022\04-21-22","TONNANDBLANK\AVD Test Users","Allow","FullControl","True"
"Y:\ttbntfile1\shared\appsdata\groups\17-Xeroxscans\Tim\Tim Billing Worksheets\2022\04-21-22","TONNANDBLANK\impactadmin","Allow","FullControl","True"
"Y:\ttbntfile1\shared\appsdata\groups\17-Xeroxscans\Tim\Tim Billing Worksheets\2022\04-21-22","CREATOR OWNER","Allow","FullControl","True"
"Y:\ttbntfile1\shared\appsdata\groups\17-Xeroxscans\Tim\Tim Billing Worksheets\2022\04-21-22","BUILTIN\Administrators","Allow","FullControl","True"
"Y:\ttbntfile1\shared\appsdata\groups\17-Xeroxscans\Tim\Tim Billing Worksheets\2022\04-21-22","NT AUTHORITY\SYSTEM","Allow","FullControl","True"
"Y:\ttbntfile1\shared\appsdata\groups\17-Xeroxscans\Tim\Tim Billing Worksheets\2022\04-27-22 updated","TONNANDBLANK\AVD Test Users","Allow","FullControl","True"
"Y:\ttbntfile1\shared\appsdata\groups\17-Xeroxscans\Tim\Tim Billing Worksheets\2022\04-27-22 updated","TONNANDBLANK\impactadmin","Allow","FullControl","True"
"Y:\ttbntfile1\shared\appsdata\groups\17-Xeroxscans\Tim\Tim Billing Worksheets\2022\04-27-22 updated","CREATOR OWNER","Allow","FullControl","True"
"Y:\ttbntfile1\shared\appsdata\groups\17-Xeroxscans\Tim\Tim Billing Worksheets\2022\04-27-22 updated","BUILTIN\Administrators","Allow","FullControl","True"
"Y:\ttbntfile1\shared\appsdata\groups\17-Xeroxscans\Tim\Tim Billing Worksheets\2022\04-27-22 updated","NT AUTHORITY\SYSTEM","Allow","FullControl","True"
"Y:\ttbntfile1\shared\appsdata\groups\17-Xeroxscans\Tim\Tim Billing Worksheets\2022\05-20-22","TONNANDBLANK\AVD Test Users","Allow","FullControl","True"
"Y:\ttbntfile1\shared\appsdata\groups\17-Xeroxscans\Tim\Tim Billing Worksheets\2022\05-20-22","TONNANDBLANK\impactadmin","Allow","FullControl","True"
"Y:\ttbntfile1\shared\appsdata\groups\17-Xeroxscans\Tim\Tim Billing Worksheets\2022\05-20-22","CREATOR OWNER","Allow","FullControl","True"
"Y:\ttbntfile1\shared\appsdata\groups\17-Xeroxscans\Tim\Tim Billing Worksheets\2022\05-20-22","BUILTIN\Administrators","Allow","FullControl","True"
"Y:\ttbntfile1\shared\appsdata\groups\17-Xeroxscans\Tim\Tim Billing Worksheets\2022\05-20-22","NT AUTHORITY\SYSTEM","Allow","FullControl","True"
"Y:\ttbntfile1\shared\appsdata\groups\17-Xeroxscans\Tim\Tim Billing Worksheets\2022\06-21-22","TONNANDBLANK\AVD Test Users","Allow","FullControl","True"
"Y:\ttbntfile1\shared\appsdata\groups\17-Xeroxscans\Tim\Tim Billing Worksheets\2022\06-21-22","TONNANDBLANK\impactadmin","Allow","FullControl","True"
"Y:\ttbntfile1\shared\appsdata\groups\17-Xeroxscans\Tim\Tim Billing Worksheets\2022\06-21-22","CREATOR OWNER","Allow","FullControl","True"
"Y:\ttbntfile1\shared\appsdata\groups\17-Xeroxscans\Tim\Tim Billing Worksheets\2022\06-21-22","BUILTIN\Administrators","Allow","FullControl","True"
"Y:\ttbntfile1\shared\appsdata\groups\17-Xeroxscans\Tim\Tim Billing Worksheets\2022\06-21-22","NT AUTHORITY\SYSTEM","Allow","FullControl","True"
"Y:\ttbntfile1\shared\appsdata\groups\17-Xeroxscans\Tim\Tim Billing Worksheets\2022\06-23-22","TONNANDBLANK\AVD Test Users","Allow","FullControl","True"
"Y:\ttbntfile1\shared\appsdata\groups\17-Xeroxscans\Tim\Tim Billing Worksheets\2022\06-23-22","TONNANDBLANK\impactadmin","Allow","FullControl","True"
"Y:\ttbntfile1\shared\appsdata\groups\17-Xeroxscans\Tim\Tim Billing Worksheets\2022\06-23-22","CREATOR OWNER","Allow","FullControl","True"
"Y:\ttbntfile1\shared\appsdata\groups\17-Xeroxscans\Tim\Tim Billing Worksheets\2022\06-23-22","BUILTIN\Administrators","Allow","FullControl","True"
"Y:\ttbntfile1\shared\appsdata\groups\17-Xeroxscans\Tim\Tim Billing Worksheets\2022\06-23-22","NT AUTHORITY\SYSTEM","Allow","FullControl","True"
"Y:\ttbntfile1\shared\appsdata\groups\17-Xeroxscans\Tim\Tim Billing Worksheets\2022\07-20-22","TONNANDBLANK\AVD Test Users","Allow","FullControl","True"
"Y:\ttbntfile1\shared\appsdata\groups\17-Xeroxscans\Tim\Tim Billing Worksheets\2022\07-20-22","TONNANDBLANK\impactadmin","Allow","FullControl","True"
"Y:\ttbntfile1\shared\appsdata\groups\17-Xeroxscans\Tim\Tim Billing Worksheets\2022\07-20-22","CREATOR OWNER","Allow","FullControl","True"
"Y:\ttbntfile1\shared\appsdata\groups\17-Xeroxscans\Tim\Tim Billing Worksheets\2022\07-20-22","BUILTIN\Administrators","Allow","FullControl","True"
"Y:\ttbntfile1\shared\appsdata\groups\17-Xeroxscans\Tim\Tim Billing Worksheets\2022\07-20-22","NT AUTHORITY\SYSTEM","Allow","FullControl","True"
"Y:\ttbntfile1\shared\appsdata\groups\17-Xeroxscans\Tim\Tim Billing Worksheets\2022\08-19-22","TONNANDBLANK\AVD Test Users","Allow","FullControl","True"
"Y:\ttbntfile1\shared\appsdata\groups\17-Xeroxscans\Tim\Tim Billing Worksheets\2022\08-19-22","TONNANDBLANK\impactadmin","Allow","FullControl","True"
"Y:\ttbntfile1\shared\appsdata\groups\17-Xeroxscans\Tim\Tim Billing Worksheets\2022\08-19-22","CREATOR OWNER","Allow","FullControl","True"
"Y:\ttbntfile1\shared\appsdata\groups\17-Xeroxscans\Tim\Tim Billing Worksheets\2022\08-19-22","BUILTIN\Administrators","Allow","FullControl","True"
"Y:\ttbntfile1\shared\appsdata\groups\17-Xeroxscans\Tim\Tim Billing Worksheets\2022\08-19-22","NT AUTHORITY\SYSTEM","Allow","FullControl","True"
"Y:\ttbntfile1\shared\appsdata\groups\17-Xeroxscans\Tim\Tim Billing Worksheets\2022\09-20-22","TONNANDBLANK\AVD Test Users","Allow","FullControl","True"
"Y:\ttbntfile1\shared\appsdata\groups\17-Xeroxscans\Tim\Tim Billing Worksheets\2022\09-20-22","TONNANDBLANK\impactadmin","Allow","FullControl","True"
"Y:\ttbntfile1\shared\appsdata\groups\17-Xeroxscans\Tim\Tim Billing Worksheets\2022\09-20-22","CREATOR OWNER","Allow","FullControl","True"
"Y:\ttbntfile1\shared\appsdata\groups\17-Xeroxscans\Tim\Tim Billing Worksheets\2022\09-20-22","BUILTIN\Administrators","Allow","FullControl","True"
"Y:\ttbntfile1\shared\appsdata\groups\17-Xeroxscans\Tim\Tim Billing Worksheets\2022\09-20-22","NT AUTHORITY\SYSTEM","Allow","FullControl","True"
"Y:\ttbntfile1\shared\appsdata\groups\17-Xeroxscans\Tim\Tim Billing Worksheets\2022\10-19-22","TONNANDBLANK\AVD Test Users","Allow","FullControl","True"
"Y:\ttbntfile1\shared\appsdata\groups\17-Xeroxscans\Tim\Tim Billing Worksheets\2022\10-19-22","TONNANDBLANK\impactadmin","Allow","FullControl","True"
"Y:\ttbntfile1\shared\appsdata\groups\17-Xeroxscans\Tim\Tim Billing Worksheets\2022\10-19-22","CREATOR OWNER","Allow","FullControl","True"
"Y:\ttbntfile1\shared\appsdata\groups\17-Xeroxscans\Tim\Tim Billing Worksheets\2022\10-19-22","BUILTIN\Administrators","Allow","FullControl","True"
"Y:\ttbntfile1\shared\appsdata\groups\17-Xeroxscans\Tim\Tim Billing Worksheets\2022\10-19-22","NT AUTHORITY\SYSTEM","Allow","FullControl","True"
"Y:\ttbntfile1\shared\appsdata\groups\17-Xeroxscans\Tim\Tim Billing Worksheets\2022\11-18-22","TONNANDBLANK\AVD Test Users","Allow","FullControl","True"
"Y:\ttbntfile1\shared\appsdata\groups\17-Xeroxscans\Tim\Tim Billing Worksheets\2022\11-18-22","TONNANDBLANK\impactadmin","Allow","FullControl","True"
"Y:\ttbntfile1\shared\appsdata\groups\17-Xeroxscans\Tim\Tim Billing Worksheets\2022\11-18-22","CREATOR OWNER","Allow","FullControl","True"
"Y:\ttbntfile1\shared\appsdata\groups\17-Xeroxscans\Tim\Tim Billing Worksheets\2022\11-18-22","BUILTIN\Administrators","Allow","FullControl","True"
"Y:\ttbntfile1\shared\appsdata\groups\17-Xeroxscans\Tim\Tim Billing Worksheets\2022\11-18-22","NT AUTHORITY\SYSTEM","Allow","FullControl","True"
"Y:\ttbntfile1\shared\appsdata\groups\17-Xeroxscans\Tim\Tim Billing Worksheets\2022\12-20-22","TONNANDBLANK\AVD Test Users","Allow","FullControl","True"
"Y:\ttbntfile1\shared\appsdata\groups\17-Xeroxscans\Tim\Tim Billing Worksheets\2022\12-20-22","TONNANDBLANK\impactadmin","Allow","FullControl","True"
"Y:\ttbntfile1\shared\appsdata\groups\17-Xeroxscans\Tim\Tim Billing Worksheets\2022\12-20-22","CREATOR OWNER","Allow","FullControl","True"
"Y:\ttbntfile1\shared\appsdata\groups\17-Xeroxscans\Tim\Tim Billing Worksheets\2022\12-20-22","BUILTIN\Administrators","Allow","FullControl","True"
"Y:\ttbntfile1\shared\appsdata\groups\17-Xeroxscans\Tim\Tim Billing Worksheets\2022\12-20-22","NT AUTHORITY\SYSTEM","Allow","FullControl","True"
"Y:\ttbntfile1\shared\appsdata\groups\17-Xeroxscans\Tim\Tim Billing Worksheets\2022\12-21-22","TONNANDBLANK\AVD Test Users","Allow","FullControl","True"
"Y:\ttbntfile1\shared\appsdata\groups\17-Xeroxscans\Tim\Tim Billing Worksheets\2022\12-21-22","TONNANDBLANK\impactadmin","Allow","FullControl","True"
"Y:\ttbntfile1\shared\appsdata\groups\17-Xeroxscans\Tim\Tim Billing Worksheets\2022\12-21-22","CREATOR OWNER","Allow","FullControl","True"
"Y:\ttbntfile1\shared\appsdata\groups\17-Xeroxscans\Tim\Tim Billing Worksheets\2022\12-21-22","BUILTIN\Administrators","Allow","FullControl","True"
"Y:\ttbntfile1\shared\appsdata\groups\17-Xeroxscans\Tim\Tim Billing Worksheets\2022\12-21-22","NT AUTHORITY\SYSTEM","Allow","FullControl","True"
"Y:\ttbntfile1\shared\appsdata\groups\17-Xeroxscans\Tim\Tim Billing Worksheets\2022\01-25-22 UPDATED\signed","TONNANDBLANK\AVD Test Users","Allow","FullControl","True"
"Y:\ttbntfile1\shared\appsdata\groups\17-Xeroxscans\Tim\Tim Billing Worksheets\2022\01-25-22 UPDATED\signed","TONNANDBLANK\impactadmin","Allow","FullControl","True"
"Y:\ttbntfile1\shared\appsdata\groups\17-Xeroxscans\Tim\Tim Billing Worksheets\2022\01-25-22 UPDATED\signed","CREATOR OWNER","Allow","FullControl","True"
"Y:\ttbntfile1\shared\appsdata\groups\17-Xeroxscans\Tim\Tim Billing Worksheets\2022\01-25-22 UPDATED\signed","BUILTIN\Administrators","Allow","FullControl","True"
"Y:\ttbntfile1\shared\appsdata\groups\17-Xeroxscans\Tim\Tim Billing Worksheets\2022\01-25-22 UPDATED\signed","NT AUTHORITY\SYSTEM","Allow","FullControl","True"
"Y:\ttbntfile1\shared\appsdata\groups\17-Xeroxscans\Tim\Tim Billing Worksheets\2023\01-20-23","TONNANDBLANK\AVD Test Users","Allow","FullControl","True"
"Y:\ttbntfile1\shared\appsdata\groups\17-Xeroxscans\Tim\Tim Billing Worksheets\2023\01-20-23","TONNANDBLANK\impactadmin","Allow","FullControl","True"
"Y:\ttbntfile1\shared\appsdata\groups\17-Xeroxscans\Tim\Tim Billing Worksheets\2023\01-20-23","CREATOR OWNER","Allow","FullControl","True"
"Y:\ttbntfile1\shared\appsdata\groups\17-Xeroxscans\Tim\Tim Billing Worksheets\2023\01-20-23","BUILTIN\Administrators","Allow","FullControl","True"
"Y:\ttbntfile1\shared\appsdata\groups\17-Xeroxscans\Tim\Tim Billing Worksheets\2023\01-20-23","NT AUTHORITY\SYSTEM","Allow","FullControl","True"
"Y:\ttbntfile1\shared\appsdata\groups\17-Xeroxscans\Tim\Tim Billing Worksheets\2023\02-21-23","TONNANDBLANK\AVD Test Users","Allow","FullControl","True"
"Y:\ttbntfile1\shared\appsdata\groups\17-Xeroxscans\Tim\Tim Billing Worksheets\2023\02-21-23","TONNANDBLANK\impactadmin","Allow","FullControl","True"
"Y:\ttbntfile1\shared\appsdata\groups\17-Xeroxscans\Tim\Tim Billing Worksheets\2023\02-21-23","CREATOR OWNER","Allow","FullControl","True"
"Y:\ttbntfile1\shared\appsdata\groups\17-Xeroxscans\Tim\Tim Billing Worksheets\2023\02-21-23","BUILTIN\Administrators","Allow","FullControl","True"
"Y:\ttbntfile1\shared\appsdata\groups\17-Xeroxscans\Tim\Tim Billing Worksheets\2023\02-21-23","NT AUTHORITY\SYSTEM","Allow","FullControl","True"
"Y:\ttbntfile1\shared\appsdata\groups\17-Xeroxscans\Tim\Tim Billing Worksheets\2023\03-21-23","TONNANDBLANK\AVD Test Users","Allow","FullControl","True"
"Y:\ttbntfile1\shared\appsdata\groups\17-Xeroxscans\Tim\Tim Billing Worksheets\2023\03-21-23","TONNANDBLANK\impactadmin","Allow","FullControl","True"
"Y:\ttbntfile1\shared\appsdata\groups\17-Xeroxscans\Tim\Tim Billing Worksheets\2023\03-21-23","CREATOR OWNER","Allow","FullControl","True"
"Y:\ttbntfile1\shared\appsdata\groups\17-Xeroxscans\Tim\Tim Billing Worksheets\2023\03-21-23","BUILTIN\Administrators","Allow","FullControl","True"
"Y:\ttbntfile1\shared\appsdata\groups\17-Xeroxscans\Tim\Tim Billing Worksheets\2023\03-21-23","NT AUTHORITY\SYSTEM","Allow","FullControl","True"
"Y:\ttbntfile1\shared\appsdata\groups\17-Xeroxscans\Tim\Tim Billing Worksheets\2023\04-20-23","TONNANDBLANK\AVD Test Users","Allow","FullControl","True"
"Y:\ttbntfile1\shared\appsdata\groups\17-Xeroxscans\Tim\Tim Billing Worksheets\2023\04-20-23","TONNANDBLANK\impactadmin","Allow","FullControl","True"
"Y:\ttbntfile1\shared\appsdata\groups\17-Xeroxscans\Tim\Tim Billing Worksheets\2023\04-20-23","CREATOR OWNER","Allow","FullControl","True"
"Y:\ttbntfile1\shared\appsdata\groups\17-Xeroxscans\Tim\Tim Billing Worksheets\2023\04-20-23","BUILTIN\Administrators","Allow","FullControl","True"
"Y:\ttbntfile1\shared\appsdata\groups\17-Xeroxscans\Tim\Tim Billing Worksheets\2023\04-20-23","NT AUTHORITY\SYSTEM","Allow","FullControl","True"
"Y:\ttbntfile1\shared\appsdata\groups\17-Xeroxscans\Tim\Tim Billing Worksheets\2023\05-23-23","TONNANDBLANK\AVD Test Users","Allow","FullControl","True"
"Y:\ttbntfile1\shared\appsdata\groups\17-Xeroxscans\Tim\Tim Billing Worksheets\2023\05-23-23","TONNANDBLANK\impactadmin","Allow","FullControl","True"
"Y:\ttbntfile1\shared\appsdata\groups\17-Xeroxscans\Tim\Tim Billing Worksheets\2023\05-23-23","CREATOR OWNER","Allow","FullControl","True"
"Y:\ttbntfile1\shared\appsdata\groups\17-Xeroxscans\Tim\Tim Billing Worksheets\2023\05-23-23","BUILTIN\Administrators","Allow","FullControl","True"
"Y:\ttbntfile1\shared\appsdata\groups\17-Xeroxscans\Tim\Tim Billing Worksheets\2023\05-23-23","NT AUTHORITY\SYSTEM","Allow","FullControl","True"
"Y:\ttbntfile1\shared\appsdata\groups\17-Xeroxscans\Tim\Tim Billing Worksheets\2023\06-20-23","TONNANDBLANK\AVD Test Users","Allow","FullControl","True"
"Y:\ttbntfile1\shared\appsdata\groups\17-Xeroxscans\Tim\Tim Billing Worksheets\2023\06-20-23","TONNANDBLANK\impactadmin","Allow","FullControl","True"
"Y:\ttbntfile1\shared\appsdata\groups\17-Xeroxscans\Tim\Tim Billing Worksheets\2023\06-20-23","CREATOR OWNER","Allow","FullControl","True"
"Y:\ttbntfile1\shared\appsdata\groups\17-Xeroxscans\Tim\Tim Billing Worksheets\2023\06-20-23","BUILTIN\Administrators","Allow","FullControl","True"
"Y:\ttbntfile1\shared\appsdata\groups\17-Xeroxscans\Tim\Tim Billing Worksheets\2023\06-20-23","NT AUTHORITY\SYSTEM","Allow","FullControl","True"
"Y:\ttbntfile1\shared\appsdata\groups\17-Xeroxscans\Tim\Tim Billing Worksheets\2023\07-19-23","TONNANDBLANK\AVD Test Users","Allow","FullControl","True"
"Y:\ttbntfile1\shared\appsdata\groups\17-Xeroxscans\Tim\Tim Billing Worksheets\2023\07-19-23","TONNANDBLANK\impactadmin","Allow","FullControl","True"
"Y:\ttbntfile1\shared\appsdata\groups\17-Xeroxscans\Tim\Tim Billing Worksheets\2023\07-19-23","CREATOR OWNER","Allow","FullControl","True"
"Y:\ttbntfile1\shared\appsdata\groups\17-Xeroxscans\Tim\Tim Billing Worksheets\2023\07-19-23","BUILTIN\Administrators","Allow","FullControl","True"
"Y:\ttbntfile1\shared\appsdata\groups\17-Xeroxscans\Tim\Tim Billing Worksheets\2023\07-19-23","NT AUTHORITY\SYSTEM","Allow","FullControl","True"
"Y:\ttbntfile1\shared\appsdata\groups\17-Xeroxscans\Tim\Tim Billing Worksheets\2023\08-22-23","TONNANDBLANK\AVD Test Users","Allow","FullControl","True"
"Y:\ttbntfile1\shared\appsdata\groups\17-Xeroxscans\Tim\Tim Billing Worksheets\2023\08-22-23","TONNANDBLANK\impactadmin","Allow","FullControl","True"
"Y:\ttbntfile1\shared\appsdata\groups\17-Xeroxscans\Tim\Tim Billing Worksheets\2023\08-22-23","CREATOR OWNER","Allow","FullControl","True"
"Y:\ttbntfile1\shared\appsdata\groups\17-Xeroxscans\Tim\Tim Billing Worksheets\2023\08-22-23","BUILTIN\Administrators","Allow","FullControl","True"
"Y:\ttbntfile1\shared\appsdata\groups\17-Xeroxscans\Tim\Tim Billing Worksheets\2023\08-22-23","NT AUTHORITY\SYSTEM","Allow","FullControl","True"
"Y:\ttbntfile1\shared\appsdata\groups\17-Xeroxscans\Tim\Tim Billing Worksheets\2023\09-21-23","TONNANDBLANK\AVD Test Users","Allow","FullControl","True"
"Y:\ttbntfile1\shared\appsdata\groups\17-Xeroxscans\Tim\Tim Billing Worksheets\2023\09-21-23","TONNANDBLANK\impactadmin","Allow","FullControl","True"
"Y:\ttbntfile1\shared\appsdata\groups\17-Xeroxscans\Tim\Tim Billing Worksheets\2023\09-21-23","CREATOR OWNER","Allow","FullControl","True"
"Y:\ttbntfile1\shared\appsdata\groups\17-Xeroxscans\Tim\Tim Billing Worksheets\2023\09-21-23","BUILTIN\Administrators","Allow","FullControl","True"
"Y:\ttbntfile1\shared\appsdata\groups\17-Xeroxscans\Tim\Tim Billing Worksheets\2023\09-21-23","NT AUTHORITY\SYSTEM","Allow","FullControl","True"
