"Path","Identity","AccessType","Rights","Inheritance"
"Y:\ttbntfile1\shared\appsdata\groups\25-Sub-ContractorAcknowledments\2021","TONNANDBLANK\AVD Test Users","Allow","FullControl","True"
"Y:\ttbntfile1\shared\appsdata\groups\25-Sub-ContractorAcknowledments\2021","TONNANDBLANK\impactadmin","Allow","FullControl","True"
"Y:\ttbntfile1\shared\appsdata\groups\25-Sub-ContractorAcknowledments\2021","CREATOR OWNER","Allow","FullControl","True"
"Y:\ttbntfile1\shared\appsdata\groups\25-Sub-ContractorAcknowledments\2021","BUILTIN\Administrators","Allow","FullControl","True"
"Y:\ttbntfile1\shared\appsdata\groups\25-Sub-ContractorAcknowledments\2021","NT AUTHORITY\SYSTEM","Allow","FullControl","True"
"Y:\ttbntfile1\shared\appsdata\groups\25-Sub-ContractorAcknowledments\2022","TONNANDBLANK\AVD Test Users","Allow","FullControl","True"
"Y:\ttbntfile1\shared\appsdata\groups\25-Sub-ContractorAcknowledments\2022","TONNANDBLANK\impactadmin","Allow","FullControl","True"
"Y:\ttbntfile1\shared\appsdata\groups\25-Sub-ContractorAcknowledments\2022","CREATOR OWNER","Allow","FullControl","True"
"Y:\ttbntfile1\shared\appsdata\groups\25-Sub-ContractorAcknowledments\2022","BUILTIN\Administrators","Allow","FullControl","True"
"Y:\ttbntfile1\shared\appsdata\groups\25-Sub-ContractorAcknowledments\2022","NT AUTHORITY\SYSTEM","Allow","FullControl","True"
"Y:\ttbntfile1\shared\appsdata\groups\25-Sub-ContractorAcknowledments\2021\0-COPY ONLY - Sub-Contractor","TONNANDBLANK\AVD Test Users","Allow","FullControl","True"
"Y:\ttbntfile1\shared\appsdata\groups\25-Sub-ContractorAcknowledments\2021\0-COPY ONLY - Sub-Contractor","TONNANDBLANK\impactadmin","Allow","FullControl","True"
"Y:\ttbntfile1\shared\appsdata\groups\25-Sub-ContractorAcknowledments\2021\0-COPY ONLY - Sub-Contractor","CREATOR OWNER","Allow","FullControl","True"
"Y:\ttbntfile1\shared\appsdata\groups\25-Sub-ContractorAcknowledments\2021\0-COPY ONLY - Sub-Contractor","BUILTIN\Administrators","Allow","FullControl","True"
"Y:\ttbntfile1\shared\appsdata\groups\25-Sub-ContractorAcknowledments\2021\0-COPY ONLY - Sub-Contractor","NT AUTHORITY\SYSTEM","Allow","FullControl","True"
"Y:\ttbntfile1\shared\appsdata\groups\25-Sub-ContractorAcknowledments\2021\0-Misc COVID Emails","TONNANDBLANK\AVD Test Users","Allow","FullControl","True"
"Y:\ttbntfile1\shared\appsdata\groups\25-Sub-ContractorAcknowledments\2021\0-Misc COVID Emails","TONNANDBLANK\impactadmin","Allow","FullControl","True"
"Y:\ttbntfile1\shared\appsdata\groups\25-Sub-ContractorAcknowledments\2021\0-Misc COVID Emails","CREATOR OWNER","Allow","FullControl","True"
"Y:\ttbntfile1\shared\appsdata\groups\25-Sub-ContractorAcknowledments\2021\0-Misc COVID Emails","BUILTIN\Administrators","Allow","FullControl","True"
"Y:\ttbntfile1\shared\appsdata\groups\25-Sub-ContractorAcknowledments\2021\0-Misc COVID Emails","NT AUTHORITY\SYSTEM","Allow","FullControl","True"
"Y:\ttbntfile1\shared\appsdata\groups\25-Sub-ContractorAcknowledments\2021\0-Misc Flu Emails","TONNANDBLANK\AVD Test Users","Allow","FullControl","True"
"Y:\ttbntfile1\shared\appsdata\groups\25-Sub-ContractorAcknowledments\2021\0-Misc Flu Emails","TONNANDBLANK\impactadmin","Allow","FullControl","True"
"Y:\ttbntfile1\shared\appsdata\groups\25-Sub-ContractorAcknowledments\2021\0-Misc Flu Emails","CREATOR OWNER","Allow","FullControl","True"
"Y:\ttbntfile1\shared\appsdata\groups\25-Sub-ContractorAcknowledments\2021\0-Misc Flu Emails","BUILTIN\Administrators","Allow","FullControl","True"
"Y:\ttbntfile1\shared\appsdata\groups\25-Sub-ContractorAcknowledments\2021\0-Misc Flu Emails","NT AUTHORITY\SYSTEM","Allow","FullControl","True"
"Y:\ttbntfile1\shared\appsdata\groups\25-Sub-ContractorAcknowledments\2021\A to Z","TONNANDBLANK\AVD Test Users","Allow","FullControl","True"
"Y:\ttbntfile1\shared\appsdata\groups\25-Sub-ContractorAcknowledments\2021\A to Z","TONNANDBLANK\impactadmin","Allow","FullControl","True"
"Y:\ttbntfile1\shared\appsdata\groups\25-Sub-ContractorAcknowledments\2021\A to Z","CREATOR OWNER","Allow","FullControl","True"
"Y:\ttbntfile1\shared\appsdata\groups\25-Sub-ContractorAcknowledments\2021\A to Z","BUILTIN\Administrators","Allow","FullControl","True"
"Y:\ttbntfile1\shared\appsdata\groups\25-Sub-ContractorAcknowledments\2021\A to Z","NT AUTHORITY\SYSTEM","Allow","FullControl","True"
"Y:\ttbntfile1\shared\appsdata\groups\25-Sub-ContractorAcknowledments\2021\AA Huber & Sons, Inc","TONNANDBLANK\AVD Test Users","Allow","FullControl","True"
"Y:\ttbntfile1\shared\appsdata\groups\25-Sub-ContractorAcknowledments\2021\AA Huber & Sons, Inc","TONNANDBLANK\impactadmin","Allow","FullControl","True"
"Y:\ttbntfile1\shared\appsdata\groups\25-Sub-ContractorAcknowledments\2021\AA Huber & Sons, Inc","CREATOR OWNER","Allow","FullControl","True"
"Y:\ttbntfile1\shared\appsdata\groups\25-Sub-ContractorAcknowledments\2021\AA Huber & Sons, Inc","BUILTIN\Administrators","Allow","FullControl","True"
"Y:\ttbntfile1\shared\appsdata\groups\25-Sub-ContractorAcknowledments\2021\AA Huber & Sons, Inc","NT AUTHORITY\SYSTEM","Allow","FullControl","True"
"Y:\ttbntfile1\shared\appsdata\groups\25-Sub-ContractorAcknowledments\2021\ADA","TONNANDBLANK\AVD Test Users","Allow","FullControl","True"
"Y:\ttbntfile1\shared\appsdata\groups\25-Sub-ContractorAcknowledments\2021\ADA","TONNANDBLANK\impactadmin","Allow","FullControl","True"
"Y:\ttbntfile1\shared\appsdata\groups\25-Sub-ContractorAcknowledments\2021\ADA","CREATOR OWNER","Allow","FullControl","True"
"Y:\ttbntfile1\shared\appsdata\groups\25-Sub-ContractorAcknowledments\2021\ADA","BUILTIN\Administrators","Allow","FullControl","True"
"Y:\ttbntfile1\shared\appsdata\groups\25-Sub-ContractorAcknowledments\2021\ADA","NT AUTHORITY\SYSTEM","Allow","FullControl","True"
"Y:\ttbntfile1\shared\appsdata\groups\25-Sub-ContractorAcknowledments\2021\American Flooring Company (AFC)","TONNANDBLANK\AVD Test Users","Allow","FullControl","True"
"Y:\ttbntfile1\shared\appsdata\groups\25-Sub-ContractorAcknowledments\2021\American Flooring Company (AFC)","TONNANDBLANK\impactadmin","Allow","FullControl","True"
"Y:\ttbntfile1\shared\appsdata\groups\25-Sub-ContractorAcknowledments\2021\American Flooring Company (AFC)","CREATOR OWNER","Allow","FullControl","True"
"Y:\ttbntfile1\shared\appsdata\groups\25-Sub-ContractorAcknowledments\2021\American Flooring Company (AFC)","BUILTIN\Administrators","Allow","FullControl","True"
"Y:\ttbntfile1\shared\appsdata\groups\25-Sub-ContractorAcknowledments\2021\American Flooring Company (AFC)","NT AUTHORITY\SYSTEM","Allow","FullControl","True"
"Y:\ttbntfile1\shared\appsdata\groups\25-Sub-ContractorAcknowledments\2021\Architectural Glass & Metal","TONNANDBLANK\AVD Test Users","Allow","FullControl","True"
"Y:\ttbntfile1\shared\appsdata\groups\25-Sub-ContractorAcknowledments\2021\Architectural Glass & Metal","TONNANDBLANK\impactadmin","Allow","FullControl","True"
"Y:\ttbntfile1\shared\appsdata\groups\25-Sub-ContractorAcknowledments\2021\Architectural Glass & Metal","CREATOR OWNER","Allow","FullControl","True"
"Y:\ttbntfile1\shared\appsdata\groups\25-Sub-ContractorAcknowledments\2021\Architectural Glass & Metal","BUILTIN\Administrators","Allow","FullControl","True"
"Y:\ttbntfile1\shared\appsdata\groups\25-Sub-ContractorAcknowledments\2021\Architectural Glass & Metal","NT AUTHORITY\SYSTEM","Allow","FullControl","True"
"Y:\ttbntfile1\shared\appsdata\groups\25-Sub-ContractorAcknowledments\2021\B&E Painting","TONNANDBLANK\AVD Test Users","Allow","FullControl","True"
"Y:\ttbntfile1\shared\appsdata\groups\25-Sub-ContractorAcknowledments\2021\B&E Painting","TONNANDBLANK\impactadmin","Allow","FullControl","True"
"Y:\ttbntfile1\shared\appsdata\groups\25-Sub-ContractorAcknowledments\2021\B&E Painting","CREATOR OWNER","Allow","FullControl","True"
"Y:\ttbntfile1\shared\appsdata\groups\25-Sub-ContractorAcknowledments\2021\B&E Painting","BUILTIN\Administrators","Allow","FullControl","True"
"Y:\ttbntfile1\shared\appsdata\groups\25-Sub-ContractorAcknowledments\2021\B&E Painting","NT AUTHORITY\SYSTEM","Allow","FullControl","True"
"Y:\ttbntfile1\shared\appsdata\groups\25-Sub-ContractorAcknowledments\2021\Birk Plumbing","TONNANDBLANK\AVD Test Users","Allow","FullControl","True"
"Y:\ttbntfile1\shared\appsdata\groups\25-Sub-ContractorAcknowledments\2021\Birk Plumbing","TONNANDBLANK\impactadmin","Allow","FullControl","True"
"Y:\ttbntfile1\shared\appsdata\groups\25-Sub-ContractorAcknowledments\2021\Birk Plumbing","CREATOR OWNER","Allow","FullControl","True"
"Y:\ttbntfile1\shared\appsdata\groups\25-Sub-ContractorAcknowledments\2021\Birk Plumbing","BUILTIN\Administrators","Allow","FullControl","True"
"Y:\ttbntfile1\shared\appsdata\groups\25-Sub-ContractorAcknowledments\2021\Birk Plumbing","NT AUTHORITY\SYSTEM","Allow","FullControl","True"
"Y:\ttbntfile1\shared\appsdata\groups\25-Sub-ContractorAcknowledments\2021\Botti Studio","TONNANDBLANK\AVD Test Users","Allow","FullControl","True"
"Y:\ttbntfile1\shared\appsdata\groups\25-Sub-ContractorAcknowledments\2021\Botti Studio","TONNANDBLANK\impactadmin","Allow","FullControl","True"
"Y:\ttbntfile1\shared\appsdata\groups\25-Sub-ContractorAcknowledments\2021\Botti Studio","CREATOR OWNER","Allow","FullControl","True"
"Y:\ttbntfile1\shared\appsdata\groups\25-Sub-ContractorAcknowledments\2021\Botti Studio","BUILTIN\Administrators","Allow","FullControl","True"
"Y:\ttbntfile1\shared\appsdata\groups\25-Sub-ContractorAcknowledments\2021\Botti Studio","NT AUTHORITY\SYSTEM","Allow","FullControl","True"
"Y:\ttbntfile1\shared\appsdata\groups\25-Sub-ContractorAcknowledments\2021\Brenneco","TONNANDBLANK\AVD Test Users","Allow","FullControl","True"
"Y:\ttbntfile1\shared\appsdata\groups\25-Sub-ContractorAcknowledments\2021\Brenneco","TONNANDBLANK\impactadmin","Allow","FullControl","True"
"Y:\ttbntfile1\shared\appsdata\groups\25-Sub-ContractorAcknowledments\2021\Brenneco","CREATOR OWNER","Allow","FullControl","True"
"Y:\ttbntfile1\shared\appsdata\groups\25-Sub-ContractorAcknowledments\2021\Brenneco","BUILTIN\Administrators","Allow","FullControl","True"
"Y:\ttbntfile1\shared\appsdata\groups\25-Sub-ContractorAcknowledments\2021\Brenneco","NT AUTHORITY\SYSTEM","Allow","FullControl","True"
"Y:\ttbntfile1\shared\appsdata\groups\25-Sub-ContractorAcknowledments\2021\Bright Sheet Metal (BSM)","TONNANDBLANK\AVD Test Users","Allow","FullControl","True"
"Y:\ttbntfile1\shared\appsdata\groups\25-Sub-ContractorAcknowledments\2021\Bright Sheet Metal (BSM)","TONNANDBLANK\impactadmin","Allow","FullControl","True"
"Y:\ttbntfile1\shared\appsdata\groups\25-Sub-ContractorAcknowledments\2021\Bright Sheet Metal (BSM)","CREATOR OWNER","Allow","FullControl","True"
"Y:\ttbntfile1\shared\appsdata\groups\25-Sub-ContractorAcknowledments\2021\Bright Sheet Metal (BSM)","BUILTIN\Administrators","Allow","FullControl","True"
"Y:\ttbntfile1\shared\appsdata\groups\25-Sub-ContractorAcknowledments\2021\Bright Sheet Metal (BSM)","NT AUTHORITY\SYSTEM","Allow","FullControl","True"
"Y:\ttbntfile1\shared\appsdata\groups\25-Sub-ContractorAcknowledments\2021\Central Indiana Insulation (CII)","TONNANDBLANK\AVD Test Users","Allow","FullControl","True"
"Y:\ttbntfile1\shared\appsdata\groups\25-Sub-ContractorAcknowledments\2021\Central Indiana Insulation (CII)","TONNANDBLANK\impactadmin","Allow","FullControl","True"
"Y:\ttbntfile1\shared\appsdata\groups\25-Sub-ContractorAcknowledments\2021\Central Indiana Insulation (CII)","CREATOR OWNER","Allow","FullControl","True"
"Y:\ttbntfile1\shared\appsdata\groups\25-Sub-ContractorAcknowledments\2021\Central Indiana Insulation (CII)","BUILTIN\Administrators","Allow","FullControl","True"
"Y:\ttbntfile1\shared\appsdata\groups\25-Sub-ContractorAcknowledments\2021\Central Indiana Insulation (CII)","NT AUTHORITY\SYSTEM","Allow","FullControl","True"
"Y:\ttbntfile1\shared\appsdata\groups\25-Sub-ContractorAcknowledments\2021\Diverzify","TONNANDBLANK\AVD Test Users","Allow","FullControl","True"
"Y:\ttbntfile1\shared\appsdata\groups\25-Sub-ContractorAcknowledments\2021\Diverzify","TONNANDBLANK\impactadmin","Allow","FullControl","True"
"Y:\ttbntfile1\shared\appsdata\groups\25-Sub-ContractorAcknowledments\2021\Diverzify","CREATOR OWNER","Allow","FullControl","True"
"Y:\ttbntfile1\shared\appsdata\groups\25-Sub-ContractorAcknowledments\2021\Diverzify","BUILTIN\Administrators","Allow","FullControl","True"
"Y:\ttbntfile1\shared\appsdata\groups\25-Sub-ContractorAcknowledments\2021\Diverzify","NT AUTHORITY\SYSTEM","Allow","FullControl","True"
"Y:\ttbntfile1\shared\appsdata\groups\25-Sub-ContractorAcknowledments\2021\EC Babilla","TONNANDBLANK\AVD Test Users","Allow","FullControl","True"
"Y:\ttbntfile1\shared\appsdata\groups\25-Sub-ContractorAcknowledments\2021\EC Babilla","TONNANDBLANK\impactadmin","Allow","FullControl","True"
"Y:\ttbntfile1\shared\appsdata\groups\25-Sub-ContractorAcknowledments\2021\EC Babilla","CREATOR OWNER","Allow","FullControl","True"
"Y:\ttbntfile1\shared\appsdata\groups\25-Sub-ContractorAcknowledments\2021\EC Babilla","BUILTIN\Administrators","Allow","FullControl","True"
"Y:\ttbntfile1\shared\appsdata\groups\25-Sub-ContractorAcknowledments\2021\EC Babilla","NT AUTHORITY\SYSTEM","Allow","FullControl","True"
"Y:\ttbntfile1\shared\appsdata\groups\25-Sub-ContractorAcknowledments\2021\Ermco","TONNANDBLANK\AVD Test Users","Allow","FullControl","True"
"Y:\ttbntfile1\shared\appsdata\groups\25-Sub-ContractorAcknowledments\2021\Ermco","TONNANDBLANK\impactadmin","Allow","FullControl","True"
"Y:\ttbntfile1\shared\appsdata\groups\25-Sub-ContractorAcknowledments\2021\Ermco","CREATOR OWNER","Allow","FullControl","True"
"Y:\ttbntfile1\shared\appsdata\groups\25-Sub-ContractorAcknowledments\2021\Ermco","BUILTIN\Administrators","Allow","FullControl","True"
"Y:\ttbntfile1\shared\appsdata\groups\25-Sub-ContractorAcknowledments\2021\Ermco","NT AUTHORITY\SYSTEM","Allow","FullControl","True"
"Y:\ttbntfile1\shared\appsdata\groups\25-Sub-ContractorAcknowledments\2021\Flooring Resources","TONNANDBLANK\AVD Test Users","Allow","FullControl","True"
"Y:\ttbntfile1\shared\appsdata\groups\25-Sub-ContractorAcknowledments\2021\Flooring Resources","TONNANDBLANK\impactadmin","Allow","FullControl","True"
"Y:\ttbntfile1\shared\appsdata\groups\25-Sub-ContractorAcknowledments\2021\Flooring Resources","CREATOR OWNER","Allow","FullControl","True"
"Y:\ttbntfile1\shared\appsdata\groups\25-Sub-ContractorAcknowledments\2021\Flooring Resources","BUILTIN\Administrators","Allow","FullControl","True"
"Y:\ttbntfile1\shared\appsdata\groups\25-Sub-ContractorAcknowledments\2021\Flooring Resources","NT AUTHORITY\SYSTEM","Allow","FullControl","True"
"Y:\ttbntfile1\shared\appsdata\groups\25-Sub-ContractorAcknowledments\2021\Fort Wayne Reinforcing, Inc. (FWR)","TONNANDBLANK\AVD Test Users","Allow","FullControl","True"
"Y:\ttbntfile1\shared\appsdata\groups\25-Sub-ContractorAcknowledments\2021\Fort Wayne Reinforcing, Inc. (FWR)","TONNANDBLANK\impactadmin","Allow","FullControl","True"
"Y:\ttbntfile1\shared\appsdata\groups\25-Sub-ContractorAcknowledments\2021\Fort Wayne Reinforcing, Inc. (FWR)","CREATOR OWNER","Allow","FullControl","True"
"Y:\ttbntfile1\shared\appsdata\groups\25-Sub-ContractorAcknowledments\2021\Fort Wayne Reinforcing, Inc. (FWR)","BUILTIN\Administrators","Allow","FullControl","True"
"Y:\ttbntfile1\shared\appsdata\groups\25-Sub-ContractorAcknowledments\2021\Fort Wayne Reinforcing, Inc. (FWR)","NT AUTHORITY\SYSTEM","Allow","FullControl","True"
"Y:\ttbntfile1\shared\appsdata\groups\25-Sub-ContractorAcknowledments\2021\Gibson Painting","TONNANDBLANK\AVD Test Users","Allow","FullControl","True"
"Y:\ttbntfile1\shared\appsdata\groups\25-Sub-ContractorAcknowledments\2021\Gibson Painting","TONNANDBLANK\impactadmin","Allow","FullControl","True"
"Y:\ttbntfile1\shared\appsdata\groups\25-Sub-ContractorAcknowledments\2021\Gibson Painting","CREATOR OWNER","Allow","FullControl","True"
"Y:\ttbntfile1\shared\appsdata\groups\25-Sub-ContractorAcknowledments\2021\Gibson Painting","BUILTIN\Administrators","Allow","FullControl","True"
"Y:\ttbntfile1\shared\appsdata\groups\25-Sub-ContractorAcknowledments\2021\Gibson Painting","NT AUTHORITY\SYSTEM","Allow","FullControl","True"
"Y:\ttbntfile1\shared\appsdata\groups\25-Sub-ContractorAcknowledments\2021\Gluth Brothers Roofing","TONNANDBLANK\AVD Test Users","Allow","FullControl","True"
"Y:\ttbntfile1\shared\appsdata\groups\25-Sub-ContractorAcknowledments\2021\Gluth Brothers Roofing","TONNANDBLANK\impactadmin","Allow","FullControl","True"
"Y:\ttbntfile1\shared\appsdata\groups\25-Sub-ContractorAcknowledments\2021\Gluth Brothers Roofing","CREATOR OWNER","Allow","FullControl","True"
"Y:\ttbntfile1\shared\appsdata\groups\25-Sub-ContractorAcknowledments\2021\Gluth Brothers Roofing","BUILTIN\Administrators","Allow","FullControl","True"
"Y:\ttbntfile1\shared\appsdata\groups\25-Sub-ContractorAcknowledments\2021\Gluth Brothers Roofing","NT AUTHORITY\SYSTEM","Allow","FullControl","True"
"Y:\ttbntfile1\shared\appsdata\groups\25-Sub-ContractorAcknowledments\2021\Huston","TONNANDBLANK\AVD Test Users","Allow","FullControl","True"
"Y:\ttbntfile1\shared\appsdata\groups\25-Sub-ContractorAcknowledments\2021\Huston","TONNANDBLANK\impactadmin","Allow","FullControl","True"
"Y:\ttbntfile1\shared\appsdata\groups\25-Sub-ContractorAcknowledments\2021\Huston","CREATOR OWNER","Allow","FullControl","True"
"Y:\ttbntfile1\shared\appsdata\groups\25-Sub-ContractorAcknowledments\2021\Huston","BUILTIN\Administrators","Allow","FullControl","True"
"Y:\ttbntfile1\shared\appsdata\groups\25-Sub-ContractorAcknowledments\2021\Huston","NT AUTHORITY\SYSTEM","Allow","FullControl","True"
"Y:\ttbntfile1\shared\appsdata\groups\25-Sub-ContractorAcknowledments\2021\Interior Specialites, Inc. (ISI)","TONNANDBLANK\AVD Test Users","Allow","FullControl","True"
"Y:\ttbntfile1\shared\appsdata\groups\25-Sub-ContractorAcknowledments\2021\Interior Specialites, Inc. (ISI)","TONNANDBLANK\impactadmin","Allow","FullControl","True"
"Y:\ttbntfile1\shared\appsdata\groups\25-Sub-ContractorAcknowledments\2021\Interior Specialites, Inc. (ISI)","CREATOR OWNER","Allow","FullControl","True"
"Y:\ttbntfile1\shared\appsdata\groups\25-Sub-ContractorAcknowledments\2021\Interior Specialites, Inc. (ISI)","BUILTIN\Administrators","Allow","FullControl","True"
"Y:\ttbntfile1\shared\appsdata\groups\25-Sub-ContractorAcknowledments\2021\Interior Specialites, Inc. (ISI)","NT AUTHORITY\SYSTEM","Allow","FullControl","True"
"Y:\ttbntfile1\shared\appsdata\groups\25-Sub-ContractorAcknowledments\2021\Just Rite Acoustics","TONNANDBLANK\AVD Test Users","Allow","FullControl","True"
"Y:\ttbntfile1\shared\appsdata\groups\25-Sub-ContractorAcknowledments\2021\Just Rite Acoustics","TONNANDBLANK\impactadmin","Allow","FullControl","True"
"Y:\ttbntfile1\shared\appsdata\groups\25-Sub-ContractorAcknowledments\2021\Just Rite Acoustics","CREATOR OWNER","Allow","FullControl","True"
"Y:\ttbntfile1\shared\appsdata\groups\25-Sub-ContractorAcknowledments\2021\Just Rite Acoustics","BUILTIN\Administrators","Allow","FullControl","True"
"Y:\ttbntfile1\shared\appsdata\groups\25-Sub-ContractorAcknowledments\2021\Just Rite Acoustics","NT AUTHORITY\SYSTEM","Allow","FullControl","True"
"Y:\ttbntfile1\shared\appsdata\groups\25-Sub-ContractorAcknowledments\2021\K&S Engineers","TONNANDBLANK\AVD Test Users","Allow","FullControl","True"
"Y:\ttbntfile1\shared\appsdata\groups\25-Sub-ContractorAcknowledments\2021\K&S Engineers","TONNANDBLANK\impactadmin","Allow","FullControl","True"
"Y:\ttbntfile1\shared\appsdata\groups\25-Sub-ContractorAcknowledments\2021\K&S Engineers","CREATOR OWNER","Allow","FullControl","True"
"Y:\ttbntfile1\shared\appsdata\groups\25-Sub-ContractorAcknowledments\2021\K&S Engineers","BUILTIN\Administrators","Allow","FullControl","True"
"Y:\ttbntfile1\shared\appsdata\groups\25-Sub-ContractorAcknowledments\2021\K&S Engineers","NT AUTHORITY\SYSTEM","Allow","FullControl","True"
"Y:\ttbntfile1\shared\appsdata\groups\25-Sub-ContractorAcknowledments\2021\Kleis","TONNANDBLANK\AVD Test Users","Allow","FullControl","True"
"Y:\ttbntfile1\shared\appsdata\groups\25-Sub-ContractorAcknowledments\2021\Kleis","TONNANDBLANK\impactadmin","Allow","FullControl","True"
"Y:\ttbntfile1\shared\appsdata\groups\25-Sub-ContractorAcknowledments\2021\Kleis","CREATOR OWNER","Allow","FullControl","True"
"Y:\ttbntfile1\shared\appsdata\groups\25-Sub-ContractorAcknowledments\2021\Kleis","BUILTIN\Administrators","Allow","FullControl","True"
"Y:\ttbntfile1\shared\appsdata\groups\25-Sub-ContractorAcknowledments\2021\Kleis","NT AUTHORITY\SYSTEM","Allow","FullControl","True"
"Y:\ttbntfile1\shared\appsdata\groups\25-Sub-ContractorAcknowledments\2021\Korellis","TONNANDBLANK\AVD Test Users","Allow","FullControl","True"
"Y:\ttbntfile1\shared\appsdata\groups\25-Sub-ContractorAcknowledments\2021\Korellis","TONNANDBLANK\impactadmin","Allow","FullControl","True"
"Y:\ttbntfile1\shared\appsdata\groups\25-Sub-ContractorAcknowledments\2021\Korellis","CREATOR OWNER","Allow","FullControl","True"
"Y:\ttbntfile1\shared\appsdata\groups\25-Sub-ContractorAcknowledments\2021\Korellis","BUILTIN\Administrators","Allow","FullControl","True"
"Y:\ttbntfile1\shared\appsdata\groups\25-Sub-ContractorAcknowledments\2021\Korellis","NT AUTHORITY\SYSTEM","Allow","FullControl","True"
"Y:\ttbntfile1\shared\appsdata\groups\25-Sub-ContractorAcknowledments\2021\Long","TONNANDBLANK\AVD Test Users","Allow","FullControl","True"
"Y:\ttbntfile1\shared\appsdata\groups\25-Sub-ContractorAcknowledments\2021\Long","TONNANDBLANK\impactadmin","Allow","FullControl","True"
"Y:\ttbntfile1\shared\appsdata\groups\25-Sub-ContractorAcknowledments\2021\Long","CREATOR OWNER","Allow","FullControl","True"
"Y:\ttbntfile1\shared\appsdata\groups\25-Sub-ContractorAcknowledments\2021\Long","BUILTIN\Administrators","Allow","FullControl","True"
"Y:\ttbntfile1\shared\appsdata\groups\25-Sub-ContractorAcknowledments\2021\Long","NT AUTHORITY\SYSTEM","Allow","FullControl","True"
"Y:\ttbntfile1\shared\appsdata\groups\25-Sub-ContractorAcknowledments\2021\Meyer","TONNANDBLANK\AVD Test Users","Allow","FullControl","True"
"Y:\ttbntfile1\shared\appsdata\groups\25-Sub-ContractorAcknowledments\2021\Meyer","TONNANDBLANK\impactadmin","Allow","FullControl","True"
"Y:\ttbntfile1\shared\appsdata\groups\25-Sub-ContractorAcknowledments\2021\Meyer","CREATOR OWNER","Allow","FullControl","True"
"Y:\ttbntfile1\shared\appsdata\groups\25-Sub-ContractorAcknowledments\2021\Meyer","BUILTIN\Administrators","Allow","FullControl","True"
"Y:\ttbntfile1\shared\appsdata\groups\25-Sub-ContractorAcknowledments\2021\Meyer","NT AUTHORITY\SYSTEM","Allow","FullControl","True"
"Y:\ttbntfile1\shared\appsdata\groups\25-Sub-ContractorAcknowledments\2021\Mulhaupts","TONNANDBLANK\AVD Test Users","Allow","FullControl","True"
"Y:\ttbntfile1\shared\appsdata\groups\25-Sub-ContractorAcknowledments\2021\Mulhaupts","TONNANDBLANK\impactadmin","Allow","FullControl","True"
"Y:\ttbntfile1\shared\appsdata\groups\25-Sub-ContractorAcknowledments\2021\Mulhaupts","CREATOR OWNER","Allow","FullControl","True"
"Y:\ttbntfile1\shared\appsdata\groups\25-Sub-ContractorAcknowledments\2021\Mulhaupts","BUILTIN\Administrators","Allow","FullControl","True"
"Y:\ttbntfile1\shared\appsdata\groups\25-Sub-ContractorAcknowledments\2021\Mulhaupts","NT AUTHORITY\SYSTEM","Allow","FullControl","True"
"Y:\ttbntfile1\shared\appsdata\groups\25-Sub-ContractorAcknowledments\2021\National Facility Solutions","TONNANDBLANK\AVD Test Users","Allow","FullControl","True"
"Y:\ttbntfile1\shared\appsdata\groups\25-Sub-ContractorAcknowledments\2021\National Facility Solutions","TONNANDBLANK\impactadmin","Allow","FullControl","True"
"Y:\ttbntfile1\shared\appsdata\groups\25-Sub-ContractorAcknowledments\2021\National Facility Solutions","CREATOR OWNER","Allow","FullControl","True"
"Y:\ttbntfile1\shared\appsdata\groups\25-Sub-ContractorAcknowledments\2021\National Facility Solutions","BUILTIN\Administrators","Allow","FullControl","True"
"Y:\ttbntfile1\shared\appsdata\groups\25-Sub-ContractorAcknowledments\2021\National Facility Solutions","NT AUTHORITY\SYSTEM","Allow","FullControl","True"
"Y:\ttbntfile1\shared\appsdata\groups\25-Sub-ContractorAcknowledments\2021\North Mechanical","TONNANDBLANK\AVD Test Users","Allow","FullControl","True"
"Y:\ttbntfile1\shared\appsdata\groups\25-Sub-ContractorAcknowledments\2021\North Mechanical","TONNANDBLANK\impactadmin","Allow","FullControl","True"
"Y:\ttbntfile1\shared\appsdata\groups\25-Sub-ContractorAcknowledments\2021\North Mechanical","CREATOR OWNER","Allow","FullControl","True"
"Y:\ttbntfile1\shared\appsdata\groups\25-Sub-ContractorAcknowledments\2021\North Mechanical","BUILTIN\Administrators","Allow","FullControl","True"
"Y:\ttbntfile1\shared\appsdata\groups\25-Sub-ContractorAcknowledments\2021\North Mechanical","NT AUTHORITY\SYSTEM","Allow","FullControl","True"
"Y:\ttbntfile1\shared\appsdata\groups\25-Sub-ContractorAcknowledments\2021\Open Controls Systems","TONNANDBLANK\AVD Test Users","Allow","FullControl","True"
"Y:\ttbntfile1\shared\appsdata\groups\25-Sub-ContractorAcknowledments\2021\Open Controls Systems","TONNANDBLANK\impactadmin","Allow","FullControl","True"
"Y:\ttbntfile1\shared\appsdata\groups\25-Sub-ContractorAcknowledments\2021\Open Controls Systems","CREATOR OWNER","Allow","FullControl","True"
"Y:\ttbntfile1\shared\appsdata\groups\25-Sub-ContractorAcknowledments\2021\Open Controls Systems","BUILTIN\Administrators","Allow","FullControl","True"
"Y:\ttbntfile1\shared\appsdata\groups\25-Sub-ContractorAcknowledments\2021\Open Controls Systems","NT AUTHORITY\SYSTEM","Allow","FullControl","True"
"Y:\ttbntfile1\shared\appsdata\groups\25-Sub-ContractorAcknowledments\2021\R&W Contracting, Inc","TONNANDBLANK\AVD Test Users","Allow","FullControl","True"
"Y:\ttbntfile1\shared\appsdata\groups\25-Sub-ContractorAcknowledments\2021\R&W Contracting, Inc","TONNANDBLANK\impactadmin","Allow","FullControl","True"
"Y:\ttbntfile1\shared\appsdata\groups\25-Sub-ContractorAcknowledments\2021\R&W Contracting, Inc","CREATOR OWNER","Allow","FullControl","True"
"Y:\ttbntfile1\shared\appsdata\groups\25-Sub-ContractorAcknowledments\2021\R&W Contracting, Inc","BUILTIN\Administrators","Allow","FullControl","True"
"Y:\ttbntfile1\shared\appsdata\groups\25-Sub-ContractorAcknowledments\2021\R&W Contracting, Inc","NT AUTHORITY\SYSTEM","Allow","FullControl","True"
"Y:\ttbntfile1\shared\appsdata\groups\25-Sub-ContractorAcknowledments\2021\Robert Haines","TONNANDBLANK\AVD Test Users","Allow","FullControl","True"
"Y:\ttbntfile1\shared\appsdata\groups\25-Sub-ContractorAcknowledments\2021\Robert Haines","TONNANDBLANK\impactadmin","Allow","FullControl","True"
"Y:\ttbntfile1\shared\appsdata\groups\25-Sub-ContractorAcknowledments\2021\Robert Haines","CREATOR OWNER","Allow","FullControl","True"
"Y:\ttbntfile1\shared\appsdata\groups\25-Sub-ContractorAcknowledments\2021\Robert Haines","BUILTIN\Administrators","Allow","FullControl","True"
"Y:\ttbntfile1\shared\appsdata\groups\25-Sub-ContractorAcknowledments\2021\Robert Haines","NT AUTHORITY\SYSTEM","Allow","FullControl","True"
"Y:\ttbntfile1\shared\appsdata\groups\25-Sub-ContractorAcknowledments\2021\Ryan FP","TONNANDBLANK\AVD Test Users","Allow","FullControl","True"
"Y:\ttbntfile1\shared\appsdata\groups\25-Sub-ContractorAcknowledments\2021\Ryan FP","TONNANDBLANK\impactadmin","Allow","FullControl","True"
"Y:\ttbntfile1\shared\appsdata\groups\25-Sub-ContractorAcknowledments\2021\Ryan FP","CREATOR OWNER","Allow","FullControl","True"
"Y:\ttbntfile1\shared\appsdata\groups\25-Sub-ContractorAcknowledments\2021\Ryan FP","BUILTIN\Administrators","Allow","FullControl","True"
"Y:\ttbntfile1\shared\appsdata\groups\25-Sub-ContractorAcknowledments\2021\Ryan FP","NT AUTHORITY\SYSTEM","Allow","FullControl","True"
"Y:\ttbntfile1\shared\appsdata\groups\25-Sub-ContractorAcknowledments\2021\Santarossa","TONNANDBLANK\AVD Test Users","Allow","FullControl","True"
"Y:\ttbntfile1\shared\appsdata\groups\25-Sub-ContractorAcknowledments\2021\Santarossa","TONNANDBLANK\impactadmin","Allow","FullControl","True"
"Y:\ttbntfile1\shared\appsdata\groups\25-Sub-ContractorAcknowledments\2021\Santarossa","CREATOR OWNER","Allow","FullControl","True"
"Y:\ttbntfile1\shared\appsdata\groups\25-Sub-ContractorAcknowledments\2021\Santarossa","BUILTIN\Administrators","Allow","FullControl","True"
"Y:\ttbntfile1\shared\appsdata\groups\25-Sub-ContractorAcknowledments\2021\Santarossa","NT AUTHORITY\SYSTEM","Allow","FullControl","True"
"Y:\ttbntfile1\shared\appsdata\groups\25-Sub-ContractorAcknowledments\2021\Select Services","TONNANDBLANK\AVD Test Users","Allow","FullControl","True"
"Y:\ttbntfile1\shared\appsdata\groups\25-Sub-ContractorAcknowledments\2021\Select Services","TONNANDBLANK\impactadmin","Allow","FullControl","True"
"Y:\ttbntfile1\shared\appsdata\groups\25-Sub-ContractorAcknowledments\2021\Select Services","CREATOR OWNER","Allow","FullControl","True"
"Y:\ttbntfile1\shared\appsdata\groups\25-Sub-ContractorAcknowledments\2021\Select Services","BUILTIN\Administrators","Allow","FullControl","True"
"Y:\ttbntfile1\shared\appsdata\groups\25-Sub-ContractorAcknowledments\2021\Select Services","NT AUTHORITY\SYSTEM","Allow","FullControl","True"
"Y:\ttbntfile1\shared\appsdata\groups\25-Sub-ContractorAcknowledments\2021\Shambaugh & Sons","TONNANDBLANK\AVD Test Users","Allow","FullControl","True"
"Y:\ttbntfile1\shared\appsdata\groups\25-Sub-ContractorAcknowledments\2021\Shambaugh & Sons","TONNANDBLANK\impactadmin","Allow","FullControl","True"
"Y:\ttbntfile1\shared\appsdata\groups\25-Sub-ContractorAcknowledments\2021\Shambaugh & Sons","CREATOR OWNER","Allow","FullControl","True"
"Y:\ttbntfile1\shared\appsdata\groups\25-Sub-ContractorAcknowledments\2021\Shambaugh & Sons","BUILTIN\Administrators","Allow","FullControl","True"
"Y:\ttbntfile1\shared\appsdata\groups\25-Sub-ContractorAcknowledments\2021\Shambaugh & Sons","NT AUTHORITY\SYSTEM","Allow","FullControl","True"
"Y:\ttbntfile1\shared\appsdata\groups\25-Sub-ContractorAcknowledments\2021\Sharlen Electric","TONNANDBLANK\AVD Test Users","Allow","FullControl","True"
"Y:\ttbntfile1\shared\appsdata\groups\25-Sub-ContractorAcknowledments\2021\Sharlen Electric","TONNANDBLANK\impactadmin","Allow","FullControl","True"
"Y:\ttbntfile1\shared\appsdata\groups\25-Sub-ContractorAcknowledments\2021\Sharlen Electric","CREATOR OWNER","Allow","FullControl","True"
"Y:\ttbntfile1\shared\appsdata\groups\25-Sub-ContractorAcknowledments\2021\Sharlen Electric","BUILTIN\Administrators","Allow","FullControl","True"
"Y:\ttbntfile1\shared\appsdata\groups\25-Sub-ContractorAcknowledments\2021\Sharlen Electric","NT AUTHORITY\SYSTEM","Allow","FullControl","True"
"Y:\ttbntfile1\shared\appsdata\groups\25-Sub-ContractorAcknowledments\2021\Siemens","TONNANDBLANK\AVD Test Users","Allow","FullControl","True"
"Y:\ttbntfile1\shared\appsdata\groups\25-Sub-ContractorAcknowledments\2021\Siemens","TONNANDBLANK\impactadmin","Allow","FullControl","True"
"Y:\ttbntfile1\shared\appsdata\groups\25-Sub-ContractorAcknowledments\2021\Siemens","CREATOR OWNER","Allow","FullControl","True"
"Y:\ttbntfile1\shared\appsdata\groups\25-Sub-ContractorAcknowledments\2021\Siemens","BUILTIN\Administrators","Allow","FullControl","True"
"Y:\ttbntfile1\shared\appsdata\groups\25-Sub-ContractorAcknowledments\2021\Siemens","NT AUTHORITY\SYSTEM","Allow","FullControl","True"
"Y:\ttbntfile1\shared\appsdata\groups\25-Sub-ContractorAcknowledments\2021\Sign Solutions","TONNANDBLANK\AVD Test Users","Allow","FullControl","True"
"Y:\ttbntfile1\shared\appsdata\groups\25-Sub-ContractorAcknowledments\2021\Sign Solutions","TONNANDBLANK\impactadmin","Allow","FullControl","True"
"Y:\ttbntfile1\shared\appsdata\groups\25-Sub-ContractorAcknowledments\2021\Sign Solutions","CREATOR OWNER","Allow","FullControl","True"
"Y:\ttbntfile1\shared\appsdata\groups\25-Sub-ContractorAcknowledments\2021\Sign Solutions","BUILTIN\Administrators","Allow","FullControl","True"
"Y:\ttbntfile1\shared\appsdata\groups\25-Sub-ContractorAcknowledments\2021\Sign Solutions","NT AUTHORITY\SYSTEM","Allow","FullControl","True"
"Y:\ttbntfile1\shared\appsdata\groups\25-Sub-ContractorAcknowledments\2021\Site Services","TONNANDBLANK\AVD Test Users","Allow","FullControl","True"
"Y:\ttbntfile1\shared\appsdata\groups\25-Sub-ContractorAcknowledments\2021\Site Services","TONNANDBLANK\impactadmin","Allow","FullControl","True"
"Y:\ttbntfile1\shared\appsdata\groups\25-Sub-ContractorAcknowledments\2021\Site Services","CREATOR OWNER","Allow","FullControl","True"
"Y:\ttbntfile1\shared\appsdata\groups\25-Sub-ContractorAcknowledments\2021\Site Services","BUILTIN\Administrators","Allow","FullControl","True"
"Y:\ttbntfile1\shared\appsdata\groups\25-Sub-ContractorAcknowledments\2021\Site Services","NT AUTHORITY\SYSTEM","Allow","FullControl","True"
"Y:\ttbntfile1\shared\appsdata\groups\25-Sub-ContractorAcknowledments\2021\South Western Communications","TONNANDBLANK\AVD Test Users","Allow","FullControl","True"
"Y:\ttbntfile1\shared\appsdata\groups\25-Sub-ContractorAcknowledments\2021\South Western Communications","TONNANDBLANK\impactadmin","Allow","FullControl","True"
"Y:\ttbntfile1\shared\appsdata\groups\25-Sub-ContractorAcknowledments\2021\South Western Communications","CREATOR OWNER","Allow","FullControl","True"
"Y:\ttbntfile1\shared\appsdata\groups\25-Sub-ContractorAcknowledments\2021\South Western Communications","BUILTIN\Administrators","Allow","FullControl","True"
"Y:\ttbntfile1\shared\appsdata\groups\25-Sub-ContractorAcknowledments\2021\South Western Communications","NT AUTHORITY\SYSTEM","Allow","FullControl","True"
"Y:\ttbntfile1\shared\appsdata\groups\25-Sub-ContractorAcknowledments\2021\Sprinturf","TONNANDBLANK\AVD Test Users","Allow","FullControl","True"
"Y:\ttbntfile1\shared\appsdata\groups\25-Sub-ContractorAcknowledments\2021\Sprinturf","TONNANDBLANK\impactadmin","Allow","FullControl","True"
"Y:\ttbntfile1\shared\appsdata\groups\25-Sub-ContractorAcknowledments\2021\Sprinturf","CREATOR OWNER","Allow","FullControl","True"
"Y:\ttbntfile1\shared\appsdata\groups\25-Sub-ContractorAcknowledments\2021\Sprinturf","BUILTIN\Administrators","Allow","FullControl","True"
"Y:\ttbntfile1\shared\appsdata\groups\25-Sub-ContractorAcknowledments\2021\Sprinturf","NT AUTHORITY\SYSTEM","Allow","FullControl","True"
"Y:\ttbntfile1\shared\appsdata\groups\25-Sub-ContractorAcknowledments\2021\Straighline Excavating","TONNANDBLANK\AVD Test Users","Allow","FullControl","True"
"Y:\ttbntfile1\shared\appsdata\groups\25-Sub-ContractorAcknowledments\2021\Straighline Excavating","TONNANDBLANK\impactadmin","Allow","FullControl","True"
"Y:\ttbntfile1\shared\appsdata\groups\25-Sub-ContractorAcknowledments\2021\Straighline Excavating","CREATOR OWNER","Allow","FullControl","True"
"Y:\ttbntfile1\shared\appsdata\groups\25-Sub-ContractorAcknowledments\2021\Straighline Excavating","BUILTIN\Administrators","Allow","FullControl","True"
"Y:\ttbntfile1\shared\appsdata\groups\25-Sub-ContractorAcknowledments\2021\Straighline Excavating","NT AUTHORITY\SYSTEM","Allow","FullControl","True"
"Y:\ttbntfile1\shared\appsdata\groups\25-Sub-ContractorAcknowledments\2021\Sullivan & Poore","TONNANDBLANK\AVD Test Users","Allow","FullControl","True"
"Y:\ttbntfile1\shared\appsdata\groups\25-Sub-ContractorAcknowledments\2021\Sullivan & Poore","TONNANDBLANK\impactadmin","Allow","FullControl","True"
"Y:\ttbntfile1\shared\appsdata\groups\25-Sub-ContractorAcknowledments\2021\Sullivan & Poore","CREATOR OWNER","Allow","FullControl","True"
"Y:\ttbntfile1\shared\appsdata\groups\25-Sub-ContractorAcknowledments\2021\Sullivan & Poore","BUILTIN\Administrators","Allow","FullControl","True"
"Y:\ttbntfile1\shared\appsdata\groups\25-Sub-ContractorAcknowledments\2021\Sullivan & Poore","NT AUTHORITY\SYSTEM","Allow","FullControl","True"
"Y:\ttbntfile1\shared\appsdata\groups\25-Sub-ContractorAcknowledments\2021\Superior Carpet Installers","TONNANDBLANK\AVD Test Users","Allow","FullControl","True"
"Y:\ttbntfile1\shared\appsdata\groups\25-Sub-ContractorAcknowledments\2021\Superior Carpet Installers","TONNANDBLANK\impactadmin","Allow","FullControl","True"
"Y:\ttbntfile1\shared\appsdata\groups\25-Sub-ContractorAcknowledments\2021\Superior Carpet Installers","CREATOR OWNER","Allow","FullControl","True"
"Y:\ttbntfile1\shared\appsdata\groups\25-Sub-ContractorAcknowledments\2021\Superior Carpet Installers","BUILTIN\Administrators","Allow","FullControl","True"
"Y:\ttbntfile1\shared\appsdata\groups\25-Sub-ContractorAcknowledments\2021\Superior Carpet Installers","NT AUTHORITY\SYSTEM","Allow","FullControl","True"
"Y:\ttbntfile1\shared\appsdata\groups\25-Sub-ContractorAcknowledments\2021\Total Balance, Inc","TONNANDBLANK\AVD Test Users","Allow","FullControl","True"
"Y:\ttbntfile1\shared\appsdata\groups\25-Sub-ContractorAcknowledments\2021\Total Balance, Inc","TONNANDBLANK\impactadmin","Allow","FullControl","True"
"Y:\ttbntfile1\shared\appsdata\groups\25-Sub-ContractorAcknowledments\2021\Total Balance, Inc","CREATOR OWNER","Allow","FullControl","True"
"Y:\ttbntfile1\shared\appsdata\groups\25-Sub-ContractorAcknowledments\2021\Total Balance, Inc","BUILTIN\Administrators","Allow","FullControl","True"
"Y:\ttbntfile1\shared\appsdata\groups\25-Sub-ContractorAcknowledments\2021\Total Balance, Inc","NT AUTHORITY\SYSTEM","Allow","FullControl","True"
"Y:\ttbntfile1\shared\appsdata\groups\25-Sub-ContractorAcknowledments\2021\TSI","TONNANDBLANK\AVD Test Users","Allow","FullControl","True"
"Y:\ttbntfile1\shared\appsdata\groups\25-Sub-ContractorAcknowledments\2021\TSI","TONNANDBLANK\impactadmin","Allow","FullControl","True"
"Y:\ttbntfile1\shared\appsdata\groups\25-Sub-ContractorAcknowledments\2021\TSI","CREATOR OWNER","Allow","FullControl","True"
"Y:\ttbntfile1\shared\appsdata\groups\25-Sub-ContractorAcknowledments\2021\TSI","BUILTIN\Administrators","Allow","FullControl","True"
"Y:\ttbntfile1\shared\appsdata\groups\25-Sub-ContractorAcknowledments\2021\TSI","NT AUTHORITY\SYSTEM","Allow","FullControl","True"
"Y:\ttbntfile1\shared\appsdata\groups\25-Sub-ContractorAcknowledments\2021\Valley Fire Protection","TONNANDBLANK\AVD Test Users","Allow","FullControl","True"
"Y:\ttbntfile1\shared\appsdata\groups\25-Sub-ContractorAcknowledments\2021\Valley Fire Protection","TONNANDBLANK\impactadmin","Allow","FullControl","True"
"Y:\ttbntfile1\shared\appsdata\groups\25-Sub-ContractorAcknowledments\2021\Valley Fire Protection","CREATOR OWNER","Allow","FullControl","True"
"Y:\ttbntfile1\shared\appsdata\groups\25-Sub-ContractorAcknowledments\2021\Valley Fire Protection","BUILTIN\Administrators","Allow","FullControl","True"
"Y:\ttbntfile1\shared\appsdata\groups\25-Sub-ContractorAcknowledments\2021\Valley Fire Protection","NT AUTHORITY\SYSTEM","Allow","FullControl","True"
"Y:\ttbntfile1\shared\appsdata\groups\25-Sub-ContractorAcknowledments\2021\Ziolkowski","TONNANDBLANK\AVD Test Users","Allow","FullControl","True"
"Y:\ttbntfile1\shared\appsdata\groups\25-Sub-ContractorAcknowledments\2021\Ziolkowski","TONNANDBLANK\impactadmin","Allow","FullControl","True"
"Y:\ttbntfile1\shared\appsdata\groups\25-Sub-ContractorAcknowledments\2021\Ziolkowski","CREATOR OWNER","Allow","FullControl","True"
"Y:\ttbntfile1\shared\appsdata\groups\25-Sub-ContractorAcknowledments\2021\Ziolkowski","BUILTIN\Administrators","Allow","FullControl","True"
"Y:\ttbntfile1\shared\appsdata\groups\25-Sub-ContractorAcknowledments\2021\Ziolkowski","NT AUTHORITY\SYSTEM","Allow","FullControl","True"
"Y:\ttbntfile1\shared\appsdata\groups\25-Sub-ContractorAcknowledments\2021\0-COPY ONLY - Sub-Contractor\1-FA COVID Vaccine","TONNANDBLANK\AVD Test Users","Allow","FullControl","True"
"Y:\ttbntfile1\shared\appsdata\groups\25-Sub-ContractorAcknowledments\2021\0-COPY ONLY - Sub-Contractor\1-FA COVID Vaccine","TONNANDBLANK\impactadmin","Allow","FullControl","True"
"Y:\ttbntfile1\shared\appsdata\groups\25-Sub-ContractorAcknowledments\2021\0-COPY ONLY - Sub-Contractor\1-FA COVID Vaccine","CREATOR OWNER","Allow","FullControl","True"
"Y:\ttbntfile1\shared\appsdata\groups\25-Sub-ContractorAcknowledments\2021\0-COPY ONLY - Sub-Contractor\1-FA COVID Vaccine","BUILTIN\Administrators","Allow","FullControl","True"
"Y:\ttbntfile1\shared\appsdata\groups\25-Sub-ContractorAcknowledments\2021\0-COPY ONLY - Sub-Contractor\1-FA COVID Vaccine","NT AUTHORITY\SYSTEM","Allow","FullControl","True"
"Y:\ttbntfile1\shared\appsdata\groups\25-Sub-ContractorAcknowledments\2021\0-COPY ONLY - Sub-Contractor\2-FA FLU Vaccine","TONNANDBLANK\AVD Test Users","Allow","FullControl","True"
"Y:\ttbntfile1\shared\appsdata\groups\25-Sub-ContractorAcknowledments\2021\0-COPY ONLY - Sub-Contractor\2-FA FLU Vaccine","TONNANDBLANK\impactadmin","Allow","FullControl","True"
"Y:\ttbntfile1\shared\appsdata\groups\25-Sub-ContractorAcknowledments\2021\0-COPY ONLY - Sub-Contractor\2-FA FLU Vaccine","CREATOR OWNER","Allow","FullControl","True"
"Y:\ttbntfile1\shared\appsdata\groups\25-Sub-ContractorAcknowledments\2021\0-COPY ONLY - Sub-Contractor\2-FA FLU Vaccine","BUILTIN\Administrators","Allow","FullControl","True"
"Y:\ttbntfile1\shared\appsdata\groups\25-Sub-ContractorAcknowledments\2021\0-COPY ONLY - Sub-Contractor\2-FA FLU Vaccine","NT AUTHORITY\SYSTEM","Allow","FullControl","True"
"Y:\ttbntfile1\shared\appsdata\groups\25-Sub-ContractorAcknowledments\2021\0-Misc COVID Emails\01.12.21 Megans Update","TONNANDBLANK\AVD Test Users","Allow","FullControl","True"
"Y:\ttbntfile1\shared\appsdata\groups\25-Sub-ContractorAcknowledments\2021\0-Misc COVID Emails\01.12.21 Megans Update","TONNANDBLANK\impactadmin","Allow","FullControl","True"
"Y:\ttbntfile1\shared\appsdata\groups\25-Sub-ContractorAcknowledments\2021\0-Misc COVID Emails\01.12.21 Megans Update","CREATOR OWNER","Allow","FullControl","True"
"Y:\ttbntfile1\shared\appsdata\groups\25-Sub-ContractorAcknowledments\2021\0-Misc COVID Emails\01.12.21 Megans Update","BUILTIN\Administrators","Allow","FullControl","True"
"Y:\ttbntfile1\shared\appsdata\groups\25-Sub-ContractorAcknowledments\2021\0-Misc COVID Emails\01.12.21 Megans Update","NT AUTHORITY\SYSTEM","Allow","FullControl","True"
"Y:\ttbntfile1\shared\appsdata\groups\25-Sub-ContractorAcknowledments\2021\0-Misc COVID Emails\09.23.21 Sent to Carmel Subs","TONNANDBLANK\AVD Test Users","Allow","FullControl","True"
"Y:\ttbntfile1\shared\appsdata\groups\25-Sub-ContractorAcknowledments\2021\0-Misc COVID Emails\09.23.21 Sent to Carmel Subs","TONNANDBLANK\impactadmin","Allow","FullControl","True"
"Y:\ttbntfile1\shared\appsdata\groups\25-Sub-ContractorAcknowledments\2021\0-Misc COVID Emails\09.23.21 Sent to Carmel Subs","CREATOR OWNER","Allow","FullControl","True"
"Y:\ttbntfile1\shared\appsdata\groups\25-Sub-ContractorAcknowledments\2021\0-Misc COVID Emails\09.23.21 Sent to Carmel Subs","BUILTIN\Administrators","Allow","FullControl","True"
"Y:\ttbntfile1\shared\appsdata\groups\25-Sub-ContractorAcknowledments\2021\0-Misc COVID Emails\09.23.21 Sent to Carmel Subs","NT AUTHORITY\SYSTEM","Allow","FullControl","True"
"Y:\ttbntfile1\shared\appsdata\groups\25-Sub-ContractorAcknowledments\2021\0-Misc COVID Emails\09.24.21 Sent to Indy Subs","TONNANDBLANK\AVD Test Users","Allow","FullControl","True"
"Y:\ttbntfile1\shared\appsdata\groups\25-Sub-ContractorAcknowledments\2021\0-Misc COVID Emails\09.24.21 Sent to Indy Subs","TONNANDBLANK\impactadmin","Allow","FullControl","True"
"Y:\ttbntfile1\shared\appsdata\groups\25-Sub-ContractorAcknowledments\2021\0-Misc COVID Emails\09.24.21 Sent to Indy Subs","CREATOR OWNER","Allow","FullControl","True"
"Y:\ttbntfile1\shared\appsdata\groups\25-Sub-ContractorAcknowledments\2021\0-Misc COVID Emails\09.24.21 Sent to Indy Subs","BUILTIN\Administrators","Allow","FullControl","True"
"Y:\ttbntfile1\shared\appsdata\groups\25-Sub-ContractorAcknowledments\2021\0-Misc COVID Emails\09.24.21 Sent to Indy Subs","NT AUTHORITY\SYSTEM","Allow","FullControl","True"
"Y:\ttbntfile1\shared\appsdata\groups\25-Sub-ContractorAcknowledments\2021\0-Misc COVID Emails\10.13.21 Update sent to Subs","TONNANDBLANK\AVD Test Users","Allow","FullControl","True"
"Y:\ttbntfile1\shared\appsdata\groups\25-Sub-ContractorAcknowledments\2021\0-Misc COVID Emails\10.13.21 Update sent to Subs","TONNANDBLANK\impactadmin","Allow","FullControl","True"
"Y:\ttbntfile1\shared\appsdata\groups\25-Sub-ContractorAcknowledments\2021\0-Misc COVID Emails\10.13.21 Update sent to Subs","CREATOR OWNER","Allow","FullControl","True"
"Y:\ttbntfile1\shared\appsdata\groups\25-Sub-ContractorAcknowledments\2021\0-Misc COVID Emails\10.13.21 Update sent to Subs","BUILTIN\Administrators","Allow","FullControl","True"
"Y:\ttbntfile1\shared\appsdata\groups\25-Sub-ContractorAcknowledments\2021\0-Misc COVID Emails\10.13.21 Update sent to Subs","NT AUTHORITY\SYSTEM","Allow","FullControl","True"
"Y:\ttbntfile1\shared\appsdata\groups\25-Sub-ContractorAcknowledments\2021\0-Misc Flu Emails\10.1.21 Megans Email","TONNANDBLANK\AVD Test Users","Allow","FullControl","True"
"Y:\ttbntfile1\shared\appsdata\groups\25-Sub-ContractorAcknowledments\2021\0-Misc Flu Emails\10.1.21 Megans Email","TONNANDBLANK\impactadmin","Allow","FullControl","True"
"Y:\ttbntfile1\shared\appsdata\groups\25-Sub-ContractorAcknowledments\2021\0-Misc Flu Emails\10.1.21 Megans Email","CREATOR OWNER","Allow","FullControl","True"
"Y:\ttbntfile1\shared\appsdata\groups\25-Sub-ContractorAcknowledments\2021\0-Misc Flu Emails\10.1.21 Megans Email","BUILTIN\Administrators","Allow","FullControl","True"
"Y:\ttbntfile1\shared\appsdata\groups\25-Sub-ContractorAcknowledments\2021\0-Misc Flu Emails\10.1.21 Megans Email","NT AUTHORITY\SYSTEM","Allow","FullControl","True"
"Y:\ttbntfile1\shared\appsdata\groups\25-Sub-ContractorAcknowledments\2021\0-Misc Flu Emails\Sent to Indy Subs","TONNANDBLANK\AVD Test Users","Allow","FullControl","True"
"Y:\ttbntfile1\shared\appsdata\groups\25-Sub-ContractorAcknowledments\2021\0-Misc Flu Emails\Sent to Indy Subs","TONNANDBLANK\impactadmin","Allow","FullControl","True"
"Y:\ttbntfile1\shared\appsdata\groups\25-Sub-ContractorAcknowledments\2021\0-Misc Flu Emails\Sent to Indy Subs","CREATOR OWNER","Allow","FullControl","True"
"Y:\ttbntfile1\shared\appsdata\groups\25-Sub-ContractorAcknowledments\2021\0-Misc Flu Emails\Sent to Indy Subs","BUILTIN\Administrators","Allow","FullControl","True"
"Y:\ttbntfile1\shared\appsdata\groups\25-Sub-ContractorAcknowledments\2021\0-Misc Flu Emails\Sent to Indy Subs","NT AUTHORITY\SYSTEM","Allow","FullControl","True"
"Y:\ttbntfile1\shared\appsdata\groups\25-Sub-ContractorAcknowledments\2021\A to Z\1-FA COVID Vaccine","TONNANDBLANK\AVD Test Users","Allow","FullControl","True"
"Y:\ttbntfile1\shared\appsdata\groups\25-Sub-ContractorAcknowledments\2021\A to Z\1-FA COVID Vaccine","TONNANDBLANK\impactadmin","Allow","FullControl","True"
"Y:\ttbntfile1\shared\appsdata\groups\25-Sub-ContractorAcknowledments\2021\A to Z\1-FA COVID Vaccine","CREATOR OWNER","Allow","FullControl","True"
"Y:\ttbntfile1\shared\appsdata\groups\25-Sub-ContractorAcknowledments\2021\A to Z\1-FA COVID Vaccine","BUILTIN\Administrators","Allow","FullControl","True"
"Y:\ttbntfile1\shared\appsdata\groups\25-Sub-ContractorAcknowledments\2021\A to Z\1-FA COVID Vaccine","NT AUTHORITY\SYSTEM","Allow","FullControl","True"
"Y:\ttbntfile1\shared\appsdata\groups\25-Sub-ContractorAcknowledments\2021\A to Z\2-FA FLU Vaccine","TONNANDBLANK\AVD Test Users","Allow","FullControl","True"
"Y:\ttbntfile1\shared\appsdata\groups\25-Sub-ContractorAcknowledments\2021\A to Z\2-FA FLU Vaccine","TONNANDBLANK\impactadmin","Allow","FullControl","True"
"Y:\ttbntfile1\shared\appsdata\groups\25-Sub-ContractorAcknowledments\2021\A to Z\2-FA FLU Vaccine","CREATOR OWNER","Allow","FullControl","True"
"Y:\ttbntfile1\shared\appsdata\groups\25-Sub-ContractorAcknowledments\2021\A to Z\2-FA FLU Vaccine","BUILTIN\Administrators","Allow","FullControl","True"
"Y:\ttbntfile1\shared\appsdata\groups\25-Sub-ContractorAcknowledments\2021\A to Z\2-FA FLU Vaccine","NT AUTHORITY\SYSTEM","Allow","FullControl","True"
"Y:\ttbntfile1\shared\appsdata\groups\25-Sub-ContractorAcknowledments\2021\AA Huber & Sons, Inc\1-FA COVID Vaccine","TONNANDBLANK\AVD Test Users","Allow","FullControl","True"
"Y:\ttbntfile1\shared\appsdata\groups\25-Sub-ContractorAcknowledments\2021\AA Huber & Sons, Inc\1-FA COVID Vaccine","TONNANDBLANK\impactadmin","Allow","FullControl","True"
"Y:\ttbntfile1\shared\appsdata\groups\25-Sub-ContractorAcknowledments\2021\AA Huber & Sons, Inc\1-FA COVID Vaccine","CREATOR OWNER","Allow","FullControl","True"
"Y:\ttbntfile1\shared\appsdata\groups\25-Sub-ContractorAcknowledments\2021\AA Huber & Sons, Inc\1-FA COVID Vaccine","BUILTIN\Administrators","Allow","FullControl","True"
"Y:\ttbntfile1\shared\appsdata\groups\25-Sub-ContractorAcknowledments\2021\AA Huber & Sons, Inc\1-FA COVID Vaccine","NT AUTHORITY\SYSTEM","Allow","FullControl","True"
"Y:\ttbntfile1\shared\appsdata\groups\25-Sub-ContractorAcknowledments\2021\AA Huber & Sons, Inc\2-FA FLU Vaccine","TONNANDBLANK\AVD Test Users","Allow","FullControl","True"
"Y:\ttbntfile1\shared\appsdata\groups\25-Sub-ContractorAcknowledments\2021\AA Huber & Sons, Inc\2-FA FLU Vaccine","TONNANDBLANK\impactadmin","Allow","FullControl","True"
"Y:\ttbntfile1\shared\appsdata\groups\25-Sub-ContractorAcknowledments\2021\AA Huber & Sons, Inc\2-FA FLU Vaccine","CREATOR OWNER","Allow","FullControl","True"
"Y:\ttbntfile1\shared\appsdata\groups\25-Sub-ContractorAcknowledments\2021\AA Huber & Sons, Inc\2-FA FLU Vaccine","BUILTIN\Administrators","Allow","FullControl","True"
"Y:\ttbntfile1\shared\appsdata\groups\25-Sub-ContractorAcknowledments\2021\AA Huber & Sons, Inc\2-FA FLU Vaccine","NT AUTHORITY\SYSTEM","Allow","FullControl","True"
"Y:\ttbntfile1\shared\appsdata\groups\25-Sub-ContractorAcknowledments\2021\ADA\1-FA COVID Vaccine","TONNANDBLANK\AVD Test Users","Allow","FullControl","True"
"Y:\ttbntfile1\shared\appsdata\groups\25-Sub-ContractorAcknowledments\2021\ADA\1-FA COVID Vaccine","TONNANDBLANK\impactadmin","Allow","FullControl","True"
"Y:\ttbntfile1\shared\appsdata\groups\25-Sub-ContractorAcknowledments\2021\ADA\1-FA COVID Vaccine","CREATOR OWNER","Allow","FullControl","True"
"Y:\ttbntfile1\shared\appsdata\groups\25-Sub-ContractorAcknowledments\2021\ADA\1-FA COVID Vaccine","BUILTIN\Administrators","Allow","FullControl","True"
"Y:\ttbntfile1\shared\appsdata\groups\25-Sub-ContractorAcknowledments\2021\ADA\1-FA COVID Vaccine","NT AUTHORITY\SYSTEM","Allow","FullControl","True"
"Y:\ttbntfile1\shared\appsdata\groups\25-Sub-ContractorAcknowledments\2021\ADA\2-FA FLU Vaccine","TONNANDBLANK\AVD Test Users","Allow","FullControl","True"
"Y:\ttbntfile1\shared\appsdata\groups\25-Sub-ContractorAcknowledments\2021\ADA\2-FA FLU Vaccine","TONNANDBLANK\impactadmin","Allow","FullControl","True"
"Y:\ttbntfile1\shared\appsdata\groups\25-Sub-ContractorAcknowledments\2021\ADA\2-FA FLU Vaccine","CREATOR OWNER","Allow","FullControl","True"
"Y:\ttbntfile1\shared\appsdata\groups\25-Sub-ContractorAcknowledments\2021\ADA\2-FA FLU Vaccine","BUILTIN\Administrators","Allow","FullControl","True"
"Y:\ttbntfile1\shared\appsdata\groups\25-Sub-ContractorAcknowledments\2021\ADA\2-FA FLU Vaccine","NT AUTHORITY\SYSTEM","Allow","FullControl","True"
"Y:\ttbntfile1\shared\appsdata\groups\25-Sub-ContractorAcknowledments\2021\American Flooring Company (AFC)\1-FA COVID Vaccine","TONNANDBLANK\AVD Test Users","Allow","FullControl","True"
"Y:\ttbntfile1\shared\appsdata\groups\25-Sub-ContractorAcknowledments\2021\American Flooring Company (AFC)\1-FA COVID Vaccine","TONNANDBLANK\impactadmin","Allow","FullControl","True"
"Y:\ttbntfile1\shared\appsdata\groups\25-Sub-ContractorAcknowledments\2021\American Flooring Company (AFC)\1-FA COVID Vaccine","CREATOR OWNER","Allow","FullControl","True"
"Y:\ttbntfile1\shared\appsdata\groups\25-Sub-ContractorAcknowledments\2021\American Flooring Company (AFC)\1-FA COVID Vaccine","BUILTIN\Administrators","Allow","FullControl","True"
"Y:\ttbntfile1\shared\appsdata\groups\25-Sub-ContractorAcknowledments\2021\American Flooring Company (AFC)\1-FA COVID Vaccine","NT AUTHORITY\SYSTEM","Allow","FullControl","True"
"Y:\ttbntfile1\shared\appsdata\groups\25-Sub-ContractorAcknowledments\2021\American Flooring Company (AFC)\2-FA FLU Vaccine","TONNANDBLANK\AVD Test Users","Allow","FullControl","True"
"Y:\ttbntfile1\shared\appsdata\groups\25-Sub-ContractorAcknowledments\2021\American Flooring Company (AFC)\2-FA FLU Vaccine","TONNANDBLANK\impactadmin","Allow","FullControl","True"
"Y:\ttbntfile1\shared\appsdata\groups\25-Sub-ContractorAcknowledments\2021\American Flooring Company (AFC)\2-FA FLU Vaccine","CREATOR OWNER","Allow","FullControl","True"
"Y:\ttbntfile1\shared\appsdata\groups\25-Sub-ContractorAcknowledments\2021\American Flooring Company (AFC)\2-FA FLU Vaccine","BUILTIN\Administrators","Allow","FullControl","True"
"Y:\ttbntfile1\shared\appsdata\groups\25-Sub-ContractorAcknowledments\2021\American Flooring Company (AFC)\2-FA FLU Vaccine","NT AUTHORITY\SYSTEM","Allow","FullControl","True"
"Y:\ttbntfile1\shared\appsdata\groups\25-Sub-ContractorAcknowledments\2021\Architectural Glass & Metal\1-FA COVID Vaccine","TONNANDBLANK\AVD Test Users","Allow","FullControl","True"
"Y:\ttbntfile1\shared\appsdata\groups\25-Sub-ContractorAcknowledments\2021\Architectural Glass & Metal\1-FA COVID Vaccine","TONNANDBLANK\impactadmin","Allow","FullControl","True"
"Y:\ttbntfile1\shared\appsdata\groups\25-Sub-ContractorAcknowledments\2021\Architectural Glass & Metal\1-FA COVID Vaccine","CREATOR OWNER","Allow","FullControl","True"
"Y:\ttbntfile1\shared\appsdata\groups\25-Sub-ContractorAcknowledments\2021\Architectural Glass & Metal\1-FA COVID Vaccine","BUILTIN\Administrators","Allow","FullControl","True"
"Y:\ttbntfile1\shared\appsdata\groups\25-Sub-ContractorAcknowledments\2021\Architectural Glass & Metal\1-FA COVID Vaccine","NT AUTHORITY\SYSTEM","Allow","FullControl","True"
"Y:\ttbntfile1\shared\appsdata\groups\25-Sub-ContractorAcknowledments\2021\Architectural Glass & Metal\2-FA FLU Vaccine","TONNANDBLANK\AVD Test Users","Allow","FullControl","True"
"Y:\ttbntfile1\shared\appsdata\groups\25-Sub-ContractorAcknowledments\2021\Architectural Glass & Metal\2-FA FLU Vaccine","TONNANDBLANK\impactadmin","Allow","FullControl","True"
"Y:\ttbntfile1\shared\appsdata\groups\25-Sub-ContractorAcknowledments\2021\Architectural Glass & Metal\2-FA FLU Vaccine","CREATOR OWNER","Allow","FullControl","True"
"Y:\ttbntfile1\shared\appsdata\groups\25-Sub-ContractorAcknowledments\2021\Architectural Glass & Metal\2-FA FLU Vaccine","BUILTIN\Administrators","Allow","FullControl","True"
"Y:\ttbntfile1\shared\appsdata\groups\25-Sub-ContractorAcknowledments\2021\Architectural Glass & Metal\2-FA FLU Vaccine","NT AUTHORITY\SYSTEM","Allow","FullControl","True"
"Y:\ttbntfile1\shared\appsdata\groups\25-Sub-ContractorAcknowledments\2021\B&E Painting\1-FA COVID Vaccine","TONNANDBLANK\AVD Test Users","Allow","FullControl","True"
"Y:\ttbntfile1\shared\appsdata\groups\25-Sub-ContractorAcknowledments\2021\B&E Painting\1-FA COVID Vaccine","TONNANDBLANK\impactadmin","Allow","FullControl","True"
"Y:\ttbntfile1\shared\appsdata\groups\25-Sub-ContractorAcknowledments\2021\B&E Painting\1-FA COVID Vaccine","CREATOR OWNER","Allow","FullControl","True"
"Y:\ttbntfile1\shared\appsdata\groups\25-Sub-ContractorAcknowledments\2021\B&E Painting\1-FA COVID Vaccine","BUILTIN\Administrators","Allow","FullControl","True"
"Y:\ttbntfile1\shared\appsdata\groups\25-Sub-ContractorAcknowledments\2021\B&E Painting\1-FA COVID Vaccine","NT AUTHORITY\SYSTEM","Allow","FullControl","True"
"Y:\ttbntfile1\shared\appsdata\groups\25-Sub-ContractorAcknowledments\2021\B&E Painting\2-FA FLU Vaccine","TONNANDBLANK\AVD Test Users","Allow","FullControl","True"
"Y:\ttbntfile1\shared\appsdata\groups\25-Sub-ContractorAcknowledments\2021\B&E Painting\2-FA FLU Vaccine","TONNANDBLANK\impactadmin","Allow","FullControl","True"
"Y:\ttbntfile1\shared\appsdata\groups\25-Sub-ContractorAcknowledments\2021\B&E Painting\2-FA FLU Vaccine","CREATOR OWNER","Allow","FullControl","True"
"Y:\ttbntfile1\shared\appsdata\groups\25-Sub-ContractorAcknowledments\2021\B&E Painting\2-FA FLU Vaccine","BUILTIN\Administrators","Allow","FullControl","True"
"Y:\ttbntfile1\shared\appsdata\groups\25-Sub-ContractorAcknowledments\2021\B&E Painting\2-FA FLU Vaccine","NT AUTHORITY\SYSTEM","Allow","FullControl","True"
"Y:\ttbntfile1\shared\appsdata\groups\25-Sub-ContractorAcknowledments\2021\Birk Plumbing\1-FA COVID Vaccine","TONNANDBLANK\AVD Test Users","Allow","FullControl","True"
"Y:\ttbntfile1\shared\appsdata\groups\25-Sub-ContractorAcknowledments\2021\Birk Plumbing\1-FA COVID Vaccine","TONNANDBLANK\impactadmin","Allow","FullControl","True"
"Y:\ttbntfile1\shared\appsdata\groups\25-Sub-ContractorAcknowledments\2021\Birk Plumbing\1-FA COVID Vaccine","CREATOR OWNER","Allow","FullControl","True"
"Y:\ttbntfile1\shared\appsdata\groups\25-Sub-ContractorAcknowledments\2021\Birk Plumbing\1-FA COVID Vaccine","BUILTIN\Administrators","Allow","FullControl","True"
"Y:\ttbntfile1\shared\appsdata\groups\25-Sub-ContractorAcknowledments\2021\Birk Plumbing\1-FA COVID Vaccine","NT AUTHORITY\SYSTEM","Allow","FullControl","True"
"Y:\ttbntfile1\shared\appsdata\groups\25-Sub-ContractorAcknowledments\2021\Birk Plumbing\2-FA FLU Vaccine","TONNANDBLANK\AVD Test Users","Allow","FullControl","True"
"Y:\ttbntfile1\shared\appsdata\groups\25-Sub-ContractorAcknowledments\2021\Birk Plumbing\2-FA FLU Vaccine","TONNANDBLANK\impactadmin","Allow","FullControl","True"
"Y:\ttbntfile1\shared\appsdata\groups\25-Sub-ContractorAcknowledments\2021\Birk Plumbing\2-FA FLU Vaccine","CREATOR OWNER","Allow","FullControl","True"
"Y:\ttbntfile1\shared\appsdata\groups\25-Sub-ContractorAcknowledments\2021\Birk Plumbing\2-FA FLU Vaccine","BUILTIN\Administrators","Allow","FullControl","True"
"Y:\ttbntfile1\shared\appsdata\groups\25-Sub-ContractorAcknowledments\2021\Birk Plumbing\2-FA FLU Vaccine","NT AUTHORITY\SYSTEM","Allow","FullControl","True"
"Y:\ttbntfile1\shared\appsdata\groups\25-Sub-ContractorAcknowledments\2021\Botti Studio\1-FA COVID Vaccine","TONNANDBLANK\AVD Test Users","Allow","FullControl","True"
"Y:\ttbntfile1\shared\appsdata\groups\25-Sub-ContractorAcknowledments\2021\Botti Studio\1-FA COVID Vaccine","TONNANDBLANK\impactadmin","Allow","FullControl","True"
"Y:\ttbntfile1\shared\appsdata\groups\25-Sub-ContractorAcknowledments\2021\Botti Studio\1-FA COVID Vaccine","CREATOR OWNER","Allow","FullControl","True"
"Y:\ttbntfile1\shared\appsdata\groups\25-Sub-ContractorAcknowledments\2021\Botti Studio\1-FA COVID Vaccine","BUILTIN\Administrators","Allow","FullControl","True"
"Y:\ttbntfile1\shared\appsdata\groups\25-Sub-ContractorAcknowledments\2021\Botti Studio\1-FA COVID Vaccine","NT AUTHORITY\SYSTEM","Allow","FullControl","True"
"Y:\ttbntfile1\shared\appsdata\groups\25-Sub-ContractorAcknowledments\2021\Botti Studio\2-FA FLU Vaccine","TONNANDBLANK\AVD Test Users","Allow","FullControl","True"
"Y:\ttbntfile1\shared\appsdata\groups\25-Sub-ContractorAcknowledments\2021\Botti Studio\2-FA FLU Vaccine","TONNANDBLANK\impactadmin","Allow","FullControl","True"
"Y:\ttbntfile1\shared\appsdata\groups\25-Sub-ContractorAcknowledments\2021\Botti Studio\2-FA FLU Vaccine","CREATOR OWNER","Allow","FullControl","True"
"Y:\ttbntfile1\shared\appsdata\groups\25-Sub-ContractorAcknowledments\2021\Botti Studio\2-FA FLU Vaccine","BUILTIN\Administrators","Allow","FullControl","True"
"Y:\ttbntfile1\shared\appsdata\groups\25-Sub-ContractorAcknowledments\2021\Botti Studio\2-FA FLU Vaccine","NT AUTHORITY\SYSTEM","Allow","FullControl","True"
"Y:\ttbntfile1\shared\appsdata\groups\25-Sub-ContractorAcknowledments\2021\Brenneco\1-FA COVID Vaccine","TONNANDBLANK\AVD Test Users","Allow","FullControl","True"
"Y:\ttbntfile1\shared\appsdata\groups\25-Sub-ContractorAcknowledments\2021\Brenneco\1-FA COVID Vaccine","TONNANDBLANK\impactadmin","Allow","FullControl","True"
"Y:\ttbntfile1\shared\appsdata\groups\25-Sub-ContractorAcknowledments\2021\Brenneco\1-FA COVID Vaccine","CREATOR OWNER","Allow","FullControl","True"
"Y:\ttbntfile1\shared\appsdata\groups\25-Sub-ContractorAcknowledments\2021\Brenneco\1-FA COVID Vaccine","BUILTIN\Administrators","Allow","FullControl","True"
"Y:\ttbntfile1\shared\appsdata\groups\25-Sub-ContractorAcknowledments\2021\Brenneco\1-FA COVID Vaccine","NT AUTHORITY\SYSTEM","Allow","FullControl","True"
"Y:\ttbntfile1\shared\appsdata\groups\25-Sub-ContractorAcknowledments\2021\Brenneco\2-FA FLU Vaccine","TONNANDBLANK\AVD Test Users","Allow","FullControl","True"
"Y:\ttbntfile1\shared\appsdata\groups\25-Sub-ContractorAcknowledments\2021\Brenneco\2-FA FLU Vaccine","TONNANDBLANK\impactadmin","Allow","FullControl","True"
"Y:\ttbntfile1\shared\appsdata\groups\25-Sub-ContractorAcknowledments\2021\Brenneco\2-FA FLU Vaccine","CREATOR OWNER","Allow","FullControl","True"
"Y:\ttbntfile1\shared\appsdata\groups\25-Sub-ContractorAcknowledments\2021\Brenneco\2-FA FLU Vaccine","BUILTIN\Administrators","Allow","FullControl","True"
"Y:\ttbntfile1\shared\appsdata\groups\25-Sub-ContractorAcknowledments\2021\Brenneco\2-FA FLU Vaccine","NT AUTHORITY\SYSTEM","Allow","FullControl","True"
"Y:\ttbntfile1\shared\appsdata\groups\25-Sub-ContractorAcknowledments\2021\Bright Sheet Metal (BSM)\1-FA COVID Vaccine","TONNANDBLANK\AVD Test Users","Allow","FullControl","True"
"Y:\ttbntfile1\shared\appsdata\groups\25-Sub-ContractorAcknowledments\2021\Bright Sheet Metal (BSM)\1-FA COVID Vaccine","TONNANDBLANK\impactadmin","Allow","FullControl","True"
"Y:\ttbntfile1\shared\appsdata\groups\25-Sub-ContractorAcknowledments\2021\Bright Sheet Metal (BSM)\1-FA COVID Vaccine","CREATOR OWNER","Allow","FullControl","True"
"Y:\ttbntfile1\shared\appsdata\groups\25-Sub-ContractorAcknowledments\2021\Bright Sheet Metal (BSM)\1-FA COVID Vaccine","BUILTIN\Administrators","Allow","FullControl","True"
"Y:\ttbntfile1\shared\appsdata\groups\25-Sub-ContractorAcknowledments\2021\Bright Sheet Metal (BSM)\1-FA COVID Vaccine","NT AUTHORITY\SYSTEM","Allow","FullControl","True"
"Y:\ttbntfile1\shared\appsdata\groups\25-Sub-ContractorAcknowledments\2021\Bright Sheet Metal (BSM)\2-FA FLU Vaccine","TONNANDBLANK\AVD Test Users","Allow","FullControl","True"
"Y:\ttbntfile1\shared\appsdata\groups\25-Sub-ContractorAcknowledments\2021\Bright Sheet Metal (BSM)\2-FA FLU Vaccine","TONNANDBLANK\impactadmin","Allow","FullControl","True"
"Y:\ttbntfile1\shared\appsdata\groups\25-Sub-ContractorAcknowledments\2021\Bright Sheet Metal (BSM)\2-FA FLU Vaccine","CREATOR OWNER","Allow","FullControl","True"
"Y:\ttbntfile1\shared\appsdata\groups\25-Sub-ContractorAcknowledments\2021\Bright Sheet Metal (BSM)\2-FA FLU Vaccine","BUILTIN\Administrators","Allow","FullControl","True"
"Y:\ttbntfile1\shared\appsdata\groups\25-Sub-ContractorAcknowledments\2021\Bright Sheet Metal (BSM)\2-FA FLU Vaccine","NT AUTHORITY\SYSTEM","Allow","FullControl","True"
"Y:\ttbntfile1\shared\appsdata\groups\25-Sub-ContractorAcknowledments\2021\Central Indiana Insulation (CII)\1-FA COVID Vaccine","TONNANDBLANK\AVD Test Users","Allow","FullControl","True"
"Y:\ttbntfile1\shared\appsdata\groups\25-Sub-ContractorAcknowledments\2021\Central Indiana Insulation (CII)\1-FA COVID Vaccine","TONNANDBLANK\impactadmin","Allow","FullControl","True"
"Y:\ttbntfile1\shared\appsdata\groups\25-Sub-ContractorAcknowledments\2021\Central Indiana Insulation (CII)\1-FA COVID Vaccine","CREATOR OWNER","Allow","FullControl","True"
"Y:\ttbntfile1\shared\appsdata\groups\25-Sub-ContractorAcknowledments\2021\Central Indiana Insulation (CII)\1-FA COVID Vaccine","BUILTIN\Administrators","Allow","FullControl","True"
"Y:\ttbntfile1\shared\appsdata\groups\25-Sub-ContractorAcknowledments\2021\Central Indiana Insulation (CII)\1-FA COVID Vaccine","NT AUTHORITY\SYSTEM","Allow","FullControl","True"
"Y:\ttbntfile1\shared\appsdata\groups\25-Sub-ContractorAcknowledments\2021\Central Indiana Insulation (CII)\2-FA FLU Vaccine","TONNANDBLANK\AVD Test Users","Allow","FullControl","True"
"Y:\ttbntfile1\shared\appsdata\groups\25-Sub-ContractorAcknowledments\2021\Central Indiana Insulation (CII)\2-FA FLU Vaccine","TONNANDBLANK\impactadmin","Allow","FullControl","True"
"Y:\ttbntfile1\shared\appsdata\groups\25-Sub-ContractorAcknowledments\2021\Central Indiana Insulation (CII)\2-FA FLU Vaccine","CREATOR OWNER","Allow","FullControl","True"
"Y:\ttbntfile1\shared\appsdata\groups\25-Sub-ContractorAcknowledments\2021\Central Indiana Insulation (CII)\2-FA FLU Vaccine","BUILTIN\Administrators","Allow","FullControl","True"
"Y:\ttbntfile1\shared\appsdata\groups\25-Sub-ContractorAcknowledments\2021\Central Indiana Insulation (CII)\2-FA FLU Vaccine","NT AUTHORITY\SYSTEM","Allow","FullControl","True"
"Y:\ttbntfile1\shared\appsdata\groups\25-Sub-ContractorAcknowledments\2021\Diverzify\1-FA COVID Vaccine","TONNANDBLANK\AVD Test Users","Allow","FullControl","True"
"Y:\ttbntfile1\shared\appsdata\groups\25-Sub-ContractorAcknowledments\2021\Diverzify\1-FA COVID Vaccine","TONNANDBLANK\impactadmin","Allow","FullControl","True"
"Y:\ttbntfile1\shared\appsdata\groups\25-Sub-ContractorAcknowledments\2021\Diverzify\1-FA COVID Vaccine","CREATOR OWNER","Allow","FullControl","True"
"Y:\ttbntfile1\shared\appsdata\groups\25-Sub-ContractorAcknowledments\2021\Diverzify\1-FA COVID Vaccine","BUILTIN\Administrators","Allow","FullControl","True"
"Y:\ttbntfile1\shared\appsdata\groups\25-Sub-ContractorAcknowledments\2021\Diverzify\1-FA COVID Vaccine","NT AUTHORITY\SYSTEM","Allow","FullControl","True"
"Y:\ttbntfile1\shared\appsdata\groups\25-Sub-ContractorAcknowledments\2021\Diverzify\2-FA FLU Vaccine","TONNANDBLANK\AVD Test Users","Allow","FullControl","True"
"Y:\ttbntfile1\shared\appsdata\groups\25-Sub-ContractorAcknowledments\2021\Diverzify\2-FA FLU Vaccine","TONNANDBLANK\impactadmin","Allow","FullControl","True"
"Y:\ttbntfile1\shared\appsdata\groups\25-Sub-ContractorAcknowledments\2021\Diverzify\2-FA FLU Vaccine","CREATOR OWNER","Allow","FullControl","True"
"Y:\ttbntfile1\shared\appsdata\groups\25-Sub-ContractorAcknowledments\2021\Diverzify\2-FA FLU Vaccine","BUILTIN\Administrators","Allow","FullControl","True"
"Y:\ttbntfile1\shared\appsdata\groups\25-Sub-ContractorAcknowledments\2021\Diverzify\2-FA FLU Vaccine","NT AUTHORITY\SYSTEM","Allow","FullControl","True"
"Y:\ttbntfile1\shared\appsdata\groups\25-Sub-ContractorAcknowledments\2021\EC Babilla\1-FA COVID Vaccine","TONNANDBLANK\AVD Test Users","Allow","FullControl","True"
"Y:\ttbntfile1\shared\appsdata\groups\25-Sub-ContractorAcknowledments\2021\EC Babilla\1-FA COVID Vaccine","TONNANDBLANK\impactadmin","Allow","FullControl","True"
"Y:\ttbntfile1\shared\appsdata\groups\25-Sub-ContractorAcknowledments\2021\EC Babilla\1-FA COVID Vaccine","CREATOR OWNER","Allow","FullControl","True"
"Y:\ttbntfile1\shared\appsdata\groups\25-Sub-ContractorAcknowledments\2021\EC Babilla\1-FA COVID Vaccine","BUILTIN\Administrators","Allow","FullControl","True"
"Y:\ttbntfile1\shared\appsdata\groups\25-Sub-ContractorAcknowledments\2021\EC Babilla\1-FA COVID Vaccine","NT AUTHORITY\SYSTEM","Allow","FullControl","True"
"Y:\ttbntfile1\shared\appsdata\groups\25-Sub-ContractorAcknowledments\2021\EC Babilla\2-FA FLU Vaccine","TONNANDBLANK\AVD Test Users","Allow","FullControl","True"
"Y:\ttbntfile1\shared\appsdata\groups\25-Sub-ContractorAcknowledments\2021\EC Babilla\2-FA FLU Vaccine","TONNANDBLANK\impactadmin","Allow","FullControl","True"
"Y:\ttbntfile1\shared\appsdata\groups\25-Sub-ContractorAcknowledments\2021\EC Babilla\2-FA FLU Vaccine","CREATOR OWNER","Allow","FullControl","True"
"Y:\ttbntfile1\shared\appsdata\groups\25-Sub-ContractorAcknowledments\2021\EC Babilla\2-FA FLU Vaccine","BUILTIN\Administrators","Allow","FullControl","True"
"Y:\ttbntfile1\shared\appsdata\groups\25-Sub-ContractorAcknowledments\2021\EC Babilla\2-FA FLU Vaccine","NT AUTHORITY\SYSTEM","Allow","FullControl","True"
"Y:\ttbntfile1\shared\appsdata\groups\25-Sub-ContractorAcknowledments\2021\Ermco\1-FA COVID Vaccine","TONNANDBLANK\AVD Test Users","Allow","FullControl","True"
"Y:\ttbntfile1\shared\appsdata\groups\25-Sub-ContractorAcknowledments\2021\Ermco\1-FA COVID Vaccine","TONNANDBLANK\impactadmin","Allow","FullControl","True"
"Y:\ttbntfile1\shared\appsdata\groups\25-Sub-ContractorAcknowledments\2021\Ermco\1-FA COVID Vaccine","CREATOR OWNER","Allow","FullControl","True"
"Y:\ttbntfile1\shared\appsdata\groups\25-Sub-ContractorAcknowledments\2021\Ermco\1-FA COVID Vaccine","BUILTIN\Administrators","Allow","FullControl","True"
"Y:\ttbntfile1\shared\appsdata\groups\25-Sub-ContractorAcknowledments\2021\Ermco\1-FA COVID Vaccine","NT AUTHORITY\SYSTEM","Allow","FullControl","True"
"Y:\ttbntfile1\shared\appsdata\groups\25-Sub-ContractorAcknowledments\2021\Ermco\2-FA FLU Vaccine","TONNANDBLANK\AVD Test Users","Allow","FullControl","True"
"Y:\ttbntfile1\shared\appsdata\groups\25-Sub-ContractorAcknowledments\2021\Ermco\2-FA FLU Vaccine","TONNANDBLANK\impactadmin","Allow","FullControl","True"
"Y:\ttbntfile1\shared\appsdata\groups\25-Sub-ContractorAcknowledments\2021\Ermco\2-FA FLU Vaccine","CREATOR OWNER","Allow","FullControl","True"
"Y:\ttbntfile1\shared\appsdata\groups\25-Sub-ContractorAcknowledments\2021\Ermco\2-FA FLU Vaccine","BUILTIN\Administrators","Allow","FullControl","True"
"Y:\ttbntfile1\shared\appsdata\groups\25-Sub-ContractorAcknowledments\2021\Ermco\2-FA FLU Vaccine","NT AUTHORITY\SYSTEM","Allow","FullControl","True"
"Y:\ttbntfile1\shared\appsdata\groups\25-Sub-ContractorAcknowledments\2021\Flooring Resources\1-FA COVID Vaccine","TONNANDBLANK\AVD Test Users","Allow","FullControl","True"
"Y:\ttbntfile1\shared\appsdata\groups\25-Sub-ContractorAcknowledments\2021\Flooring Resources\1-FA COVID Vaccine","TONNANDBLANK\impactadmin","Allow","FullControl","True"
"Y:\ttbntfile1\shared\appsdata\groups\25-Sub-ContractorAcknowledments\2021\Flooring Resources\1-FA COVID Vaccine","CREATOR OWNER","Allow","FullControl","True"
"Y:\ttbntfile1\shared\appsdata\groups\25-Sub-ContractorAcknowledments\2021\Flooring Resources\1-FA COVID Vaccine","BUILTIN\Administrators","Allow","FullControl","True"
"Y:\ttbntfile1\shared\appsdata\groups\25-Sub-ContractorAcknowledments\2021\Flooring Resources\1-FA COVID Vaccine","NT AUTHORITY\SYSTEM","Allow","FullControl","True"
"Y:\ttbntfile1\shared\appsdata\groups\25-Sub-ContractorAcknowledments\2021\Flooring Resources\2-FA FLU Vaccine","TONNANDBLANK\AVD Test Users","Allow","FullControl","True"
"Y:\ttbntfile1\shared\appsdata\groups\25-Sub-ContractorAcknowledments\2021\Flooring Resources\2-FA FLU Vaccine","TONNANDBLANK\impactadmin","Allow","FullControl","True"
"Y:\ttbntfile1\shared\appsdata\groups\25-Sub-ContractorAcknowledments\2021\Flooring Resources\2-FA FLU Vaccine","CREATOR OWNER","Allow","FullControl","True"
"Y:\ttbntfile1\shared\appsdata\groups\25-Sub-ContractorAcknowledments\2021\Flooring Resources\2-FA FLU Vaccine","BUILTIN\Administrators","Allow","FullControl","True"
"Y:\ttbntfile1\shared\appsdata\groups\25-Sub-ContractorAcknowledments\2021\Flooring Resources\2-FA FLU Vaccine","NT AUTHORITY\SYSTEM","Allow","FullControl","True"
"Y:\ttbntfile1\shared\appsdata\groups\25-Sub-ContractorAcknowledments\2021\Fort Wayne Reinforcing, Inc. (FWR)\1-FA COVID Vaccine","TONNANDBLANK\AVD Test Users","Allow","FullControl","True"
"Y:\ttbntfile1\shared\appsdata\groups\25-Sub-ContractorAcknowledments\2021\Fort Wayne Reinforcing, Inc. (FWR)\1-FA COVID Vaccine","TONNANDBLANK\impactadmin","Allow","FullControl","True"
"Y:\ttbntfile1\shared\appsdata\groups\25-Sub-ContractorAcknowledments\2021\Fort Wayne Reinforcing, Inc. (FWR)\1-FA COVID Vaccine","CREATOR OWNER","Allow","FullControl","True"
"Y:\ttbntfile1\shared\appsdata\groups\25-Sub-ContractorAcknowledments\2021\Fort Wayne Reinforcing, Inc. (FWR)\1-FA COVID Vaccine","BUILTIN\Administrators","Allow","FullControl","True"
"Y:\ttbntfile1\shared\appsdata\groups\25-Sub-ContractorAcknowledments\2021\Fort Wayne Reinforcing, Inc. (FWR)\1-FA COVID Vaccine","NT AUTHORITY\SYSTEM","Allow","FullControl","True"
"Y:\ttbntfile1\shared\appsdata\groups\25-Sub-ContractorAcknowledments\2021\Fort Wayne Reinforcing, Inc. (FWR)\2-FA FLU Vaccine","TONNANDBLANK\AVD Test Users","Allow","FullControl","True"
"Y:\ttbntfile1\shared\appsdata\groups\25-Sub-ContractorAcknowledments\2021\Fort Wayne Reinforcing, Inc. (FWR)\2-FA FLU Vaccine","TONNANDBLANK\impactadmin","Allow","FullControl","True"
"Y:\ttbntfile1\shared\appsdata\groups\25-Sub-ContractorAcknowledments\2021\Fort Wayne Reinforcing, Inc. (FWR)\2-FA FLU Vaccine","CREATOR OWNER","Allow","FullControl","True"
"Y:\ttbntfile1\shared\appsdata\groups\25-Sub-ContractorAcknowledments\2021\Fort Wayne Reinforcing, Inc. (FWR)\2-FA FLU Vaccine","BUILTIN\Administrators","Allow","FullControl","True"
"Y:\ttbntfile1\shared\appsdata\groups\25-Sub-ContractorAcknowledments\2021\Fort Wayne Reinforcing, Inc. (FWR)\2-FA FLU Vaccine","NT AUTHORITY\SYSTEM","Allow","FullControl","True"
"Y:\ttbntfile1\shared\appsdata\groups\25-Sub-ContractorAcknowledments\2021\Gibson Painting\1-FA COVID Vaccine","TONNANDBLANK\AVD Test Users","Allow","FullControl","True"
"Y:\ttbntfile1\shared\appsdata\groups\25-Sub-ContractorAcknowledments\2021\Gibson Painting\1-FA COVID Vaccine","TONNANDBLANK\impactadmin","Allow","FullControl","True"
"Y:\ttbntfile1\shared\appsdata\groups\25-Sub-ContractorAcknowledments\2021\Gibson Painting\1-FA COVID Vaccine","CREATOR OWNER","Allow","FullControl","True"
"Y:\ttbntfile1\shared\appsdata\groups\25-Sub-ContractorAcknowledments\2021\Gibson Painting\1-FA COVID Vaccine","BUILTIN\Administrators","Allow","FullControl","True"
"Y:\ttbntfile1\shared\appsdata\groups\25-Sub-ContractorAcknowledments\2021\Gibson Painting\1-FA COVID Vaccine","NT AUTHORITY\SYSTEM","Allow","FullControl","True"
"Y:\ttbntfile1\shared\appsdata\groups\25-Sub-ContractorAcknowledments\2021\Gibson Painting\2-FA FLU Vaccine","TONNANDBLANK\AVD Test Users","Allow","FullControl","True"
"Y:\ttbntfile1\shared\appsdata\groups\25-Sub-ContractorAcknowledments\2021\Gibson Painting\2-FA FLU Vaccine","TONNANDBLANK\impactadmin","Allow","FullControl","True"
"Y:\ttbntfile1\shared\appsdata\groups\25-Sub-ContractorAcknowledments\2021\Gibson Painting\2-FA FLU Vaccine","CREATOR OWNER","Allow","FullControl","True"
"Y:\ttbntfile1\shared\appsdata\groups\25-Sub-ContractorAcknowledments\2021\Gibson Painting\2-FA FLU Vaccine","BUILTIN\Administrators","Allow","FullControl","True"
"Y:\ttbntfile1\shared\appsdata\groups\25-Sub-ContractorAcknowledments\2021\Gibson Painting\2-FA FLU Vaccine","NT AUTHORITY\SYSTEM","Allow","FullControl","True"
"Y:\ttbntfile1\shared\appsdata\groups\25-Sub-ContractorAcknowledments\2021\Gluth Brothers Roofing\1-FA COVID Vaccine","TONNANDBLANK\AVD Test Users","Allow","FullControl","True"
"Y:\ttbntfile1\shared\appsdata\groups\25-Sub-ContractorAcknowledments\2021\Gluth Brothers Roofing\1-FA COVID Vaccine","TONNANDBLANK\impactadmin","Allow","FullControl","True"
"Y:\ttbntfile1\shared\appsdata\groups\25-Sub-ContractorAcknowledments\2021\Gluth Brothers Roofing\1-FA COVID Vaccine","CREATOR OWNER","Allow","FullControl","True"
"Y:\ttbntfile1\shared\appsdata\groups\25-Sub-ContractorAcknowledments\2021\Gluth Brothers Roofing\1-FA COVID Vaccine","BUILTIN\Administrators","Allow","FullControl","True"
"Y:\ttbntfile1\shared\appsdata\groups\25-Sub-ContractorAcknowledments\2021\Gluth Brothers Roofing\1-FA COVID Vaccine","NT AUTHORITY\SYSTEM","Allow","FullControl","True"
"Y:\ttbntfile1\shared\appsdata\groups\25-Sub-ContractorAcknowledments\2021\Gluth Brothers Roofing\2-FA FLU Vaccine","TONNANDBLANK\AVD Test Users","Allow","FullControl","True"
"Y:\ttbntfile1\shared\appsdata\groups\25-Sub-ContractorAcknowledments\2021\Gluth Brothers Roofing\2-FA FLU Vaccine","TONNANDBLANK\impactadmin","Allow","FullControl","True"
"Y:\ttbntfile1\shared\appsdata\groups\25-Sub-ContractorAcknowledments\2021\Gluth Brothers Roofing\2-FA FLU Vaccine","CREATOR OWNER","Allow","FullControl","True"
"Y:\ttbntfile1\shared\appsdata\groups\25-Sub-ContractorAcknowledments\2021\Gluth Brothers Roofing\2-FA FLU Vaccine","BUILTIN\Administrators","Allow","FullControl","True"
"Y:\ttbntfile1\shared\appsdata\groups\25-Sub-ContractorAcknowledments\2021\Gluth Brothers Roofing\2-FA FLU Vaccine","NT AUTHORITY\SYSTEM","Allow","FullControl","True"
"Y:\ttbntfile1\shared\appsdata\groups\25-Sub-ContractorAcknowledments\2021\Huston\1-FA COVID Vaccine","TONNANDBLANK\AVD Test Users","Allow","FullControl","True"
"Y:\ttbntfile1\shared\appsdata\groups\25-Sub-ContractorAcknowledments\2021\Huston\1-FA COVID Vaccine","TONNANDBLANK\impactadmin","Allow","FullControl","True"
"Y:\ttbntfile1\shared\appsdata\groups\25-Sub-ContractorAcknowledments\2021\Huston\1-FA COVID Vaccine","CREATOR OWNER","Allow","FullControl","True"
"Y:\ttbntfile1\shared\appsdata\groups\25-Sub-ContractorAcknowledments\2021\Huston\1-FA COVID Vaccine","BUILTIN\Administrators","Allow","FullControl","True"
"Y:\ttbntfile1\shared\appsdata\groups\25-Sub-ContractorAcknowledments\2021\Huston\1-FA COVID Vaccine","NT AUTHORITY\SYSTEM","Allow","FullControl","True"
"Y:\ttbntfile1\shared\appsdata\groups\25-Sub-ContractorAcknowledments\2021\Huston\2-FA FLU Vaccine","TONNANDBLANK\AVD Test Users","Allow","FullControl","True"
"Y:\ttbntfile1\shared\appsdata\groups\25-Sub-ContractorAcknowledments\2021\Huston\2-FA FLU Vaccine","TONNANDBLANK\impactadmin","Allow","FullControl","True"
"Y:\ttbntfile1\shared\appsdata\groups\25-Sub-ContractorAcknowledments\2021\Huston\2-FA FLU Vaccine","CREATOR OWNER","Allow","FullControl","True"
"Y:\ttbntfile1\shared\appsdata\groups\25-Sub-ContractorAcknowledments\2021\Huston\2-FA FLU Vaccine","BUILTIN\Administrators","Allow","FullControl","True"
"Y:\ttbntfile1\shared\appsdata\groups\25-Sub-ContractorAcknowledments\2021\Huston\2-FA FLU Vaccine","NT AUTHORITY\SYSTEM","Allow","FullControl","True"
"Y:\ttbntfile1\shared\appsdata\groups\25-Sub-ContractorAcknowledments\2021\Interior Specialites, Inc. (ISI)\1-FA COVID Vaccine","TONNANDBLANK\AVD Test Users","Allow","FullControl","True"
"Y:\ttbntfile1\shared\appsdata\groups\25-Sub-ContractorAcknowledments\2021\Interior Specialites, Inc. (ISI)\1-FA COVID Vaccine","TONNANDBLANK\impactadmin","Allow","FullControl","True"
"Y:\ttbntfile1\shared\appsdata\groups\25-Sub-ContractorAcknowledments\2021\Interior Specialites, Inc. (ISI)\1-FA COVID Vaccine","CREATOR OWNER","Allow","FullControl","True"
"Y:\ttbntfile1\shared\appsdata\groups\25-Sub-ContractorAcknowledments\2021\Interior Specialites, Inc. (ISI)\1-FA COVID Vaccine","BUILTIN\Administrators","Allow","FullControl","True"
"Y:\ttbntfile1\shared\appsdata\groups\25-Sub-ContractorAcknowledments\2021\Interior Specialites, Inc. (ISI)\1-FA COVID Vaccine","NT AUTHORITY\SYSTEM","Allow","FullControl","True"
"Y:\ttbntfile1\shared\appsdata\groups\25-Sub-ContractorAcknowledments\2021\Interior Specialites, Inc. (ISI)\2-FA FLU Vaccine","TONNANDBLANK\AVD Test Users","Allow","FullControl","True"
"Y:\ttbntfile1\shared\appsdata\groups\25-Sub-ContractorAcknowledments\2021\Interior Specialites, Inc. (ISI)\2-FA FLU Vaccine","TONNANDBLANK\impactadmin","Allow","FullControl","True"
"Y:\ttbntfile1\shared\appsdata\groups\25-Sub-ContractorAcknowledments\2021\Interior Specialites, Inc. (ISI)\2-FA FLU Vaccine","CREATOR OWNER","Allow","FullControl","True"
"Y:\ttbntfile1\shared\appsdata\groups\25-Sub-ContractorAcknowledments\2021\Interior Specialites, Inc. (ISI)\2-FA FLU Vaccine","BUILTIN\Administrators","Allow","FullControl","True"
"Y:\ttbntfile1\shared\appsdata\groups\25-Sub-ContractorAcknowledments\2021\Interior Specialites, Inc. (ISI)\2-FA FLU Vaccine","NT AUTHORITY\SYSTEM","Allow","FullControl","True"
"Y:\ttbntfile1\shared\appsdata\groups\25-Sub-ContractorAcknowledments\2021\Just Rite Acoustics\1-FA COVID Vaccine","TONNANDBLANK\AVD Test Users","Allow","FullControl","True"
"Y:\ttbntfile1\shared\appsdata\groups\25-Sub-ContractorAcknowledments\2021\Just Rite Acoustics\1-FA COVID Vaccine","TONNANDBLANK\impactadmin","Allow","FullControl","True"
"Y:\ttbntfile1\shared\appsdata\groups\25-Sub-ContractorAcknowledments\2021\Just Rite Acoustics\1-FA COVID Vaccine","CREATOR OWNER","Allow","FullControl","True"
"Y:\ttbntfile1\shared\appsdata\groups\25-Sub-ContractorAcknowledments\2021\Just Rite Acoustics\1-FA COVID Vaccine","BUILTIN\Administrators","Allow","FullControl","True"
"Y:\ttbntfile1\shared\appsdata\groups\25-Sub-ContractorAcknowledments\2021\Just Rite Acoustics\1-FA COVID Vaccine","NT AUTHORITY\SYSTEM","Allow","FullControl","True"
"Y:\ttbntfile1\shared\appsdata\groups\25-Sub-ContractorAcknowledments\2021\Just Rite Acoustics\2-FA FLU Vaccine","TONNANDBLANK\AVD Test Users","Allow","FullControl","True"
"Y:\ttbntfile1\shared\appsdata\groups\25-Sub-ContractorAcknowledments\2021\Just Rite Acoustics\2-FA FLU Vaccine","TONNANDBLANK\impactadmin","Allow","FullControl","True"
"Y:\ttbntfile1\shared\appsdata\groups\25-Sub-ContractorAcknowledments\2021\Just Rite Acoustics\2-FA FLU Vaccine","CREATOR OWNER","Allow","FullControl","True"
"Y:\ttbntfile1\shared\appsdata\groups\25-Sub-ContractorAcknowledments\2021\Just Rite Acoustics\2-FA FLU Vaccine","BUILTIN\Administrators","Allow","FullControl","True"
"Y:\ttbntfile1\shared\appsdata\groups\25-Sub-ContractorAcknowledments\2021\Just Rite Acoustics\2-FA FLU Vaccine","NT AUTHORITY\SYSTEM","Allow","FullControl","True"
"Y:\ttbntfile1\shared\appsdata\groups\25-Sub-ContractorAcknowledments\2021\K&S Engineers\1-FA COVID Vaccine","TONNANDBLANK\AVD Test Users","Allow","FullControl","True"
"Y:\ttbntfile1\shared\appsdata\groups\25-Sub-ContractorAcknowledments\2021\K&S Engineers\1-FA COVID Vaccine","TONNANDBLANK\impactadmin","Allow","FullControl","True"
"Y:\ttbntfile1\shared\appsdata\groups\25-Sub-ContractorAcknowledments\2021\K&S Engineers\1-FA COVID Vaccine","CREATOR OWNER","Allow","FullControl","True"
"Y:\ttbntfile1\shared\appsdata\groups\25-Sub-ContractorAcknowledments\2021\K&S Engineers\1-FA COVID Vaccine","BUILTIN\Administrators","Allow","FullControl","True"
"Y:\ttbntfile1\shared\appsdata\groups\25-Sub-ContractorAcknowledments\2021\K&S Engineers\1-FA COVID Vaccine","NT AUTHORITY\SYSTEM","Allow","FullControl","True"
"Y:\ttbntfile1\shared\appsdata\groups\25-Sub-ContractorAcknowledments\2021\K&S Engineers\2-FA FLU Vaccine","TONNANDBLANK\AVD Test Users","Allow","FullControl","True"
"Y:\ttbntfile1\shared\appsdata\groups\25-Sub-ContractorAcknowledments\2021\K&S Engineers\2-FA FLU Vaccine","TONNANDBLANK\impactadmin","Allow","FullControl","True"
"Y:\ttbntfile1\shared\appsdata\groups\25-Sub-ContractorAcknowledments\2021\K&S Engineers\2-FA FLU Vaccine","CREATOR OWNER","Allow","FullControl","True"
"Y:\ttbntfile1\shared\appsdata\groups\25-Sub-ContractorAcknowledments\2021\K&S Engineers\2-FA FLU Vaccine","BUILTIN\Administrators","Allow","FullControl","True"
"Y:\ttbntfile1\shared\appsdata\groups\25-Sub-ContractorAcknowledments\2021\K&S Engineers\2-FA FLU Vaccine","NT AUTHORITY\SYSTEM","Allow","FullControl","True"
"Y:\ttbntfile1\shared\appsdata\groups\25-Sub-ContractorAcknowledments\2021\Kleis\1-FA COVID Vaccine","TONNANDBLANK\AVD Test Users","Allow","FullControl","True"
"Y:\ttbntfile1\shared\appsdata\groups\25-Sub-ContractorAcknowledments\2021\Kleis\1-FA COVID Vaccine","TONNANDBLANK\impactadmin","Allow","FullControl","True"
"Y:\ttbntfile1\shared\appsdata\groups\25-Sub-ContractorAcknowledments\2021\Kleis\1-FA COVID Vaccine","CREATOR OWNER","Allow","FullControl","True"
"Y:\ttbntfile1\shared\appsdata\groups\25-Sub-ContractorAcknowledments\2021\Kleis\1-FA COVID Vaccine","BUILTIN\Administrators","Allow","FullControl","True"
"Y:\ttbntfile1\shared\appsdata\groups\25-Sub-ContractorAcknowledments\2021\Kleis\1-FA COVID Vaccine","NT AUTHORITY\SYSTEM","Allow","FullControl","True"
"Y:\ttbntfile1\shared\appsdata\groups\25-Sub-ContractorAcknowledments\2021\Kleis\2-FA FLU Vaccine","TONNANDBLANK\AVD Test Users","Allow","FullControl","True"
"Y:\ttbntfile1\shared\appsdata\groups\25-Sub-ContractorAcknowledments\2021\Kleis\2-FA FLU Vaccine","TONNANDBLANK\impactadmin","Allow","FullControl","True"
"Y:\ttbntfile1\shared\appsdata\groups\25-Sub-ContractorAcknowledments\2021\Kleis\2-FA FLU Vaccine","CREATOR OWNER","Allow","FullControl","True"
"Y:\ttbntfile1\shared\appsdata\groups\25-Sub-ContractorAcknowledments\2021\Kleis\2-FA FLU Vaccine","BUILTIN\Administrators","Allow","FullControl","True"
"Y:\ttbntfile1\shared\appsdata\groups\25-Sub-ContractorAcknowledments\2021\Kleis\2-FA FLU Vaccine","NT AUTHORITY\SYSTEM","Allow","FullControl","True"
"Y:\ttbntfile1\shared\appsdata\groups\25-Sub-ContractorAcknowledments\2021\Korellis\1-FA COVID Vaccine","TONNANDBLANK\AVD Test Users","Allow","FullControl","True"
"Y:\ttbntfile1\shared\appsdata\groups\25-Sub-ContractorAcknowledments\2021\Korellis\1-FA COVID Vaccine","TONNANDBLANK\impactadmin","Allow","FullControl","True"
"Y:\ttbntfile1\shared\appsdata\groups\25-Sub-ContractorAcknowledments\2021\Korellis\1-FA COVID Vaccine","CREATOR OWNER","Allow","FullControl","True"
"Y:\ttbntfile1\shared\appsdata\groups\25-Sub-ContractorAcknowledments\2021\Korellis\1-FA COVID Vaccine","BUILTIN\Administrators","Allow","FullControl","True"
"Y:\ttbntfile1\shared\appsdata\groups\25-Sub-ContractorAcknowledments\2021\Korellis\1-FA COVID Vaccine","NT AUTHORITY\SYSTEM","Allow","FullControl","True"
"Y:\ttbntfile1\shared\appsdata\groups\25-Sub-ContractorAcknowledments\2021\Korellis\2-FA FLU Vaccine","TONNANDBLANK\AVD Test Users","Allow","FullControl","True"
"Y:\ttbntfile1\shared\appsdata\groups\25-Sub-ContractorAcknowledments\2021\Korellis\2-FA FLU Vaccine","TONNANDBLANK\impactadmin","Allow","FullControl","True"
"Y:\ttbntfile1\shared\appsdata\groups\25-Sub-ContractorAcknowledments\2021\Korellis\2-FA FLU Vaccine","CREATOR OWNER","Allow","FullControl","True"
"Y:\ttbntfile1\shared\appsdata\groups\25-Sub-ContractorAcknowledments\2021\Korellis\2-FA FLU Vaccine","BUILTIN\Administrators","Allow","FullControl","True"
"Y:\ttbntfile1\shared\appsdata\groups\25-Sub-ContractorAcknowledments\2021\Korellis\2-FA FLU Vaccine","NT AUTHORITY\SYSTEM","Allow","FullControl","True"
"Y:\ttbntfile1\shared\appsdata\groups\25-Sub-ContractorAcknowledments\2021\Long\1-FA COVID Vaccine","TONNANDBLANK\AVD Test Users","Allow","FullControl","True"
"Y:\ttbntfile1\shared\appsdata\groups\25-Sub-ContractorAcknowledments\2021\Long\1-FA COVID Vaccine","TONNANDBLANK\impactadmin","Allow","FullControl","True"
"Y:\ttbntfile1\shared\appsdata\groups\25-Sub-ContractorAcknowledments\2021\Long\1-FA COVID Vaccine","CREATOR OWNER","Allow","FullControl","True"
"Y:\ttbntfile1\shared\appsdata\groups\25-Sub-ContractorAcknowledments\2021\Long\1-FA COVID Vaccine","BUILTIN\Administrators","Allow","FullControl","True"
"Y:\ttbntfile1\shared\appsdata\groups\25-Sub-ContractorAcknowledments\2021\Long\1-FA COVID Vaccine","NT AUTHORITY\SYSTEM","Allow","FullControl","True"
"Y:\ttbntfile1\shared\appsdata\groups\25-Sub-ContractorAcknowledments\2021\Long\2-FA FLU Vaccine","TONNANDBLANK\AVD Test Users","Allow","FullControl","True"
"Y:\ttbntfile1\shared\appsdata\groups\25-Sub-ContractorAcknowledments\2021\Long\2-FA FLU Vaccine","TONNANDBLANK\impactadmin","Allow","FullControl","True"
"Y:\ttbntfile1\shared\appsdata\groups\25-Sub-ContractorAcknowledments\2021\Long\2-FA FLU Vaccine","CREATOR OWNER","Allow","FullControl","True"
"Y:\ttbntfile1\shared\appsdata\groups\25-Sub-ContractorAcknowledments\2021\Long\2-FA FLU Vaccine","BUILTIN\Administrators","Allow","FullControl","True"
"Y:\ttbntfile1\shared\appsdata\groups\25-Sub-ContractorAcknowledments\2021\Long\2-FA FLU Vaccine","NT AUTHORITY\SYSTEM","Allow","FullControl","True"
"Y:\ttbntfile1\shared\appsdata\groups\25-Sub-ContractorAcknowledments\2021\Meyer\1-FA COVID Vaccine","TONNANDBLANK\AVD Test Users","Allow","FullControl","True"
"Y:\ttbntfile1\shared\appsdata\groups\25-Sub-ContractorAcknowledments\2021\Meyer\1-FA COVID Vaccine","TONNANDBLANK\impactadmin","Allow","FullControl","True"
"Y:\ttbntfile1\shared\appsdata\groups\25-Sub-ContractorAcknowledments\2021\Meyer\1-FA COVID Vaccine","CREATOR OWNER","Allow","FullControl","True"
"Y:\ttbntfile1\shared\appsdata\groups\25-Sub-ContractorAcknowledments\2021\Meyer\1-FA COVID Vaccine","BUILTIN\Administrators","Allow","FullControl","True"
"Y:\ttbntfile1\shared\appsdata\groups\25-Sub-ContractorAcknowledments\2021\Meyer\1-FA COVID Vaccine","NT AUTHORITY\SYSTEM","Allow","FullControl","True"
"Y:\ttbntfile1\shared\appsdata\groups\25-Sub-ContractorAcknowledments\2021\Meyer\2-FA FLU Vaccine","TONNANDBLANK\AVD Test Users","Allow","FullControl","True"
"Y:\ttbntfile1\shared\appsdata\groups\25-Sub-ContractorAcknowledments\2021\Meyer\2-FA FLU Vaccine","TONNANDBLANK\impactadmin","Allow","FullControl","True"
"Y:\ttbntfile1\shared\appsdata\groups\25-Sub-ContractorAcknowledments\2021\Meyer\2-FA FLU Vaccine","CREATOR OWNER","Allow","FullControl","True"
"Y:\ttbntfile1\shared\appsdata\groups\25-Sub-ContractorAcknowledments\2021\Meyer\2-FA FLU Vaccine","BUILTIN\Administrators","Allow","FullControl","True"
"Y:\ttbntfile1\shared\appsdata\groups\25-Sub-ContractorAcknowledments\2021\Meyer\2-FA FLU Vaccine","NT AUTHORITY\SYSTEM","Allow","FullControl","True"
"Y:\ttbntfile1\shared\appsdata\groups\25-Sub-ContractorAcknowledments\2021\Mulhaupts\1-FA COVID Vaccine","TONNANDBLANK\AVD Test Users","Allow","FullControl","True"
"Y:\ttbntfile1\shared\appsdata\groups\25-Sub-ContractorAcknowledments\2021\Mulhaupts\1-FA COVID Vaccine","TONNANDBLANK\impactadmin","Allow","FullControl","True"
"Y:\ttbntfile1\shared\appsdata\groups\25-Sub-ContractorAcknowledments\2021\Mulhaupts\1-FA COVID Vaccine","CREATOR OWNER","Allow","FullControl","True"
"Y:\ttbntfile1\shared\appsdata\groups\25-Sub-ContractorAcknowledments\2021\Mulhaupts\1-FA COVID Vaccine","BUILTIN\Administrators","Allow","FullControl","True"
"Y:\ttbntfile1\shared\appsdata\groups\25-Sub-ContractorAcknowledments\2021\Mulhaupts\1-FA COVID Vaccine","NT AUTHORITY\SYSTEM","Allow","FullControl","True"
"Y:\ttbntfile1\shared\appsdata\groups\25-Sub-ContractorAcknowledments\2021\Mulhaupts\2-FA FLU Vaccine","TONNANDBLANK\AVD Test Users","Allow","FullControl","True"
"Y:\ttbntfile1\shared\appsdata\groups\25-Sub-ContractorAcknowledments\2021\Mulhaupts\2-FA FLU Vaccine","TONNANDBLANK\impactadmin","Allow","FullControl","True"
"Y:\ttbntfile1\shared\appsdata\groups\25-Sub-ContractorAcknowledments\2021\Mulhaupts\2-FA FLU Vaccine","CREATOR OWNER","Allow","FullControl","True"
"Y:\ttbntfile1\shared\appsdata\groups\25-Sub-ContractorAcknowledments\2021\Mulhaupts\2-FA FLU Vaccine","BUILTIN\Administrators","Allow","FullControl","True"
"Y:\ttbntfile1\shared\appsdata\groups\25-Sub-ContractorAcknowledments\2021\Mulhaupts\2-FA FLU Vaccine","NT AUTHORITY\SYSTEM","Allow","FullControl","True"
"Y:\ttbntfile1\shared\appsdata\groups\25-Sub-ContractorAcknowledments\2021\North Mechanical\1-FA COVID Vaccine","TONNANDBLANK\AVD Test Users","Allow","FullControl","True"
"Y:\ttbntfile1\shared\appsdata\groups\25-Sub-ContractorAcknowledments\2021\North Mechanical\1-FA COVID Vaccine","TONNANDBLANK\impactadmin","Allow","FullControl","True"
"Y:\ttbntfile1\shared\appsdata\groups\25-Sub-ContractorAcknowledments\2021\North Mechanical\1-FA COVID Vaccine","CREATOR OWNER","Allow","FullControl","True"
"Y:\ttbntfile1\shared\appsdata\groups\25-Sub-ContractorAcknowledments\2021\North Mechanical\1-FA COVID Vaccine","BUILTIN\Administrators","Allow","FullControl","True"
"Y:\ttbntfile1\shared\appsdata\groups\25-Sub-ContractorAcknowledments\2021\North Mechanical\1-FA COVID Vaccine","NT AUTHORITY\SYSTEM","Allow","FullControl","True"
"Y:\ttbntfile1\shared\appsdata\groups\25-Sub-ContractorAcknowledments\2021\North Mechanical\2-FA FLU Vaccine","TONNANDBLANK\AVD Test Users","Allow","FullControl","True"
"Y:\ttbntfile1\shared\appsdata\groups\25-Sub-ContractorAcknowledments\2021\North Mechanical\2-FA FLU Vaccine","TONNANDBLANK\impactadmin","Allow","FullControl","True"
"Y:\ttbntfile1\shared\appsdata\groups\25-Sub-ContractorAcknowledments\2021\North Mechanical\2-FA FLU Vaccine","CREATOR OWNER","Allow","FullControl","True"
"Y:\ttbntfile1\shared\appsdata\groups\25-Sub-ContractorAcknowledments\2021\North Mechanical\2-FA FLU Vaccine","BUILTIN\Administrators","Allow","FullControl","True"
"Y:\ttbntfile1\shared\appsdata\groups\25-Sub-ContractorAcknowledments\2021\North Mechanical\2-FA FLU Vaccine","NT AUTHORITY\SYSTEM","Allow","FullControl","True"
"Y:\ttbntfile1\shared\appsdata\groups\25-Sub-ContractorAcknowledments\2021\Open Controls Systems\1-FA COVID Vaccine","TONNANDBLANK\AVD Test Users","Allow","FullControl","True"
"Y:\ttbntfile1\shared\appsdata\groups\25-Sub-ContractorAcknowledments\2021\Open Controls Systems\1-FA COVID Vaccine","TONNANDBLANK\impactadmin","Allow","FullControl","True"
"Y:\ttbntfile1\shared\appsdata\groups\25-Sub-ContractorAcknowledments\2021\Open Controls Systems\1-FA COVID Vaccine","CREATOR OWNER","Allow","FullControl","True"
"Y:\ttbntfile1\shared\appsdata\groups\25-Sub-ContractorAcknowledments\2021\Open Controls Systems\1-FA COVID Vaccine","BUILTIN\Administrators","Allow","FullControl","True"
"Y:\ttbntfile1\shared\appsdata\groups\25-Sub-ContractorAcknowledments\2021\Open Controls Systems\1-FA COVID Vaccine","NT AUTHORITY\SYSTEM","Allow","FullControl","True"
"Y:\ttbntfile1\shared\appsdata\groups\25-Sub-ContractorAcknowledments\2021\Open Controls Systems\2-FA FLU Vaccine","TONNANDBLANK\AVD Test Users","Allow","FullControl","True"
"Y:\ttbntfile1\shared\appsdata\groups\25-Sub-ContractorAcknowledments\2021\Open Controls Systems\2-FA FLU Vaccine","TONNANDBLANK\impactadmin","Allow","FullControl","True"
"Y:\ttbntfile1\shared\appsdata\groups\25-Sub-ContractorAcknowledments\2021\Open Controls Systems\2-FA FLU Vaccine","CREATOR OWNER","Allow","FullControl","True"
"Y:\ttbntfile1\shared\appsdata\groups\25-Sub-ContractorAcknowledments\2021\Open Controls Systems\2-FA FLU Vaccine","BUILTIN\Administrators","Allow","FullControl","True"
"Y:\ttbntfile1\shared\appsdata\groups\25-Sub-ContractorAcknowledments\2021\Open Controls Systems\2-FA FLU Vaccine","NT AUTHORITY\SYSTEM","Allow","FullControl","True"
"Y:\ttbntfile1\shared\appsdata\groups\25-Sub-ContractorAcknowledments\2021\R&W Contracting, Inc\1-FA COVID Vaccine","TONNANDBLANK\AVD Test Users","Allow","FullControl","True"
"Y:\ttbntfile1\shared\appsdata\groups\25-Sub-ContractorAcknowledments\2021\R&W Contracting, Inc\1-FA COVID Vaccine","TONNANDBLANK\impactadmin","Allow","FullControl","True"
"Y:\ttbntfile1\shared\appsdata\groups\25-Sub-ContractorAcknowledments\2021\R&W Contracting, Inc\1-FA COVID Vaccine","CREATOR OWNER","Allow","FullControl","True"
"Y:\ttbntfile1\shared\appsdata\groups\25-Sub-ContractorAcknowledments\2021\R&W Contracting, Inc\1-FA COVID Vaccine","BUILTIN\Administrators","Allow","FullControl","True"
"Y:\ttbntfile1\shared\appsdata\groups\25-Sub-ContractorAcknowledments\2021\R&W Contracting, Inc\1-FA COVID Vaccine","NT AUTHORITY\SYSTEM","Allow","FullControl","True"
"Y:\ttbntfile1\shared\appsdata\groups\25-Sub-ContractorAcknowledments\2021\R&W Contracting, Inc\2-FA FLU Vaccine","TONNANDBLANK\AVD Test Users","Allow","FullControl","True"
"Y:\ttbntfile1\shared\appsdata\groups\25-Sub-ContractorAcknowledments\2021\R&W Contracting, Inc\2-FA FLU Vaccine","TONNANDBLANK\impactadmin","Allow","FullControl","True"
"Y:\ttbntfile1\shared\appsdata\groups\25-Sub-ContractorAcknowledments\2021\R&W Contracting, Inc\2-FA FLU Vaccine","CREATOR OWNER","Allow","FullControl","True"
"Y:\ttbntfile1\shared\appsdata\groups\25-Sub-ContractorAcknowledments\2021\R&W Contracting, Inc\2-FA FLU Vaccine","BUILTIN\Administrators","Allow","FullControl","True"
"Y:\ttbntfile1\shared\appsdata\groups\25-Sub-ContractorAcknowledments\2021\R&W Contracting, Inc\2-FA FLU Vaccine","NT AUTHORITY\SYSTEM","Allow","FullControl","True"
"Y:\ttbntfile1\shared\appsdata\groups\25-Sub-ContractorAcknowledments\2021\Robert Haines\1-FA COVID Vaccine","TONNANDBLANK\AVD Test Users","Allow","FullControl","True"
"Y:\ttbntfile1\shared\appsdata\groups\25-Sub-ContractorAcknowledments\2021\Robert Haines\1-FA COVID Vaccine","TONNANDBLANK\impactadmin","Allow","FullControl","True"
"Y:\ttbntfile1\shared\appsdata\groups\25-Sub-ContractorAcknowledments\2021\Robert Haines\1-FA COVID Vaccine","CREATOR OWNER","Allow","FullControl","True"
"Y:\ttbntfile1\shared\appsdata\groups\25-Sub-ContractorAcknowledments\2021\Robert Haines\1-FA COVID Vaccine","BUILTIN\Administrators","Allow","FullControl","True"
"Y:\ttbntfile1\shared\appsdata\groups\25-Sub-ContractorAcknowledments\2021\Robert Haines\1-FA COVID Vaccine","NT AUTHORITY\SYSTEM","Allow","FullControl","True"
"Y:\ttbntfile1\shared\appsdata\groups\25-Sub-ContractorAcknowledments\2021\Robert Haines\2-FA FLU Vaccine","TONNANDBLANK\AVD Test Users","Allow","FullControl","True"
"Y:\ttbntfile1\shared\appsdata\groups\25-Sub-ContractorAcknowledments\2021\Robert Haines\2-FA FLU Vaccine","TONNANDBLANK\impactadmin","Allow","FullControl","True"
"Y:\ttbntfile1\shared\appsdata\groups\25-Sub-ContractorAcknowledments\2021\Robert Haines\2-FA FLU Vaccine","CREATOR OWNER","Allow","FullControl","True"
"Y:\ttbntfile1\shared\appsdata\groups\25-Sub-ContractorAcknowledments\2021\Robert Haines\2-FA FLU Vaccine","BUILTIN\Administrators","Allow","FullControl","True"
"Y:\ttbntfile1\shared\appsdata\groups\25-Sub-ContractorAcknowledments\2021\Robert Haines\2-FA FLU Vaccine","NT AUTHORITY\SYSTEM","Allow","FullControl","True"
"Y:\ttbntfile1\shared\appsdata\groups\25-Sub-ContractorAcknowledments\2021\Ryan FP\1-FA COVID Vaccine","TONNANDBLANK\AVD Test Users","Allow","FullControl","True"
"Y:\ttbntfile1\shared\appsdata\groups\25-Sub-ContractorAcknowledments\2021\Ryan FP\1-FA COVID Vaccine","TONNANDBLANK\impactadmin","Allow","FullControl","True"
"Y:\ttbntfile1\shared\appsdata\groups\25-Sub-ContractorAcknowledments\2021\Ryan FP\1-FA COVID Vaccine","CREATOR OWNER","Allow","FullControl","True"
"Y:\ttbntfile1\shared\appsdata\groups\25-Sub-ContractorAcknowledments\2021\Ryan FP\1-FA COVID Vaccine","BUILTIN\Administrators","Allow","FullControl","True"
"Y:\ttbntfile1\shared\appsdata\groups\25-Sub-ContractorAcknowledments\2021\Ryan FP\1-FA COVID Vaccine","NT AUTHORITY\SYSTEM","Allow","FullControl","True"
"Y:\ttbntfile1\shared\appsdata\groups\25-Sub-ContractorAcknowledments\2021\Ryan FP\2-FA FLU Vaccine","TONNANDBLANK\AVD Test Users","Allow","FullControl","True"
"Y:\ttbntfile1\shared\appsdata\groups\25-Sub-ContractorAcknowledments\2021\Ryan FP\2-FA FLU Vaccine","TONNANDBLANK\impactadmin","Allow","FullControl","True"
"Y:\ttbntfile1\shared\appsdata\groups\25-Sub-ContractorAcknowledments\2021\Ryan FP\2-FA FLU Vaccine","CREATOR OWNER","Allow","FullControl","True"
"Y:\ttbntfile1\shared\appsdata\groups\25-Sub-ContractorAcknowledments\2021\Ryan FP\2-FA FLU Vaccine","BUILTIN\Administrators","Allow","FullControl","True"
"Y:\ttbntfile1\shared\appsdata\groups\25-Sub-ContractorAcknowledments\2021\Ryan FP\2-FA FLU Vaccine","NT AUTHORITY\SYSTEM","Allow","FullControl","True"
"Y:\ttbntfile1\shared\appsdata\groups\25-Sub-ContractorAcknowledments\2021\Santarossa\1-FA COVID Vaccine","TONNANDBLANK\AVD Test Users","Allow","FullControl","True"
"Y:\ttbntfile1\shared\appsdata\groups\25-Sub-ContractorAcknowledments\2021\Santarossa\1-FA COVID Vaccine","TONNANDBLANK\impactadmin","Allow","FullControl","True"
"Y:\ttbntfile1\shared\appsdata\groups\25-Sub-ContractorAcknowledments\2021\Santarossa\1-FA COVID Vaccine","CREATOR OWNER","Allow","FullControl","True"
"Y:\ttbntfile1\shared\appsdata\groups\25-Sub-ContractorAcknowledments\2021\Santarossa\1-FA COVID Vaccine","BUILTIN\Administrators","Allow","FullControl","True"
"Y:\ttbntfile1\shared\appsdata\groups\25-Sub-ContractorAcknowledments\2021\Santarossa\1-FA COVID Vaccine","NT AUTHORITY\SYSTEM","Allow","FullControl","True"
"Y:\ttbntfile1\shared\appsdata\groups\25-Sub-ContractorAcknowledments\2021\Santarossa\2-FA FLU Vaccine","TONNANDBLANK\AVD Test Users","Allow","FullControl","True"
"Y:\ttbntfile1\shared\appsdata\groups\25-Sub-ContractorAcknowledments\2021\Santarossa\2-FA FLU Vaccine","TONNANDBLANK\impactadmin","Allow","FullControl","True"
"Y:\ttbntfile1\shared\appsdata\groups\25-Sub-ContractorAcknowledments\2021\Santarossa\2-FA FLU Vaccine","CREATOR OWNER","Allow","FullControl","True"
"Y:\ttbntfile1\shared\appsdata\groups\25-Sub-ContractorAcknowledments\2021\Santarossa\2-FA FLU Vaccine","BUILTIN\Administrators","Allow","FullControl","True"
"Y:\ttbntfile1\shared\appsdata\groups\25-Sub-ContractorAcknowledments\2021\Santarossa\2-FA FLU Vaccine","NT AUTHORITY\SYSTEM","Allow","FullControl","True"
"Y:\ttbntfile1\shared\appsdata\groups\25-Sub-ContractorAcknowledments\2021\Select Services\1-FA COVID Vaccine","TONNANDBLANK\AVD Test Users","Allow","FullControl","True"
"Y:\ttbntfile1\shared\appsdata\groups\25-Sub-ContractorAcknowledments\2021\Select Services\1-FA COVID Vaccine","TONNANDBLANK\impactadmin","Allow","FullControl","True"
"Y:\ttbntfile1\shared\appsdata\groups\25-Sub-ContractorAcknowledments\2021\Select Services\1-FA COVID Vaccine","CREATOR OWNER","Allow","FullControl","True"
"Y:\ttbntfile1\shared\appsdata\groups\25-Sub-ContractorAcknowledments\2021\Select Services\1-FA COVID Vaccine","BUILTIN\Administrators","Allow","FullControl","True"
"Y:\ttbntfile1\shared\appsdata\groups\25-Sub-ContractorAcknowledments\2021\Select Services\1-FA COVID Vaccine","NT AUTHORITY\SYSTEM","Allow","FullControl","True"
"Y:\ttbntfile1\shared\appsdata\groups\25-Sub-ContractorAcknowledments\2021\Select Services\2-FA FLU Vaccine","TONNANDBLANK\AVD Test Users","Allow","FullControl","True"
"Y:\ttbntfile1\shared\appsdata\groups\25-Sub-ContractorAcknowledments\2021\Select Services\2-FA FLU Vaccine","TONNANDBLANK\impactadmin","Allow","FullControl","True"
"Y:\ttbntfile1\shared\appsdata\groups\25-Sub-ContractorAcknowledments\2021\Select Services\2-FA FLU Vaccine","CREATOR OWNER","Allow","FullControl","True"
"Y:\ttbntfile1\shared\appsdata\groups\25-Sub-ContractorAcknowledments\2021\Select Services\2-FA FLU Vaccine","BUILTIN\Administrators","Allow","FullControl","True"
"Y:\ttbntfile1\shared\appsdata\groups\25-Sub-ContractorAcknowledments\2021\Select Services\2-FA FLU Vaccine","NT AUTHORITY\SYSTEM","Allow","FullControl","True"
"Y:\ttbntfile1\shared\appsdata\groups\25-Sub-ContractorAcknowledments\2021\Shambaugh & Sons\1-FA COVID Vaccine","TONNANDBLANK\AVD Test Users","Allow","FullControl","True"
"Y:\ttbntfile1\shared\appsdata\groups\25-Sub-ContractorAcknowledments\2021\Shambaugh & Sons\1-FA COVID Vaccine","TONNANDBLANK\impactadmin","Allow","FullControl","True"
"Y:\ttbntfile1\shared\appsdata\groups\25-Sub-ContractorAcknowledments\2021\Shambaugh & Sons\1-FA COVID Vaccine","CREATOR OWNER","Allow","FullControl","True"
"Y:\ttbntfile1\shared\appsdata\groups\25-Sub-ContractorAcknowledments\2021\Shambaugh & Sons\1-FA COVID Vaccine","BUILTIN\Administrators","Allow","FullControl","True"
"Y:\ttbntfile1\shared\appsdata\groups\25-Sub-ContractorAcknowledments\2021\Shambaugh & Sons\1-FA COVID Vaccine","NT AUTHORITY\SYSTEM","Allow","FullControl","True"
"Y:\ttbntfile1\shared\appsdata\groups\25-Sub-ContractorAcknowledments\2021\Shambaugh & Sons\2-FA FLU Vaccine","TONNANDBLANK\AVD Test Users","Allow","FullControl","True"
"Y:\ttbntfile1\shared\appsdata\groups\25-Sub-ContractorAcknowledments\2021\Shambaugh & Sons\2-FA FLU Vaccine","TONNANDBLANK\impactadmin","Allow","FullControl","True"
"Y:\ttbntfile1\shared\appsdata\groups\25-Sub-ContractorAcknowledments\2021\Shambaugh & Sons\2-FA FLU Vaccine","CREATOR OWNER","Allow","FullControl","True"
"Y:\ttbntfile1\shared\appsdata\groups\25-Sub-ContractorAcknowledments\2021\Shambaugh & Sons\2-FA FLU Vaccine","BUILTIN\Administrators","Allow","FullControl","True"
"Y:\ttbntfile1\shared\appsdata\groups\25-Sub-ContractorAcknowledments\2021\Shambaugh & Sons\2-FA FLU Vaccine","NT AUTHORITY\SYSTEM","Allow","FullControl","True"
"Y:\ttbntfile1\shared\appsdata\groups\25-Sub-ContractorAcknowledments\2021\Sharlen Electric\1-FA COVID Vaccine","TONNANDBLANK\AVD Test Users","Allow","FullControl","True"
"Y:\ttbntfile1\shared\appsdata\groups\25-Sub-ContractorAcknowledments\2021\Sharlen Electric\1-FA COVID Vaccine","TONNANDBLANK\impactadmin","Allow","FullControl","True"
"Y:\ttbntfile1\shared\appsdata\groups\25-Sub-ContractorAcknowledments\2021\Sharlen Electric\1-FA COVID Vaccine","CREATOR OWNER","Allow","FullControl","True"
"Y:\ttbntfile1\shared\appsdata\groups\25-Sub-ContractorAcknowledments\2021\Sharlen Electric\1-FA COVID Vaccine","BUILTIN\Administrators","Allow","FullControl","True"
"Y:\ttbntfile1\shared\appsdata\groups\25-Sub-ContractorAcknowledments\2021\Sharlen Electric\1-FA COVID Vaccine","NT AUTHORITY\SYSTEM","Allow","FullControl","True"
"Y:\ttbntfile1\shared\appsdata\groups\25-Sub-ContractorAcknowledments\2021\Sharlen Electric\2-FA FLU Vaccine","TONNANDBLANK\AVD Test Users","Allow","FullControl","True"
"Y:\ttbntfile1\shared\appsdata\groups\25-Sub-ContractorAcknowledments\2021\Sharlen Electric\2-FA FLU Vaccine","TONNANDBLANK\impactadmin","Allow","FullControl","True"
"Y:\ttbntfile1\shared\appsdata\groups\25-Sub-ContractorAcknowledments\2021\Sharlen Electric\2-FA FLU Vaccine","CREATOR OWNER","Allow","FullControl","True"
"Y:\ttbntfile1\shared\appsdata\groups\25-Sub-ContractorAcknowledments\2021\Sharlen Electric\2-FA FLU Vaccine","BUILTIN\Administrators","Allow","FullControl","True"
"Y:\ttbntfile1\shared\appsdata\groups\25-Sub-ContractorAcknowledments\2021\Sharlen Electric\2-FA FLU Vaccine","NT AUTHORITY\SYSTEM","Allow","FullControl","True"
"Y:\ttbntfile1\shared\appsdata\groups\25-Sub-ContractorAcknowledments\2021\Siemens\1-FA COVID Vaccine","TONNANDBLANK\AVD Test Users","Allow","FullControl","True"
"Y:\ttbntfile1\shared\appsdata\groups\25-Sub-ContractorAcknowledments\2021\Siemens\1-FA COVID Vaccine","TONNANDBLANK\impactadmin","Allow","FullControl","True"
"Y:\ttbntfile1\shared\appsdata\groups\25-Sub-ContractorAcknowledments\2021\Siemens\1-FA COVID Vaccine","CREATOR OWNER","Allow","FullControl","True"
"Y:\ttbntfile1\shared\appsdata\groups\25-Sub-ContractorAcknowledments\2021\Siemens\1-FA COVID Vaccine","BUILTIN\Administrators","Allow","FullControl","True"
"Y:\ttbntfile1\shared\appsdata\groups\25-Sub-ContractorAcknowledments\2021\Siemens\1-FA COVID Vaccine","NT AUTHORITY\SYSTEM","Allow","FullControl","True"
"Y:\ttbntfile1\shared\appsdata\groups\25-Sub-ContractorAcknowledments\2021\Siemens\2-FA FLU Vaccine","TONNANDBLANK\AVD Test Users","Allow","FullControl","True"
"Y:\ttbntfile1\shared\appsdata\groups\25-Sub-ContractorAcknowledments\2021\Siemens\2-FA FLU Vaccine","TONNANDBLANK\impactadmin","Allow","FullControl","True"
"Y:\ttbntfile1\shared\appsdata\groups\25-Sub-ContractorAcknowledments\2021\Siemens\2-FA FLU Vaccine","CREATOR OWNER","Allow","FullControl","True"
"Y:\ttbntfile1\shared\appsdata\groups\25-Sub-ContractorAcknowledments\2021\Siemens\2-FA FLU Vaccine","BUILTIN\Administrators","Allow","FullControl","True"
"Y:\ttbntfile1\shared\appsdata\groups\25-Sub-ContractorAcknowledments\2021\Siemens\2-FA FLU Vaccine","NT AUTHORITY\SYSTEM","Allow","FullControl","True"
"Y:\ttbntfile1\shared\appsdata\groups\25-Sub-ContractorAcknowledments\2021\Sign Solutions\1-FA COVID Vaccine","TONNANDBLANK\AVD Test Users","Allow","FullControl","True"
"Y:\ttbntfile1\shared\appsdata\groups\25-Sub-ContractorAcknowledments\2021\Sign Solutions\1-FA COVID Vaccine","TONNANDBLANK\impactadmin","Allow","FullControl","True"
"Y:\ttbntfile1\shared\appsdata\groups\25-Sub-ContractorAcknowledments\2021\Sign Solutions\1-FA COVID Vaccine","CREATOR OWNER","Allow","FullControl","True"
"Y:\ttbntfile1\shared\appsdata\groups\25-Sub-ContractorAcknowledments\2021\Sign Solutions\1-FA COVID Vaccine","BUILTIN\Administrators","Allow","FullControl","True"
"Y:\ttbntfile1\shared\appsdata\groups\25-Sub-ContractorAcknowledments\2021\Sign Solutions\1-FA COVID Vaccine","NT AUTHORITY\SYSTEM","Allow","FullControl","True"
"Y:\ttbntfile1\shared\appsdata\groups\25-Sub-ContractorAcknowledments\2021\Sign Solutions\2-FA FLU Vaccine","TONNANDBLANK\AVD Test Users","Allow","FullControl","True"
"Y:\ttbntfile1\shared\appsdata\groups\25-Sub-ContractorAcknowledments\2021\Sign Solutions\2-FA FLU Vaccine","TONNANDBLANK\impactadmin","Allow","FullControl","True"
"Y:\ttbntfile1\shared\appsdata\groups\25-Sub-ContractorAcknowledments\2021\Sign Solutions\2-FA FLU Vaccine","CREATOR OWNER","Allow","FullControl","True"
"Y:\ttbntfile1\shared\appsdata\groups\25-Sub-ContractorAcknowledments\2021\Sign Solutions\2-FA FLU Vaccine","BUILTIN\Administrators","Allow","FullControl","True"
"Y:\ttbntfile1\shared\appsdata\groups\25-Sub-ContractorAcknowledments\2021\Sign Solutions\2-FA FLU Vaccine","NT AUTHORITY\SYSTEM","Allow","FullControl","True"
"Y:\ttbntfile1\shared\appsdata\groups\25-Sub-ContractorAcknowledments\2021\Site Services\1-FA COVID Vaccine","TONNANDBLANK\AVD Test Users","Allow","FullControl","True"
"Y:\ttbntfile1\shared\appsdata\groups\25-Sub-ContractorAcknowledments\2021\Site Services\1-FA COVID Vaccine","TONNANDBLANK\impactadmin","Allow","FullControl","True"
"Y:\ttbntfile1\shared\appsdata\groups\25-Sub-ContractorAcknowledments\2021\Site Services\1-FA COVID Vaccine","CREATOR OWNER","Allow","FullControl","True"
"Y:\ttbntfile1\shared\appsdata\groups\25-Sub-ContractorAcknowledments\2021\Site Services\1-FA COVID Vaccine","BUILTIN\Administrators","Allow","FullControl","True"
"Y:\ttbntfile1\shared\appsdata\groups\25-Sub-ContractorAcknowledments\2021\Site Services\1-FA COVID Vaccine","NT AUTHORITY\SYSTEM","Allow","FullControl","True"
"Y:\ttbntfile1\shared\appsdata\groups\25-Sub-ContractorAcknowledments\2021\Site Services\2-FA FLU Vaccine","TONNANDBLANK\AVD Test Users","Allow","FullControl","True"
"Y:\ttbntfile1\shared\appsdata\groups\25-Sub-ContractorAcknowledments\2021\Site Services\2-FA FLU Vaccine","TONNANDBLANK\impactadmin","Allow","FullControl","True"
"Y:\ttbntfile1\shared\appsdata\groups\25-Sub-ContractorAcknowledments\2021\Site Services\2-FA FLU Vaccine","CREATOR OWNER","Allow","FullControl","True"
"Y:\ttbntfile1\shared\appsdata\groups\25-Sub-ContractorAcknowledments\2021\Site Services\2-FA FLU Vaccine","BUILTIN\Administrators","Allow","FullControl","True"
"Y:\ttbntfile1\shared\appsdata\groups\25-Sub-ContractorAcknowledments\2021\Site Services\2-FA FLU Vaccine","NT AUTHORITY\SYSTEM","Allow","FullControl","True"
"Y:\ttbntfile1\shared\appsdata\groups\25-Sub-ContractorAcknowledments\2021\South Western Communications\1-FA COVID Vaccine","TONNANDBLANK\AVD Test Users","Allow","FullControl","True"
"Y:\ttbntfile1\shared\appsdata\groups\25-Sub-ContractorAcknowledments\2021\South Western Communications\1-FA COVID Vaccine","TONNANDBLANK\impactadmin","Allow","FullControl","True"
"Y:\ttbntfile1\shared\appsdata\groups\25-Sub-ContractorAcknowledments\2021\South Western Communications\1-FA COVID Vaccine","CREATOR OWNER","Allow","FullControl","True"
"Y:\ttbntfile1\shared\appsdata\groups\25-Sub-ContractorAcknowledments\2021\South Western Communications\1-FA COVID Vaccine","BUILTIN\Administrators","Allow","FullControl","True"
"Y:\ttbntfile1\shared\appsdata\groups\25-Sub-ContractorAcknowledments\2021\South Western Communications\1-FA COVID Vaccine","NT AUTHORITY\SYSTEM","Allow","FullControl","True"
"Y:\ttbntfile1\shared\appsdata\groups\25-Sub-ContractorAcknowledments\2021\South Western Communications\2-FA FLU Vaccine","TONNANDBLANK\AVD Test Users","Allow","FullControl","True"
"Y:\ttbntfile1\shared\appsdata\groups\25-Sub-ContractorAcknowledments\2021\South Western Communications\2-FA FLU Vaccine","TONNANDBLANK\impactadmin","Allow","FullControl","True"
"Y:\ttbntfile1\shared\appsdata\groups\25-Sub-ContractorAcknowledments\2021\South Western Communications\2-FA FLU Vaccine","CREATOR OWNER","Allow","FullControl","True"
"Y:\ttbntfile1\shared\appsdata\groups\25-Sub-ContractorAcknowledments\2021\South Western Communications\2-FA FLU Vaccine","BUILTIN\Administrators","Allow","FullControl","True"
"Y:\ttbntfile1\shared\appsdata\groups\25-Sub-ContractorAcknowledments\2021\South Western Communications\2-FA FLU Vaccine","NT AUTHORITY\SYSTEM","Allow","FullControl","True"
"Y:\ttbntfile1\shared\appsdata\groups\25-Sub-ContractorAcknowledments\2021\Sprinturf\1-FA COVID Vaccine-Cannot Comply 10.12.21","TONNANDBLANK\AVD Test Users","Allow","FullControl","True"
"Y:\ttbntfile1\shared\appsdata\groups\25-Sub-ContractorAcknowledments\2021\Sprinturf\1-FA COVID Vaccine-Cannot Comply 10.12.21","TONNANDBLANK\impactadmin","Allow","FullControl","True"
"Y:\ttbntfile1\shared\appsdata\groups\25-Sub-ContractorAcknowledments\2021\Sprinturf\1-FA COVID Vaccine-Cannot Comply 10.12.21","CREATOR OWNER","Allow","FullControl","True"
"Y:\ttbntfile1\shared\appsdata\groups\25-Sub-ContractorAcknowledments\2021\Sprinturf\1-FA COVID Vaccine-Cannot Comply 10.12.21","BUILTIN\Administrators","Allow","FullControl","True"
"Y:\ttbntfile1\shared\appsdata\groups\25-Sub-ContractorAcknowledments\2021\Sprinturf\1-FA COVID Vaccine-Cannot Comply 10.12.21","NT AUTHORITY\SYSTEM","Allow","FullControl","True"
"Y:\ttbntfile1\shared\appsdata\groups\25-Sub-ContractorAcknowledments\2021\Sprinturf\2-FA FLU Vaccine","TONNANDBLANK\AVD Test Users","Allow","FullControl","True"
"Y:\ttbntfile1\shared\appsdata\groups\25-Sub-ContractorAcknowledments\2021\Sprinturf\2-FA FLU Vaccine","TONNANDBLANK\impactadmin","Allow","FullControl","True"
"Y:\ttbntfile1\shared\appsdata\groups\25-Sub-ContractorAcknowledments\2021\Sprinturf\2-FA FLU Vaccine","CREATOR OWNER","Allow","FullControl","True"
"Y:\ttbntfile1\shared\appsdata\groups\25-Sub-ContractorAcknowledments\2021\Sprinturf\2-FA FLU Vaccine","BUILTIN\Administrators","Allow","FullControl","True"
"Y:\ttbntfile1\shared\appsdata\groups\25-Sub-ContractorAcknowledments\2021\Sprinturf\2-FA FLU Vaccine","NT AUTHORITY\SYSTEM","Allow","FullControl","True"
"Y:\ttbntfile1\shared\appsdata\groups\25-Sub-ContractorAcknowledments\2021\Straighline Excavating\1-FA COVID Vaccine","TONNANDBLANK\AVD Test Users","Allow","FullControl","True"
"Y:\ttbntfile1\shared\appsdata\groups\25-Sub-ContractorAcknowledments\2021\Straighline Excavating\1-FA COVID Vaccine","TONNANDBLANK\impactadmin","Allow","FullControl","True"
"Y:\ttbntfile1\shared\appsdata\groups\25-Sub-ContractorAcknowledments\2021\Straighline Excavating\1-FA COVID Vaccine","CREATOR OWNER","Allow","FullControl","True"
"Y:\ttbntfile1\shared\appsdata\groups\25-Sub-ContractorAcknowledments\2021\Straighline Excavating\1-FA COVID Vaccine","BUILTIN\Administrators","Allow","FullControl","True"
"Y:\ttbntfile1\shared\appsdata\groups\25-Sub-ContractorAcknowledments\2021\Straighline Excavating\1-FA COVID Vaccine","NT AUTHORITY\SYSTEM","Allow","FullControl","True"
"Y:\ttbntfile1\shared\appsdata\groups\25-Sub-ContractorAcknowledments\2021\Straighline Excavating\2-FA FLU Vaccine","TONNANDBLANK\AVD Test Users","Allow","FullControl","True"
"Y:\ttbntfile1\shared\appsdata\groups\25-Sub-ContractorAcknowledments\2021\Straighline Excavating\2-FA FLU Vaccine","TONNANDBLANK\impactadmin","Allow","FullControl","True"
"Y:\ttbntfile1\shared\appsdata\groups\25-Sub-ContractorAcknowledments\2021\Straighline Excavating\2-FA FLU Vaccine","CREATOR OWNER","Allow","FullControl","True"
"Y:\ttbntfile1\shared\appsdata\groups\25-Sub-ContractorAcknowledments\2021\Straighline Excavating\2-FA FLU Vaccine","BUILTIN\Administrators","Allow","FullControl","True"
"Y:\ttbntfile1\shared\appsdata\groups\25-Sub-ContractorAcknowledments\2021\Straighline Excavating\2-FA FLU Vaccine","NT AUTHORITY\SYSTEM","Allow","FullControl","True"
"Y:\ttbntfile1\shared\appsdata\groups\25-Sub-ContractorAcknowledments\2021\Sullivan & Poore\1-FA COVID Vaccine","TONNANDBLANK\AVD Test Users","Allow","FullControl","True"
"Y:\ttbntfile1\shared\appsdata\groups\25-Sub-ContractorAcknowledments\2021\Sullivan & Poore\1-FA COVID Vaccine","TONNANDBLANK\impactadmin","Allow","FullControl","True"
"Y:\ttbntfile1\shared\appsdata\groups\25-Sub-ContractorAcknowledments\2021\Sullivan & Poore\1-FA COVID Vaccine","CREATOR OWNER","Allow","FullControl","True"
"Y:\ttbntfile1\shared\appsdata\groups\25-Sub-ContractorAcknowledments\2021\Sullivan & Poore\1-FA COVID Vaccine","BUILTIN\Administrators","Allow","FullControl","True"
"Y:\ttbntfile1\shared\appsdata\groups\25-Sub-ContractorAcknowledments\2021\Sullivan & Poore\1-FA COVID Vaccine","NT AUTHORITY\SYSTEM","Allow","FullControl","True"
"Y:\ttbntfile1\shared\appsdata\groups\25-Sub-ContractorAcknowledments\2021\Sullivan & Poore\2-FA FLU Vaccine","TONNANDBLANK\AVD Test Users","Allow","FullControl","True"
"Y:\ttbntfile1\shared\appsdata\groups\25-Sub-ContractorAcknowledments\2021\Sullivan & Poore\2-FA FLU Vaccine","TONNANDBLANK\impactadmin","Allow","FullControl","True"
"Y:\ttbntfile1\shared\appsdata\groups\25-Sub-ContractorAcknowledments\2021\Sullivan & Poore\2-FA FLU Vaccine","CREATOR OWNER","Allow","FullControl","True"
"Y:\ttbntfile1\shared\appsdata\groups\25-Sub-ContractorAcknowledments\2021\Sullivan & Poore\2-FA FLU Vaccine","BUILTIN\Administrators","Allow","FullControl","True"
"Y:\ttbntfile1\shared\appsdata\groups\25-Sub-ContractorAcknowledments\2021\Sullivan & Poore\2-FA FLU Vaccine","NT AUTHORITY\SYSTEM","Allow","FullControl","True"
"Y:\ttbntfile1\shared\appsdata\groups\25-Sub-ContractorAcknowledments\2021\Superior Carpet Installers\1-FA COVID Vaccine","TONNANDBLANK\AVD Test Users","Allow","FullControl","True"
"Y:\ttbntfile1\shared\appsdata\groups\25-Sub-ContractorAcknowledments\2021\Superior Carpet Installers\1-FA COVID Vaccine","TONNANDBLANK\impactadmin","Allow","FullControl","True"
"Y:\ttbntfile1\shared\appsdata\groups\25-Sub-ContractorAcknowledments\2021\Superior Carpet Installers\1-FA COVID Vaccine","CREATOR OWNER","Allow","FullControl","True"
"Y:\ttbntfile1\shared\appsdata\groups\25-Sub-ContractorAcknowledments\2021\Superior Carpet Installers\1-FA COVID Vaccine","BUILTIN\Administrators","Allow","FullControl","True"
"Y:\ttbntfile1\shared\appsdata\groups\25-Sub-ContractorAcknowledments\2021\Superior Carpet Installers\1-FA COVID Vaccine","NT AUTHORITY\SYSTEM","Allow","FullControl","True"
"Y:\ttbntfile1\shared\appsdata\groups\25-Sub-ContractorAcknowledments\2021\Superior Carpet Installers\2-FA FLU Vaccine","TONNANDBLANK\AVD Test Users","Allow","FullControl","True"
"Y:\ttbntfile1\shared\appsdata\groups\25-Sub-ContractorAcknowledments\2021\Superior Carpet Installers\2-FA FLU Vaccine","TONNANDBLANK\impactadmin","Allow","FullControl","True"
"Y:\ttbntfile1\shared\appsdata\groups\25-Sub-ContractorAcknowledments\2021\Superior Carpet Installers\2-FA FLU Vaccine","CREATOR OWNER","Allow","FullControl","True"
"Y:\ttbntfile1\shared\appsdata\groups\25-Sub-ContractorAcknowledments\2021\Superior Carpet Installers\2-FA FLU Vaccine","BUILTIN\Administrators","Allow","FullControl","True"
"Y:\ttbntfile1\shared\appsdata\groups\25-Sub-ContractorAcknowledments\2021\Superior Carpet Installers\2-FA FLU Vaccine","NT AUTHORITY\SYSTEM","Allow","FullControl","True"
"Y:\ttbntfile1\shared\appsdata\groups\25-Sub-ContractorAcknowledments\2021\Total Balance, Inc\1-FA COVID Vaccine","TONNANDBLANK\AVD Test Users","Allow","FullControl","True"
"Y:\ttbntfile1\shared\appsdata\groups\25-Sub-ContractorAcknowledments\2021\Total Balance, Inc\1-FA COVID Vaccine","TONNANDBLANK\impactadmin","Allow","FullControl","True"
"Y:\ttbntfile1\shared\appsdata\groups\25-Sub-ContractorAcknowledments\2021\Total Balance, Inc\1-FA COVID Vaccine","CREATOR OWNER","Allow","FullControl","True"
"Y:\ttbntfile1\shared\appsdata\groups\25-Sub-ContractorAcknowledments\2021\Total Balance, Inc\1-FA COVID Vaccine","BUILTIN\Administrators","Allow","FullControl","True"
"Y:\ttbntfile1\shared\appsdata\groups\25-Sub-ContractorAcknowledments\2021\Total Balance, Inc\1-FA COVID Vaccine","NT AUTHORITY\SYSTEM","Allow","FullControl","True"
"Y:\ttbntfile1\shared\appsdata\groups\25-Sub-ContractorAcknowledments\2021\Total Balance, Inc\2-FA FLU Vaccine","TONNANDBLANK\AVD Test Users","Allow","FullControl","True"
"Y:\ttbntfile1\shared\appsdata\groups\25-Sub-ContractorAcknowledments\2021\Total Balance, Inc\2-FA FLU Vaccine","TONNANDBLANK\impactadmin","Allow","FullControl","True"
"Y:\ttbntfile1\shared\appsdata\groups\25-Sub-ContractorAcknowledments\2021\Total Balance, Inc\2-FA FLU Vaccine","CREATOR OWNER","Allow","FullControl","True"
"Y:\ttbntfile1\shared\appsdata\groups\25-Sub-ContractorAcknowledments\2021\Total Balance, Inc\2-FA FLU Vaccine","BUILTIN\Administrators","Allow","FullControl","True"
"Y:\ttbntfile1\shared\appsdata\groups\25-Sub-ContractorAcknowledments\2021\Total Balance, Inc\2-FA FLU Vaccine","NT AUTHORITY\SYSTEM","Allow","FullControl","True"
"Y:\ttbntfile1\shared\appsdata\groups\25-Sub-ContractorAcknowledments\2021\TSI\1-FA COVID Vaccine","TONNANDBLANK\AVD Test Users","Allow","FullControl","True"
"Y:\ttbntfile1\shared\appsdata\groups\25-Sub-ContractorAcknowledments\2021\TSI\1-FA COVID Vaccine","TONNANDBLANK\impactadmin","Allow","FullControl","True"
"Y:\ttbntfile1\shared\appsdata\groups\25-Sub-ContractorAcknowledments\2021\TSI\1-FA COVID Vaccine","CREATOR OWNER","Allow","FullControl","True"
"Y:\ttbntfile1\shared\appsdata\groups\25-Sub-ContractorAcknowledments\2021\TSI\1-FA COVID Vaccine","BUILTIN\Administrators","Allow","FullControl","True"
"Y:\ttbntfile1\shared\appsdata\groups\25-Sub-ContractorAcknowledments\2021\TSI\1-FA COVID Vaccine","NT AUTHORITY\SYSTEM","Allow","FullControl","True"
"Y:\ttbntfile1\shared\appsdata\groups\25-Sub-ContractorAcknowledments\2021\TSI\2-FA FLU Vaccine","TONNANDBLANK\AVD Test Users","Allow","FullControl","True"
"Y:\ttbntfile1\shared\appsdata\groups\25-Sub-ContractorAcknowledments\2021\TSI\2-FA FLU Vaccine","TONNANDBLANK\impactadmin","Allow","FullControl","True"
"Y:\ttbntfile1\shared\appsdata\groups\25-Sub-ContractorAcknowledments\2021\TSI\2-FA FLU Vaccine","CREATOR OWNER","Allow","FullControl","True"
"Y:\ttbntfile1\shared\appsdata\groups\25-Sub-ContractorAcknowledments\2021\TSI\2-FA FLU Vaccine","BUILTIN\Administrators","Allow","FullControl","True"
"Y:\ttbntfile1\shared\appsdata\groups\25-Sub-ContractorAcknowledments\2021\TSI\2-FA FLU Vaccine","NT AUTHORITY\SYSTEM","Allow","FullControl","True"
"Y:\ttbntfile1\shared\appsdata\groups\25-Sub-ContractorAcknowledments\2021\Valley Fire Protection\1-FA COVID Vaccine","TONNANDBLANK\AVD Test Users","Allow","FullControl","True"
"Y:\ttbntfile1\shared\appsdata\groups\25-Sub-ContractorAcknowledments\2021\Valley Fire Protection\1-FA COVID Vaccine","TONNANDBLANK\impactadmin","Allow","FullControl","True"
"Y:\ttbntfile1\shared\appsdata\groups\25-Sub-ContractorAcknowledments\2021\Valley Fire Protection\1-FA COVID Vaccine","CREATOR OWNER","Allow","FullControl","True"
"Y:\ttbntfile1\shared\appsdata\groups\25-Sub-ContractorAcknowledments\2021\Valley Fire Protection\1-FA COVID Vaccine","BUILTIN\Administrators","Allow","FullControl","True"
"Y:\ttbntfile1\shared\appsdata\groups\25-Sub-ContractorAcknowledments\2021\Valley Fire Protection\1-FA COVID Vaccine","NT AUTHORITY\SYSTEM","Allow","FullControl","True"
"Y:\ttbntfile1\shared\appsdata\groups\25-Sub-ContractorAcknowledments\2021\Valley Fire Protection\2-FA FLU Vaccine","TONNANDBLANK\AVD Test Users","Allow","FullControl","True"
"Y:\ttbntfile1\shared\appsdata\groups\25-Sub-ContractorAcknowledments\2021\Valley Fire Protection\2-FA FLU Vaccine","TONNANDBLANK\impactadmin","Allow","FullControl","True"
"Y:\ttbntfile1\shared\appsdata\groups\25-Sub-ContractorAcknowledments\2021\Valley Fire Protection\2-FA FLU Vaccine","CREATOR OWNER","Allow","FullControl","True"
"Y:\ttbntfile1\shared\appsdata\groups\25-Sub-ContractorAcknowledments\2021\Valley Fire Protection\2-FA FLU Vaccine","BUILTIN\Administrators","Allow","FullControl","True"
"Y:\ttbntfile1\shared\appsdata\groups\25-Sub-ContractorAcknowledments\2021\Valley Fire Protection\2-FA FLU Vaccine","NT AUTHORITY\SYSTEM","Allow","FullControl","True"
"Y:\ttbntfile1\shared\appsdata\groups\25-Sub-ContractorAcknowledments\2021\Ziolkowski\1-FA COVID Vaccine-Cannot Comply 9.24.21","TONNANDBLANK\AVD Test Users","Allow","FullControl","True"
"Y:\ttbntfile1\shared\appsdata\groups\25-Sub-ContractorAcknowledments\2021\Ziolkowski\1-FA COVID Vaccine-Cannot Comply 9.24.21","TONNANDBLANK\impactadmin","Allow","FullControl","True"
"Y:\ttbntfile1\shared\appsdata\groups\25-Sub-ContractorAcknowledments\2021\Ziolkowski\1-FA COVID Vaccine-Cannot Comply 9.24.21","CREATOR OWNER","Allow","FullControl","True"
"Y:\ttbntfile1\shared\appsdata\groups\25-Sub-ContractorAcknowledments\2021\Ziolkowski\1-FA COVID Vaccine-Cannot Comply 9.24.21","BUILTIN\Administrators","Allow","FullControl","True"
"Y:\ttbntfile1\shared\appsdata\groups\25-Sub-ContractorAcknowledments\2021\Ziolkowski\1-FA COVID Vaccine-Cannot Comply 9.24.21","NT AUTHORITY\SYSTEM","Allow","FullControl","True"
"Y:\ttbntfile1\shared\appsdata\groups\25-Sub-ContractorAcknowledments\2021\Ziolkowski\2-FA FLU Vaccine","TONNANDBLANK\AVD Test Users","Allow","FullControl","True"
"Y:\ttbntfile1\shared\appsdata\groups\25-Sub-ContractorAcknowledments\2021\Ziolkowski\2-FA FLU Vaccine","TONNANDBLANK\impactadmin","Allow","FullControl","True"
"Y:\ttbntfile1\shared\appsdata\groups\25-Sub-ContractorAcknowledments\2021\Ziolkowski\2-FA FLU Vaccine","CREATOR OWNER","Allow","FullControl","True"
"Y:\ttbntfile1\shared\appsdata\groups\25-Sub-ContractorAcknowledments\2021\Ziolkowski\2-FA FLU Vaccine","BUILTIN\Administrators","Allow","FullControl","True"
"Y:\ttbntfile1\shared\appsdata\groups\25-Sub-ContractorAcknowledments\2021\Ziolkowski\2-FA FLU Vaccine","NT AUTHORITY\SYSTEM","Allow","FullControl","True"
"Y:\ttbntfile1\shared\appsdata\groups\25-Sub-ContractorAcknowledments\2022\0-COPY ONLY - Sub-Contractor","TONNANDBLANK\AVD Test Users","Allow","FullControl","True"
"Y:\ttbntfile1\shared\appsdata\groups\25-Sub-ContractorAcknowledments\2022\0-COPY ONLY - Sub-Contractor","TONNANDBLANK\impactadmin","Allow","FullControl","True"
"Y:\ttbntfile1\shared\appsdata\groups\25-Sub-ContractorAcknowledments\2022\0-COPY ONLY - Sub-Contractor","CREATOR OWNER","Allow","FullControl","True"
"Y:\ttbntfile1\shared\appsdata\groups\25-Sub-ContractorAcknowledments\2022\0-COPY ONLY - Sub-Contractor","BUILTIN\Administrators","Allow","FullControl","True"
"Y:\ttbntfile1\shared\appsdata\groups\25-Sub-ContractorAcknowledments\2022\0-COPY ONLY - Sub-Contractor","NT AUTHORITY\SYSTEM","Allow","FullControl","True"
"Y:\ttbntfile1\shared\appsdata\groups\25-Sub-ContractorAcknowledments\2022\Flu Acknowledgement","TONNANDBLANK\AVD Test Users","Allow","FullControl","True"
"Y:\ttbntfile1\shared\appsdata\groups\25-Sub-ContractorAcknowledments\2022\Flu Acknowledgement","TONNANDBLANK\impactadmin","Allow","FullControl","True"
"Y:\ttbntfile1\shared\appsdata\groups\25-Sub-ContractorAcknowledments\2022\Flu Acknowledgement","CREATOR OWNER","Allow","FullControl","True"
"Y:\ttbntfile1\shared\appsdata\groups\25-Sub-ContractorAcknowledments\2022\Flu Acknowledgement","BUILTIN\Administrators","Allow","FullControl","True"
"Y:\ttbntfile1\shared\appsdata\groups\25-Sub-ContractorAcknowledments\2022\Flu Acknowledgement","NT AUTHORITY\SYSTEM","Allow","FullControl","True"
"Y:\ttbntfile1\shared\appsdata\groups\25-Sub-ContractorAcknowledments\2022\Larmco","TONNANDBLANK\AVD Test Users","Allow","FullControl","True"
"Y:\ttbntfile1\shared\appsdata\groups\25-Sub-ContractorAcknowledments\2022\Larmco","TONNANDBLANK\impactadmin","Allow","FullControl","True"
"Y:\ttbntfile1\shared\appsdata\groups\25-Sub-ContractorAcknowledments\2022\Larmco","CREATOR OWNER","Allow","FullControl","True"
"Y:\ttbntfile1\shared\appsdata\groups\25-Sub-ContractorAcknowledments\2022\Larmco","BUILTIN\Administrators","Allow","FullControl","True"
"Y:\ttbntfile1\shared\appsdata\groups\25-Sub-ContractorAcknowledments\2022\Larmco","NT AUTHORITY\SYSTEM","Allow","FullControl","True"
"Y:\ttbntfile1\shared\appsdata\groups\25-Sub-ContractorAcknowledments\2022\0-COPY ONLY - Sub-Contractor\1-FA COVID Vaccine","TONNANDBLANK\AVD Test Users","Allow","FullControl","True"
"Y:\ttbntfile1\shared\appsdata\groups\25-Sub-ContractorAcknowledments\2022\0-COPY ONLY - Sub-Contractor\1-FA COVID Vaccine","TONNANDBLANK\impactadmin","Allow","FullControl","True"
"Y:\ttbntfile1\shared\appsdata\groups\25-Sub-ContractorAcknowledments\2022\0-COPY ONLY - Sub-Contractor\1-FA COVID Vaccine","CREATOR OWNER","Allow","FullControl","True"
"Y:\ttbntfile1\shared\appsdata\groups\25-Sub-ContractorAcknowledments\2022\0-COPY ONLY - Sub-Contractor\1-FA COVID Vaccine","BUILTIN\Administrators","Allow","FullControl","True"
"Y:\ttbntfile1\shared\appsdata\groups\25-Sub-ContractorAcknowledments\2022\0-COPY ONLY - Sub-Contractor\1-FA COVID Vaccine","NT AUTHORITY\SYSTEM","Allow","FullControl","True"
"Y:\ttbntfile1\shared\appsdata\groups\25-Sub-ContractorAcknowledments\2022\0-COPY ONLY - Sub-Contractor\2-FA FLU Vaccine","TONNANDBLANK\AVD Test Users","Allow","FullControl","True"
"Y:\ttbntfile1\shared\appsdata\groups\25-Sub-ContractorAcknowledments\2022\0-COPY ONLY - Sub-Contractor\2-FA FLU Vaccine","TONNANDBLANK\impactadmin","Allow","FullControl","True"
"Y:\ttbntfile1\shared\appsdata\groups\25-Sub-ContractorAcknowledments\2022\0-COPY ONLY - Sub-Contractor\2-FA FLU Vaccine","CREATOR OWNER","Allow","FullControl","True"
"Y:\ttbntfile1\shared\appsdata\groups\25-Sub-ContractorAcknowledments\2022\0-COPY ONLY - Sub-Contractor\2-FA FLU Vaccine","BUILTIN\Administrators","Allow","FullControl","True"
"Y:\ttbntfile1\shared\appsdata\groups\25-Sub-ContractorAcknowledments\2022\0-COPY ONLY - Sub-Contractor\2-FA FLU Vaccine","NT AUTHORITY\SYSTEM","Allow","FullControl","True"
"Y:\ttbntfile1\shared\appsdata\groups\25-Sub-ContractorAcknowledments\2022\Flu Acknowledgement\ADA","TONNANDBLANK\AVD Test Users","Allow","FullControl","True"
"Y:\ttbntfile1\shared\appsdata\groups\25-Sub-ContractorAcknowledments\2022\Flu Acknowledgement\ADA","TONNANDBLANK\impactadmin","Allow","FullControl","True"
"Y:\ttbntfile1\shared\appsdata\groups\25-Sub-ContractorAcknowledments\2022\Flu Acknowledgement\ADA","CREATOR OWNER","Allow","FullControl","True"
"Y:\ttbntfile1\shared\appsdata\groups\25-Sub-ContractorAcknowledments\2022\Flu Acknowledgement\ADA","BUILTIN\Administrators","Allow","FullControl","True"
"Y:\ttbntfile1\shared\appsdata\groups\25-Sub-ContractorAcknowledments\2022\Flu Acknowledgement\ADA","NT AUTHORITY\SYSTEM","Allow","FullControl","True"
"Y:\ttbntfile1\shared\appsdata\groups\25-Sub-ContractorAcknowledments\2022\Larmco\1-FA COVID Vaccine","TONNANDBLANK\AVD Test Users","Allow","FullControl","True"
"Y:\ttbntfile1\shared\appsdata\groups\25-Sub-ContractorAcknowledments\2022\Larmco\1-FA COVID Vaccine","TONNANDBLANK\impactadmin","Allow","FullControl","True"
"Y:\ttbntfile1\shared\appsdata\groups\25-Sub-ContractorAcknowledments\2022\Larmco\1-FA COVID Vaccine","CREATOR OWNER","Allow","FullControl","True"
"Y:\ttbntfile1\shared\appsdata\groups\25-Sub-ContractorAcknowledments\2022\Larmco\1-FA COVID Vaccine","BUILTIN\Administrators","Allow","FullControl","True"
"Y:\ttbntfile1\shared\appsdata\groups\25-Sub-ContractorAcknowledments\2022\Larmco\1-FA COVID Vaccine","NT AUTHORITY\SYSTEM","Allow","FullControl","True"
"Y:\ttbntfile1\shared\appsdata\groups\25-Sub-ContractorAcknowledments\2022\Larmco\2-FA FLU Vaccine","TONNANDBLANK\AVD Test Users","Allow","FullControl","True"
"Y:\ttbntfile1\shared\appsdata\groups\25-Sub-ContractorAcknowledments\2022\Larmco\2-FA FLU Vaccine","TONNANDBLANK\impactadmin","Allow","FullControl","True"
"Y:\ttbntfile1\shared\appsdata\groups\25-Sub-ContractorAcknowledments\2022\Larmco\2-FA FLU Vaccine","CREATOR OWNER","Allow","FullControl","True"
"Y:\ttbntfile1\shared\appsdata\groups\25-Sub-ContractorAcknowledments\2022\Larmco\2-FA FLU Vaccine","BUILTIN\Administrators","Allow","FullControl","True"
"Y:\ttbntfile1\shared\appsdata\groups\25-Sub-ContractorAcknowledments\2022\Larmco\2-FA FLU Vaccine","NT AUTHORITY\SYSTEM","Allow","FullControl","True"
